mtllib decomp.mtl
o bunny000
usemtl Material000
v 0.220516934 0.661550801 0.624700107
v 0.432714551 0.683059605 0.522615290
v 0.339715276 0.780749143 0.517421599
v -0.078142612 0.722404268 0.498623704
v -0.101207353 0.649523004 0.517316672
v 0.196677265 0.744989640 0.481662096
v 0.077478923 0.697310303 0.612780273
v 0.399314447 0.744989640 0.529341433
v 0.325169196 0.646365886 0.581844843
v 0.436643253 0.710603796 0.508411033
v 0.039506475 0.758293914 0.492042233
v -0.077478923 0.673470635 0.493581931
v 0.184757431 0.697310303 0.612780273
v -0.030955025 0.638658117 0.602593410
v 0.435073950 0.685390469 0.505501765
v 0.327795442 0.661550801 0.588940604
v 0.339167926 0.777318217 0.501945229
v 0.435073950 0.709230138 0.529341433
v 0.280116105 0.780749143 0.517421599
v 0.041719420 0.709230138 0.588940604
v -0.097121904 0.657477714 0.513463034
v 0.041719420 0.744989640 0.481662096
v 0.148997928 0.661550801 0.636619941
v 0.172837597 0.709230138 0.600860439
v 0.351635110 0.768829309 0.529341433
v -0.005959917 0.637711132 0.588940604
v -0.101318591 0.661550801 0.541261267
v -0.077478923 0.649630966 0.517421599
v -0.065559088 0.673470635 0.493581931
v 0.244356602 0.673470635 0.612780273
v 0.400242330 0.746412431 0.507550991
v 0.282278731 0.774591484 0.498764114
v 0.041719420 0.756909475 0.505501765
v 0.089398757 0.709230138 0.600860439
v -0.005959917 0.673470635 0.612780273
v 0.196677265 0.673470635 0.624700107
v 0.217524767 0.644674864 0.614363552
v -0.101318591 0.649630966 0.541261267
v -0.065559088 0.661550801 0.505501765
v 0.315875607 0.673470635 0.588940604
v -0.005959917 0.709230138 0.565100936
v 0.113238425 0.733069806 0.565100936
v 0.029799586 0.697310303 0.600860439
v 0.053639254 0.661550801 0.636619941
v -0.041719420 0.661550801 0.600860439
v 0.220516934 0.685390469 0.612780273
v -0.029799586 0.673470635 0.600860439
v 0.029799586 0.685390469 0.612780273
v 0.055105919 0.643451041 0.627798747
v 0.005959917 0.661550801 0.624700107
v -0.017879751 0.697310303 0.577020770
v 0.147961655 0.646737411 0.625309959
v 0.009134775 0.643798577 0.617329165
f 15 2 9
f 16 1 9
f 16 9 2
f 17 15 6
f 17 10 15
f 18 10 8
f 18 15 10
f 18 2 15
f 18 16 2
f 18 8 16
f 19 3 17
f 21 12 5
f 21 5 4
f 21 4 12
f 22 6 12
f 22 12 4
f 22 4 11
f 23 13 7
f 24 13 3
f 24 7 13
f 24 3 19
f 25 8 3
f 25 3 13
f 26 14 5
f 27 4 5
f 28 15 9
f 28 26 5
f 28 9 26
f 29 12 6
f 29 6 15
f 29 5 12
f 30 1 16
f 30 8 25
f 31 17 3
f 31 3 8
f 31 8 10
f 31 10 17
f 32 19 17
f 32 11 19
f 32 22 11
f 32 17 6
f 32 6 22
f 33 11 4
f 33 19 11
f 34 20 7
f 34 24 19
f 34 7 24
f 36 23 1
f 36 13 23
f 36 1 30
f 37 9 1
f 37 1 23
f 37 26 9
f 37 14 26
f 38 27 5
f 38 5 14
f 39 29 15
f 39 15 28
f 39 28 5
f 39 5 29
f 40 30 16
f 40 16 8
f 40 8 30
f 41 33 4
f 41 20 33
f 42 34 19
f 42 19 33
f 42 33 20
f 42 20 34
f 43 7 20
f 43 20 41
f 44 23 7
f 45 38 14
f 45 27 38
f 46 36 30
f 46 30 25
f 46 25 13
f 46 13 36
f 47 35 43
f 47 45 35
f 47 4 27
f 47 27 45
f 48 43 35
f 48 7 43
f 48 44 7
f 49 23 44
f 49 14 37
f 50 35 45
f 50 48 35
f 50 44 48
f 50 45 14
f 51 41 4
f 51 4 47
f 51 47 43
f 51 43 41
f 52 49 37
f 52 37 23
f 52 23 49
f 53 49 44
f 53 44 50
f 53 50 14
f 53 14 49
o bunny001
usemtl Material001
v -0.339715276 1.340981352 0.135986903
v 0.089398757 1.460179695 -0.185848621
v -0.053639254 1.650897043 -0.102409782
v 0.065559088 1.603217706 -0.316966798
v -0.411234281 1.245622679 -0.018970942
v 0.065559088 1.638977209 -0.269287461
v -0.005959917 1.400580524 -0.042810610
v 0.089398757 1.495939198 -0.281207295
v -0.411234281 1.412500358 0.004868726
v -0.005959917 1.674736711 -0.162008953
v -0.137078094 1.388660689 0.040628229
v -0.244356602 1.257542513 -0.030890776
v 0.053639254 1.531698700 -0.305046964
v 0.089398757 1.579378037 -0.269287461
v -0.411234281 1.400580524 0.088307566
v -0.315875607 1.436340026 -0.090489947
v 0.041719420 1.436340026 -0.102409782
v -0.077478923 1.662816877 -0.150089119
v -0.089398757 1.627057374 -0.066650279
v -0.327795442 1.269462347 0.135986903
v 0.017879751 1.376740855 -0.114329616
v -0.303955773 1.245622679 -0.030890776
v 0.053639254 1.495939198 -0.281207295
v 0.089398757 1.531698700 -0.305046964
v 0.089398757 1.543618535 -0.233527958
v 0.077478923 1.615137540 -0.305046964
v -0.411770921 1.244060695 -0.001630870
v -0.411234281 1.305221850 -0.030890776
v 0.077478923 1.472099529 -0.162008953
v -0.029799586 1.650897043 -0.126249450
v -0.053639254 1.674736711 -0.138169284
v -0.280116105 1.531698700 -0.030890776
v -0.303955773 1.495939198 -0.078570113
v 0.005959917 1.674736711 -0.269287461
v -0.089398757 1.388660689 0.016788561
v -0.232436768 1.484019363 0.052548063
v -0.327795442 1.317141684 0.135986903
v -0.351360786 1.269498007 0.136440261
v -0.220516934 1.269462347 0.040628229
v 0.053639254 1.412500358 -0.114329616
v 0.077478923 1.436340026 -0.221608124
v -0.351635110 1.245622679 -0.030890776
v 0.077478923 1.579378037 -0.316966798
v 0.077478923 1.603217706 -0.257367627
v 0.077478923 1.615137540 -0.281207295
v 0.089398757 1.579378037 -0.305046964
v -0.365647135 1.240188812 -0.004892444
v -0.411234281 1.376740855 -0.018970942
v -0.411234281 1.281382181 -0.030890776
v 0.089398757 1.472099529 -0.185848621
v -0.029799586 1.674736711 -0.138169284
v -0.399314447 1.424420192 0.064467898
v -0.077478923 1.662816877 -0.114329616
v -0.256276436 1.543618535 -0.078570113
v 0.005959917 1.686656546 -0.197768456
v 0.029799586 1.627057374 -0.305046964
v -0.017879751 1.662816877 -0.257367627
v 0.053639254 1.650897043 -0.293127130
v -0.029799586 1.686656546 -0.209688290
v -0.148997928 1.579378037 -0.018970942
v -0.077478923 1.352901187 0.004868726
v -0.375474779 1.376740855 0.124067069
v -0.407895184 1.383603087 0.085895327
v -0.208597099 1.269462347 0.016788561
f 67 55 61
f 70 56 60
f 72 60 56
f 76 66 61
f 76 58 66
f 77 61 66
f 77 67 61
f 78 55 67
f 80 68 62
f 82 63 70
f 82 78 63
f 83 70 63
f 83 56 70
f 88 60 72
f 89 54 64
f 90 64 54
f 90 88 64
f 90 73 88
f 91 90 54
f 91 73 90
f 92 75 65
f 93 70 60
f 93 82 70
f 94 74 65
f 94 61 55
f 94 93 74
f 94 55 93
f 94 65 75
f 94 76 61
f 95 58 76
f 95 94 75
f 95 76 94
f 96 77 66
f 96 66 57
f 96 57 79
f 97 78 67
f 97 59 63
f 97 63 78
f 98 79 59
f 98 67 79
f 98 97 67
f 98 59 97
f 99 79 67
f 99 67 77
f 99 96 79
f 99 77 96
f 100 91 80
f 100 73 91
f 100 92 73
f 100 75 92
f 100 95 75
f 100 80 58
f 100 58 95
f 101 69 81
f 101 86 69
f 101 62 86
f 101 81 80
f 101 80 62
f 102 58 80
f 102 80 81
f 102 66 58
f 102 81 69
f 103 55 78
f 103 78 82
f 103 93 55
f 103 82 93
f 104 83 63
f 104 56 83
f 105 85 62
f 105 62 68
f 106 71 85
f 106 104 84
f 106 72 56
f 106 56 104
f 107 85 71
f 107 86 62
f 107 62 85
f 108 63 59
f 108 104 63
f 108 84 104
f 109 102 69
f 109 57 66
f 109 66 102
f 110 69 86
f 110 109 69
f 110 87 109
f 111 59 79
f 111 109 87
f 111 79 57
f 111 57 109
f 111 108 59
f 111 87 108
f 112 108 87
f 112 84 108
f 112 106 84
f 112 71 106
f 112 87 110
f 112 107 71
f 112 110 86
f 112 86 107
f 113 88 72
f 113 64 88
f 113 89 64
f 113 72 106
f 113 106 85
f 113 85 105
f 113 105 68
f 114 88 73
f 114 60 88
f 114 73 92
f 114 92 74
f 114 93 60
f 114 74 93
f 115 54 89
f 115 91 54
f 115 68 91
f 115 113 68
f 115 89 113
f 116 91 68
f 116 68 80
f 116 80 91
f 117 92 65
f 117 65 74
f 117 74 92
o bunny002
usemtl Material002
v -0.444780298 0.298313819 -0.015123821
v -0.243784212 0.171658894 -0.109913537
v -0.244215834 0.232469033 -0.103744090
v -0.399314447 0.327795442 -0.102409782
v -0.578111961 0.005959917 -0.042810610
v -0.292035939 0.148997928 -0.138169284
v -0.411234281 0.327795442 -0.054730445
v -0.423154116 0.160917762 -0.007051108
v -0.590031795 0.053639254 -0.018970942
v -0.276310448 0.142397706 -0.136593267
v -0.339052399 0.292615271 -0.112455564
v -0.446993784 -0.005959917 -0.114329616
v -0.411234281 0.280116105 -0.018970942
v -0.421363153 0.334151801 -0.072654253
v -0.280116105 0.148997928 -0.090489947
v -0.566192127 0.053639254 -0.054730445
v -0.558039161 0.085029165 0.000294525
v -0.363554944 0.292035939 -0.114329616
v -0.375158688 0.327927965 -0.101931248
v -0.315875607 0.053639254 -0.138169284
v -0.553458678 0.004071686 -0.006574499
v -0.411234281 0.315875607 -0.042810610
v -0.431317300 0.220068072 -0.006331820
v -0.578111961 0.053639254 -0.042810610
v -0.530432624 -0.005959917 -0.078570113
v -0.590031795 0.053639254 -0.007051108
v -0.446993784 0.029799586 -0.114329616
v -0.280116105 0.113238425 -0.138169284
v -0.303955773 0.089398757 -0.102409782
v -0.411517327 0.002814718 -0.078406487
v -0.554272292 0.005959917 -0.066650279
v -0.578111961 -0.005959917 -0.007051108
v -0.339715276 0.077478923 -0.138169284
v -0.482753287 0.017879751 -0.102409782
v -0.315875607 0.053639254 -0.126249450
v -0.411234281 -0.005959917 -0.114329616
v -0.566192127 -0.005959917 -0.042810610
v -0.583906421 0.011243060 -0.003129804
v -0.303955773 0.137078094 -0.138169284
v -0.482753287 0.005959917 -0.102409782
v -0.554272292 0.041719420 -0.066650279
v -0.351330891 0.028894005 -0.125430971
v -0.578111961 -0.005959917 -0.018970942
v -0.590031795 0.005959917 -0.018970942
v -0.327795442 0.101318591 -0.138169284
v -0.506592955 -0.005959917 -0.090489947
v -0.530432624 0.041719420 -0.078570113
f 127 120 119
f 128 127 123
f 128 120 127
f 130 125 120
f 131 118 124
f 131 126 118
f 132 119 120
f 132 120 125
f 135 128 123
f 136 124 120
f 136 120 128
f 136 131 124
f 136 121 131
f 136 135 121
f 136 128 135
f 138 125 134
f 139 124 118
f 139 118 130
f 139 130 120
f 139 120 124
f 140 130 118
f 140 125 130
f 140 134 125
f 140 118 134
f 141 133 122
f 141 122 126
f 141 126 131
f 141 131 121
f 141 121 133
f 143 134 118
f 143 118 126
f 145 137 123
f 145 123 127
f 145 127 119
f 145 119 137
f 146 119 132
f 147 125 138
f 147 146 132
f 147 132 125
f 148 142 122
f 148 122 133
f 149 142 129
f 149 147 138
f 150 144 121
f 150 121 135
f 150 123 137
f 150 137 129
f 150 129 144
f 151 144 129
f 151 121 144
f 152 137 119
f 152 119 146
f 152 146 147
f 153 129 137
f 153 149 129
f 153 147 149
f 154 122 142
f 154 142 149
f 155 149 138
f 155 138 134
f 155 134 143
f 156 135 123
f 156 123 150
f 157 151 129
f 157 142 151
f 158 148 133
f 158 133 121
f 158 142 148
f 159 152 147
f 159 147 153
f 159 153 137
f 159 137 152
f 160 154 149
f 160 122 154
f 161 155 143
f 161 143 126
f 161 126 122
f 161 122 160
f 161 160 149
f 161 149 155
f 162 156 150
f 162 150 135
f 162 135 156
f 163 157 129
f 163 129 142
f 163 142 157
f 164 158 121
f 164 121 151
f 164 151 142
f 164 142 158
o bunny003
usemtl Material003
v -0.782315777 1.138883247 0.446660765
v -0.756909475 1.186023507 0.422062925
v -0.804588811 1.269462347 0.302864583
v -0.780749143 1.138344170 0.052548063
v -0.820066717 0.922395737 0.302833726
v -0.767646591 1.290934103 0.278487411
v -0.780749143 1.209863176 0.422062925
v -0.822059124 0.921489931 0.458473416
v -0.768829309 1.102584668 0.076387732
v -0.852268148 1.019145828 0.183666240
v -0.809091247 1.245688193 0.182149640
v -0.757969983 1.210656441 0.422720693
v -0.780749143 1.269462347 0.350543920
v -0.793055968 1.090734676 0.457897980
v -0.768829309 1.102584668 0.088307566
v -0.762591489 1.135875020 0.056126228
v -0.831211198 0.935298180 0.147445178
v -0.840348314 0.971466491 0.457822428
v -0.780749143 1.293302016 0.302864583
v -0.828428480 1.209863176 0.195586074
v -0.792668977 1.281382181 0.314784417
v -0.799083607 1.056063013 0.459074758
v -0.804588811 1.126424336 0.445902594
v -0.756909475 1.209863176 0.398223257
v -0.831343962 0.910733146 0.195315137
v -0.816508646 1.078744999 0.088307566
v -0.768807680 1.114497097 0.052557923
v -0.810307908 1.245532452 0.185754897
v -0.763706897 1.287003534 0.299201622
v -0.816508646 1.245622679 0.290944748
v -0.852268148 1.031065662 0.279024914
v -0.816508646 1.090664833 0.088307566
v -0.792668977 1.209863176 0.398223257
v -0.828428480 1.031065662 0.457822428
v -0.756909475 1.197943342 0.398223257
v -0.830616549 0.910756589 0.231638080
v -0.852268148 0.923787154 0.231345577
v -0.852268148 0.947626822 0.171746406
v -0.798533953 1.078309058 0.079716570
v -0.761915063 1.261204558 0.345611034
v -0.852268148 1.042985496 0.219425743
v -0.828428480 1.209863176 0.231345577
v -0.840348314 0.995306159 0.433982759
v -0.840348314 1.042985496 0.147906737
v -0.792668977 1.186023507 0.422062925
v -0.816508646 1.233702844 0.302864583
v -0.756909475 1.186023507 0.410143091
v -0.852268148 0.947626822 0.290944748
v -0.840348314 0.923787154 0.445902594
v -0.852268148 0.935706988 0.183666240
v -0.852268148 1.031065662 0.195586074
v -0.852268148 1.042985496 0.243265411
v -0.828428480 1.078744999 0.124067069
v -0.852268148 0.971466491 0.171746406
v -0.852268148 0.995306159 0.302864583
v -0.840348314 0.935706988 0.457822428
v -0.852268148 0.935706988 0.267105080
v -0.852268148 0.923787154 0.207505909
v -0.852268148 1.019145828 0.290944748
v -0.852268148 0.983386325 0.302864583
f 176 171 165
f 177 171 176
f 178 176 165
f 178 166 176
f 179 172 169
f 179 169 173
f 179 166 172
f 180 179 173
f 180 166 179
f 180 175 170
f 180 168 175
f 183 170 175
f 185 171 177
f 185 183 167
f 185 177 183
f 186 172 166
f 186 166 178
f 186 182 172
f 187 178 165
f 187 165 171
f 188 176 166
f 189 173 169
f 191 180 173
f 191 189 181
f 191 173 189
f 191 168 180
f 191 190 168
f 192 183 175
f 192 167 183
f 192 175 184
f 193 183 177
f 193 170 183
f 193 188 180
f 193 180 170
f 194 192 184
f 194 167 192
f 196 184 175
f 196 175 168
f 196 168 190
f 197 185 167
f 197 171 185
f 197 167 194
f 198 186 178
f 198 182 186
f 198 178 187
f 199 188 166
f 199 180 188
f 200 189 169
f 200 169 172
f 201 195 174
f 201 189 200
f 202 190 181
f 202 196 190
f 202 201 174
f 203 191 181
f 203 181 190
f 203 190 191
f 204 193 177
f 204 177 176
f 204 176 188
f 204 188 193
f 205 174 195
f 206 195 194
f 206 194 184
f 206 184 205
f 207 195 182
f 207 194 195
f 207 198 194
f 207 182 198
f 208 174 184
f 209 187 171
f 209 171 197
f 209 197 194
f 210 198 187
f 210 194 198
f 210 209 194
f 210 187 209
f 211 199 166
f 211 166 180
f 211 180 199
f 212 195 201
f 213 201 200
f 213 200 172
f 214 202 181
f 214 181 189
f 214 201 202
f 215 205 184
f 215 184 174
f 215 174 205
f 216 206 205
f 216 205 195
f 216 195 206
f 217 208 184
f 217 184 196
f 217 196 208
f 218 202 174
f 218 174 208
f 218 208 196
f 218 196 202
f 219 195 212
f 220 213 172
f 220 172 182
f 220 212 213
f 220 182 219
f 221 213 212
f 221 212 201
f 221 201 213
f 222 214 189
f 222 189 201
f 222 201 214
f 223 219 182
f 223 182 195
f 223 195 219
f 224 220 219
f 224 219 212
f 224 212 220
o bunny004
usemtl Material004
v 0.494673121 0.971466491 0.076387732
v 0.622968387 0.790912970 0.076795056
v 0.566192127 0.816508646 -0.090489947
v 0.351635110 0.876107817 -0.173928787
v 0.292035939 1.019145828 0.004868726
v 0.434325939 0.744189742 -0.196178462
v 0.399314447 0.971466491 -0.078570113
v 0.601951629 0.852268148 0.052548063
v 0.350332054 1.040044350 0.077037353
v 0.590031795 0.744989640 -0.102409782
v 0.518512790 0.768829309 -0.162008953
v 0.351283126 0.839918787 -0.172988646
v 0.411234281 0.756909475 -0.173928787
v 0.518512790 0.923787154 -0.018970942
v 0.292035939 1.007225994 -0.078570113
v 0.601951629 0.852268148 0.076387732
v 0.601951629 0.792668977 0.076387732
v 0.360372708 1.035802825 0.077974194
v 0.625791298 0.804588811 0.028708395
v 0.446993784 0.768829309 -0.197768456
v 0.506592955 0.744989640 -0.173928787
v 0.554272292 0.780749143 -0.126249450
v 0.423154116 0.911867320 -0.126249450
v 0.398367155 0.766808307 -0.195587880
v 0.292035939 0.959546657 -0.090489947
v 0.435073950 1.007225994 0.028708395
v 0.566192127 0.864187983 -0.030890776
v 0.542352458 0.923787154 0.028708395
v 0.292035939 1.042985496 -0.018970942
v 0.351635110 1.019145828 0.064467898
v 0.590031795 0.744989640 -0.030890776
v 0.566192127 0.899947485 0.076387732
v 0.612802621 0.744569367 -0.030362652
v 0.625791298 0.816508646 0.076387732
v 0.613871464 0.756909475 -0.054730445
v 0.554272292 0.756909475 -0.138169284
v 0.604381279 0.741258057 -0.050041267
v 0.506592955 0.756909475 -0.173928787
v 0.458913618 0.744989640 -0.197768456
v 0.542352458 0.816508646 -0.114329616
v 0.590031795 0.756909475 -0.102409782
v 0.470833453 0.911867320 -0.090489947
v 0.339715276 0.947626822 -0.138169284
v 0.363554944 0.899947485 -0.162008953
v 0.494673121 0.792668977 -0.162008953
v 0.399314447 0.768829309 -0.173928787
v 0.423154116 0.780749143 -0.197768456
v 0.289970918 0.977404370 -0.098016395
v 0.482753287 0.947626822 -0.030890776
v 0.423154116 1.019145828 0.076387732
v 0.530432624 0.899947485 -0.042810610
v 0.601951629 0.804588811 -0.030890776
v 0.578111961 0.876107817 0.028708395
v 0.494673121 0.971466491 0.064467898
v 0.291254590 1.039084325 0.006563062
v 0.363554944 1.031065662 -0.007051108
v 0.435073950 0.744989640 -0.173928787
v 0.566192127 0.899947485 0.052548063
v 0.625791298 0.816508646 0.064467898
v 0.554272292 0.744989640 -0.138169284
v 0.458913618 0.756909475 -0.197768456
v 0.578111961 0.780749143 -0.102409782
v 0.411234281 0.935706988 -0.114329616
v 0.494673121 0.864187983 -0.114329616
f 241 229 237
f 242 241 226
f 242 233 241
f 248 236 228
f 248 230 237
f 254 241 233
f 254 233 229
f 254 229 241
f 255 226 241
f 256 225 242
f 256 252 225
f 256 240 232
f 256 242 226
f 256 226 240
f 257 243 226
f 257 226 255
f 258 240 226
f 258 226 243
f 258 232 240
f 259 243 257
f 260 235 246
f 261 230 245
f 261 259 257
f 261 234 259
f 261 257 255
f 262 260 245
f 262 235 260
f 263 245 230
f 263 262 245
f 263 230 248
f 264 246 235
f 264 227 246
f 265 260 246
f 265 234 260
f 265 259 234
f 265 227 259
f 266 227 264
f 267 239 231
f 268 228 267
f 269 268 247
f 269 244 268
f 269 262 244
f 269 235 262
f 269 264 235
f 270 248 237
f 270 236 248
f 270 249 236
f 270 237 229
f 270 229 249
f 271 248 228
f 271 263 248
f 271 244 263
f 271 268 244
f 271 228 268
f 272 249 229
f 272 228 236
f 272 236 249
f 272 267 228
f 272 239 267
f 272 253 239
f 273 266 231
f 273 252 238
f 273 250 252
f 274 242 225
f 274 233 242
f 275 251 227
f 275 252 251
f 275 238 252
f 275 227 266
f 275 273 238
f 275 266 273
f 276 251 243
f 276 227 251
f 276 259 227
f 276 243 259
f 277 252 232
f 277 251 252
f 277 232 243
f 277 243 251
f 278 252 250
f 278 225 252
f 278 274 225
f 278 250 274
f 279 229 233
f 279 233 253
f 279 272 229
f 279 253 272
f 280 231 239
f 280 239 253
f 280 273 231
f 280 250 273
f 280 274 250
f 280 253 233
f 280 233 274
f 281 255 241
f 281 241 237
f 281 237 230
f 281 261 255
f 281 230 261
f 282 256 232
f 282 232 252
f 282 252 256
f 283 258 243
f 283 243 232
f 283 232 258
f 284 260 234
f 284 245 260
f 284 261 245
f 284 234 261
f 285 263 244
f 285 244 262
f 285 262 263
f 286 265 246
f 286 246 227
f 286 227 265
f 287 266 247
f 287 231 266
f 287 267 231
f 287 268 267
f 287 247 268
f 288 266 264
f 288 247 266
f 288 269 247
f 288 264 269
o bunny005
usemtl Material005
v -0.029799586 0.601951629 0.636619941
v -0.010466958 0.247943002 0.557691793
v -0.029799586 0.649630966 0.577020770
v -0.148997928 0.446993784 0.445902594
v -0.089398757 0.494673121 0.612780273
v -0.101318591 0.303955773 0.422062925
v -0.011274024 0.318391965 0.570654977
v -0.053639254 0.506592955 0.636619941
v -0.148823413 0.650093028 0.502258176
v -0.017879751 0.244356602 0.517421599
v -0.101318591 0.232436768 0.469742262
v -0.029684886 0.554214463 0.636395578
v -0.028346270 0.646929384 0.597939066
v -0.029799586 0.244356602 0.565100936
v -0.077478923 0.578111961 0.624700107
v -0.148997928 0.494673121 0.505501765
v -0.101318591 0.649630966 0.493581931
v -0.077478923 0.339715276 0.457822428
v -0.017879751 0.327795442 0.541261267
v -0.116497582 0.232691028 0.424811810
v -0.053639254 0.649630966 0.600860439
v -0.065559088 0.482753287 0.624700107
v -0.065559088 0.232436768 0.517421599
v -0.065559088 0.554272292 0.636619941
v -0.101318591 0.566192127 0.600860439
v -0.150028712 0.431810715 0.455983586
v -0.125158260 0.494673121 0.553181102
v -0.113238425 0.387394613 0.433982759
v -0.089398757 0.649630966 0.505501765
v -0.089398757 0.292035939 0.433982759
v -0.119631196 0.303087185 0.427810437
v -0.148997928 0.435073950 0.469742262
v -0.089398757 0.625791298 0.588940604
v -0.041719420 0.601951629 0.636619941
v -0.065559088 0.530432624 0.636619941
v -0.012459236 0.234839161 0.548716607
v -0.104790116 0.231777681 0.438777000
v -0.148997928 0.578111961 0.517421599
v -0.149450204 0.648433482 0.501988043
v -0.101318591 0.506592955 0.600860439
v -0.101318591 0.363554944 0.433982759
v -0.125158260 0.387394613 0.433982759
v -0.137078094 0.446993784 0.445902594
v -0.101318591 0.232436768 0.422062925
v -0.089398757 0.590031795 0.612780273
v -0.077478923 0.506592955 0.624700107
v -0.017879751 0.232436768 0.517421599
v -0.029799586 0.232436768 0.553181102
v -0.148997928 0.554272292 0.517421599
v -0.137078094 0.566192127 0.541261267
v -0.053639254 0.613871464 0.624700107
v -0.077478923 0.625791298 0.600860439
v -0.077478923 0.232436768 0.445902594
v -0.137078094 0.554272292 0.541261267
v -0.077478923 0.268196270 0.445902594
f 298 295 290
f 300 295 289
f 300 290 295
f 300 296 290
f 300 289 296
f 301 295 291
f 301 289 295
f 302 290 296
f 305 292 297
f 306 291 298
f 307 298 291
f 307 291 295
f 307 295 298
f 309 301 291
f 309 291 297
f 309 289 301
f 310 302 296
f 310 293 302
f 311 302 293
f 311 293 299
f 312 296 289
f 312 303 293
f 313 293 303
f 314 292 308
f 315 304 299
f 317 291 306
f 317 305 297
f 317 297 291
f 318 306 298
f 319 308 292
f 319 294 308
f 320 308 299
f 320 299 304
f 320 314 308
f 320 304 314
f 321 309 297
f 322 289 309
f 322 312 289
f 322 303 312
f 323 310 296
f 323 312 293
f 323 296 312
f 324 290 302
f 325 311 299
f 325 299 308
f 327 297 292
f 327 292 314
f 328 315 299
f 328 299 293
f 328 293 313
f 329 316 305
f 329 294 316
f 329 305 317
f 329 317 306
f 329 318 294
f 329 306 318
f 330 316 294
f 330 292 316
f 330 319 292
f 330 294 319
f 331 316 292
f 331 292 305
f 331 305 316
f 332 308 294
f 332 294 318
f 332 325 308
f 333 313 303
f 333 303 322
f 333 321 297
f 333 327 313
f 333 297 327
f 334 323 293
f 334 293 310
f 334 310 323
f 335 298 290
f 335 290 324
f 336 324 302
f 336 302 311
f 336 335 324
f 336 311 325
f 336 325 335
f 337 304 315
f 337 314 304
f 337 327 314
f 337 326 327
f 338 327 326
f 338 313 327
f 338 328 313
f 338 326 337
f 339 333 322
f 339 322 309
f 340 309 321
f 340 321 333
f 340 339 309
f 340 333 339
f 341 335 325
f 341 325 332
f 341 332 318
f 341 298 335
f 342 337 315
f 342 315 328
f 342 338 337
f 342 328 338
f 343 341 318
f 343 318 298
f 343 298 341
o bunny006
usemtl Material006
v 0.239610656 0.045544770 -0.121512421
v 0.328350047 0.012762497 -0.150596173
v 0.160602523 0.042414067 -0.254609031
v -0.220516934 0.029799586 -0.328886632
v -0.303878054 0.003530190 -0.173858361
v -0.148997928 -0.005959917 -0.316966798
v 0.005959917 0.065559088 -0.173928787
v 0.244356602 0.053639254 -0.138169284
v 0.220516934 0.017879751 -0.126249450
v 0.148997928 0.005959917 -0.257367627
v -0.148997928 0.029799586 -0.328886632
v -0.232436768 -0.005959917 -0.305046964
v 0.089398757 -0.005959917 -0.209688290
v -0.125390082 0.057353242 -0.137770748
v 0.327974132 0.016231007 -0.186011991
v 0.172837597 0.065559088 -0.150089119
v 0.232436768 0.017879751 -0.126249450
v -0.160917762 0.005959917 -0.328886632
v 0.137078094 0.029799586 -0.269287461
v -0.101318591 0.041719420 -0.316966798
v -0.309715386 0.017237809 -0.224543759
v -0.220516934 -0.005959917 -0.173928787
v 0.113238425 -0.005959917 -0.245447793
v 0.005782824 0.060065442 -0.126084992
v 0.196677265 0.065559088 -0.138169284
v 0.327307396 0.012564064 -0.149705834
v -0.220516934 0.005959917 -0.328886632
v -0.148997928 0.017879751 -0.328886632
v 0.160917762 0.017879751 -0.257367627
v 0.135786678 0.044565130 -0.257986528
v 0.101318591 0.065559088 -0.162008953
v -0.235551524 0.043561375 -0.299308150
v -0.300525613 0.003847665 -0.220338110
v 0.220516934 0.005959917 -0.138169284
v 0.137078094 -0.005959917 -0.233527958
v 0.196677265 0.065559088 -0.126249450
v -0.232436768 0.041719420 -0.316966798
v -0.196677265 -0.005959917 -0.316966798
v -0.310738364 0.011130061 -0.212142718
v 0.232436768 0.005959917 -0.138169284
v 0.137078094 -0.005959917 -0.221608124
f 351 344 345
f 356 355 349
f 358 351 345
f 358 346 351
f 360 344 352
f 361 347 354
f 361 353 349
f 362 353 361
f 362 346 358
f 363 362 354
f 363 346 362
f 363 354 347
f 364 348 357
f 365 348 355
f 365 355 356
f 365 352 348
f 366 356 349
f 366 349 353
f 367 352 344
f 367 350 357
f 367 357 348
f 367 348 352
f 368 351 346
f 368 359 350
f 369 345 344
f 369 344 360
f 370 347 361
f 370 355 364
f 370 361 349
f 371 362 361
f 371 361 354
f 371 354 362
f 372 362 358
f 372 358 353
f 372 353 362
f 373 363 359
f 373 346 363
f 373 368 346
f 373 359 368
f 374 363 350
f 374 350 359
f 374 359 363
f 375 357 350
f 375 364 357
f 376 364 355
f 376 355 348
f 377 360 352
f 377 352 365
f 378 366 353
f 378 353 358
f 378 358 345
f 378 345 369
f 378 356 366
f 379 344 351
f 379 351 368
f 379 367 344
f 379 368 350
f 379 350 367
f 380 370 364
f 380 347 370
f 380 364 375
f 380 363 347
f 380 375 350
f 380 350 363
f 381 370 349
f 381 349 355
f 381 355 370
f 382 376 348
f 382 348 364
f 382 364 376
f 383 369 360
f 383 360 377
f 383 377 365
f 383 365 356
f 384 378 369
f 384 369 383
f 384 383 356
f 384 356 378
o bunny007
usemtl Material007
v -0.411234281 1.329061518 0.231345577
v -0.345309652 1.268481744 0.131477769
v -0.403942690 1.395943589 0.009005741
v -0.542352458 1.305221850 -0.018970942
v -0.390813318 1.280057945 0.218622703
v -0.407916984 1.281066989 -0.014271588
v -0.578638978 1.334432877 0.076355151
v -0.351635110 1.352901187 0.135986903
v -0.518512790 1.281382181 0.004868726
v -0.403824076 1.350067199 -0.012190261
v -0.423154116 1.400580524 0.076387732
v -0.578345639 1.333838409 0.040461016
v -0.435073950 1.305221850 0.231345577
v -0.375474779 1.293302016 0.207505909
v -0.375474779 1.269462347 0.135986903
v -0.511525171 1.284476270 -0.017968405
v -0.350592748 1.354767278 0.116184410
v -0.423154116 1.352901187 -0.018970942
v -0.435073950 1.340981352 0.231345577
v -0.423154116 1.400580524 0.004868726
v -0.566192127 1.317141684 0.052548063
v -0.409319915 1.307548058 0.231600365
v -0.351635110 1.269462347 0.159826572
v -0.387394613 1.305221850 0.219425743
v -0.363554944 1.269462347 0.124067069
v -0.384816925 1.276229958 0.202701504
v -0.351635110 1.329061518 0.112147235
v -0.376307139 1.392161130 0.092447309
v -0.554847839 1.334278446 0.112782302
v -0.537241956 1.323344478 -0.015956692
v -0.554272292 1.317141684 0.076387732
v -0.566192127 1.317141684 0.040628229
v -0.443932073 1.328064172 0.232873367
v -0.351635110 1.329061518 0.147906737
v -0.506592955 1.281382181 0.028708395
v -0.375474779 1.388660689 0.112147235
v -0.449142203 1.329521966 0.231026795
v -0.351635110 1.281382181 0.159826572
v -0.363554944 1.364821021 0.135986903
v -0.399314447 1.388660689 0.112147235
v -0.363554944 1.293302016 0.183666240
f 393 390 386
f 394 386 390
f 400 393 388
f 400 390 393
f 401 392 386
f 401 394 387
f 402 394 390
f 402 387 394
f 402 400 388
f 402 390 400
f 404 387 402
f 404 396 391
f 404 391 395
f 405 391 396
f 406 397 389
f 407 398 389
f 407 399 386
f 408 398 392
f 408 392 385
f 408 385 406
f 408 406 389
f 408 389 398
f 409 399 393
f 409 393 386
f 409 386 399
f 410 407 389
f 410 399 407
f 411 401 386
f 411 386 394
f 411 394 401
f 412 401 387
f 412 404 395
f 412 387 404
f 413 403 395
f 413 395 391
f 414 388 396
f 414 396 404
f 414 404 402
f 414 402 388
f 415 391 405
f 415 413 391
f 415 397 413
f 415 389 397
f 415 405 393
f 416 405 396
f 416 396 388
f 416 388 393
f 416 393 405
f 417 397 406
f 417 406 385
f 417 385 403
f 418 386 392
f 418 392 398
f 419 410 389
f 419 393 399
f 419 399 410
f 419 415 393
f 419 389 415
f 420 392 401
f 420 401 412
f 420 403 385
f 420 412 395
f 421 413 397
f 421 397 417
f 421 417 403
f 421 403 413
f 422 407 386
f 422 386 418
f 422 398 407
f 423 420 385
f 423 385 392
f 423 392 420
f 424 420 395
f 424 395 403
f 424 403 420
f 425 422 418
f 425 418 398
f 425 398 422
o bunny008
usemtl Material008
v -0.673470635 0.709230138 -0.066650279
v -0.434032845 0.508762966 -0.204774438
v -0.435073950 0.840348314 -0.150089119
v -0.435073950 0.721149972 -0.221608124
v -0.625791298 0.542352458 -0.162008953
v -0.418850669 0.718025735 -0.212026554
v -0.542352458 0.792668977 -0.162008953
v -0.677964462 0.545644395 -0.084482924
v -0.458913618 0.542352458 -0.221608124
v -0.423154116 0.828428480 -0.162008953
v -0.422745324 0.554159606 -0.216250608
v -0.470853673 0.852297270 -0.150147057
v -0.685390469 0.673470635 -0.114329616
v -0.613871464 0.673470635 -0.162008953
v -0.436069665 0.504517553 -0.202468073
v -0.673470635 0.697310303 -0.066650279
v -0.423154116 0.852268148 -0.185848621
v -0.446993784 0.518512790 -0.221608124
v -0.697310303 0.709230138 -0.090489947
v -0.685390469 0.542352458 -0.102409782
v -0.518512790 0.768829309 -0.185848621
v -0.625791298 0.709230138 -0.150089119
v -0.649630966 0.613871464 -0.150089119
v -0.578111961 0.590031795 -0.185848621
v -0.423154116 0.768829309 -0.209688290
v -0.458913618 0.852268148 -0.173928787
v -0.439050038 0.857380234 -0.159381580
v -0.425166209 0.854855112 -0.166711389
v -0.432895507 0.523053393 -0.211326216
v -0.601951629 0.506592955 -0.162008953
v -0.530432624 0.518512790 -0.197768456
v -0.689058762 0.710301002 -0.070344416
v -0.697310303 0.625791298 -0.102409782
v -0.435073950 0.852268148 -0.185848621
v -0.542352458 0.768829309 -0.173928787
v -0.601951629 0.744989640 -0.150089119
v -0.673470635 0.709230138 -0.114329616
v -0.637711132 0.673470635 -0.150089119
v -0.649630966 0.590031795 -0.150089119
v -0.601951629 0.613871464 -0.173928787
v -0.458913618 0.685390469 -0.221608124
v -0.482753287 0.506592955 -0.209688290
v -0.613871464 0.518512790 -0.162008953
v -0.601951629 0.506592955 -0.126249450
v -0.578111961 0.554272292 -0.185848621
v -0.690941624 0.699776073 -0.071849083
v -0.697310303 0.661550801 -0.102409782
v -0.435073950 0.768829309 -0.209688290
v -0.661550801 0.649630966 -0.138169284
v -0.673470635 0.590031795 -0.126249450
v -0.446993784 0.709230138 -0.221608124
v -0.461014648 0.502314475 -0.196210040
v -0.613871464 0.506592955 -0.150089119
v -0.590031795 0.518512790 -0.173928787
v -0.617385226 0.504638968 -0.129371713
v -0.693689114 0.684487540 -0.075530974
v -0.685390469 0.601951629 -0.114329616
v -0.601951629 0.542352458 -0.173928787
f 436 429 431
f 436 435 427
f 436 431 435
f 437 426 428
f 440 428 433
f 440 435 428
f 440 427 435
f 441 433 428
f 441 428 426
f 442 435 431
f 443 434 429
f 443 429 436
f 443 427 440
f 447 446 439
f 450 442 431
f 450 431 429
f 451 444 437
f 451 432 444
f 452 437 428
f 452 451 437
f 453 428 435
f 453 435 442
f 453 452 428
f 453 442 452
f 454 443 436
f 454 436 427
f 454 427 443
f 456 434 443
f 457 426 437
f 457 437 444
f 457 441 426
f 458 438 448
f 458 445 433
f 459 442 450
f 459 446 432
f 459 432 451
f 459 452 442
f 459 451 452
f 460 432 446
f 460 446 447
f 461 460 447
f 461 432 460
f 462 438 444
f 462 461 447
f 462 444 432
f 462 432 461
f 463 447 439
f 463 462 447
f 463 438 462
f 464 430 445
f 464 458 448
f 464 448 449
f 465 449 448
f 465 463 439
f 465 448 463
f 466 429 434
f 466 434 449
f 466 439 446
f 466 465 439
f 466 449 465
f 467 443 440
f 467 456 443
f 467 455 456
f 468 445 430
f 469 440 433
f 470 449 434
f 470 434 456
f 470 464 449
f 471 433 441
f 471 441 457
f 471 457 444
f 472 458 444
f 472 444 438
f 472 438 458
f 473 446 459
f 473 459 450
f 473 450 429
f 474 463 448
f 474 448 438
f 474 438 463
f 475 464 445
f 475 458 464
f 476 466 446
f 476 429 466
f 476 473 429
f 476 446 473
f 477 467 440
f 477 455 467
f 477 440 469
f 478 468 455
f 478 445 468
f 479 456 455
f 479 455 468
f 479 470 456
f 479 468 430
f 480 469 433
f 480 433 445
f 480 445 478
f 480 477 469
f 480 478 455
f 480 455 477
f 481 458 433
f 481 433 471
f 481 471 444
f 481 444 458
f 482 475 445
f 482 445 458
f 482 458 475
f 483 479 430
f 483 470 479
f 483 430 464
f 483 464 470
o bunny009
usemtl Material009
v 0.232436768 0.268196270 0.624700107
v 0.376394734 0.053091960 0.482989467
v 0.339715276 0.184757431 0.505501765
v 0.005959917 0.196677265 0.529341433
v 0.005959917 0.017879751 0.588940604
v 0.351635110 0.125158260 0.481662096
v 0.232436768 0.292035939 0.600860439
v 0.339715276 0.220516934 0.565100936
v 0.292035939 0.017879751 0.517421599
v 0.077478923 0.268196270 0.624700107
v 0.005954515 0.017969163 0.553158282
v 0.377253366 0.127028126 0.486871195
v 0.339715276 0.053639254 0.481662096
v 0.327795442 0.160917762 0.493581931
v 0.005959917 0.220516934 0.541261267
v 0.231067669 0.293705340 0.619424417
v 0.341753215 0.218572775 0.547406044
v 0.256276436 0.196677265 0.600860439
v 0.363554944 0.053639254 0.505501765
v 0.375474779 0.101318591 0.505501765
v 0.339715276 0.065559088 0.481662096
v 0.220516934 0.041719420 0.505501765
v 0.290888239 0.027926016 0.499886006
v 0.327795442 0.184757431 0.505501765
v 0.080422347 0.295585486 0.617018391
v -0.000055623 0.229526376 0.559193679
v 0.303955773 0.220516934 0.588940604
v 0.017879751 0.017879751 0.588940604
v 0.280116105 0.184757431 0.588940604
v 0.375474779 0.125158260 0.505501765
v 0.339715276 0.208597099 0.565100936
v 0.124653150 0.020405109 0.527760280
v 0.005959917 0.125158260 0.588940604
v 0.005630665 0.232306371 0.565599934
v 0.280116105 0.220516934 0.600860439
v 0.208597099 0.208597099 0.612780273
v 0.303955773 0.208597099 0.588940604
v 0.267178469 0.025776943 0.501710534
f 493 488 484
f 494 492 488
f 495 489 486
f 495 485 489
f 496 489 485
f 497 489 487
f 497 486 489
f 498 497 487
f 499 493 484
f 500 486 490
f 500 499 491
f 500 490 499
f 500 495 486
f 500 491 495
f 502 492 485
f 503 485 495
f 503 502 485
f 504 496 487
f 504 487 489
f 504 489 496
f 505 487 496
f 506 496 485
f 506 485 492
f 507 498 490
f 507 490 486
f 507 486 497
f 507 497 498
f 508 490 498
f 508 499 490
f 508 493 499
f 509 508 498
f 509 494 488
f 509 498 487
f 509 487 494
f 510 499 484
f 510 491 499
f 511 484 488
f 511 488 492
f 511 492 501
f 512 501 492
f 512 492 502
f 513 503 495
f 513 495 491
f 513 491 503
f 514 503 491
f 514 502 503
f 514 491 510
f 515 494 487
f 515 487 505
f 515 505 496
f 515 492 494
f 516 509 488
f 516 488 493
f 517 493 508
f 517 508 509
f 517 516 493
f 517 509 516
f 518 510 484
f 518 484 501
f 519 511 501
f 519 501 484
f 519 484 511
f 520 514 510
f 520 502 514
f 520 510 518
f 520 512 502
f 520 518 501
f 520 501 512
f 521 515 496
f 521 496 506
f 521 506 492
f 521 492 515
o bunny010
usemtl Material010
v 0.509022618 0.614574094 -0.201299946
v 0.521497674 0.338618184 -0.190688097
v 0.446993784 0.375474779 -0.281207295
v 0.280116105 0.566192127 -0.352726301
v 0.280116105 0.232436768 -0.293127130
v 0.494673121 0.613871464 -0.233527958
v 0.506592955 0.411234281 -0.185848621
v 0.351635110 0.601951629 -0.281207295
v 0.399314447 0.220516934 -0.293127130
v 0.411234281 0.554272292 -0.293127130
v 0.518512790 0.399314447 -0.221608124
v 0.506592955 0.339715276 -0.185848621
v 0.524810426 0.409259874 -0.190936924
v 0.267662238 0.578037617 -0.339511406
v 0.437825443 0.616434786 -0.240927670
v 0.268196270 0.387394613 -0.352726301
v 0.482753287 0.482753287 -0.257367627
v 0.387394613 0.411234281 -0.316966798
v 0.351635110 0.601951629 -0.316966798
v 0.506592955 0.613871464 -0.221608124
v 0.435073950 0.256276436 -0.281207295
v 0.399588378 0.218828585 -0.271661180
v 0.518512790 0.339715276 -0.209688290
v 0.268196270 0.292035939 -0.305046964
v 0.315875607 0.220516934 -0.316966798
v 0.263390408 0.564394156 -0.342331789
v 0.435073950 0.542352458 -0.281207295
v 0.482753287 0.411234281 -0.257367627
v 0.292035939 0.423154116 -0.352726301
v 0.446993784 0.458913618 -0.281207295
v 0.375474779 0.601951629 -0.305046964
v 0.446993784 0.613871464 -0.257367627
v 0.344833701 0.604895655 -0.300455801
v 0.292035939 0.530432624 -0.352726301
v 0.522279036 0.434551477 -0.201013421
v 0.500839334 0.615654544 -0.206715992
v 0.506592955 0.530432624 -0.233527958
v 0.387394613 0.399314447 -0.316966798
v 0.280116105 0.220516934 -0.293127130
v 0.377612949 0.217295934 -0.275456901
v 0.267046212 0.223163568 -0.310272937
v 0.470833453 0.554272292 -0.257367627
v 0.494673121 0.399314447 -0.245447793
v 0.280116105 0.387394613 -0.352726301
v 0.458913618 0.518512790 -0.269287461
v 0.435073950 0.613871464 -0.257367627
v 0.351635110 0.375474779 -0.328886632
v 0.268773185 0.219189278 -0.308404865
v 0.268196270 0.268196270 -0.328886632
v 0.280116105 0.268196270 -0.328886632
f 529 528 522
f 529 526 528
f 533 528 526
f 534 522 528
f 534 533 523
f 534 528 533
f 536 529 522
f 540 525 535
f 543 523 533
f 543 542 523
f 543 530 542
f 544 534 523
f 544 532 534
f 544 542 532
f 544 523 542
f 545 526 529
f 545 529 535
f 547 535 525
f 547 525 537
f 547 545 535
f 548 531 527
f 548 539 531
f 549 538 532
f 549 524 538
f 549 542 524
f 550 537 525
f 551 538 524
f 551 524 539
f 551 539 548
f 552 540 527
f 552 527 531
f 552 531 540
f 553 536 527
f 553 527 540
f 554 540 535
f 554 535 529
f 554 529 536
f 555 525 540
f 555 550 525
f 555 539 550
f 555 540 531
f 555 531 539
f 556 534 532
f 556 532 541
f 556 541 522
f 556 522 534
f 557 536 522
f 557 522 541
f 557 541 527
f 557 527 536
f 558 538 527
f 558 527 541
f 558 541 532
f 558 532 538
f 559 539 524
f 559 524 542
f 559 542 530
f 559 550 539
f 560 533 526
f 560 526 545
f 561 546 530
f 561 530 543
f 561 543 533
f 561 533 560
f 562 547 537
f 562 545 547
f 562 560 545
f 563 548 527
f 563 527 538
f 564 549 532
f 564 532 542
f 564 542 549
f 565 537 550
f 565 530 546
f 566 551 548
f 566 538 551
f 566 563 538
f 566 548 563
f 567 553 540
f 567 540 554
f 567 554 536
f 567 536 553
f 568 559 530
f 568 550 559
f 568 565 550
f 568 530 565
f 569 561 560
f 569 546 561
f 569 562 546
f 569 560 562
f 570 562 537
f 570 546 562
f 570 537 565
f 571 570 565
f 571 565 546
f 571 546 570
o bunny011
usemtl Material011
v -0.482753287 0.077478923 0.517421599
v -0.398932485 0.166035877 0.432991730
v -0.518512790 0.125158260 0.433982759
v -0.482753287 0.089398757 0.243265411
v -0.470833453 0.005959917 0.493581931
v -0.399314447 0.208597099 0.302864583
v -0.482753287 0.137078094 0.481662096
v -0.470833453 0.017879751 0.517421599
v -0.554272292 0.017879751 0.362463754
v -0.518512790 0.113238425 0.314784417
v -0.375474779 0.137078094 0.243265411
v -0.470833453 0.125158260 0.493581931
v -0.506592955 0.089398757 0.493581931
v -0.494673121 0.148997928 0.433982759
v -0.446993784 0.172837597 0.433982759
v -0.375474779 0.137078094 0.255185246
v -0.465308153 0.074154996 0.508791394
v -0.492804649 0.009855320 0.278970465
v -0.530432624 0.017879751 0.469742262
v -0.482753287 0.101318591 0.255185246
v -0.542352458 0.089398757 0.362463754
v -0.530432624 0.053639254 0.279024914
v -0.376992623 0.173186102 0.242698348
v -0.482753287 0.125158260 0.493581931
v -0.494673121 0.125158260 0.481662096
v -0.506592955 0.137078094 0.350543920
v -0.383667634 0.207530057 0.337647386
v -0.482753287 0.148997928 0.457822428
v -0.399314447 0.208597099 0.338624085
v -0.470833453 0.137078094 0.481662096
v -0.399585931 0.165752155 0.434687144
v -0.542352458 0.005959917 0.326704251
v -0.470833453 0.041719420 0.243265411
v -0.494673121 0.005959917 0.493581931
v -0.482753287 0.017879751 0.517421599
v -0.530432624 0.077478923 0.457822428
v -0.506592955 0.125158260 0.314784417
v -0.518512790 0.077478923 0.279024914
v -0.542352458 0.077478923 0.326704251
v -0.375474779 0.148997928 0.267105080
v -0.411234281 0.172837597 0.267105080
v -0.494673121 0.113238425 0.493581931
v -0.530432624 0.113238425 0.374383588
v -0.494673121 0.148997928 0.374383588
v -0.385484435 0.208615133 0.302662487
v -0.518512790 0.005959917 0.279024914
v -0.542352458 0.029799586 0.302864583
v -0.542352458 0.005959917 0.398223257
v -0.494673121 0.065559088 0.243265411
v -0.530432624 0.053639254 0.469742262
v -0.542352458 0.089398757 0.410143091
v -0.554272292 0.053639254 0.350543920
v -0.470833453 0.101318591 0.243265411
v -0.494673121 0.089398757 0.505501765
v -0.518512790 0.125158260 0.350543920
v -0.530432624 0.101318591 0.326704251
v -0.530432624 0.017879751 0.279024914
v -0.554272292 0.017879751 0.398223257
v -0.530432624 0.005959917 0.445902594
v -0.518512790 0.077478923 0.481662096
v -0.530432624 0.113238425 0.422062925
v -0.554272292 0.053639254 0.398223257
v -0.554272292 0.029799586 0.350543920
v -0.542352458 0.053639254 0.302864583
f 587 579 576
f 587 573 579
f 587 576 582
f 588 572 579
f 588 583 572
f 589 582 576
f 595 583 578
f 595 572 583
f 596 585 574
f 596 578 585
f 596 595 578
f 599 586 585
f 599 585 578
f 599 578 586
f 600 577 585
f 600 585 586
f 600 586 598
f 601 586 578
f 601 578 583
f 602 588 579
f 602 579 573
f 602 583 588
f 602 601 583
f 602 586 601
f 602 598 586
f 602 573 598
f 604 582 589
f 604 594 582
f 605 576 579
f 605 603 576
f 606 579 572
f 606 572 590
f 606 605 579
f 606 590 605
f 608 591 581
f 608 597 577
f 608 581 597
f 609 593 581
f 609 575 593
f 609 591 575
f 609 581 591
f 611 587 582
f 611 582 594
f 611 594 598
f 611 598 573
f 611 573 587
f 612 577 594
f 612 608 577
f 612 591 608
f 613 572 595
f 613 595 596
f 613 607 584
f 615 585 577
f 615 577 597
f 615 614 585
f 615 597 614
f 616 598 594
f 616 594 577
f 616 600 598
f 616 577 600
f 617 589 576
f 617 576 603
f 617 604 589
f 618 603 580
f 619 580 603
f 619 603 605
f 620 575 594
f 620 594 604
f 620 593 575
f 621 590 572
f 621 572 584
f 622 614 592
f 623 592 610
f 623 622 592
f 624 612 594
f 624 594 575
f 624 575 591
f 624 591 612
f 625 613 584
f 625 584 572
f 625 572 613
f 626 614 597
f 626 597 581
f 627 610 592
f 627 592 614
f 627 581 593
f 627 626 581
f 627 614 626
f 628 617 603
f 628 603 618
f 628 618 593
f 628 593 620
f 628 620 604
f 628 604 617
f 629 580 619
f 629 590 621
f 629 623 580
f 630 619 605
f 630 605 590
f 630 629 619
f 630 590 629
f 631 621 584
f 631 584 607
f 631 607 621
f 632 622 607
f 632 614 622
f 632 574 585
f 632 585 614
f 632 596 574
f 632 613 596
f 632 607 613
f 633 621 607
f 633 607 622
f 633 629 621
f 633 622 623
f 633 623 629
f 634 623 618
f 634 618 580
f 634 580 623
f 635 623 610
f 635 593 618
f 635 618 623
f 635 627 593
f 635 610 627
o bunny012
usemtl Material012
v -0.601951629 1.078744999 0.588940604
v -0.411234281 0.983386325 0.445902594
v -0.446993784 1.281382181 0.398223257
v -0.416747120 1.290775041 0.301086547
v -0.506592955 1.102584668 0.410143091
v -0.411234281 1.281382181 0.338624085
v -0.530432624 1.233702844 0.433982759
v -0.554272292 1.042985496 0.577020770
v -0.613885251 1.019110160 0.588789592
v -0.423154116 1.150264005 0.326704251
v -0.411234281 1.042985496 0.433982759
v -0.404790671 1.151614492 0.331930039
v -0.411234281 1.293302016 0.326704251
v -0.529008547 1.234894416 0.448092097
v -0.459379203 1.292807461 0.373908983
v -0.506592955 1.138344170 0.398223257
v -0.590031795 1.090664833 0.577020770
v -0.458913618 0.983386325 0.445902594
v -0.613871464 1.090664833 0.553181102
v -0.578111961 1.042985496 0.588940604
v -0.470833453 0.983386325 0.493581931
v -0.423154116 1.007225994 0.457822428
v -0.407356992 1.222128852 0.304104398
v -0.423154116 0.995306159 0.410143091
v -0.404381826 0.997921431 0.417254101
v -0.419596478 1.294932766 0.304012015
v -0.446993784 1.293302016 0.386303422
v -0.482753287 1.114504502 0.386303422
v -0.423154116 1.221783010 0.302864583
v -0.518512790 1.031065662 0.469742262
v -0.613871464 1.078744999 0.588940604
v -0.506592955 1.150264005 0.398223257
v -0.613871464 1.042985496 0.565100936
v -0.616829468 1.088447907 0.571113867
v -0.435073950 0.983386325 0.469742262
v -0.560473859 1.015455309 0.569006261
v -0.477568317 0.981026727 0.477668717
v -0.411234281 1.007225994 0.445902594
v -0.411234281 1.102584668 0.350543920
v -0.423154116 0.983386325 0.422062925
v -0.425371304 1.297749515 0.317913776
v -0.463215351 1.288732617 0.381918344
v -0.423154116 1.102584668 0.350543920
v -0.435073950 1.269462347 0.314784417
v -0.482753287 0.995306159 0.457822428
v -0.613871464 1.078744999 0.553181102
v -0.518512790 1.102584668 0.422062925
v -0.435073950 0.995306159 0.469742262
v -0.583162093 1.015879543 0.579436287
v -0.489984285 0.984060931 0.489820238
v -0.407900459 0.984658694 0.425522538
f 646 641 638
f 648 638 641
f 648 641 647
f 649 636 638
f 650 642 649
f 652 643 638
f 652 638 636
f 652 636 643
f 655 643 636
f 657 638 643
f 658 647 645
f 658 648 647
f 658 639 648
f 659 653 640
f 660 647 641
f 660 641 646
f 661 642 650
f 661 648 639
f 662 638 648
f 662 649 638
f 663 640 651
f 663 659 640
f 664 663 651
f 664 645 663
f 664 658 645
f 664 639 658
f 666 636 649
f 666 655 636
f 666 644 655
f 667 654 642
f 667 651 654
f 669 649 642
f 669 642 654
f 669 666 649
f 669 644 666
f 669 668 644
f 670 637 657
f 671 643 655
f 671 670 643
f 671 656 670
f 672 670 656
f 672 637 670
f 672 644 653
f 673 657 637
f 673 646 638
f 673 638 657
f 673 660 646
f 673 637 660
f 674 645 647
f 674 660 659
f 674 647 660
f 675 653 659
f 675 672 653
f 675 637 672
f 676 661 650
f 676 650 662
f 676 662 648
f 676 648 661
f 677 662 650
f 677 650 649
f 677 649 662
f 678 663 645
f 678 659 663
f 678 674 659
f 678 645 674
f 679 661 639
f 679 639 664
f 679 664 651
f 679 651 667
f 679 667 642
f 679 642 661
f 680 665 640
f 680 640 653
f 680 668 665
f 680 653 644
f 680 644 668
f 681 654 651
f 681 669 654
f 681 668 669
f 682 651 640
f 682 640 665
f 682 665 668
f 682 681 651
f 682 668 681
f 683 670 657
f 683 657 643
f 683 643 670
f 684 671 655
f 684 655 644
f 684 644 656
f 684 656 671
f 685 672 656
f 685 656 644
f 685 644 672
f 686 660 637
f 686 637 675
f 686 675 659
f 686 659 660
o bunny013
usemtl Material013
v -0.756909475 1.305221850 0.302864583
v -0.637711132 1.305221850 0.004868726
v -0.721149972 1.329061518 0.267105080
v -0.673470635 1.305221850 -0.018970942
v -0.756909475 1.090664833 0.052548063
v -0.645030635 1.323950491 -0.004437581
v -0.804588811 1.293302016 0.171746406
v -0.689617423 1.138780266 -0.021789753
v -0.756909475 1.269462347 0.302864583
v -0.661501868 1.328900646 0.124089544
v -0.792668977 1.305221850 0.243265411
v -0.768829309 1.150264005 0.040628229
v -0.721149972 1.317141684 0.076387732
v -0.649630966 1.281382181 -0.018970942
v -0.706011667 1.318972404 0.265488548
v -0.721149972 1.329061518 0.135986903
v -0.642894897 1.321963768 0.006719660
v -0.673470635 1.174103673 -0.007051108
v -0.768829309 1.305221850 0.302864583
v -0.816508646 1.162183839 0.171746406
v -0.792668977 1.281382181 0.124067069
v -0.769696387 1.090948067 0.039793927
v -0.709230138 1.162183839 -0.018970942
v -0.673470635 1.317141684 -0.007051108
v -0.637711132 1.305221850 -0.007051108
v -0.668904753 1.223499672 -0.025615652
v -0.653316813 1.320597807 -0.017397257
v -0.719229814 1.312679200 0.277944113
v -0.697310303 1.138344170 0.016788561
v -0.685390469 1.329061518 0.076387732
v -0.768829309 1.317141684 0.243265411
v -0.768829309 1.317141684 0.171746406
v -0.649630966 1.305221850 0.064467898
v -0.773402798 1.275085878 0.306135017
v -0.816508646 1.257542513 0.279024914
v -0.803369885 1.138214196 0.184062923
v -0.744989640 1.293302016 0.064467898
v -0.816508646 1.269462347 0.159826572
v -0.763641089 1.092863731 0.034151078
v -0.697310303 1.233702844 -0.018970942
v -0.756909475 1.162183839 0.028708395
v -0.709230138 1.329061518 0.112147235
v -0.680578709 1.175340820 -0.025048200
v -0.655963217 1.316547434 -0.018827298
v -0.733069806 1.329061518 0.255185246
v -0.792668977 1.305221850 0.183666240
v -0.816508646 1.281382181 0.231345577
v -0.804588811 1.293302016 0.255185246
v -0.805472630 1.243292152 0.275635427
v -0.775276961 1.091904480 0.048186600
v -0.768829309 1.293302016 0.100227400
v -0.804588811 1.281382181 0.147906737
v -0.804588811 1.269462347 0.135986903
v -0.709230138 1.138344170 -0.018970942
v -0.733069806 1.329061518 0.171746406
v -0.816508646 1.281382181 0.183666240
v -0.804588811 1.281382181 0.279024914
v -0.816508646 1.269462347 0.267105080
v -0.804588811 1.138344170 0.147906737
v -0.816508646 1.221783010 0.159826572
v -0.780749143 1.150264005 0.064467898
f 701 696 689
f 703 696 688
f 703 692 696
f 705 687 689
f 711 688 704
f 711 703 688
f 711 692 703
f 713 711 700
f 713 692 711
f 713 690 710
f 714 701 689
f 714 689 687
f 714 687 695
f 714 695 701
f 715 701 695
f 715 695 691
f 715 691 694
f 715 704 701
f 715 694 704
f 716 696 692
f 716 692 713
f 716 713 710
f 716 702 689
f 716 689 696
f 717 697 705
f 718 697 717
f 719 704 688
f 719 688 696
f 719 696 701
f 719 701 704
f 720 695 687
f 720 687 705
f 721 720 705
f 722 691 695
f 722 721 706
f 723 710 690
f 724 706 721
f 725 694 691
f 725 691 708
f 726 690 712
f 726 723 690
f 727 709 708
f 727 708 698
f 727 726 709
f 727 723 726
f 727 698 707
f 727 707 723
f 728 710 699
f 728 716 710
f 728 702 716
f 728 718 702
f 728 699 718
f 729 711 704
f 729 704 694
f 729 700 711
f 729 712 700
f 729 726 712
f 729 709 726
f 730 712 690
f 730 690 713
f 730 713 700
f 730 700 712
f 731 689 702
f 731 718 717
f 731 717 705
f 731 705 689
f 732 718 693
f 732 697 718
f 733 724 721
f 733 697 732
f 734 705 697
f 734 697 733
f 735 722 695
f 735 695 720
f 735 720 721
f 735 721 722
f 736 708 691
f 736 691 722
f 736 698 708
f 737 699 710
f 737 710 723
f 737 718 699
f 737 693 718
f 737 723 707
f 737 707 693
f 738 724 693
f 738 693 707
f 738 707 724
f 739 724 707
f 739 707 698
f 739 698 724
f 740 694 725
f 740 729 694
f 740 709 729
f 740 725 708
f 740 708 709
f 741 731 702
f 741 702 718
f 741 718 731
f 742 693 724
f 742 724 733
f 742 733 732
f 742 732 693
f 743 721 705
f 743 705 734
f 744 734 733
f 744 733 721
f 744 743 734
f 744 721 743
f 745 736 722
f 745 722 706
f 745 706 736
f 746 736 706
f 746 706 724
f 746 724 736
f 747 736 724
f 747 724 698
f 747 698 736
o bunny014
usemtl Material014
v 0.709230138 0.172837597 0.016788561
v 0.727511529 0.167506804 0.010051319
v 0.716326678 0.233935933 -0.034939360
v 0.450647214 0.219519947 -0.226679723
v 0.435073950 0.029799586 -0.018970942
v 0.721149972 0.172837597 -0.030890776
v 0.726675761 0.230714840 -0.027976676
v 0.554272292 0.029799586 0.052548063
v 0.578111961 0.232436768 -0.042810610
v 0.470833453 0.184757431 -0.221608124
v 0.709230138 0.232436768 -0.018970942
v 0.575354278 0.050533770 0.055122425
v 0.709230138 0.137078094 -0.007051108
v 0.465937139 0.234086658 -0.217730482
v 0.436181759 0.183674278 -0.223133517
v 0.709230138 0.220516934 -0.054730445
v 0.601951629 0.065559088 -0.007051108
v 0.722937962 0.158704635 0.014945392
v 0.530432624 0.053639254 0.052548063
v 0.721149972 0.148997928 -0.007051108
v 0.697310303 0.148997928 -0.030890776
v 0.435073950 0.065559088 -0.007051108
v 0.482753287 0.232436768 -0.221608124
v 0.446993784 0.101318591 -0.138169284
v 0.439207370 0.192635843 -0.227299619
v 0.721149972 0.196677265 -0.042810610
v 0.709230138 0.232436768 -0.054730445
v 0.554272292 0.029799586 0.040628229
v 0.601951629 0.053639254 0.028708395
v 0.566192127 0.065559088 0.052548063
v 0.434225005 0.034246887 0.006625891
v 0.528467490 0.036080722 0.054382563
v 0.709230138 0.137078094 0.004868726
v 0.697310303 0.137078094 -0.018970942
v 0.446993784 0.220516934 -0.209688290
v 0.435073950 0.053639254 0.004868726
v 0.482753287 0.208597099 -0.221608124
v 0.428099594 0.106626243 -0.135129451
v 0.446993784 0.029799586 -0.018970942
v 0.599385544 0.062024637 0.044208429
v 0.578111961 0.041719420 0.028708395
v 0.578111961 0.065559088 0.052548063
v 0.435073950 0.196677265 -0.209688290
v 0.530432624 0.232436768 -0.090489947
v 0.542352458 0.041719420 0.004868726
v 0.435073950 0.113238425 -0.066650279
v 0.482753287 0.232436768 -0.173928787
v 0.470833453 0.029799586 -0.007051108
v 0.518512790 0.220516934 -0.090489947
f 754 749 753
f 758 748 749
f 758 749 754
f 758 756 748
f 758 754 750
f 758 750 756
f 761 756 750
f 765 749 748
f 765 748 759
f 767 760 753
f 767 753 749
f 767 749 765
f 768 757 753
f 768 753 760
f 770 751 761
f 770 761 750
f 771 762 757
f 771 757 764
f 772 757 762
f 773 754 753
f 773 753 757
f 774 750 754
f 774 773 763
f 774 754 773
f 774 770 750
f 774 763 770
f 775 755 752
f 776 755 775
f 776 764 760
f 777 766 759
f 777 748 756
f 777 756 766
f 778 752 755
f 779 755 759
f 779 759 766
f 779 778 755
f 780 767 765
f 780 760 767
f 780 776 760
f 781 764 757
f 781 757 768
f 781 768 760
f 781 760 764
f 782 761 751
f 783 766 756
f 783 756 769
f 783 779 766
f 783 778 779
f 784 751 770
f 784 772 751
f 784 757 772
f 784 773 757
f 784 770 763
f 784 763 773
f 785 771 752
f 785 762 771
f 785 752 778
f 785 783 769
f 785 778 783
f 786 752 771
f 786 775 752
f 787 765 759
f 787 759 755
f 787 755 776
f 787 780 765
f 787 776 780
f 788 776 775
f 788 764 776
f 789 777 759
f 789 759 748
f 789 748 777
f 790 772 762
f 790 762 785
f 790 782 751
f 790 751 772
f 791 769 756
f 791 756 761
f 792 786 771
f 792 771 764
f 792 764 788
f 792 788 775
f 793 790 785
f 793 785 769
f 793 782 790
f 794 791 761
f 794 761 782
f 794 782 791
f 795 792 775
f 795 775 786
f 795 786 792
f 796 791 782
f 796 782 793
f 796 793 769
f 796 769 791
o bunny015
usemtl Material015
v 0.436262775 0.710501429 -0.212215292
v 0.438551264 0.579001944 -0.251624795
v 0.292035939 0.625791298 -0.340806467
v 0.005959917 0.625791298 -0.400405638
v 0.042802390 0.715421127 -0.254998620
v 0.256276436 0.530432624 -0.364646135
v 0.196677265 0.685390469 -0.340806467
v 0.435073950 0.590031795 -0.269287461
v 0.423154116 0.673470635 -0.209688290
v 0.172837597 0.590031795 -0.388485804
v 0.232436768 0.530432624 -0.340806467
v 0.423154116 0.709230138 -0.233527958
v 0.005959917 0.697310303 -0.328886632
v 0.440409449 0.675981530 -0.220015902
v 0.387394613 0.566192127 -0.305046964
v 0.411234281 0.578111961 -0.245447793
v 0.078201321 0.732360724 -0.248104987
v 0.006053051 0.599873212 -0.396130590
v 0.268196270 0.613871464 -0.352726301
v 0.101318591 0.637711132 -0.388485804
v 0.387394613 0.542352458 -0.269287461
v 0.280116105 0.661550801 -0.328886632
v 0.339715276 0.625791298 -0.316966798
v 0.435073950 0.697310303 -0.233527958
v 0.029799586 0.685390469 -0.352726301
v 0.435073950 0.601951629 -0.233527958
v 0.387394613 0.542352458 -0.305046964
v 0.423154116 0.601951629 -0.233527958
v 0.411234281 0.685390469 -0.209688290
v 0.137078094 0.733069806 -0.269287461
v 0.041719420 0.721149972 -0.281207295
v 0.172837597 0.578111961 -0.388485804
v 0.231032075 0.530160413 -0.358737253
v -0.031762152 0.668092340 -0.331638036
v 0.256276436 0.542352458 -0.364646135
v 0.327795442 0.601951629 -0.328886632
v 0.077478923 0.613871464 -0.400405638
v 0.172837597 0.661550801 -0.364646135
v 0.265404637 0.529497841 -0.347410843
v 0.232436768 0.685390469 -0.328886632
v 0.399314447 0.590031795 -0.293127130
v 0.005959917 0.661550801 -0.376565969
v 0.435073950 0.578111961 -0.269287461
v 0.405018083 0.544034395 -0.278476086
v 0.415117995 0.712221977 -0.219954902
v 0.160917762 0.721149972 -0.293127130
v 0.077478923 0.697310303 -0.340806467
v 0.077478923 0.733069806 -0.269287461
v -0.028939443 0.670603647 -0.327680763
v -0.030200230 0.662879043 -0.341612291
v 0.303955773 0.590031795 -0.340806467
v 0.148997928 0.613871464 -0.388485804
v 0.053639254 0.625791298 -0.400405638
v 0.268196270 0.649630966 -0.340806467
v 0.387394613 0.613871464 -0.293127130
v -0.017879751 0.685390469 -0.340806467
v 0.101318591 0.661550801 -0.376565969
v 0.394681901 0.541916427 -0.284006796
v 0.232436768 0.721149972 -0.269287461
v 0.196677265 0.709230138 -0.305046964
v 0.101318591 0.697310303 -0.340806467
v 0.053639254 0.709230138 -0.316966798
v 0.244356602 0.637711132 -0.352726301
v 0.005959917 0.673470635 -0.364646135
f 810 798 804
f 810 797 805
f 817 798 812
f 817 812 801
f 817 801 807
f 819 818 808
f 820 808 797
f 820 819 808
f 820 810 804
f 820 797 810
f 822 810 805
f 822 798 810
f 822 812 798
f 823 811 804
f 823 802 811
f 824 805 801
f 824 801 812
f 824 822 805
f 824 812 822
f 825 805 797
f 825 797 813
f 825 813 801
f 825 801 805
f 826 813 797
f 827 801 813
f 828 806 802
f 828 802 814
f 829 814 802
f 829 807 814
f 830 814 807
f 831 802 806
f 831 806 815
f 831 811 802
f 832 815 799
f 832 819 811
f 832 799 819
f 833 806 828
f 833 828 814
f 833 814 800
f 835 817 807
f 835 802 823
f 835 829 802
f 835 807 829
f 836 818 803
f 836 803 808
f 836 808 818
f 837 804 811
f 837 811 819
f 839 823 804
f 839 804 798
f 840 798 817
f 840 839 798
f 840 823 839
f 841 826 797
f 841 797 808
f 841 808 826
f 843 821 809
f 843 838 821
f 844 827 813
f 844 813 826
f 844 826 843
f 844 809 827
f 845 830 807
f 845 807 801
f 846 800 814
f 846 814 830
f 847 831 815
f 847 815 832
f 847 832 811
f 847 811 831
f 848 833 816
f 848 806 833
f 848 816 834
f 848 815 806
f 849 833 800
f 849 816 833
f 849 800 838
f 850 799 815
f 850 819 799
f 850 818 819
f 850 834 803
f 850 803 818
f 851 837 819
f 851 819 820
f 851 820 804
f 851 804 837
f 852 809 821
f 852 838 800
f 852 800 846
f 852 846 830
f 852 830 845
f 852 827 809
f 852 845 801
f 852 801 827
f 853 834 816
f 853 849 838
f 853 816 849
f 853 838 843
f 853 803 834
f 854 835 823
f 854 823 840
f 854 840 817
f 854 817 835
f 855 842 826
f 855 826 808
f 855 808 842
f 856 842 808
f 856 808 803
f 857 853 843
f 857 803 853
f 857 856 803
f 857 842 856
f 857 843 826
f 857 826 842
f 858 844 843
f 858 843 809
f 858 809 844
f 859 848 834
f 859 834 850
f 859 850 815
f 859 815 848
f 860 852 821
f 860 821 838
f 860 838 852
o bunny016
usemtl Material016
v -0.411234281 0.256276436 0.124067069
v -0.411234281 0.160917762 0.124067069
v -0.411234281 0.256276436 0.100227400
v -0.424502267 0.256437520 -0.019229073
v -0.613871464 0.041719420 0.112147235
v -0.423615147 0.220501150 -0.019344711
v -0.444025071 0.264212706 0.098971213
v -0.601951629 0.065559088 0.124067069
v -0.411234281 0.196677265 0.100227400
v -0.590031795 0.065559088 -0.007051108
v -0.426209324 0.261134255 -0.017323627
v -0.554272292 -0.005959917 0.124067069
v -0.432657977 0.258963652 0.123488716
v -0.411234281 0.160917762 0.112147235
v -0.601951629 0.089398757 0.064467898
v -0.578111961 0.089398757 -0.007051108
v -0.601951629 0.017879751 0.124067069
v -0.530052085 0.002946868 -0.006960879
v -0.578111961 0.101318591 0.124067069
v -0.613871464 0.041719420 0.016788561
v -0.601951629 0.089398757 0.100227400
v -0.446993784 0.256276436 0.028708395
v -0.578111961 -0.005959917 -0.007051108
v -0.431001240 0.173767563 -0.011867909
v -0.530045465 0.005679758 0.123559930
v -0.566192127 0.125158260 0.112147235
v -0.613871464 0.053639254 0.088307566
v -0.613871464 0.005959917 0.088307566
v -0.601951629 0.077478923 0.028708395
v -0.590031795 0.101318591 0.040628229
v -0.601951629 0.005959917 0.004868726
v -0.613871464 0.053639254 0.028708395
v -0.613871464 0.017879751 0.112147235
v -0.578111961 -0.005959917 0.064467898
v -0.590031795 0.005959917 0.124067069
v -0.578111961 0.113238425 0.028708395
v -0.613871464 0.017879751 0.016788561
v -0.613871464 0.005959917 0.064467898
v -0.566192127 -0.005959917 0.112147235
v -0.601951629 0.005959917 0.112147235
v -0.578111961 0.101318591 0.004868726
f 861 862 863
f 866 864 863
f 868 862 861
f 869 866 863
f 869 863 862
f 870 864 866
f 871 867 861
f 871 861 863
f 871 863 864
f 872 862 868
f 873 861 867
f 874 869 862
f 874 866 869
f 876 871 864
f 876 864 870
f 877 872 868
f 877 868 865
f 878 874 862
f 879 868 861
f 879 861 873
f 881 865 868
f 881 868 879
f 881 867 875
f 882 867 871
f 883 870 866
f 883 866 878
f 883 878 872
f 884 878 866
f 884 866 874
f 884 874 878
f 885 878 862
f 885 862 872
f 885 872 878
f 886 879 873
f 886 873 867
f 886 881 879
f 886 867 881
f 887 880 865
f 887 881 875
f 887 865 881
f 888 865 880
f 890 875 867
f 890 867 882
f 890 889 875
f 891 870 883
f 892 887 875
f 892 880 887
f 892 875 889
f 892 870 880
f 893 877 865
f 893 865 888
f 894 888 883
f 894 883 872
f 895 872 877
f 895 877 893
f 896 890 882
f 896 882 871
f 897 888 880
f 897 880 870
f 897 870 891
f 898 891 883
f 898 883 888
f 898 897 891
f 898 888 897
f 899 894 872
f 899 888 894
f 899 872 895
f 900 895 893
f 900 893 888
f 900 899 895
f 900 888 899
f 901 896 871
f 901 871 876
f 901 889 890
f 901 890 896
f 901 876 870
f 901 892 889
f 901 870 892
o bunny017
usemtl Material017
v 0.280116105 0.590031795 0.636619941
v 0.435073950 0.292035939 0.541261267
v 0.435073950 0.625791298 0.553181102
v 0.351635110 0.685390469 0.529341433
v 0.231960155 0.232633166 0.598433923
v 0.436587303 0.374867875 0.518695518
v 0.351635110 0.685390469 0.565100936
v 0.411234281 0.470833453 0.588940604
v 0.231526794 0.588434929 0.632478433
v 0.435073950 0.435073950 0.565100936
v 0.435183229 0.649676524 0.529596002
v 0.303955773 0.220516934 0.553181102
v 0.339715276 0.637711132 0.600860439
v 0.280116105 0.303955773 0.624700107
v 0.232436768 0.268196270 0.588940604
v 0.329995549 0.689450811 0.548672543
v 0.268196270 0.625791298 0.624700107
v 0.435073950 0.566192127 0.565100936
v 0.436114882 0.291884995 0.518604451
v 0.423154116 0.446993784 0.577020770
v 0.411234281 0.375474779 0.517421599
v 0.399587550 0.685781805 0.531052066
v 0.327795442 0.220516934 0.577020770
v 0.339715276 0.661550801 0.588940604
v 0.387394613 0.446993784 0.600860439
v 0.232436768 0.303955773 0.636619941
v 0.233714888 0.592274703 0.630517140
v 0.280116105 0.625791298 0.624700107
v 0.411234281 0.518512790 0.588940604
v 0.411234281 0.292035939 0.517421599
v 0.297084659 0.216654114 0.573446697
v 0.327795442 0.244356602 0.588940604
v 0.329125849 0.219499028 0.555380324
v 0.280116105 0.411234281 0.636619941
v 0.292035939 0.232436768 0.600860439
v 0.327795442 0.613871464 0.612780273
v 0.363554944 0.506592955 0.612780273
v 0.351635110 0.673470635 0.529341433
v 0.234200331 0.231710055 0.597919195
v 0.339715276 0.232436768 0.577020770
v 0.292035939 0.327795442 0.624700107
v 0.244356602 0.303955773 0.636619941
v 0.303955773 0.220516934 0.588940604
v 0.363554944 0.458913618 0.612780273
v 0.327795442 0.482753287 0.624700107
v 0.387394613 0.518512790 0.600860439
v 0.315875607 0.327795442 0.612780273
v 0.256276436 0.327795442 0.636619941
v 0.327795442 0.458913618 0.624700107
f 912 904 907
f 916 906 910
f 916 913 906
f 916 905 913
f 917 905 916
f 918 910 902
f 918 908 917
f 919 911 907
f 919 907 904
f 919 909 911
f 920 911 903
f 920 907 911
f 921 911 909
f 921 903 911
f 922 912 907
f 922 905 912
f 922 907 920
f 923 908 904
f 923 904 912
f 923 912 905
f 923 917 908
f 923 905 917
f 925 914 904
f 925 904 908
f 925 908 918
f 926 921 909
f 926 903 921
f 927 910 906
f 927 902 910
f 928 917 916
f 928 916 910
f 928 918 917
f 928 910 918
f 929 918 902
f 929 925 918
f 929 914 925
f 930 919 904
f 930 909 919
f 930 926 909
f 931 922 920
f 931 920 913
f 931 905 922
f 933 903 926
f 934 920 903
f 934 903 924
f 934 913 920
f 934 932 913
f 934 924 932
f 935 902 927
f 936 927 906
f 936 924 933
f 936 933 915
f 937 930 904
f 937 904 914
f 937 929 902
f 937 914 929
f 938 926 930
f 938 937 902
f 939 931 913
f 939 913 905
f 939 905 931
f 940 906 913
f 940 913 932
f 940 936 906
f 941 933 924
f 941 924 903
f 941 903 933
f 942 915 933
f 943 936 915
f 943 927 936
f 943 915 942
f 943 935 927
f 944 932 924
f 944 924 936
f 944 940 932
f 944 936 940
f 945 926 938
f 945 942 926
f 945 935 942
f 946 938 902
f 946 902 935
f 946 945 938
f 947 938 930
f 947 930 937
f 947 937 938
f 948 942 933
f 948 933 926
f 948 926 942
f 949 943 942
f 949 942 935
f 949 935 943
f 950 946 935
f 950 935 945
f 950 945 946
o bunny018
usemtl Material018
v -0.613499934 0.744769812 0.433283164
v -0.612059366 0.755837288 0.430570559
v -0.742534369 0.855977095 0.338660268
v -0.760506222 0.826104818 0.195452346
v -0.661550801 0.554272292 0.398223257
v -0.637711132 0.804588811 0.398223257
v -0.682295247 0.825826033 0.397759790
v -0.744989640 0.816508646 0.195586074
v -0.792668977 0.649630966 0.279024914
v -0.637711132 0.756909475 0.433982759
v -0.709230138 0.852268148 0.338624085
v -0.645742045 0.803189123 0.415257862
v -0.744989640 0.828428480 0.195586074
v -0.792668977 0.721149972 0.255185246
v -0.736338827 0.556372815 0.310937419
v -0.786677345 0.649543548 0.241848608
v -0.685390469 0.590031795 0.422062925
v -0.697310303 0.840348314 0.326704251
v -0.760234443 0.813320579 0.194957613
v -0.752816232 0.858405383 0.312839113
v -0.744989640 0.554272292 0.326704251
v -0.768077271 0.792384476 0.195534037
v -0.792668977 0.721149972 0.243265411
v -0.673470635 0.625791298 0.433982759
v -0.756909475 0.697310303 0.338624085
v -0.709230138 0.852268148 0.326704251
v -0.744989640 0.840348314 0.219425743
v -0.792668977 0.673470635 0.279024914
v -0.721149972 0.554272292 0.374383588
v -0.731469004 0.551766706 0.319373268
v -0.764652058 0.835031706 0.222580942
v -0.673470635 0.709230138 0.422062925
v -0.673470635 0.590031795 0.433982759
v -0.697310303 0.637711132 0.410143091
v -0.733069806 0.852268148 0.279024914
v -0.780749143 0.685390469 0.302864583
v -0.756909475 0.578111961 0.326704251
v -0.756909475 0.637711132 0.338624085
v -0.673470635 0.554272292 0.422062925
v -0.754446912 0.855960411 0.301694255
v -0.697310303 0.613871464 0.410143091
v -0.780749143 0.649630966 0.302864583
v -0.659125631 0.555641586 0.418570609
v -0.780749143 0.768829309 0.255185246
v -0.655578962 0.590076105 0.428034000
f 955 952 951
f 958 952 955
f 960 951 952
f 961 957 956
f 961 953 957
f 962 952 956
f 962 956 957
f 962 960 952
f 962 957 960
f 963 956 952
f 963 952 958
f 965 958 955
f 966 958 965
f 968 956 963
f 969 963 958
f 969 954 963
f 970 953 961
f 971 966 965
f 971 959 966
f 972 954 969
f 972 969 958
f 972 958 966
f 973 966 959
f 973 959 964
f 973 972 966
f 974 957 953
f 976 961 956
f 976 956 968
f 976 970 961
f 977 963 954
f 977 976 968
f 977 968 963
f 978 970 964
f 978 964 959
f 978 953 970
f 980 971 965
f 980 965 955
f 980 979 971
f 981 954 972
f 981 972 973
f 981 977 954
f 981 973 964
f 982 974 960
f 982 960 957
f 982 957 974
f 983 951 960
f 983 960 974
f 983 974 967
f 984 974 953
f 984 953 975
f 984 967 974
f 985 977 970
f 985 970 976
f 985 976 977
f 986 975 953
f 986 953 978
f 986 978 959
f 987 959 971
f 987 971 979
f 988 987 979
f 988 975 986
f 988 984 975
f 989 980 955
f 989 979 980
f 989 983 967
f 989 967 979
f 990 970 977
f 990 977 981
f 991 988 979
f 991 979 967
f 991 967 984
f 991 984 988
f 992 988 986
f 992 986 959
f 992 959 987
f 992 987 988
f 993 989 955
f 993 955 951
f 993 983 989
f 994 990 981
f 994 981 964
f 994 964 970
f 994 970 990
f 995 993 951
f 995 951 983
f 995 983 993
o bunny019
usemtl Material019
v -0.172837597 1.007225994 -0.018970942
v 0.256276436 0.852268148 -0.185848621
v 0.148997928 0.983386325 -0.114329616
v -0.399314447 0.864187983 -0.185848621
v -0.411234281 0.864187983 -0.150089119
v 0.232436768 0.899947485 -0.197768456
v -0.351635110 1.007225994 -0.090489947
v 0.005959917 0.959546657 -0.054730445
v 0.068193341 0.835303880 -0.212865752
v 0.256245475 0.935099336 -0.149458758
v -0.315875607 1.042985496 -0.030890776
v -0.447748421 1.006540672 -0.064055615
v -0.351635110 0.959546657 -0.138169284
v 0.149054167 0.983981064 -0.091063965
v -0.089398757 0.852268148 -0.162008953
v -0.196677265 0.983386325 -0.018970942
v -0.398336027 0.846965295 -0.176046870
v 0.256276436 0.864187983 -0.209688290
v 0.065559088 0.852268148 -0.221608124
v 0.256276436 0.911867320 -0.185848621
v -0.292035939 1.031065662 -0.054730445
v -0.446993784 0.935706988 -0.126249450
v -0.396231447 1.035712389 -0.039193623
v -0.446993784 0.995306159 -0.078570113
v 0.006262722 0.982592991 -0.054236888
v -0.315875607 1.042985496 -0.018970942
v 0.065559088 0.995306159 -0.090489947
v 0.256276436 0.911867320 -0.150089119
v 0.255067324 0.839552646 -0.199803236
v -0.170487133 0.987854136 -0.020866163
v -0.184757431 0.971466491 -0.030890776
v -0.446993784 0.959546657 -0.066650279
v 0.160917762 0.852268148 -0.221608124
v 0.089398757 0.876107817 -0.209688290
v -0.375474779 0.935706988 -0.150089119
v 0.244356602 0.876107817 -0.209688290
v 0.256494721 0.840491959 -0.199553033
v -0.268196270 1.007225994 -0.090489947
v -0.411029829 0.851319726 -0.172282024
v -0.444745191 1.009268049 -0.062461776
v -0.258397535 1.021502613 -0.016197745
v -0.364733351 1.041741639 -0.017420427
v 0.065559088 0.840348314 -0.185848621
v -0.449192214 0.929084616 -0.108694623
v 0.157796337 0.835479413 -0.213296614
v 0.184757431 0.899947485 -0.197768456
v -0.423154116 0.935706988 -0.138169284
v -0.411234281 0.876107817 -0.173928787
v -0.446993784 0.983386325 -0.054730445
v -0.375474779 1.019145828 -0.018970942
v 0.005959917 0.840348314 -0.185848621
v -0.444642375 0.918121065 -0.119527274
v -0.435073950 0.959546657 -0.114329616
v -0.399314447 0.971466491 -0.114329616
f 1009 1005 998
f 1010 997 1003
f 1012 999 1004
f 1012 1010 1000
f 1014 1004 999
f 1015 998 1005
f 1016 1006 998
f 1018 1016 1002
f 1018 1006 1016
f 1019 1002 1008
f 1019 1017 1007
f 1020 1009 996
f 1020 996 1003
f 1020 1003 1009
f 1021 996 1009
f 1022 1009 998
f 1022 998 1006
f 1022 1021 1009
f 1022 1006 1021
f 1023 1009 1003
f 1023 1003 997
f 1023 1005 1009
f 1025 1011 1003
f 1025 1003 996
f 1025 996 1011
f 1026 1010 1003
f 1026 1003 1011
f 1026 1011 1000
f 1026 1000 1010
f 1027 1000 1011
f 1028 1014 1001
f 1028 1013 1024
f 1029 1014 1008
f 1030 1014 999
f 1030 1008 1014
f 1031 1015 1013
f 1031 1001 1015
f 1031 1028 1001
f 1031 1013 1028
f 1032 1013 1015
f 1032 1024 1013
f 1032 997 1024
f 1032 1023 997
f 1032 1015 1005
f 1032 1005 1023
f 1033 1016 998
f 1033 1002 1016
f 1033 1015 1002
f 1033 998 1015
f 1034 1012 1000
f 1034 999 1012
f 1035 1018 1002
f 1035 1019 1007
f 1035 1002 1019
f 1036 1011 996
f 1036 996 1021
f 1037 1021 1006
f 1037 1006 1018
f 1037 1018 1035
f 1037 1036 1021
f 1038 1024 997
f 1038 997 1010
f 1039 1007 1017
f 1039 1034 1000
f 1039 1000 1027
f 1040 1028 1024
f 1040 1004 1014
f 1040 1014 1028
f 1040 1038 1004
f 1040 1024 1038
f 1041 1029 1008
f 1041 1001 1014
f 1041 1014 1029
f 1041 1008 1002
f 1041 1015 1001
f 1041 1002 1015
f 1042 1030 999
f 1042 1008 1030
f 1043 1034 1017
f 1043 999 1034
f 1043 1042 999
f 1043 1017 1042
f 1044 1037 1035
f 1044 1035 1007
f 1044 1039 1027
f 1044 1007 1039
f 1045 1011 1036
f 1045 1036 1037
f 1045 1037 1044
f 1045 1044 1027
f 1045 1027 1011
f 1046 1012 1004
f 1046 1004 1038
f 1046 1038 1010
f 1046 1010 1012
f 1047 1039 1017
f 1047 1017 1034
f 1047 1034 1039
f 1048 1042 1017
f 1048 1017 1019
f 1048 1008 1042
f 1049 1048 1019
f 1049 1019 1008
f 1049 1008 1048
o bunny020
usemtl Material020
v 0.339715276 0.888027651 0.445902594
v 0.451217759 0.881163254 0.393698535
v 0.363554944 1.007225994 0.350543920
v 0.291174963 1.061892688 0.207046123
v 0.315875607 0.876107817 0.422062925
v 0.458913618 0.995306159 0.243265411
v 0.101318591 0.995306159 0.398223257
v 0.423154116 0.935706988 0.398223257
v 0.419922985 0.870295263 0.412899718
v 0.339715276 1.054905331 0.267105080
v 0.423154116 0.983386325 0.243265411
v 0.313388953 0.874682987 0.437945501
v 0.101479854 0.982570282 0.385615236
v 0.303955773 0.971466491 0.410143091
v 0.435073950 0.995306159 0.314784417
v 0.423154116 0.888027651 0.422062925
v 0.399314447 1.031065662 0.243265411
v 0.244356602 1.042985496 0.338624085
v 0.315875607 1.042985496 0.207505909
v 0.423154116 0.876107817 0.386303422
v 0.315875607 0.888027651 0.445902594
v 0.339229250 0.870809052 0.436526587
v 0.173139619 1.050025829 0.289604861
v 0.102614831 0.976826936 0.392691583
v 0.339715276 0.959546657 0.410143091
v 0.411234281 0.971466491 0.374383588
v 0.327795442 1.042985496 0.314784417
v 0.446993784 0.959546657 0.362463754
v 0.411234281 0.899947485 0.422062925
v 0.444574147 0.871755077 0.403281210
v 0.313250828 1.056551663 0.206382980
v 0.423154116 1.019145828 0.267105080
v 0.315875607 1.007225994 0.374383588
v 0.457012999 0.980700724 0.242666427
v 0.303955773 1.042985496 0.207505909
v 0.292035939 0.971466491 0.410143091
v 0.387394613 0.888027651 0.433982759
v 0.102894416 0.987370981 0.380127946
v 0.148997928 1.042985496 0.338624085
v 0.303955773 1.066825165 0.255185246
v 0.411234281 1.007225994 0.314784417
v 0.399314447 0.947626822 0.398223257
v 0.458913618 0.983386325 0.302864583
v 0.446993784 0.888027651 0.410143091
v 0.411234281 0.923787154 0.410143091
v 0.446993784 1.007225994 0.243265411
v 0.399314447 1.031065662 0.255185246
v 0.351635110 1.042985496 0.290944748
v 0.292035939 1.031065662 0.350543920
v 0.351635110 0.995306159 0.374383588
v 0.315875607 0.983386325 0.398223257
v 0.384538202 0.870879216 0.424994543
v 0.268196270 1.007225994 0.386303422
v 0.150048359 1.033760083 0.321532326
v 0.172837597 1.054905331 0.314784417
v 0.315875607 1.066825165 0.243265411
v 0.315875607 1.054905331 0.290944748
v 0.446993784 0.911867320 0.398223257
v 0.458913618 0.995306159 0.267105080
v 0.268196270 1.054905331 0.314784417
v 0.351635110 0.983386325 0.386303422
v 0.148997928 1.007225994 0.386303422
v 0.256276436 0.995306159 0.398223257
v 0.446993784 1.007225994 0.255185246
f 1069 1054 1060
f 1070 1050 1063
f 1071 1070 1061
f 1071 1050 1070
f 1071 1061 1054
f 1071 1069 1058
f 1071 1054 1069
f 1073 1056 1062
f 1073 1070 1056
f 1073 1061 1070
f 1073 1062 1054
f 1073 1054 1061
f 1074 1063 1050
f 1077 1075 1057
f 1077 1064 1075
f 1078 1074 1050
f 1079 1065 1058
f 1079 1058 1069
f 1083 1069 1060
f 1083 1055 1051
f 1083 1079 1069
f 1083 1051 1079
f 1083 1080 1055
f 1083 1068 1080
f 1084 1080 1068
f 1084 1053 1080
f 1084 1072 1053
f 1084 1054 1062
f 1084 1060 1054
f 1084 1083 1060
f 1084 1068 1083
f 1085 1070 1063
f 1085 1063 1056
f 1085 1056 1070
f 1086 1050 1071
f 1086 1078 1050
f 1086 1065 1078
f 1086 1058 1065
f 1087 1062 1056
f 1087 1084 1062
f 1087 1072 1084
f 1088 1087 1056
f 1090 1075 1064
f 1090 1052 1075
f 1090 1076 1052
f 1090 1064 1081
f 1091 1074 1057
f 1091 1057 1075
f 1092 1051 1055
f 1092 1064 1077
f 1092 1081 1064
f 1093 1079 1051
f 1093 1065 1079
f 1093 1078 1065
f 1094 1078 1057
f 1094 1057 1074
f 1094 1074 1078
f 1095 1080 1066
f 1095 1055 1080
f 1095 1066 1081
f 1096 1081 1066
f 1096 1059 1081
f 1097 1081 1059
f 1097 1059 1076
f 1097 1090 1081
f 1097 1076 1090
f 1098 1082 1076
f 1099 1075 1052
f 1099 1052 1076
f 1099 1076 1082
f 1100 1063 1074
f 1101 1086 1071
f 1101 1071 1058
f 1101 1058 1086
f 1102 1067 1088
f 1102 1098 1067
f 1102 1082 1098
f 1102 1100 1082
f 1102 1063 1100
f 1103 1088 1072
f 1103 1072 1087
f 1103 1087 1088
f 1104 1089 1053
f 1104 1053 1072
f 1104 1072 1088
f 1104 1088 1067
f 1105 1080 1053
f 1105 1053 1089
f 1105 1066 1080
f 1105 1089 1059
f 1105 1096 1066
f 1105 1059 1096
f 1106 1076 1059
f 1106 1059 1089
f 1107 1092 1077
f 1107 1077 1057
f 1107 1057 1078
f 1107 1078 1093
f 1107 1093 1051
f 1107 1051 1092
f 1108 1092 1055
f 1108 1055 1095
f 1108 1081 1092
f 1109 1098 1076
f 1109 1067 1098
f 1109 1076 1106
f 1109 1104 1067
f 1109 1106 1089
f 1109 1089 1104
f 1110 1100 1074
f 1110 1075 1099
f 1110 1099 1082
f 1110 1082 1100
f 1110 1091 1075
f 1110 1074 1091
f 1111 1102 1088
f 1111 1088 1056
f 1111 1056 1102
f 1112 1102 1056
f 1112 1056 1063
f 1112 1063 1102
f 1113 1108 1095
f 1113 1095 1081
f 1113 1081 1108
o bunny021
usemtl Material021
v -0.495514529 1.245774212 -0.054649551
v -0.482753287 1.186023507 -0.066650279
v -0.512201978 1.314905063 -0.378127093
v -0.589337946 1.315808529 -0.487581701
v -0.637711132 1.197943342 -0.078570113
v -0.542352458 1.281382181 -0.471924643
v -0.637678959 1.221802515 -0.066636635
v -0.482753287 1.197943342 -0.066650279
v -0.506592955 1.269462347 -0.328886632
v -0.541693507 1.304804587 -0.483964121
v -0.613871464 1.257542513 -0.424245306
v -0.530432624 1.317141684 -0.376565969
v -0.626326161 1.186052922 -0.055836378
v -0.489365692 1.184705980 -0.049730273
v -0.601951629 1.281382181 -0.483844478
v -0.526785342 1.314832142 -0.436827367
v -0.625791298 1.281382181 -0.400405638
v -0.518512790 1.174103673 -0.090489947
v -0.599844266 1.316817644 -0.447687050
v -0.632847843 1.201496568 -0.058258307
v -0.613871464 1.174103673 -0.078570113
v -0.490839488 1.196332160 -0.048615817
v -0.554272292 1.281382181 -0.483844478
v -0.518512790 1.281382181 -0.388485804
v -0.517171042 1.316666154 -0.400737550
v -0.613871464 1.293302016 -0.460004809
v -0.625791298 1.257542513 -0.376565969
v -0.637711132 1.221783010 -0.102409782
v -0.494209772 1.173861806 -0.055915459
v -0.623611626 1.281121031 -0.340418944
v -0.632469420 1.208768368 -0.060287454
v -0.616788752 1.174264110 -0.060762508
v -0.590031795 1.174103673 -0.102409782
v -0.601951629 1.269462347 -0.460004809
v -0.554272292 1.269462347 -0.460004809
v -0.592212311 1.318488343 -0.480056185
v -0.625791298 1.269462347 -0.400405638
v -0.613871464 1.305221850 -0.460004809
v -0.590031795 1.257542513 -0.424245306
v -0.637711132 1.209863176 -0.102409782
v -0.613871464 1.305221850 -0.448084975
v -0.566192127 1.174103673 -0.102409782
f 1121 1116 1114
f 1122 1115 1119
f 1122 1121 1115
f 1122 1116 1121
f 1125 1120 1114
f 1125 1114 1116
f 1127 1115 1121
f 1129 1123 1117
f 1132 1120 1125
f 1133 1120 1118
f 1133 1118 1126
f 1133 1126 1114
f 1135 1127 1121
f 1135 1121 1114
f 1135 1114 1126
f 1135 1126 1127
f 1136 1123 1119
f 1136 1128 1117
f 1136 1117 1123
f 1137 1116 1122
f 1137 1122 1119
f 1137 1119 1123
f 1137 1123 1129
f 1138 1125 1116
f 1138 1137 1129
f 1138 1116 1137
f 1139 1128 1124
f 1140 1134 1118
f 1140 1124 1134
f 1141 1118 1120
f 1141 1120 1130
f 1142 1119 1115
f 1142 1115 1127
f 1143 1130 1120
f 1143 1120 1132
f 1144 1133 1114
f 1144 1114 1120
f 1144 1120 1133
f 1145 1126 1118
f 1145 1118 1134
f 1145 1134 1142
f 1145 1142 1127
f 1145 1127 1126
f 1146 1134 1124
f 1146 1142 1134
f 1147 1124 1128
f 1147 1128 1136
f 1148 1147 1136
f 1148 1124 1147
f 1148 1136 1119
f 1148 1142 1131
f 1148 1119 1142
f 1149 1138 1129
f 1149 1129 1117
f 1149 1132 1125
f 1149 1125 1138
f 1150 1139 1124
f 1150 1130 1139
f 1150 1124 1140
f 1150 1140 1118
f 1150 1141 1130
f 1151 1117 1128
f 1151 1128 1139
f 1151 1149 1117
f 1151 1132 1149
f 1151 1139 1130
f 1152 1146 1124
f 1152 1124 1148
f 1152 1148 1131
f 1153 1150 1118
f 1153 1118 1141
f 1153 1141 1150
f 1154 1143 1132
f 1154 1132 1151
f 1154 1151 1130
f 1154 1130 1143
f 1155 1152 1131
f 1155 1146 1152
f 1155 1131 1142
f 1155 1142 1146
o bunny022
usemtl Material022
v -0.446993784 0.339715276 -0.042810610
v -0.335423387 0.402917044 -0.152247597
v -0.339715276 0.423154116 -0.138169284
v -0.566192127 0.542352458 -0.185848621
v -0.470833453 0.387394613 -0.150089119
v -0.482086142 0.542524150 -0.196084257
v -0.387394613 0.327795442 -0.078570113
v -0.613871464 0.435073950 -0.102409782
v -0.339342110 0.439475503 -0.165731915
v -0.554272292 0.542352458 -0.162008953
v -0.482753287 0.470833453 -0.197768456
v -0.411234281 0.339715276 -0.054730445
v -0.387394613 0.339715276 -0.114329616
v -0.518512790 0.339715276 -0.066650279
v -0.601951629 0.482753287 -0.102409782
v -0.575400763 0.543203813 -0.167473194
v -0.518512790 0.506592955 -0.197768456
v -0.554272292 0.458913618 -0.173928787
v -0.339715276 0.423154116 -0.173928787
v -0.387394613 0.351635110 -0.078570113
v -0.449294903 0.321047981 -0.048908000
v -0.383641140 0.329369117 -0.096727354
v -0.515310199 0.345865267 -0.050083033
v -0.399314447 0.327795442 -0.102409782
v -0.579594235 0.541887003 -0.165538375
v -0.470833453 0.470833453 -0.197768456
v -0.518512790 0.435073950 -0.173928787
v -0.506592955 0.482753287 -0.197768456
v -0.613871464 0.470833453 -0.138169284
v -0.554272292 0.494673121 -0.185848621
v -0.458913618 0.399314447 -0.162008953
v -0.411234281 0.327795442 -0.054730445
v -0.610111350 0.439779528 -0.086749072
v -0.460497508 0.323151079 -0.047007521
v -0.518512790 0.363554944 -0.102409782
v -0.399314447 0.339715276 -0.114329616
v -0.458913618 0.327795442 -0.078570113
v -0.470534536 0.507215999 -0.196357614
v -0.518512790 0.458913618 -0.185848621
v -0.566192127 0.435073950 -0.150089119
v -0.613871464 0.482753287 -0.138169284
v -0.566192127 0.518512790 -0.185848621
v -0.601951629 0.470833453 -0.150089119
v -0.494673121 0.446993784 -0.185848621
v -0.458913618 0.339715276 -0.042810610
v -0.470833453 0.375474779 -0.138169284
v -0.620360791 0.478259607 -0.109217956
v -0.578111961 0.494673121 -0.173928787
v -0.482753287 0.423154116 -0.173928787
v -0.590031795 0.458913618 -0.090489947
v -0.470833453 0.339715276 -0.090489947
v -0.618809435 0.455494209 -0.095670541
f 1162 1157 1158
f 1164 1161 1158
f 1164 1158 1157
f 1165 1158 1161
f 1167 1158 1156
f 1170 1156 1158
f 1170 1158 1165
f 1171 1165 1161
f 1171 1161 1159
f 1172 1159 1161
f 1174 1161 1164
f 1174 1164 1157
f 1174 1157 1168
f 1175 1167 1162
f 1175 1162 1158
f 1175 1158 1167
f 1177 1168 1157
f 1177 1157 1162
f 1179 1168 1177
f 1179 1177 1162
f 1179 1162 1176
f 1180 1170 1165
f 1180 1165 1171
f 1180 1171 1159
f 1181 1172 1161
f 1181 1166 1172
f 1181 1174 1166
f 1183 1172 1166
f 1185 1183 1173
f 1185 1172 1183
f 1186 1160 1182
f 1186 1174 1168
f 1187 1167 1156
f 1187 1156 1176
f 1187 1176 1162
f 1187 1162 1167
f 1188 1163 1169
f 1188 1169 1178
f 1189 1176 1156
f 1189 1178 1169
f 1190 1169 1163
f 1191 1179 1160
f 1191 1168 1179
f 1191 1186 1168
f 1191 1160 1186
f 1192 1179 1176
f 1192 1189 1169
f 1192 1176 1189
f 1193 1181 1161
f 1193 1161 1174
f 1193 1174 1181
f 1194 1182 1173
f 1194 1173 1183
f 1195 1190 1163
f 1195 1173 1182
f 1195 1182 1160
f 1195 1160 1190
f 1196 1180 1159
f 1197 1159 1172
f 1197 1172 1185
f 1198 1159 1197
f 1198 1196 1159
f 1198 1184 1196
f 1198 1173 1195
f 1198 1195 1163
f 1198 1163 1184
f 1199 1182 1194
f 1199 1194 1183
f 1199 1183 1166
f 1200 1188 1178
f 1200 1189 1156
f 1200 1178 1189
f 1201 1190 1160
f 1201 1160 1179
f 1202 1170 1180
f 1202 1180 1196
f 1202 1196 1184
f 1203 1185 1173
f 1203 1173 1198
f 1203 1198 1197
f 1203 1197 1185
f 1204 1186 1182
f 1204 1182 1199
f 1204 1199 1166
f 1204 1166 1174
f 1204 1174 1186
f 1205 1200 1156
f 1205 1156 1170
f 1205 1170 1188
f 1205 1188 1200
f 1206 1190 1201
f 1206 1192 1169
f 1206 1169 1190
f 1206 1201 1179
f 1206 1179 1192
f 1207 1188 1170
f 1207 1170 1202
f 1207 1163 1188
f 1207 1202 1184
f 1207 1184 1163
o bunny023
usemtl Material023
v 0.339715276 0.792668977 0.505501765
v 0.340073454 0.771074457 0.507829111
v 0.315875607 0.923787154 0.398223257
v -0.038340096 0.963721563 0.345677442
v -0.077478923 0.756909475 0.505501765
v 0.315875607 0.792668977 0.457822428
v 0.137078094 0.947626822 0.445902594
v 0.339715276 0.828428480 0.445902594
v 0.290037633 0.762833994 0.511985746
v -0.041719420 0.935706988 0.350543920
v 0.292035939 0.959546657 0.422062925
v 0.137078094 0.852268148 0.493581931
v -0.077478923 0.888027651 0.433982759
v 0.341012133 0.776958339 0.502008574
v 0.315875607 0.947626822 0.422062925
v 0.315875607 0.840348314 0.433982759
v 0.292035939 0.756909475 0.493581931
v 0.292035939 0.959546657 0.386303422
v -0.077478923 0.733069806 0.481662096
v 0.220516934 0.923787154 0.457822428
v 0.089398757 0.983386325 0.410143091
v 0.089398757 0.876107817 0.481662096
v 0.160917762 0.804588811 0.505501765
v -0.086861522 0.939167104 0.358032913
v 0.339715276 0.840348314 0.469742262
v 0.339715276 0.804588811 0.457822428
v 0.316464954 0.949030396 0.400896734
v -0.014082614 0.974683829 0.345075760
v -0.017879751 0.733069806 0.481662096
v 0.006007788 0.720963799 0.505371931
v 0.160917762 0.947626822 0.445902594
v 0.280116105 0.923787154 0.445902594
v 0.208597099 0.876107817 0.481662096
v 0.017879751 0.935706988 0.433982759
v 0.291373839 0.980380896 0.383652028
v 0.053639254 0.840348314 0.493581931
v 0.172837597 0.852268148 0.493581931
v 0.101318591 0.804588811 0.505501765
v -0.053639254 0.935706988 0.350543920
v -0.091864654 0.796976439 0.464579647
v 0.340021633 0.843688282 0.451812568
v 0.005959917 0.959546657 0.350543920
v -0.017879751 0.983386325 0.362463754
v -0.089398757 0.911867320 0.362463754
v 0.244356602 0.756909475 0.481662096
v -0.076688688 0.719656520 0.499498683
v 0.232436768 0.983386325 0.410143091
v 0.256276436 0.911867320 0.457822428
v 0.220516934 0.899947485 0.469742262
v 0.041719420 0.959546657 0.422062925
v 0.077478923 0.935706988 0.445902594
v -0.065559088 0.840348314 0.469742262
v -0.052109311 0.956040244 0.348340687
v -0.089398757 0.804588811 0.481662096
v 0.006932783 0.980554433 0.348433923
v -0.089398757 0.947626822 0.374383588
v -0.077478923 0.911867320 0.362463754
v -0.089398757 0.816508646 0.433982759
v -0.078142612 0.722404268 0.498623704
v 0.113238425 0.959546657 0.433982759
v 0.041719420 0.983386325 0.398223257
v 0.053639254 0.888027651 0.469742262
v 0.113238425 0.923787154 0.457822428
v -0.089398757 0.864187983 0.445902594
f 1216 1209 1208
f 1221 1208 1209
f 1222 1218 1208
f 1223 1215 1213
f 1223 1210 1215
f 1223 1217 1210
f 1223 1213 1217
f 1224 1213 1209
f 1224 1209 1216
f 1230 1216 1208
f 1232 1208 1221
f 1232 1222 1208
f 1233 1221 1209
f 1233 1209 1213
f 1233 1213 1215
f 1233 1215 1221
f 1234 1215 1210
f 1235 1217 1211
f 1237 1216 1212
f 1237 1224 1216
f 1238 1214 1227
f 1238 1228 1214
f 1239 1208 1218
f 1239 1218 1227
f 1242 1225 1235
f 1242 1218 1222
f 1242 1222 1234
f 1242 1234 1210
f 1242 1210 1225
f 1243 1219 1229
f 1244 1230 1208
f 1244 1219 1230
f 1244 1208 1240
f 1245 1212 1216
f 1245 1216 1230
f 1245 1243 1212
f 1245 1230 1219
f 1245 1219 1243
f 1246 1211 1217
f 1248 1232 1221
f 1248 1221 1215
f 1248 1215 1234
f 1248 1234 1222
f 1248 1222 1232
f 1249 1235 1225
f 1249 1217 1235
f 1249 1225 1210
f 1249 1210 1217
f 1250 1235 1211
f 1251 1236 1226
f 1251 1246 1217
f 1251 1231 1246
f 1252 1236 1213
f 1252 1213 1224
f 1252 1237 1236
f 1252 1224 1237
f 1253 1237 1212
f 1253 1226 1236
f 1253 1236 1237
f 1254 1228 1238
f 1254 1218 1242
f 1254 1250 1228
f 1254 1242 1250
f 1254 1238 1227
f 1254 1227 1218
f 1255 1239 1227
f 1255 1227 1208
f 1255 1208 1239
f 1256 1240 1208
f 1256 1208 1227
f 1256 1244 1240
f 1256 1219 1244
f 1256 1227 1214
f 1258 1257 1241
f 1260 1246 1231
f 1260 1231 1211
f 1260 1211 1246
f 1261 1212 1243
f 1261 1243 1259
f 1262 1250 1242
f 1262 1242 1235
f 1262 1235 1250
f 1263 1220 1241
f 1263 1241 1257
f 1263 1231 1251
f 1263 1251 1247
f 1263 1250 1211
f 1263 1211 1231
f 1264 1251 1217
f 1264 1217 1213
f 1264 1213 1236
f 1264 1236 1251
f 1265 1251 1226
f 1265 1226 1247
f 1265 1247 1251
f 1266 1247 1226
f 1266 1226 1253
f 1266 1261 1247
f 1266 1253 1212
f 1266 1212 1261
f 1267 1214 1228
f 1267 1228 1257
f 1267 1258 1214
f 1267 1257 1258
f 1268 1257 1228
f 1268 1228 1250
f 1268 1263 1257
f 1268 1250 1263
f 1269 1258 1241
f 1269 1229 1258
f 1269 1241 1259
f 1269 1259 1243
f 1269 1243 1229
f 1270 1258 1229
f 1270 1214 1258
f 1270 1256 1214
f 1270 1229 1219
f 1270 1219 1256
f 1271 1261 1259
f 1271 1220 1263
f 1271 1263 1247
f 1271 1247 1261
f 1271 1259 1241
f 1271 1241 1220
o bunny024
usemtl Material024
v 0.220516934 0.590031795 0.648539776
v 0.329591861 0.614578990 0.591356958
v 0.184757431 0.649630966 0.636619941
v -0.060086486 0.621306016 0.592652420
v 0.005274873 0.469980797 0.628264420
v 0.328440232 0.650432601 0.578762905
v 0.078565211 0.470443034 0.642868362
v -0.041719420 0.649630966 0.612780273
v 0.315875607 0.625791298 0.577020770
v 0.327795442 0.649630966 0.600860439
v 0.218542857 0.554471395 0.638619547
v -0.036581914 0.644388111 0.594152818
v 0.005959917 0.649630966 0.636619941
v -0.041719420 0.530432624 0.648539776
v 0.053639254 0.470833453 0.624700107
v 0.280116105 0.649630966 0.577020770
v 0.333416794 0.628005289 0.584582020
v 0.268196270 0.601951629 0.636619941
v 0.244356602 0.649630966 0.624700107
v 0.125158260 0.625791298 0.648539776
v -0.065559088 0.625791298 0.612780273
v -0.042899510 0.506206359 0.626421725
v 0.029799586 0.470833453 0.648539776
v 0.280116105 0.637711132 0.577020770
v 0.315875607 0.625791298 0.612780273
v 0.265893654 0.585893231 0.626002518
v 0.303955773 0.637711132 0.612780273
v -0.029799586 0.578111961 0.648539776
v -0.062084839 0.611530843 0.596048326
v -0.065559088 0.613871464 0.612780273
v -0.017879751 0.506592955 0.648539776
v 0.324193657 0.613060846 0.595814734
v 0.089398757 0.625791298 0.648539776
v -0.041719420 0.554272292 0.648539776
v -0.029799586 0.613871464 0.636619941
v 0.017879751 0.601951629 0.648539776
f 1282 1278 1273
f 1282 1272 1278
f 1283 1275 1279
f 1284 1274 1277
f 1284 1277 1279
f 1286 1276 1275
f 1286 1275 1280
f 1286 1278 1276
f 1286 1280 1273
f 1286 1273 1278
f 1287 1277 1280
f 1287 1275 1283
f 1287 1283 1279
f 1287 1279 1277
f 1288 1280 1277
f 1288 1273 1280
f 1288 1281 1273
f 1288 1277 1281
f 1289 1272 1282
f 1289 1274 1272
f 1290 1281 1277
f 1290 1277 1274
f 1290 1274 1289
f 1291 1272 1274
f 1291 1274 1284
f 1291 1285 1272
f 1292 1279 1275
f 1292 1284 1279
f 1294 1276 1278
f 1294 1278 1272
f 1294 1272 1285
f 1295 1287 1280
f 1295 1280 1275
f 1295 1275 1287
f 1296 1273 1281
f 1296 1281 1289
f 1297 1289 1282
f 1298 1290 1289
f 1298 1289 1281
f 1298 1281 1290
f 1299 1285 1291
f 1300 1275 1276
f 1300 1276 1293
f 1300 1292 1275
f 1301 1293 1285
f 1301 1285 1292
f 1301 1300 1293
f 1301 1292 1300
f 1302 1293 1276
f 1302 1276 1294
f 1302 1294 1285
f 1302 1285 1293
f 1303 1297 1282
f 1303 1282 1273
f 1303 1273 1296
f 1303 1296 1289
f 1303 1289 1297
f 1304 1299 1291
f 1304 1291 1284
f 1305 1299 1292
f 1305 1292 1285
f 1305 1285 1299
f 1306 1299 1284
f 1306 1284 1292
f 1306 1292 1299
f 1307 1304 1284
f 1307 1284 1299
f 1307 1299 1304
o bunny025
usemtl Material025
v -0.158985597 0.220602307 -0.137226054
v -0.031447228 0.143024538 -0.290085210
v -0.029799586 0.315875607 -0.352726301
v -0.053639254 0.303955773 -0.376565969
v -0.161254822 0.149908836 -0.257912169
v -0.029799586 0.292035939 -0.376565969
v -0.167056858 0.409251948 -0.259362108
v -0.029799586 0.196677265 -0.293127130
v -0.148997928 0.184757431 -0.138169284
v -0.029351438 0.328325255 -0.375206424
v -0.053639254 0.148997928 -0.305046964
v -0.148997928 0.315875607 -0.173928787
v -0.166857539 0.193539174 -0.141912531
v -0.125158260 0.327795442 -0.328886632
v -0.028138630 0.153284516 -0.297602542
v -0.148997928 0.148997928 -0.233527958
v -0.029799586 0.160917762 -0.281207295
v -0.148997928 0.411234281 -0.257367627
v -0.041719420 0.292035939 -0.376565969
v -0.166638394 0.314287028 -0.175960906
v -0.148997928 0.292035939 -0.162008953
v -0.101318591 0.327795442 -0.352726301
v -0.148997928 0.327795442 -0.293127130
v -0.160917762 0.148997928 -0.233527958
v -0.148997928 0.172837597 -0.162008953
v -0.163556471 0.410458668 -0.270261529
v -0.148997928 0.363554944 -0.209688290
v -0.165181271 0.291187442 -0.163704426
v -0.167392277 0.361446451 -0.211890726
v -0.101318591 0.339715276 -0.352726301
v -0.160917762 0.172837597 -0.162008953
v -0.148997928 0.411234281 -0.269287461
v -0.125158260 0.339715276 -0.328886632
v -0.064452862 0.340463158 -0.363041989
v -0.148997928 0.339715276 -0.293127130
f 1317 1313 1311
f 1318 1309 1312
f 1319 1315 1310
f 1320 1314 1312
f 1320 1316 1308
f 1322 1313 1317
f 1322 1317 1310
f 1322 1310 1315
f 1322 1318 1313
f 1322 1309 1318
f 1324 1316 1309
f 1324 1322 1315
f 1324 1309 1322
f 1325 1310 1317
f 1326 1318 1312
f 1326 1312 1311
f 1326 1311 1313
f 1326 1313 1318
f 1328 1308 1316
f 1328 1316 1324
f 1328 1324 1315
f 1328 1315 1319
f 1329 1311 1312
f 1329 1312 1321
f 1330 1321 1312
f 1331 1312 1309
f 1331 1309 1323
f 1331 1320 1312
f 1332 1323 1309
f 1332 1309 1316
f 1332 1331 1323
f 1333 1314 1325
f 1333 1330 1312
f 1333 1312 1314
f 1334 1319 1310
f 1334 1310 1325
f 1334 1327 1319
f 1334 1325 1314
f 1335 1327 1320
f 1335 1320 1308
f 1335 1308 1328
f 1335 1328 1319
f 1335 1319 1327
f 1336 1314 1320
f 1336 1320 1327
f 1336 1334 1314
f 1336 1327 1334
f 1337 1311 1329
f 1337 1329 1321
f 1338 1332 1316
f 1338 1316 1320
f 1338 1320 1331
f 1338 1331 1332
f 1339 1333 1325
f 1339 1325 1317
f 1340 1321 1330
f 1340 1337 1321
f 1340 1333 1337
f 1341 1317 1311
f 1341 1311 1337
f 1341 1337 1333
f 1341 1339 1317
f 1341 1333 1339
f 1342 1340 1330
f 1342 1330 1333
f 1342 1333 1340
o bunny026
usemtl Material026
v 0.637711132 0.673470635 0.350543920
v 0.721085614 0.433163497 0.183261418
v 0.673470635 0.709230138 0.171746406
v 0.643310488 0.718684223 0.018907342
v 0.673470635 0.435073950 0.219425743
v 0.685390469 0.649630966 0.040628229
v 0.619110189 0.747089084 0.293057534
v 0.673470635 0.661550801 0.255185246
v 0.677117891 0.435155796 0.256284437
v 0.678530450 0.483000397 0.039730555
v 0.685390469 0.673470635 0.124067069
v 0.661550801 0.744989640 0.064467898
v 0.622746563 0.649046747 0.348903666
v 0.661550801 0.661550801 0.302864583
v 0.712298411 0.425405753 0.215856662
v 0.709230138 0.446993784 0.076387732
v 0.661550801 0.709230138 0.016788561
v 0.721149972 0.446993784 0.124067069
v 0.685390469 0.649630966 0.195586074
v 0.685390469 0.673470635 0.076387732
v 0.649630966 0.744989640 0.243265411
v 0.639801549 0.745732717 0.040187324
v 0.618455752 0.694732760 0.334606884
v 0.637711132 0.649630966 0.350543920
v 0.613871464 0.697310303 0.302864583
v 0.685390469 0.590031795 0.255185246
v 0.649630966 0.673470635 0.326704251
v 0.703278735 0.429974507 0.077123677
v 0.646741986 0.708213098 0.017924902
v 0.661550801 0.721149972 0.016788561
v 0.721149972 0.446993784 0.183666240
v 0.673470635 0.685390469 0.231345577
v 0.685390469 0.661550801 0.052548063
v 0.661550801 0.744989640 0.159826572
v 0.637711132 0.744989640 0.290944748
v 0.619299537 0.672225005 0.347046691
v 0.637711132 0.697310303 0.338624085
v 0.637711132 0.709230138 0.040628229
v 0.613871464 0.744989640 0.267105080
v 0.721240666 0.433349445 0.124589898
v 0.693065793 0.441650530 0.075438608
v 0.673470635 0.697310303 0.207505909
v 0.673470635 0.697310303 0.040628229
v 0.649630966 0.721149972 0.290944748
v 0.613871464 0.733069806 0.267105080
v 0.661550801 0.709230138 0.255185246
v 0.661550801 0.733069806 0.207505909
v 0.673470635 0.709230138 0.064467898
f 1355 1347 1351
f 1357 1351 1347
f 1358 1352 1348
f 1359 1348 1352
f 1360 1358 1348
f 1362 1354 1353
f 1362 1353 1360
f 1364 1349 1354
f 1366 1355 1351
f 1366 1343 1355
f 1366 1357 1343
f 1366 1351 1357
f 1367 1352 1347
f 1367 1347 1355
f 1368 1350 1356
f 1368 1356 1357
f 1369 1357 1356
f 1369 1343 1357
f 1370 1357 1347
f 1370 1352 1358
f 1371 1359 1352
f 1371 1352 1346
f 1372 1348 1359
f 1372 1364 1354
f 1372 1346 1364
f 1372 1371 1346
f 1372 1359 1371
f 1373 1360 1353
f 1373 1353 1361
f 1373 1361 1350
f 1373 1350 1368
f 1373 1368 1357
f 1373 1357 1344
f 1374 1350 1361
f 1375 1362 1360
f 1375 1360 1348
f 1375 1348 1372
f 1376 1354 1349
f 1376 1349 1363
f 1376 1345 1353
f 1376 1353 1354
f 1377 1363 1349
f 1378 1355 1343
f 1378 1367 1355
f 1378 1365 1367
f 1379 1349 1365
f 1379 1377 1349
f 1379 1343 1369
f 1379 1378 1343
f 1379 1365 1378
f 1380 1346 1352
f 1380 1352 1367
f 1380 1364 1346
f 1381 1367 1365
f 1381 1365 1349
f 1381 1349 1364
f 1381 1364 1380
f 1382 1344 1357
f 1382 1357 1370
f 1382 1373 1344
f 1382 1360 1373
f 1382 1370 1358
f 1382 1358 1360
f 1383 1370 1347
f 1383 1347 1352
f 1383 1352 1370
f 1384 1374 1361
f 1384 1361 1353
f 1384 1353 1345
f 1385 1375 1372
f 1385 1372 1354
f 1386 1369 1356
f 1386 1363 1377
f 1386 1356 1350
f 1386 1379 1369
f 1386 1377 1379
f 1387 1381 1380
f 1387 1380 1367
f 1387 1367 1381
f 1388 1374 1384
f 1388 1363 1386
f 1388 1386 1350
f 1388 1350 1374
f 1389 1376 1363
f 1389 1388 1384
f 1389 1363 1388
f 1389 1384 1345
f 1389 1345 1376
f 1390 1385 1354
f 1390 1354 1362
f 1390 1362 1375
f 1390 1375 1385
o bunny027
usemtl Material027
v -0.339715276 0.172837597 0.457822428
v -0.340627559 0.155976845 0.452069106
v -0.363554944 0.220516934 0.159826572
v -0.438436298 0.264456431 0.124871971
v -0.399585931 0.165752155 0.434687144
v -0.338464868 0.328247884 0.420684416
v -0.350361803 0.154279641 0.452303716
v -0.387394613 0.137078094 0.171746406
v -0.387394613 0.256276436 0.147906737
v -0.351635110 0.172837597 0.457822428
v -0.437280966 0.307237294 0.306756091
v -0.339715276 0.220516934 0.386303422
v -0.422741853 0.172720709 0.123741688
v -0.399469395 0.137407863 0.195841101
v -0.363554944 0.148997928 0.195586074
v -0.375474779 0.137078094 0.195586074
v -0.363554944 0.244356602 0.171746406
v -0.375474779 0.327795442 0.350543920
v -0.386938489 0.329613375 0.373226604
v -0.339715276 0.160917762 0.422062925
v -0.339715276 0.315875607 0.386303422
v -0.399314447 0.172837597 0.124067069
v -0.435073950 0.268196270 0.267105080
v -0.405157927 0.145820876 0.177355584
v -0.363554944 0.196677265 0.159826572
v -0.375474779 0.137078094 0.183666240
v -0.387394613 0.244356602 0.135986903
v -0.423154116 0.268196270 0.124067069
v -0.369397907 0.331620034 0.393047902
v -0.435073950 0.315875607 0.290944748
v -0.339715276 0.327795442 0.398223257
v -0.435073950 0.244356602 0.159826572
v -0.435073950 0.280116105 0.290944748
v -0.363554944 0.172837597 0.171746406
v -0.399314447 0.220516934 0.112147235
v -0.345304466 0.330086097 0.415083724
v -0.423154116 0.315875607 0.290944748
v -0.375474779 0.256276436 0.171746406
v -0.363554944 0.327795442 0.362463754
v -0.435073950 0.256276436 0.219425743
v -0.435073950 0.244356602 0.124067069
v -0.375474779 0.148997928 0.171746406
v -0.375474779 0.184757431 0.147906737
v -0.339715276 0.196677265 0.398223257
v -0.399314447 0.244356602 0.124067069
v -0.399314447 0.208597099 0.112147235
v -0.416901029 0.219975448 0.115568631
v -0.416668850 0.210396469 0.116250295
f 1397 1392 1391
f 1400 1396 1395
f 1400 1391 1396
f 1400 1397 1391
f 1400 1395 1397
f 1404 1397 1395
f 1406 1392 1397
f 1406 1404 1398
f 1406 1397 1404
f 1409 1401 1395
f 1410 1396 1391
f 1410 1391 1392
f 1410 1392 1405
f 1411 1402 1393
f 1411 1396 1402
f 1411 1393 1407
f 1412 1398 1403
f 1413 1401 1394
f 1413 1403 1395
f 1414 1403 1398
f 1414 1398 1404
f 1414 1404 1395
f 1414 1395 1403
f 1415 1393 1402
f 1416 1405 1392
f 1416 1392 1406
f 1416 1406 1398
f 1416 1398 1412
f 1417 1407 1393
f 1417 1399 1407
f 1419 1409 1395
f 1419 1408 1409
f 1420 1409 1408
f 1420 1401 1409
f 1420 1418 1394
f 1420 1394 1401
f 1421 1411 1407
f 1421 1396 1411
f 1423 1413 1395
f 1423 1395 1401
f 1423 1401 1413
f 1424 1410 1405
f 1424 1405 1416
f 1424 1415 1402
f 1425 1393 1415
f 1425 1417 1393
f 1425 1394 1418
f 1426 1419 1395
f 1426 1395 1396
f 1426 1421 1419
f 1426 1396 1421
f 1427 1420 1408
f 1427 1408 1418
f 1427 1418 1420
f 1428 1421 1407
f 1428 1407 1399
f 1428 1399 1421
f 1429 1408 1419
f 1429 1419 1421
f 1429 1418 1408
f 1429 1421 1399
f 1429 1399 1418
f 1430 1413 1394
f 1430 1394 1422
f 1430 1422 1403
f 1430 1403 1413
f 1431 1422 1394
f 1431 1403 1422
f 1432 1424 1416
f 1432 1416 1412
f 1432 1412 1424
f 1433 1424 1412
f 1433 1415 1424
f 1434 1424 1402
f 1434 1410 1424
f 1434 1402 1396
f 1434 1396 1410
f 1435 1425 1418
f 1435 1417 1425
f 1435 1418 1399
f 1435 1399 1417
f 1436 1412 1403
f 1436 1433 1412
f 1436 1425 1415
f 1436 1415 1433
f 1437 1431 1394
f 1437 1394 1425
f 1437 1425 1436
f 1438 1437 1436
f 1438 1436 1403
f 1438 1403 1431
f 1438 1431 1437
o bunny028
usemtl Material028
v 0.446993784 0.995306159 0.302864583
v 0.530432624 0.935706988 0.243265411
v 0.470833453 0.995306159 0.100227400
v 0.315875607 1.042985496 -0.007051108
v 0.458913618 0.947626822 0.267105080
v 0.512022620 0.915937040 0.008516350
v 0.327795442 1.066825165 0.219425743
v 0.458913618 1.007225994 0.195586074
v 0.473331528 0.951855403 0.292386797
v 0.530432624 0.935706988 0.028708395
v 0.314920322 1.028487538 -0.005866086
v 0.526826977 0.920567171 0.242838877
v 0.363554944 1.054905331 0.100227400
v 0.482753287 0.983386325 0.243265411
v 0.411234281 1.031065662 0.231345577
v 0.470833453 0.971466491 0.290944748
v 0.354745189 1.024788911 0.281450460
v 0.518512790 0.959546657 0.159826572
v 0.518512790 0.935706988 0.004868726
v 0.312941817 1.055342185 0.218170615
v 0.506592955 0.923787154 0.243265411
v 0.524474545 0.916580624 0.032056971
v 0.327795442 1.066825165 0.088307566
v 0.435073950 1.019145828 0.112147235
v 0.470833453 0.983386325 0.279024914
v 0.351635110 1.054905331 0.243265411
v 0.435073950 1.019145828 0.219425743
v 0.363554944 1.054905331 0.207505909
v 0.433174172 0.979599166 0.300879486
v 0.327795442 1.031065662 0.243265411
v 0.518512790 0.959546657 0.135986903
v 0.399314447 1.031065662 0.052548063
v 0.327795442 1.042985496 -0.007051108
v 0.504392263 0.921125331 0.006105566
v 0.313138383 1.055765174 0.089379127
v 0.314709175 1.051017785 0.242212414
v 0.458913618 1.007225994 0.159826572
v 0.363554944 1.042985496 0.267105080
v 0.446993784 1.007225994 0.243265411
v 0.466588627 0.956186028 0.293992472
v 0.435073950 0.995306159 0.302864583
v 0.482753287 0.983386325 0.076387732
v 0.411234281 1.031065662 0.088307566
v 0.327795442 1.054905331 0.016788561
v 0.351635110 1.042985496 0.016788561
v 0.315875607 1.054905331 0.016788561
v 0.350473273 1.028346027 0.278331655
v 0.315875607 1.031065662 0.052548063
v 0.446993784 1.007225994 0.076387732
v 0.375474779 1.042985496 0.052548063
v 0.387394613 1.042985496 0.088307566
v 0.351635110 1.054905331 0.064467898
f 1449 1444 1443
f 1450 1440 1447
f 1450 1448 1440
f 1454 1447 1440
f 1454 1440 1439
f 1454 1439 1447
f 1456 1440 1448
f 1456 1452 1440
f 1456 1446 1452
f 1459 1443 1444
f 1459 1444 1450
f 1459 1450 1447
f 1459 1447 1443
f 1460 1450 1444
f 1460 1448 1450
f 1460 1457 1448
f 1460 1444 1457
f 1461 1445 1451
f 1463 1452 1439
f 1463 1439 1440
f 1463 1440 1452
f 1464 1439 1453
f 1465 1452 1446
f 1466 1451 1445
f 1466 1464 1453
f 1466 1445 1464
f 1466 1453 1465
f 1466 1465 1446
f 1467 1455 1443
f 1468 1449 1443
f 1468 1443 1455
f 1469 1456 1448
f 1469 1446 1456
f 1471 1457 1449
f 1471 1449 1442
f 1472 1457 1444
f 1472 1444 1449
f 1472 1449 1457
f 1473 1442 1449
f 1473 1449 1458
f 1473 1458 1445
f 1473 1445 1461
f 1474 1445 1458
f 1474 1458 1449
f 1475 1441 1462
f 1475 1469 1441
f 1475 1446 1469
f 1476 1455 1439
f 1476 1439 1464
f 1476 1464 1445
f 1476 1445 1474
f 1477 1439 1452
f 1477 1452 1465
f 1477 1465 1453
f 1477 1453 1439
f 1478 1467 1443
f 1478 1443 1447
f 1478 1447 1439
f 1478 1439 1467
f 1479 1467 1439
f 1479 1439 1455
f 1479 1455 1467
f 1480 1469 1448
f 1480 1441 1469
f 1480 1448 1457
f 1480 1457 1470
f 1481 1462 1441
f 1482 1471 1442
f 1483 1470 1457
f 1483 1457 1471
f 1483 1471 1482
f 1484 1473 1461
f 1484 1442 1473
f 1484 1482 1442
f 1484 1461 1482
f 1485 1474 1468
f 1485 1468 1455
f 1485 1476 1474
f 1485 1455 1476
f 1486 1474 1449
f 1486 1449 1468
f 1486 1468 1474
f 1487 1480 1470
f 1487 1470 1481
f 1487 1481 1441
f 1487 1441 1480
f 1488 1481 1470
f 1488 1483 1482
f 1488 1470 1483
f 1489 1488 1451
f 1489 1481 1488
f 1489 1462 1481
f 1489 1475 1462
f 1489 1446 1475
f 1489 1466 1446
f 1489 1451 1466
f 1490 1488 1482
f 1490 1482 1461
f 1490 1461 1451
f 1490 1451 1488
o bunny029
usemtl Material029
v -0.148669329 0.685479684 0.503733980
v -0.148997928 0.435073950 0.469742262
v -0.208597099 0.709230138 0.469742262
v -0.494919558 0.709633570 0.482827345
v -0.435073950 0.518512790 0.517421599
v -0.172837597 0.435073950 0.445902594
v -0.184757431 0.709230138 0.505501765
v -0.139929628 0.566337989 0.500849826
v -0.327795442 0.709230138 0.469742262
v -0.494719305 0.506461140 0.482031578
v -0.148997928 0.446993784 0.445902594
v -0.186618262 0.711476955 0.488540733
v -0.327795442 0.566192127 0.517421599
v -0.482753287 0.661550801 0.517421599
v -0.196677265 0.435073950 0.481662096
v -0.172837597 0.446993784 0.445902594
v -0.150028712 0.431810715 0.455983586
v -0.146477395 0.687551156 0.502840388
v -0.363554944 0.709230138 0.505501765
v -0.327795442 0.590031795 0.517421599
v -0.518512790 0.613871464 0.517421599
v -0.446993784 0.494673121 0.505501765
v -0.447204167 0.481268839 0.485029515
v -0.399314447 0.518512790 0.517421599
v -0.219971547 0.434829006 0.473554222
v -0.494673121 0.697310303 0.505501765
v -0.423154116 0.661550801 0.517421599
v -0.533872297 0.652072726 0.489007143
v -0.494673121 0.530432624 0.505501765
v -0.208597099 0.482753287 0.493581931
v -0.351635110 0.542352458 0.517421599
v -0.208597099 0.435073950 0.457822428
v -0.518512790 0.637711132 0.517421599
v -0.351635110 0.625791298 0.517421599
v -0.531140115 0.589980116 0.496769501
v -0.530432624 0.649630966 0.505501765
v -0.506592955 0.649630966 0.517421599
v -0.339715276 0.613871464 0.517421599
v -0.535267731 0.641143484 0.491986940
f 1501 1498 1492
f 1501 1499 1493
f 1502 1499 1494
f 1502 1493 1499
f 1503 1498 1491
f 1504 1495 1503
f 1505 1492 1498
f 1506 1494 1499
f 1506 1500 1494
f 1506 1496 1500
f 1506 1501 1496
f 1506 1499 1501
f 1507 1501 1492
f 1507 1496 1501
f 1507 1492 1505
f 1508 1491 1498
f 1508 1498 1501
f 1508 1501 1493
f 1508 1493 1502
f 1508 1502 1497
f 1508 1497 1491
f 1509 1502 1494
f 1509 1497 1502
f 1509 1504 1497
f 1510 1503 1491
f 1510 1491 1497
f 1510 1504 1503
f 1511 1495 1504
f 1512 1505 1495
f 1513 1500 1496
f 1513 1512 1500
f 1513 1505 1512
f 1514 1503 1495
f 1514 1495 1505
f 1515 1507 1505
f 1515 1505 1513
f 1516 1509 1494
f 1516 1504 1509
f 1517 1497 1504
f 1517 1504 1510
f 1518 1494 1500
f 1519 1500 1512
f 1519 1512 1495
f 1519 1495 1511
f 1520 1514 1505
f 1520 1505 1498
f 1521 1498 1503
f 1521 1503 1514
f 1521 1520 1498
f 1521 1514 1520
f 1522 1496 1507
f 1522 1507 1515
f 1522 1515 1513
f 1522 1513 1496
f 1523 1511 1504
f 1524 1517 1510
f 1524 1497 1517
f 1525 1518 1500
f 1525 1519 1511
f 1525 1500 1519
f 1526 1516 1494
f 1526 1494 1518
f 1526 1523 1516
f 1526 1525 1511
f 1526 1511 1523
f 1527 1523 1504
f 1527 1504 1516
f 1527 1516 1523
f 1528 1524 1510
f 1528 1510 1497
f 1528 1497 1524
f 1529 1526 1518
f 1529 1518 1525
f 1529 1525 1526
o bunny030
usemtl Material030
v -0.041719420 0.101318591 0.612780273
v 0.005959917 0.017879751 0.588940604
v 0.008789058 0.016410629 0.491179942
v -0.196506827 0.011750665 0.421876762
v -0.184757431 0.017879751 0.565100936
v 0.005959917 0.005959917 0.565100936
v -0.204244398 0.119013791 0.498719733
v 0.006081289 0.113361177 0.577378284
v -0.113238425 0.029799586 0.612780273
v 0.005959917 0.005959917 0.481662096
v -0.196677265 0.005959917 0.505501765
v -0.005959917 0.101318591 0.600860439
v -0.104764614 0.130745038 0.573288828
v -0.160917762 0.017879751 0.422062925
v -0.053639254 0.029799586 0.612780273
v -0.029799586 0.017879751 0.600860439
v -0.089398757 0.005959917 0.565100936
v -0.160917762 0.005959917 0.422062925
v -0.244356602 0.029799586 0.505501765
v -0.017879751 0.113238425 0.600860439
v -0.153394034 0.130036069 0.545327509
v -0.137078094 0.101318591 0.600860439
v -0.216417919 0.110109987 0.490798851
v -0.005959917 0.029799586 0.600860439
v -0.125158260 0.005959917 0.553181102
v -0.125158260 0.017879751 0.600860439
v -0.232436768 0.017879751 0.505501765
v -0.125158260 0.125158260 0.588940604
v -0.125158260 0.077478923 0.612780273
v -0.172837597 0.101318591 0.577020770
v -0.236304616 0.075036095 0.486897674
v -0.041719420 0.041719420 0.612780273
v -0.148997928 0.029799586 0.600860439
v -0.148997928 0.017879751 0.588940604
v -0.196856996 0.011773267 0.422259239
v -0.220516934 0.017879751 0.529341433
v -0.101318591 0.101318591 0.612780273
v -0.172837597 0.125158260 0.565100936
v -0.148997928 0.077478923 0.600860439
v -0.226133865 0.098051828 0.487300355
v -0.125158260 0.041719420 0.612780273
v -0.239124018 0.031224769 0.487724257
v -0.125158260 0.113238425 0.600860439
v -0.184757431 0.125158260 0.553181102
v -0.244356602 0.077478923 0.505501765
v -0.184757431 0.125158260 0.541261267
v -0.220516934 0.113238425 0.505501765
v -0.196677265 0.101318591 0.553181102
v -0.232436768 0.101318591 0.505501765
f 1535 1532 1531
f 1537 1531 1532
f 1539 1532 1535
f 1540 1539 1535
f 1541 1531 1537
f 1543 1537 1532
f 1543 1536 1537
f 1543 1532 1539
f 1544 1530 1538
f 1545 1535 1531
f 1545 1544 1538
f 1546 1540 1535
f 1546 1535 1545
f 1547 1539 1540
f 1547 1543 1539
f 1547 1533 1543
f 1549 1541 1537
f 1549 1530 1541
f 1549 1537 1542
f 1550 1542 1537
f 1550 1537 1536
f 1552 1543 1533
f 1552 1536 1543
f 1553 1541 1530
f 1553 1531 1541
f 1553 1545 1531
f 1553 1544 1545
f 1554 1534 1540
f 1554 1540 1546
f 1555 1546 1545
f 1555 1545 1538
f 1555 1554 1546
f 1557 1549 1542
f 1557 1530 1549
f 1558 1538 1530
f 1561 1553 1530
f 1561 1530 1544
f 1561 1544 1553
f 1562 1555 1538
f 1563 1534 1554
f 1563 1554 1555
f 1563 1562 1534
f 1563 1555 1562
f 1564 1556 1548
f 1564 1540 1556
f 1564 1547 1540
f 1564 1533 1547
f 1564 1560 1533
f 1565 1556 1540
f 1565 1540 1534
f 1565 1548 1556
f 1565 1534 1562
f 1566 1530 1557
f 1566 1558 1530
f 1566 1551 1558
f 1567 1557 1542
f 1567 1542 1550
f 1567 1559 1551
f 1568 1558 1551
f 1568 1551 1559
f 1568 1562 1558
f 1569 1552 1533
f 1569 1533 1560
f 1570 1562 1538
f 1570 1538 1558
f 1570 1558 1562
f 1571 1564 1548
f 1571 1560 1564
f 1572 1566 1557
f 1572 1551 1566
f 1572 1567 1551
f 1572 1557 1567
f 1573 1567 1550
f 1574 1571 1548
f 1574 1560 1571
f 1574 1548 1565
f 1574 1569 1560
f 1575 1573 1550
f 1575 1550 1536
f 1575 1536 1573
f 1576 1573 1536
f 1576 1536 1552
f 1577 1559 1567
f 1577 1567 1573
f 1577 1574 1565
f 1577 1568 1559
f 1577 1565 1562
f 1577 1562 1568
f 1578 1573 1576
f 1578 1577 1573
f 1578 1574 1577
f 1578 1569 1574
f 1578 1576 1552
f 1578 1552 1569
o bunny031
usemtl Material031
v 0.557780070 0.327617137 0.437705440
v 0.780749143 0.244356602 0.326704251
v 0.780749143 0.387394613 0.302864583
v 0.680003818 0.406353438 0.262671099
v 0.542352458 0.172837597 0.350543920
v 0.777008414 0.405308595 0.262271697
v 0.614821438 0.375383232 0.374915933
v 0.756909475 0.303955773 0.350543920
v 0.661550801 0.172837597 0.374383588
v 0.554272292 0.327795442 0.422062925
v 0.784500775 0.392558792 0.271289455
v 0.764654207 0.234409671 0.311221142
v 0.780749143 0.411234281 0.279024914
v 0.768829309 0.327795442 0.338624085
v 0.554272292 0.220516934 0.422062925
v 0.709230138 0.232436768 0.374383588
v 0.542352458 0.208597099 0.362463754
v 0.613871464 0.375474779 0.350543920
v 0.673604450 0.172727873 0.350718797
v 0.773352604 0.247851764 0.308471779
v 0.685390469 0.411234281 0.279024914
v 0.554272292 0.172837597 0.386303422
v 0.534300182 0.225350181 0.415697702
v 0.578111961 0.292035939 0.433982759
v 0.744989640 0.232436768 0.350543920
v 0.542352458 0.184757431 0.350543920
v 0.613871464 0.363554944 0.338624085
v 0.768829309 0.232436768 0.326704251
v 0.554272292 0.184757431 0.398223257
v 0.548004601 0.290208514 0.440082993
v 0.542352458 0.292035939 0.422062925
v 0.534943586 0.177847387 0.381944679
v 0.709230138 0.244356602 0.374383588
v 0.566192127 0.256276436 0.433982759
v 0.673470635 0.184757431 0.374383588
v 0.756909475 0.256276436 0.350543920
v 0.649630966 0.375474779 0.290944748
v 0.542352458 0.244356602 0.386303422
v 0.554272292 0.244356602 0.433982759
v 0.537855951 0.247698766 0.427826986
v 0.534227820 0.189307777 0.391391535
v 0.768829309 0.244356602 0.338624085
f 1585 1579 1581
f 1588 1579 1585
f 1589 1581 1580
f 1590 1583 1582
f 1590 1582 1584
f 1591 1584 1582
f 1591 1585 1581
f 1591 1589 1584
f 1591 1581 1589
f 1592 1586 1580
f 1592 1580 1581
f 1592 1581 1579
f 1592 1579 1586
f 1596 1588 1585
f 1597 1583 1590
f 1598 1589 1580
f 1598 1580 1590
f 1598 1590 1584
f 1598 1584 1589
f 1599 1591 1582
f 1599 1585 1591
f 1599 1596 1585
f 1599 1582 1596
f 1600 1597 1587
f 1600 1583 1597
f 1602 1586 1579
f 1603 1587 1580
f 1604 1582 1583
f 1605 1588 1596
f 1605 1596 1582
f 1606 1597 1590
f 1606 1590 1580
f 1606 1580 1587
f 1606 1587 1597
f 1607 1600 1587
f 1607 1587 1593
f 1607 1593 1601
f 1608 1602 1579
f 1609 1608 1579
f 1609 1579 1588
f 1610 1583 1600
f 1610 1600 1607
f 1610 1604 1583
f 1610 1595 1604
f 1611 1602 1594
f 1611 1594 1586
f 1611 1586 1602
f 1612 1594 1602
f 1612 1602 1608
f 1613 1603 1594
f 1613 1587 1603
f 1613 1612 1587
f 1613 1594 1612
f 1614 1580 1586
f 1614 1586 1594
f 1614 1594 1603
f 1615 1604 1595
f 1615 1582 1604
f 1615 1605 1582
f 1615 1595 1605
f 1616 1605 1595
f 1616 1588 1605
f 1616 1609 1588
f 1616 1601 1609
f 1617 1601 1593
f 1617 1612 1608
f 1617 1593 1587
f 1617 1587 1612
f 1618 1609 1601
f 1618 1608 1609
f 1618 1617 1608
f 1618 1601 1617
f 1619 1610 1607
f 1619 1607 1601
f 1619 1595 1610
f 1619 1616 1595
f 1619 1601 1616
f 1620 1614 1603
f 1620 1603 1580
f 1620 1580 1614
o bunny032
usemtl Material032
v 0.063934569 1.050056928 0.208294473
v 0.149031701 1.029692590 -0.030247717
v -0.164214957 1.011139212 0.089280179
v 0.005959917 0.983386325 -0.078570113
v 0.029799586 0.959546657 -0.066650279
v 0.077478923 1.042985496 -0.018970942
v 0.101318591 0.983386325 -0.066650279
v -0.102018506 0.997130244 0.220167597
v -0.077661831 0.972618607 -0.055278443
v 0.065559088 1.007225994 -0.078570113
v 0.113238425 1.054905331 0.004868726
v 0.137078094 1.031065662 0.016788561
v 0.100656690 0.990893720 -0.084978914
v -0.163298761 1.011528155 0.183180285
v 0.005959917 1.019145828 0.219425743
v 0.004019440 0.964630611 -0.081732993
v -0.077478923 0.995306159 -0.042810610
v -0.077478923 0.971466491 -0.018970942
v 0.065559088 1.019145828 -0.066650279
v 0.029799586 1.054905331 0.076387732
v 0.148903927 1.022967543 -0.044600457
v 0.137907155 1.049844437 0.029872885
v 0.027908772 0.967927275 -0.085153950
v -0.017879751 1.042985496 0.219425743
v 0.041719420 1.031065662 0.207505909
v 0.005959917 0.959546657 -0.066650279
v -0.089398757 1.007225994 -0.007051108
v -0.053639254 0.995306159 -0.054730445
v -0.160917762 0.995306159 0.100227400
v 0.041719420 1.019145828 -0.054730445
v 0.089398757 1.054905331 0.016788561
v 0.017879751 1.054905331 0.207505909
v 0.149144256 1.025116570 -0.040024437
v 0.066505273 1.050786649 0.207046618
v 0.138739364 1.044764323 0.007202129
v 0.029799586 0.995306159 -0.078570113
v 0.008541539 1.034935489 0.217882814
v -0.091435657 1.000614630 0.221584694
v 0.041719420 1.042985496 0.004868726
v -0.159917193 1.010427176 0.183870453
v -0.160917762 0.995306159 0.088307566
v 0.017879751 1.054905331 0.112147235
f 1633 1627 1625
f 1635 1628 1625
f 1635 1625 1627
f 1636 1629 1624
f 1637 1629 1623
f 1639 1626 1631
f 1641 1632 1627
f 1641 1627 1633
f 1641 1633 1630
f 1641 1630 1639
f 1641 1639 1631
f 1642 1632 1622
f 1643 1630 1633
f 1643 1636 1624
f 1643 1633 1625
f 1643 1625 1636
f 1644 1634 1628
f 1645 1621 1635
f 1645 1635 1627
f 1645 1627 1632
f 1646 1636 1625
f 1646 1629 1636
f 1646 1638 1629
f 1646 1625 1628
f 1646 1628 1638
f 1647 1637 1623
f 1647 1626 1637
f 1648 1624 1629
f 1648 1629 1637
f 1648 1639 1630
f 1649 1638 1628
f 1649 1634 1623
f 1650 1637 1626
f 1650 1626 1639
f 1650 1648 1637
f 1650 1639 1648
f 1651 1640 1631
f 1651 1631 1626
f 1652 1631 1640
f 1652 1644 1621
f 1652 1634 1644
f 1653 1622 1632
f 1653 1632 1641
f 1653 1641 1631
f 1653 1631 1622
f 1654 1642 1631
f 1654 1632 1642
f 1654 1645 1632
f 1654 1621 1645
f 1654 1652 1621
f 1654 1631 1652
f 1655 1642 1622
f 1655 1622 1631
f 1655 1631 1642
f 1656 1643 1624
f 1656 1630 1643
f 1656 1648 1630
f 1656 1624 1648
f 1657 1644 1635
f 1657 1635 1621
f 1657 1621 1644
f 1658 1644 1628
f 1658 1628 1635
f 1658 1635 1644
f 1659 1647 1623
f 1659 1623 1640
f 1659 1640 1651
f 1659 1651 1626
f 1659 1626 1647
f 1660 1649 1628
f 1660 1628 1634
f 1660 1634 1649
f 1661 1649 1623
f 1661 1623 1629
f 1661 1629 1638
f 1661 1638 1649
f 1662 1652 1640
f 1662 1640 1623
f 1662 1623 1634
f 1662 1634 1652
o bunny033
usemtl Material033
v -0.124445775 0.435364187 0.469218753
v -0.110643849 0.232234355 0.431794405
v -0.113238425 0.280116105 0.410143091
v -0.327795442 0.268196270 0.398223257
v -0.292035939 0.208597099 0.457822428
v -0.125158260 0.208597099 0.410143091
v -0.125158260 0.435073950 0.445902594
v -0.107011734 0.292881962 0.440304397
v -0.220516934 0.184757431 0.457822428
v -0.307910833 0.374104774 0.455397348
v -0.113238425 0.232436768 0.410143091
v -0.125158260 0.351635110 0.422062925
v -0.118752739 0.413843629 0.465035706
v -0.113238425 0.339715276 0.422062925
v -0.280116105 0.280116105 0.469742262
v -0.124849920 0.208300635 0.433591978
v -0.341249491 0.185258831 0.426214322
v -0.327795442 0.327795442 0.410143091
v -0.196833660 0.435106602 0.469041423
v -0.327795442 0.232436768 0.398223257
v -0.111266415 0.340070397 0.444088614
v -0.125158260 0.399314447 0.433982759
v -0.196677265 0.315875607 0.469742262
v -0.244356602 0.184757431 0.457822428
v -0.198572788 0.181409192 0.438999468
v -0.303955773 0.339715276 0.469742262
v -0.344065560 0.326221353 0.414939049
v -0.172837597 0.435073950 0.445902594
v -0.315875607 0.184757431 0.422062925
v -0.232436768 0.280116105 0.469742262
v -0.323857693 0.179303802 0.438081498
v -0.299596198 0.376984905 0.459276402
v -0.292035939 0.303955773 0.469742262
v -0.345581429 0.267908230 0.402656716
v -0.337490346 0.181675990 0.429563638
v -0.345557730 0.233756374 0.403315949
f 1673 1664 1668
f 1673 1670 1664
f 1673 1665 1670
f 1673 1666 1665
f 1674 1665 1666
f 1675 1664 1670
f 1675 1663 1671
f 1675 1669 1663
f 1676 1670 1665
f 1676 1669 1675
f 1676 1665 1674
f 1678 1668 1664
f 1678 1675 1671
f 1678 1664 1675
f 1680 1674 1666
f 1682 1673 1668
f 1682 1666 1673
f 1683 1676 1675
f 1683 1675 1670
f 1683 1670 1676
f 1684 1676 1674
f 1684 1669 1676
f 1684 1674 1680
f 1685 1671 1663
f 1686 1677 1667
f 1686 1671 1677
f 1687 1678 1671
f 1687 1668 1678
f 1688 1677 1685
f 1688 1685 1663
f 1688 1663 1681
f 1689 1688 1672
f 1689 1679 1688
f 1690 1681 1663
f 1690 1663 1669
f 1690 1680 1689
f 1690 1689 1672
f 1690 1672 1681
f 1690 1684 1680
f 1690 1669 1684
f 1691 1682 1668
f 1691 1679 1682
f 1691 1668 1687
f 1692 1685 1677
f 1692 1677 1671
f 1692 1671 1685
f 1693 1686 1667
f 1693 1687 1671
f 1693 1671 1686
f 1693 1667 1688
f 1694 1688 1681
f 1694 1681 1672
f 1694 1672 1688
f 1695 1688 1667
f 1695 1667 1677
f 1695 1677 1688
f 1696 1689 1680
f 1696 1680 1666
f 1696 1666 1682
f 1697 1691 1687
f 1697 1687 1693
f 1697 1679 1691
f 1697 1693 1688
f 1697 1688 1679
f 1698 1696 1682
f 1698 1682 1679
f 1698 1679 1689
f 1698 1689 1696
o bunny034
usemtl Material034
v 0.780749143 0.351635110 0.326704251
v 0.840348314 0.256276436 0.243265411
v 0.852268148 0.375474779 0.195586074
v 0.820723025 0.340630384 0.062457560
v 0.783268316 0.182725440 0.075441997
v 0.852268148 0.292035939 0.100227400
v 0.769674657 0.406788897 0.261501481
v 0.828428480 0.351635110 0.279024914
v 0.758841830 0.231523652 0.316433602
v 0.852268148 0.280116105 0.195586074
v 0.840348314 0.375474779 0.088307566
v 0.816508646 0.220516934 0.052548063
v 0.818578262 0.376309767 0.074913777
v 0.792668977 0.292035939 0.326704251
v 0.852268148 0.363554944 0.219425743
v 0.816508646 0.399314447 0.267105080
v 0.804588811 0.184757431 0.255185246
v 0.742445544 0.369918263 0.306692940
v 0.852268148 0.375474779 0.135986903
v 0.798086649 0.223019434 0.055686692
v 0.840348314 0.339715276 0.064467898
v 0.840348314 0.232436768 0.135986903
v 0.808889919 0.405474875 0.222132594
v 0.792668977 0.327795442 0.326704251
v 0.828428480 0.280116105 0.279024914
v 0.748028988 0.317520707 0.333033059
v 0.852268148 0.327795442 0.219425743
v 0.792668977 0.399314447 0.290944748
v 0.840348314 0.375474779 0.243265411
v 0.782549942 0.183210681 0.244473029
v 0.792668977 0.244356602 0.314784417
v 0.744989640 0.315875607 0.314784417
v 0.744908445 0.375010702 0.302421524
v 0.801254870 0.233641173 0.054599590
v 0.840348314 0.280116105 0.064467898
v 0.852268148 0.327795442 0.100227400
v 0.816508646 0.232436768 0.052548063
v 0.840348314 0.363554944 0.076387732
v 0.852268148 0.268196270 0.135986903
v 0.840348314 0.232436768 0.195586074
v 0.816508646 0.184757431 0.112147235
v 0.817787162 0.399969866 0.219980112
v 0.816508646 0.363554944 0.290944748
v 0.840348314 0.351635110 0.255185246
v 0.816508646 0.256276436 0.290944748
v 0.759501264 0.291997655 0.331314429
v 0.744989640 0.363554944 0.326704251
v 0.852268148 0.292035939 0.207505909
v 0.780749143 0.232436768 0.314784417
v 0.840348314 0.244356602 0.100227400
v 0.852268148 0.351635110 0.112147235
v 0.828428480 0.208597099 0.219425743
v 0.852268148 0.268196270 0.159826572
v 0.804588811 0.184757431 0.076387732
v 0.816508646 0.184757431 0.219425743
v 0.804588811 0.387394613 0.290944748
v 0.792668977 0.363554944 0.314784417
v 0.816508646 0.387394613 0.279024914
v 0.840348314 0.292035939 0.255185246
v 0.816508646 0.220516934 0.267105080
v 0.756909475 0.363554944 0.326704251
v 0.780749143 0.399314447 0.290944748
v 0.804588811 0.196677265 0.267105080
v 0.816508646 0.196677265 0.076387732
f 1708 1704 1701
f 1713 1708 1701
f 1716 1711 1703
f 1717 1701 1704
f 1718 1710 1703
f 1718 1703 1711
f 1719 1702 1711
f 1721 1711 1705
f 1721 1709 1711
f 1721 1705 1714
f 1721 1717 1709
f 1722 1712 1706
f 1723 1706 1712
f 1724 1722 1699
f 1724 1712 1722
f 1725 1708 1713
f 1726 1714 1705
f 1727 1713 1701
f 1727 1701 1714
f 1728 1715 1707
f 1728 1707 1703
f 1730 1716 1703
f 1730 1703 1707
f 1730 1707 1724
f 1731 1705 1711
f 1731 1711 1716
f 1732 1710 1718
f 1732 1718 1711
f 1732 1711 1702
f 1733 1719 1704
f 1733 1710 1719
f 1734 1717 1704
f 1734 1704 1719
f 1735 1719 1710
f 1735 1702 1719
f 1735 1732 1702
f 1735 1710 1732
f 1736 1719 1711
f 1736 1711 1709
f 1736 1709 1717
f 1737 1704 1708
f 1738 1708 1700
f 1738 1720 1737
f 1740 1721 1714
f 1740 1714 1701
f 1740 1701 1717
f 1740 1717 1721
f 1741 1722 1706
f 1742 1706 1723
f 1742 1727 1706
f 1742 1713 1727
f 1742 1725 1713
f 1743 1700 1723
f 1743 1723 1712
f 1743 1712 1729
f 1744 1724 1707
f 1744 1712 1724
f 1745 1730 1724
f 1745 1716 1730
f 1745 1731 1716
f 1746 1700 1708
f 1746 1708 1725
f 1747 1729 1712
f 1747 1707 1715
f 1747 1744 1707
f 1747 1712 1744
f 1748 1720 1739
f 1748 1733 1704
f 1748 1737 1720
f 1748 1704 1737
f 1749 1736 1717
f 1749 1717 1734
f 1749 1734 1719
f 1749 1719 1736
f 1750 1738 1700
f 1750 1739 1720
f 1750 1720 1738
f 1751 1738 1737
f 1751 1737 1708
f 1751 1708 1738
f 1752 1739 1703
f 1752 1703 1710
f 1753 1728 1703
f 1753 1703 1739
f 1753 1715 1728
f 1753 1750 1715
f 1753 1739 1750
f 1754 1714 1726
f 1755 1699 1722
f 1755 1722 1741
f 1755 1741 1754
f 1755 1754 1726
f 1756 1727 1714
f 1756 1754 1741
f 1756 1714 1754
f 1756 1741 1706
f 1756 1706 1727
f 1757 1742 1723
f 1757 1723 1700
f 1757 1725 1742
f 1757 1746 1725
f 1757 1700 1746
f 1758 1700 1743
f 1758 1750 1700
f 1758 1715 1750
f 1759 1745 1724
f 1759 1724 1699
f 1759 1726 1745
f 1759 1755 1726
f 1759 1699 1755
f 1760 1745 1726
f 1760 1726 1705
f 1760 1705 1731
f 1760 1731 1745
f 1761 1747 1715
f 1761 1729 1747
f 1761 1715 1758
f 1761 1758 1743
f 1761 1743 1729
f 1762 1748 1739
f 1762 1710 1733
f 1762 1733 1748
f 1762 1752 1710
f 1762 1739 1752
o bunny035
usemtl Material035
v -0.149969922 0.007341993 0.172795351
v -0.459017499 0.004441430 -0.078612424
v -0.530440755 0.005715466 0.124077720
v -0.458206479 0.004376743 -0.078282095
v -0.232436768 0.041719420 0.124067069
v -0.553458678 0.004071686 -0.006574499
v -0.303756388 0.003978766 -0.090466486
v -0.232436768 0.041719420 0.171746406
v -0.517852138 0.003989214 -0.053863659
v -0.184757431 -0.005959917 0.171746406
v -0.148997928 0.017879751 0.147906737
v -0.339874709 0.003226671 -0.090461177
v -0.280116105 0.041719420 0.112147235
v -0.411148203 0.002493800 0.173034823
v -0.172837597 -0.005959917 0.112147235
v -0.220516934 0.041719420 0.135986903
v -0.208597099 0.041719420 0.171746406
v -0.268196270 0.041719420 0.112147235
v -0.542438271 0.004901869 -0.042860879
v -0.554325912 0.005298800 -0.030922186
v -0.280116105 0.041719420 0.135986903
v -0.399314447 0.017879751 0.171746406
v -0.172837597 -0.005959917 0.159826572
v -0.148997928 0.005959917 0.147906737
v -0.304943821 0.003857606 -0.090606209
v -0.208597099 0.041719420 0.159826572
v -0.518634265 0.004130550 -0.054889822
v -0.554416971 0.004176079 -0.007135859
f 1771 1764 1766
f 1772 1765 1768
f 1774 1766 1764
f 1774 1764 1769
f 1774 1771 1766
f 1775 1769 1764
f 1775 1770 1767
f 1776 1765 1772
f 1776 1772 1763
f 1777 1771 1774
f 1777 1772 1768
f 1777 1768 1771
f 1778 1773 1769
f 1778 1769 1767
f 1778 1767 1770
f 1779 1763 1773
f 1779 1776 1763
f 1779 1770 1776
f 1779 1778 1770
f 1780 1775 1767
f 1780 1767 1769
f 1780 1769 1775
f 1781 1775 1764
f 1781 1771 1768
f 1782 1781 1768
f 1782 1775 1781
f 1783 1770 1775
f 1783 1782 1765
f 1783 1775 1782
f 1784 1776 1770
f 1784 1765 1776
f 1784 1783 1765
f 1784 1770 1783
f 1785 1763 1772
f 1785 1772 1777
f 1786 1773 1763
f 1786 1785 1777
f 1786 1763 1785
f 1786 1777 1769
f 1786 1769 1773
f 1787 1777 1774
f 1787 1774 1769
f 1787 1769 1777
f 1788 1779 1773
f 1788 1773 1778
f 1788 1778 1779
f 1789 1781 1764
f 1789 1764 1771
f 1789 1771 1781
f 1790 1782 1768
f 1790 1768 1765
f 1790 1765 1782
o bunny036
usemtl Material036
v 0.756752566 0.433933736 0.136165959
v 0.827752399 0.339568472 0.076710235
v 0.804588811 0.411234281 0.064467898
v 0.635185794 0.410782331 -0.059650558
v 0.594266289 0.229497702 -0.053000040
v 0.744989640 0.280116105 -0.042810610
v 0.678530450 0.483000397 0.039730555
v 0.828428480 0.387394613 0.064467898
v 0.697310303 0.423154116 0.135986903
v 0.709230138 0.232436768 -0.054730445
v 0.697310303 0.482753287 0.064467898
v 0.662220727 0.470826136 -0.007295471
v 0.819327423 0.381048132 0.080046731
v 0.758324365 0.433435764 0.134372300
v 0.816508646 0.327795442 0.028708395
v 0.601951629 0.244356602 -0.030890776
v 0.595282638 0.266219068 -0.058214716
v 0.709230138 0.256276436 -0.054730445
v 0.687850208 0.482842074 0.100203624
v 0.804588811 0.375474779 0.028708395
v 0.828428480 0.363554944 0.052548063
v 0.744989640 0.268196270 -0.042810610
v 0.822268835 0.327866200 0.061343648
v 0.712750966 0.231342432 -0.036636501
v 0.591260536 0.231242015 -0.056419825
v 0.625791298 0.411234281 -0.042810610
v 0.701668090 0.438307264 0.135757180
v 0.673470635 0.482753287 0.088307566
v 0.638666842 0.435027973 -0.055230972
v 0.816508646 0.351635110 0.028708395
v 0.590031795 0.268196270 -0.042810610
v 0.649630966 0.458913618 0.004868726
v 0.756909475 0.303955773 -0.030890776
v 0.816508646 0.375474779 0.040628229
f 1799 1792 1791
f 1802 1801 1793
f 1802 1797 1801
f 1803 1791 1792
f 1803 1792 1798
f 1804 1798 1793
f 1804 1803 1798
f 1804 1791 1803
f 1804 1793 1801
f 1806 1792 1799
f 1807 1794 1800
f 1808 1800 1794
f 1808 1794 1796
f 1808 1796 1800
f 1809 1804 1801
f 1809 1791 1804
f 1809 1801 1797
f 1810 1802 1793
f 1810 1793 1798
f 1811 1798 1792
f 1811 1792 1805
f 1812 1800 1796
f 1813 1805 1792
f 1814 1792 1806
f 1814 1813 1792
f 1814 1805 1813
f 1814 1812 1805
f 1814 1800 1812
f 1814 1806 1795
f 1814 1795 1800
f 1815 1807 1800
f 1815 1800 1795
f 1815 1795 1806
f 1817 1799 1791
f 1817 1791 1809
f 1818 1809 1797
f 1818 1797 1802
f 1818 1817 1809
f 1818 1799 1817
f 1819 1802 1810
f 1819 1794 1807
f 1819 1807 1816
f 1819 1796 1794
f 1820 1811 1805
f 1821 1818 1816
f 1821 1816 1807
f 1821 1807 1815
f 1821 1815 1806
f 1821 1806 1799
f 1821 1799 1818
f 1822 1818 1802
f 1822 1802 1819
f 1822 1819 1816
f 1822 1816 1818
f 1823 1819 1810
f 1823 1796 1819
f 1823 1810 1820
f 1823 1820 1805
f 1823 1812 1796
f 1823 1805 1812
f 1824 1820 1810
f 1824 1810 1798
f 1824 1798 1811
f 1824 1811 1820
o bunny037
usemtl Material037
v 0.077478923 0.840348314 -0.197768456
v 0.184757431 0.733069806 -0.221608124
v 0.077478923 0.756909475 -0.257367627
v -0.387394613 0.768829309 -0.221608124
v -0.411234281 0.792668977 -0.173928787
v -0.420142137 0.707190124 -0.214963892
v 0.077478923 0.840348314 -0.233527958
v -0.077478923 0.840348314 -0.173928787
v 0.089398757 0.709230138 -0.257367627
v -0.423154116 0.852268148 -0.185848621
v -0.411234281 0.709230138 -0.197768456
v -0.125158260 0.780749143 -0.245447793
v 0.125537800 0.843047772 -0.213885055
v 0.005959917 0.840348314 -0.185848621
v 0.184757431 0.744989640 -0.245447793
v -0.437100190 0.794883995 -0.183549041
v -0.423154116 0.733069806 -0.221608124
v -0.425166209 0.854855112 -0.166711389
v -0.292035939 0.840348314 -0.162008953
v 0.089398757 0.709230138 -0.245447793
v 0.053639254 0.756909475 -0.257367627
v -0.387394613 0.840348314 -0.197768456
v 0.185299776 0.781268981 -0.224698955
v -0.079277460 0.859200404 -0.181857188
v 0.077478923 0.828428480 -0.197768456
v 0.125161948 0.721200709 -0.257386287
v 0.125158260 0.840348314 -0.233527958
v -0.423154116 0.709230138 -0.197768456
v -0.411234281 0.828428480 -0.197768456
v -0.435073950 0.804588811 -0.197768456
v -0.125158260 0.721149972 -0.257367627
v -0.436174360 0.817576029 -0.178171140
v -0.125158260 0.828428480 -0.173928787
v 0.184861420 0.722588802 -0.247226342
v -0.077478923 0.744989640 -0.257367627
v -0.089398757 0.816508646 -0.233527958
v -0.351635110 0.780749143 -0.221608124
v -0.089398757 0.852268148 -0.209688290
v -0.292833729 0.857180197 -0.171194414
v 0.006288081 0.856647336 -0.192511334
v 0.113238425 0.744989640 -0.257367627
v -0.435073950 0.792668977 -0.197768456
v -0.125158260 0.709230138 -0.257367627
v 0.186859543 0.728968480 -0.241598830
v 0.005959917 0.852268148 -0.209688290
v 0.148997928 0.780749143 -0.245447793
v 0.125158260 0.792668977 -0.245447793
f 1838 1832 1826
f 1843 1829 1835
f 1843 1842 1829
f 1844 1826 1835
f 1844 1835 1830
f 1844 1830 1833
f 1845 1831 1827
f 1846 1834 1831
f 1847 1837 1825
f 1847 1825 1826
f 1848 1843 1832
f 1849 1838 1826
f 1849 1826 1825
f 1849 1825 1838
f 1850 1845 1827
f 1851 1827 1831
f 1851 1847 1839
f 1851 1837 1847
f 1852 1835 1829
f 1852 1829 1840
f 1852 1830 1835
f 1852 1841 1830
f 1853 1828 1841
f 1853 1846 1828
f 1853 1834 1846
f 1854 1853 1841
f 1854 1834 1853
f 1855 1841 1828
f 1856 1840 1829
f 1856 1829 1842
f 1856 1854 1840
f 1856 1842 1834
f 1856 1834 1854
f 1857 1843 1835
f 1857 1835 1826
f 1857 1826 1832
f 1857 1832 1843
f 1858 1844 1833
f 1858 1826 1844
f 1858 1833 1850
f 1858 1850 1839
f 1859 1836 1831
f 1859 1831 1845
f 1859 1845 1850
f 1859 1850 1855
f 1859 1855 1828
f 1859 1828 1836
f 1860 1846 1831
f 1860 1831 1836
f 1860 1836 1846
f 1861 1846 1836
f 1861 1836 1828
f 1861 1828 1846
f 1862 1831 1834
f 1862 1834 1848
f 1862 1851 1831
f 1863 1848 1834
f 1863 1834 1842
f 1863 1842 1843
f 1863 1843 1848
f 1864 1838 1825
f 1864 1825 1837
f 1864 1837 1851
f 1864 1862 1848
f 1864 1848 1832
f 1864 1832 1838
f 1865 1850 1827
f 1865 1839 1850
f 1866 1852 1840
f 1866 1841 1852
f 1866 1854 1841
f 1866 1840 1854
f 1867 1833 1830
f 1867 1830 1841
f 1867 1841 1855
f 1867 1855 1850
f 1867 1850 1833
f 1868 1847 1826
f 1868 1826 1858
f 1868 1858 1839
f 1868 1839 1847
f 1869 1864 1851
f 1869 1851 1862
f 1869 1862 1864
f 1870 1851 1839
f 1870 1839 1865
f 1871 1865 1827
f 1871 1827 1851
f 1871 1870 1865
f 1871 1851 1870
o bunny038
usemtl Material038
v 0.053488364 0.723193368 -0.249826216
v 0.054369239 0.717288397 -0.255770778
v 0.005959917 0.673470635 -0.364646135
v -0.053639254 0.578111961 -0.412325472
v -0.190219673 0.542018115 -0.259632268
v 0.005734714 0.553592948 -0.407267798
v 0.041719420 0.721149972 -0.281207295
v -0.172837597 0.554272292 -0.245447793
v -0.149841946 0.710231300 -0.238665557
v 0.005959917 0.625791298 -0.400405638
v -0.125158260 0.554272292 -0.388485804
v 0.052087559 0.718412610 -0.252009106
v -0.172837597 0.542352458 -0.257367627
v -0.077478923 0.625791298 -0.388485804
v -0.137078094 0.709230138 -0.257367627
v -0.192394328 0.557795299 -0.250354976
v -0.113238425 0.697310303 -0.233527958
v -0.077505797 0.721170064 -0.245709387
v 0.005959917 0.590031795 -0.412325472
v 0.005959917 0.661550801 -0.376565969
v 0.043294192 0.701051810 -0.290042910
v -0.051288140 0.552188685 -0.401248519
v -0.186016043 0.542275419 -0.269809280
v -0.113238425 0.590031795 -0.388485804
v -0.029799586 0.625791298 -0.400405638
v -0.017879751 0.697310303 -0.316966798
v -0.053639254 0.661550801 -0.364646135
v -0.148997928 0.673470635 -0.233527958
v -0.184757431 0.566192127 -0.293127130
v -0.137078094 0.673470635 -0.233527958
v 0.029799586 0.721149972 -0.281207295
v 0.006255049 0.555162584 -0.407033796
v -0.101318591 0.554272292 -0.400405638
v -0.113238425 0.613871464 -0.376565969
v -0.053639254 0.613871464 -0.400405638
v -0.029799586 0.590031795 -0.412325472
v -0.041719420 0.673470635 -0.352726301
v -0.077478923 0.661550801 -0.352726301
v -0.005959917 0.673470635 -0.364646135
v -0.053639254 0.649630966 -0.376565969
v -0.186031160 0.614815460 -0.250339564
v -0.184757431 0.554272292 -0.293127130
v -0.101318591 0.566192127 -0.400405638
v -0.148997928 0.697310303 -0.257367627
v -0.137078094 0.566192127 -0.376565969
v -0.113238425 0.625791298 -0.364646135
v -0.005959917 0.661550801 -0.376565969
v -0.184757431 0.601951629 -0.269287461
v -0.137078094 0.554272292 -0.376565969
v -0.125158260 0.566192127 -0.388485804
v -0.137078094 0.590031795 -0.364646135
v -0.125158260 0.625791298 -0.352726301
v -0.148997928 0.578111961 -0.352726301
f 1878 1872 1873
f 1883 1873 1872
f 1883 1872 1879
f 1883 1877 1873
f 1884 1879 1876
f 1884 1883 1879
f 1884 1877 1883
f 1887 1876 1879
f 1888 1872 1880
f 1889 1880 1872
f 1889 1886 1880
f 1890 1877 1875
f 1891 1874 1878
f 1891 1878 1881
f 1892 1881 1878
f 1892 1878 1873
f 1892 1890 1881
f 1892 1873 1890
f 1894 1884 1876
f 1894 1877 1884
f 1894 1893 1877
f 1895 1885 1875
f 1896 1881 1890
f 1896 1891 1881
f 1899 1887 1879
f 1899 1888 1880
f 1901 1879 1872
f 1901 1872 1888
f 1901 1899 1879
f 1901 1888 1899
f 1902 1889 1872
f 1902 1872 1878
f 1902 1886 1889
f 1902 1897 1886
f 1902 1878 1874
f 1903 1890 1873
f 1903 1873 1877
f 1903 1877 1890
f 1904 1875 1877
f 1904 1877 1893
f 1904 1894 1882
f 1904 1893 1894
f 1905 1885 1895
f 1906 1875 1885
f 1906 1885 1896
f 1907 1896 1890
f 1907 1890 1875
f 1907 1906 1896
f 1907 1875 1906
f 1908 1898 1886
f 1909 1898 1885
f 1909 1886 1898
f 1909 1885 1905
f 1910 1874 1891
f 1910 1898 1908
f 1910 1902 1874
f 1910 1897 1902
f 1910 1908 1886
f 1910 1886 1897
f 1911 1896 1885
f 1911 1885 1898
f 1912 1899 1880
f 1912 1887 1899
f 1913 1894 1876
f 1913 1876 1887
f 1913 1887 1900
f 1914 1895 1875
f 1914 1875 1904
f 1914 1904 1882
f 1915 1880 1886
f 1915 1912 1880
f 1916 1913 1900
f 1917 1909 1905
f 1917 1905 1886
f 1917 1886 1909
f 1918 1910 1891
f 1918 1891 1896
f 1918 1896 1911
f 1918 1911 1898
f 1918 1898 1910
f 1919 1900 1887
f 1919 1887 1912
f 1919 1912 1915
f 1920 1882 1894
f 1920 1894 1913
f 1920 1916 1882
f 1920 1913 1916
f 1921 1914 1882
f 1921 1895 1914
f 1921 1882 1916
f 1921 1905 1895
f 1922 1921 1916
f 1922 1905 1921
f 1922 1919 1915
f 1923 1922 1915
f 1923 1905 1922
f 1923 1915 1886
f 1923 1886 1905
f 1924 1922 1916
f 1924 1916 1900
f 1924 1900 1919
f 1924 1919 1922
o bunny039
usemtl Material039
v -0.506592955 0.685390469 0.505501765
v -0.482698247 0.649518344 0.505103734
v -0.530432624 0.864187983 0.422062925
v -0.662006888 0.745161128 0.398691866
v -0.661550801 0.542352458 0.433982759
v -0.613871464 0.852268148 0.481662096
v -0.527706535 0.873700221 0.471243787
v -0.554272292 0.566192127 0.505501765
v -0.637711132 0.542352458 0.410143091
v -0.637711132 0.828428480 0.422062925
v -0.661550801 0.697310303 0.433982759
v -0.494560894 0.819204427 0.438496872
v -0.557544142 0.857510815 0.480035152
v -0.542352458 0.876107817 0.445902594
v -0.542352458 0.554272292 0.505501765
v -0.649630966 0.613871464 0.457822428
v -0.554272292 0.625791298 0.505501765
v -0.662201484 0.541985071 0.411080094
v -0.637711132 0.733069806 0.398223257
v -0.625791298 0.816508646 0.410143091
v -0.637439216 0.825189768 0.447200540
v -0.494673121 0.816508646 0.457822428
v -0.530432624 0.876107817 0.445902594
v -0.518512790 0.804588811 0.422062925
v -0.613871464 0.852268148 0.469742262
v -0.542352458 0.864187983 0.422062925
v -0.534160136 0.550631295 0.490336206
v -0.613871464 0.554272292 0.469742262
v -0.601951629 0.566192127 0.481662096
v -0.661550801 0.590031795 0.445902594
v -0.542352458 0.649630966 0.505501765
v -0.631923105 0.538890332 0.430892908
v -0.667242561 0.698765047 0.405315125
v -0.649630966 0.697310303 0.398223257
v -0.649361154 0.804635836 0.409971251
v -0.637711132 0.744989640 0.398223257
v -0.661550801 0.744989640 0.422062925
v -0.480204839 0.682505072 0.495268719
v -0.518512790 0.816508646 0.422062925
v -0.526632116 0.557984591 0.496657791
v -0.494673121 0.792668977 0.433982759
v -0.637711132 0.566192127 0.457822428
v -0.661550801 0.625791298 0.445902594
v -0.646579649 0.812689904 0.416542652
v -0.494673121 0.792668977 0.469742262
v -0.482753287 0.673470635 0.481662096
v -0.649630966 0.625791298 0.457822428
f 1931 1925 1926
f 1937 1931 1930
f 1937 1930 1925
f 1937 1925 1931
f 1938 1930 1931
f 1939 1926 1925
f 1939 1925 1932
f 1941 1932 1925
f 1941 1930 1932
f 1945 1935 1930
f 1945 1930 1934
f 1946 1936 1931
f 1947 1936 1927
f 1947 1931 1936
f 1947 1938 1931
f 1947 1927 1938
f 1948 1933 1943
f 1949 1938 1934
f 1949 1934 1930
f 1949 1930 1938
f 1950 1938 1927
f 1950 1934 1938
f 1950 1944 1934
f 1950 1927 1944
f 1952 1939 1932
f 1952 1929 1939
f 1953 1932 1930
f 1953 1930 1940
f 1953 1952 1932
f 1953 1929 1952
f 1955 1941 1925
f 1955 1925 1930
f 1955 1930 1941
f 1956 1942 1933
f 1956 1929 1942
f 1956 1933 1951
f 1956 1951 1939
f 1956 1939 1929
f 1957 1928 1942
f 1957 1942 1929
f 1957 1929 1954
f 1958 1942 1928
f 1958 1943 1933
f 1958 1933 1942
f 1959 1944 1928
f 1959 1934 1944
f 1960 1928 1944
f 1960 1958 1928
f 1960 1943 1958
f 1960 1944 1927
f 1960 1948 1943
f 1961 1935 1945
f 1961 1957 1935
f 1961 1928 1957
f 1961 1959 1928
f 1962 1931 1926
f 1962 1936 1946
f 1963 1960 1927
f 1963 1948 1960
f 1964 1926 1939
f 1964 1939 1951
f 1965 1933 1948
f 1965 1936 1962
f 1965 1948 1963
f 1965 1963 1927
f 1965 1927 1936
f 1966 1954 1929
f 1966 1929 1953
f 1966 1953 1940
f 1966 1940 1954
f 1967 1954 1940
f 1967 1930 1935
f 1967 1957 1954
f 1967 1935 1957
f 1968 1945 1934
f 1968 1934 1959
f 1968 1961 1945
f 1968 1959 1961
f 1969 1962 1946
f 1969 1946 1931
f 1969 1931 1962
f 1970 1964 1951
f 1970 1926 1964
f 1970 1951 1933
f 1970 1933 1965
f 1970 1965 1962
f 1970 1962 1926
f 1971 1967 1940
f 1971 1940 1930
f 1971 1930 1967
o bunny040
usemtl Material040
v -0.784672327 1.109979121 0.080976453
v -0.639970037 0.896958783 -0.048895741
v -0.653316813 1.320597807 -0.017397257
v -0.654655856 1.282583271 -0.056868356
v -0.768829309 0.935706988 -0.007051108
v -0.612362058 1.187126312 -0.064045686
v -0.804588811 1.102584668 0.064467898
v -0.649630966 0.899947485 -0.030890776
v -0.673470635 0.959546657 -0.066650279
v -0.655216594 1.317735726 -0.042954204
v -0.804588811 1.102584668 0.076387732
v -0.768829309 1.054905331 -0.007051108
v -0.768829309 1.090664833 0.076387732
v -0.625791298 1.114504502 -0.042810610
v -0.780749143 0.899947485 0.028708395
v -0.649630966 0.899947485 -0.066650279
v -0.633147748 1.217161131 -0.070158679
v -0.673470635 1.293302016 -0.042810610
v -0.804588811 0.971466491 0.040628229
v -0.733069806 0.995306159 -0.042810610
v -0.649630966 1.233702844 -0.018970942
v -0.613226966 1.114191162 -0.064575351
v -0.744989640 0.899947485 0.040628229
v -0.733069806 0.899947485 -0.018970942
v -0.661550801 0.911867320 -0.066650279
v -0.792668977 1.090664833 0.040628229
v -0.780749143 1.031065662 0.004868726
v -0.792668977 0.923787154 0.028708395
v -0.673470635 1.066825165 -0.066650279
v -0.733069806 1.031065662 -0.042810610
v -0.637711132 0.899947485 -0.066650279
v -0.801931789 0.935850639 0.077435801
v -0.756909475 0.911867320 -0.007051108
v -0.673470635 0.899947485 -0.054730445
v -0.697310303 0.947626822 -0.054730445
v -0.721149972 0.947626822 -0.042810610
v -0.780749143 1.102584668 0.028708395
v -0.780749143 0.935706988 0.004868726
v -0.792668977 1.042985496 0.028708395
v -0.709230138 1.031065662 -0.054730445
v -0.756909475 1.054905331 -0.018970942
v -0.804588811 0.935706988 0.052548063
v -0.772979833 0.904560417 0.046996410
v -0.709230138 0.995306159 -0.054730445
v -0.709230138 0.923787154 -0.042810610
v -0.744989640 0.959546657 -0.030890776
v -0.804588811 0.947626822 0.040628229
v -0.780749143 0.911867320 0.016788561
v -0.804588811 1.042985496 0.052548063
f 1981 1974 1977
f 1982 1972 1974
f 1984 1974 1972
f 1985 1977 1974
f 1985 1984 1979
f 1988 1981 1977
f 1988 1975 1981
f 1989 1974 1981
f 1989 1982 1974
f 1989 1978 1982
f 1989 1981 1975
f 1990 1982 1978
f 1992 1985 1974
f 1992 1974 1984
f 1992 1984 1985
f 1993 1985 1979
f 1993 1979 1973
f 1993 1977 1985
f 1993 1988 1977
f 1994 1986 1973
f 1994 1973 1979
f 1994 1979 1984
f 1995 1973 1986
f 1996 1988 1987
f 1996 1980 1988
f 1997 1978 1989
f 1998 1983 1976
f 1998 1997 1983
f 2000 1988 1980
f 2000 1975 1988
f 2001 1989 1975
f 2002 1993 1973
f 2002 1973 1987
f 2002 1987 1988
f 2002 1988 1993
f 2003 1994 1984
f 2003 1984 1972
f 2003 1972 1982
f 2004 1995 1986
f 2005 1987 1973
f 2005 1973 1995
f 2005 1996 1987
f 2006 1980 1996
f 2007 2006 1996
f 2007 1991 2006
f 2007 2004 1976
f 2008 1997 1989
f 2008 1989 1983
f 2008 1983 1997
f 2009 1998 1976
f 2009 1990 1998
f 2010 1998 1990
f 2010 1978 1997
f 2010 1997 1998
f 2011 2000 1980
f 2011 1991 2001
f 2011 2001 1975
f 2011 1975 2000
f 2012 1983 1989
f 2012 1989 2001
f 2012 2001 1991
f 2012 1991 1976
f 2012 1976 1983
f 2013 2003 1982
f 2013 1982 1990
f 2013 1999 1986
f 2013 1986 2003
f 2014 2003 1986
f 2014 1986 1994
f 2014 1994 2003
f 2015 2006 1991
f 2015 1980 2006
f 2015 2011 1980
f 2015 1991 2011
f 2016 2007 1996
f 2016 1995 2004
f 2016 2004 2007
f 2016 2005 1995
f 2016 1996 2005
f 2017 2007 1976
f 2017 1976 1991
f 2017 1991 2007
f 2018 2009 1999
f 2018 1990 2009
f 2018 2013 1990
f 2018 1999 2013
f 2019 1986 1999
f 2019 1999 2009
f 2019 2004 1986
f 2019 2009 1976
f 2019 1976 2004
f 2020 2010 1990
f 2020 1990 1978
f 2020 1978 2010
o bunny041
usemtl Material041
v 0.270195286 0.531101997 -0.344612725
v 0.268773185 0.219189278 -0.308404865
v 0.268196270 0.423154116 -0.364646135
v 0.053639254 0.590031795 -0.412325472
v 0.220516934 0.148997928 -0.269287461
v 0.065559088 0.303955773 -0.388485804
v 0.184757431 0.566192127 -0.388485804
v 0.268196270 0.232436768 -0.328886632
v 0.268196270 0.280116105 -0.305046964
v 0.067204531 0.606085475 -0.387553834
v 0.148997928 0.482753287 -0.400405638
v 0.268196270 0.518512790 -0.364646135
v 0.148997928 0.315875607 -0.376565969
v 0.232436768 0.148997928 -0.305046964
v 0.231907254 0.127922996 -0.266748987
v 0.184757431 0.578111961 -0.352726301
v 0.053639254 0.292035939 -0.352726301
v 0.101318591 0.601951629 -0.400405638
v 0.065559088 0.482753287 -0.412325472
v 0.160917762 0.542352458 -0.400405638
v 0.208597099 0.578111961 -0.376565969
v 0.125158260 0.292035939 -0.376565969
v 0.208597099 0.327795442 -0.364646135
v 0.137078094 0.458913618 -0.400405638
v 0.078436339 0.219253844 -0.345355306
v 0.244356602 0.530432624 -0.340806467
v 0.054035481 0.602858661 -0.390806104
v 0.041719420 0.351635110 -0.400405638
v 0.160917762 0.530432624 -0.400405638
v 0.148997928 0.566192127 -0.400405638
v 0.089398757 0.566192127 -0.412325472
v 0.221085642 0.578425823 -0.354367236
v 0.053639254 0.351635110 -0.400405638
v 0.184757431 0.172837597 -0.328886632
v 0.256276436 0.339715276 -0.352726301
v 0.077478923 0.494673121 -0.412325472
v 0.220220030 0.126708475 -0.267864113
v 0.051133146 0.281992842 -0.367428058
v 0.053639254 0.482753287 -0.412325472
v 0.041615095 0.423208843 -0.399810306
v 0.125158260 0.590031795 -0.400405638
v 0.125599126 0.602846902 -0.378959010
v 0.089398757 0.244356602 -0.364646135
v 0.148997928 0.268196270 -0.364646135
v 0.232436768 0.172837597 -0.316966798
v 0.089398757 0.518512790 -0.412325472
v 0.053639254 0.280116105 -0.352726301
v 0.160917762 0.172837597 -0.328886632
v 0.053639254 0.303955773 -0.388485804
v 0.052313364 0.598916439 -0.392641241
v 0.065559088 0.590031795 -0.412325472
v 0.125158260 0.220516934 -0.352726301
v 0.076199116 0.222205342 -0.346645737
v 0.040797598 0.328176544 -0.383417633
v 0.041719420 0.387394613 -0.376565969
f 2028 2021 2022
f 2028 2023 2021
f 2029 2022 2021
f 2032 2021 2023
f 2034 2028 2022
f 2035 2022 2029
f 2035 2034 2022
f 2035 2029 2021
f 2036 2030 2025
f 2040 2027 2032
f 2040 2032 2023
f 2041 2032 2027
f 2041 2021 2032
f 2042 2033 2028
f 2043 2028 2033
f 2044 2031 2023
f 2044 2043 2033
f 2044 2023 2043
f 2046 2035 2021
f 2046 2025 2035
f 2046 2036 2025
f 2047 2037 2025
f 2047 2025 2030
f 2047 2038 2024
f 2047 2030 2038
f 2049 2040 2023
f 2049 2023 2031
f 2050 2027 2040
f 2050 2041 2027
f 2051 2039 2024
f 2051 2050 2040
f 2051 2040 2049
f 2052 2021 2041
f 2052 2046 2021
f 2052 2036 2046
f 2053 2042 2026
f 2053 2033 2042
f 2053 2026 2048
f 2053 2044 2033
f 2053 2048 2039
f 2054 2026 2042
f 2055 2043 2023
f 2055 2023 2028
f 2055 2028 2043
f 2056 2031 2044
f 2056 2039 2051
f 2056 2053 2039
f 2056 2044 2053
f 2057 2035 2025
f 2057 2025 2037
f 2057 2034 2035
f 2059 2048 2024
f 2059 2024 2039
f 2059 2039 2048
f 2060 2024 2048
f 2061 2038 2041
f 2061 2041 2050
f 2061 2050 2051
f 2062 2030 2036
f 2062 2036 2052
f 2062 2038 2030
f 2062 2052 2041
f 2062 2041 2038
f 2064 2054 2042
f 2064 2042 2028
f 2064 2028 2054
f 2065 2054 2028
f 2065 2028 2034
f 2065 2034 2054
f 2066 2056 2051
f 2066 2051 2049
f 2066 2049 2031
f 2066 2031 2056
f 2067 2057 2037
f 2067 2045 2057
f 2068 2057 2045
f 2068 2054 2034
f 2068 2034 2057
f 2068 2063 2054
f 2068 2045 2063
f 2069 2048 2026
f 2069 2026 2063
f 2070 2047 2024
f 2070 2024 2060
f 2071 2061 2051
f 2071 2051 2024
f 2071 2024 2038
f 2071 2038 2061
f 2072 2063 2026
f 2072 2026 2054
f 2072 2054 2063
f 2073 2067 2058
f 2073 2045 2067
f 2073 2058 2069
f 2073 2069 2063
f 2073 2063 2045
f 2074 2058 2067
f 2074 2069 2058
f 2074 2048 2069
f 2074 2060 2048
f 2075 2037 2047
f 2075 2047 2070
f 2075 2070 2060
f 2075 2060 2074
f 2075 2074 2067
f 2075 2067 2037
o bunny042
usemtl Material042
v -0.661550801 1.126424336 0.577020770
v -0.661447346 1.101443676 0.574849764
v -0.695694797 1.243178824 0.444057661
v -0.756909475 1.233702844 0.422062925
v -0.828428480 0.935706988 0.493581931
v -0.721149972 1.186023507 0.517421599
v -0.660750490 1.133925285 0.557548212
v -0.721149972 1.078744999 0.588940604
v -0.792668977 0.923787154 0.481662096
v -0.709230138 1.245622679 0.457822428
v -0.780749143 1.102584668 0.517421599
v -0.661550801 1.114504502 0.553181102
v -0.693140566 1.238902245 0.451959152
v -0.709230138 1.078744999 0.588940604
v -0.697310303 1.126424336 0.577020770
v -0.816187356 1.030953813 0.422026896
v -0.756909475 1.233702844 0.433982759
v -0.744989640 1.114504502 0.553181102
v -0.792668977 1.031065662 0.529341433
v -0.697310303 1.221783010 0.445902594
v -0.764037033 0.925749283 0.533333088
v -0.661683647 1.139077680 0.554434811
v -0.822059124 0.921489931 0.458473416
v -0.733069806 1.209863176 0.422062925
v -0.828428480 1.019145828 0.469742262
v -0.721149972 1.233702844 0.469742262
v -0.768829309 1.162183839 0.493581931
v -0.733069806 1.162183839 0.529341433
v -0.721149972 1.102584668 0.577020770
v -0.780749143 0.923787154 0.541261267
v -0.768829309 1.090664833 0.541261267
v -0.706333085 1.055214327 0.584053481
v -0.783058477 1.170140265 0.418214780
v -0.733048241 1.233674725 0.422041232
v -0.828428480 0.995306159 0.493581931
v -0.840348314 0.947626822 0.469742262
v -0.792668977 1.174103673 0.433982759
v -0.709230138 1.150264005 0.553181102
v -0.780749143 0.983386325 0.541261267
v -0.816508646 0.923787154 0.505501765
v -0.773804069 0.920929118 0.524413498
v -0.744989640 1.090664833 0.565100936
v -0.808758334 1.052075120 0.421486751
v -0.780749143 1.078744999 0.529341433
v -0.828428480 0.923787154 0.481662096
v -0.840348314 0.959546657 0.469742262
v -0.827717840 0.983297741 0.433908858
v -0.768829309 1.221783010 0.433982759
v -0.804588811 1.114504502 0.457822428
v -0.792668977 1.138344170 0.469742262
v -0.768829309 1.221783010 0.422062925
v -0.823560589 0.925391958 0.457408534
v -0.780749143 1.138344170 0.493581931
v -0.804588811 1.102584668 0.469742262
f 2082 2076 2077
f 2085 2081 2076
f 2085 2078 2079
f 2087 2082 2077
f 2088 2085 2076
f 2088 2078 2085
f 2088 2087 2078
f 2089 2077 2076
f 2089 2076 2083
f 2090 2083 2076
f 2090 2076 2081
f 2092 2085 2079
f 2095 2087 2084
f 2095 2078 2087
f 2096 2087 2077
f 2096 2084 2087
f 2097 2088 2076
f 2097 2076 2082
f 2097 2082 2087
f 2097 2087 2088
f 2098 2095 2084
f 2098 2091 2095
f 2099 2095 2091
f 2099 2078 2095
f 2101 2092 2081
f 2101 2081 2085
f 2101 2085 2092
f 2103 2093 2090
f 2103 2102 2093
f 2103 2081 2102
f 2104 2093 2083
f 2104 2083 2090
f 2104 2090 2093
f 2105 2094 2080
f 2106 2102 2086
f 2106 2093 2102
f 2107 2096 2077
f 2107 2077 2089
f 2107 2105 2096
f 2107 2089 2083
f 2107 2083 2105
f 2109 2079 2078
f 2109 2078 2099
f 2109 2108 2079
f 2109 2099 2108
f 2110 2080 2094
f 2111 2080 2110
f 2112 2108 2091
f 2113 2103 2090
f 2113 2090 2081
f 2113 2081 2103
f 2114 2105 2083
f 2114 2083 2094
f 2114 2094 2105
f 2115 2105 2080
f 2116 2098 2084
f 2116 2084 2096
f 2116 2096 2105
f 2116 2115 2098
f 2116 2105 2115
f 2117 2106 2094
f 2117 2094 2083
f 2117 2083 2093
f 2117 2093 2106
f 2118 2108 2099
f 2118 2099 2091
f 2118 2091 2108
f 2119 2106 2086
f 2119 2086 2110
f 2119 2110 2094
f 2119 2094 2106
f 2120 2111 2098
f 2120 2080 2111
f 2120 2115 2080
f 2120 2098 2115
f 2121 2111 2110
f 2121 2110 2100
f 2121 2100 2112
f 2122 2091 2098
f 2122 2111 2121
f 2122 2121 2112
f 2122 2112 2091
f 2123 2112 2102
f 2123 2092 2079
f 2123 2102 2081
f 2123 2081 2092
f 2124 2112 2100
f 2124 2100 2110
f 2126 2079 2108
f 2126 2108 2112
f 2126 2123 2079
f 2126 2112 2123
f 2127 2122 2098
f 2127 2098 2111
f 2127 2111 2122
f 2128 2125 2086
f 2128 2086 2102
f 2128 2102 2112
f 2128 2112 2125
f 2129 2124 2110
f 2129 2110 2086
f 2129 2086 2125
f 2129 2125 2112
f 2129 2112 2124
o bunny043
usemtl Material043
v -0.558591465 1.330533191 0.042471737
v -0.494673121 1.281382181 -0.030890776
v -0.518512790 1.448259861 -0.245447793
v -0.623405676 1.478611203 -0.271761991
v -0.655357606 1.316483026 -0.042651398
v -0.506592955 1.376740855 -0.269287461
v -0.566192127 1.484019363 -0.245447793
v -0.518512790 1.329061518 -0.007051108
v -0.660977230 1.315715345 0.040749852
v -0.494673121 1.424420192 -0.257367627
v -0.625791298 1.460179695 -0.269287461
v -0.497455671 1.280984551 -0.114595001
v -0.530432624 1.329061518 0.016788561
v -0.509402572 1.280138095 -0.019374047
v -0.625791298 1.460179695 -0.185848621
v -0.494673121 1.376740855 -0.162008953
v -0.518512790 1.412500358 -0.162008953
v -0.542352458 1.472099529 -0.269287461
v -0.653641101 1.328037218 -0.078676975
v -0.491228359 1.377049120 -0.269215797
v -0.550392714 1.326526460 0.038972348
v -0.494673121 1.293302016 -0.030890776
v -0.566192127 1.352901187 0.028708395
v -0.518512790 1.281382181 -0.066650279
v -0.613871464 1.484019363 -0.233527958
v -0.661550801 1.352901187 -0.042810610
v -0.518512790 1.424420192 -0.185848621
v -0.506592955 1.376740855 -0.126249450
v -0.570890095 1.475121946 -0.272423204
v -0.542352458 1.472099529 -0.257367627
v -0.494673121 1.424420192 -0.269287461
v -0.531421838 1.314734986 0.017242981
v -0.625791298 1.352901187 0.028708395
v -0.530432624 1.412500358 -0.138169284
v -0.625791298 1.484019363 -0.245447793
v -0.566192127 1.436340026 -0.138169284
v -0.661550801 1.329061518 0.040628229
v -0.530432624 1.448259861 -0.209688290
v -0.637711132 1.340981352 0.040628229
v -0.578111961 1.460179695 -0.185848621
v -0.554272292 1.436340026 -0.150089119
v -0.530432624 1.460179695 -0.245447793
v -0.601951629 1.484019363 -0.233527958
f 2140 2133 2135
f 2143 2141 2131
f 2146 2142 2137
f 2148 2140 2135
f 2148 2141 2134
f 2148 2135 2141
f 2149 2131 2141
f 2149 2139 2145
f 2149 2141 2135
f 2150 2130 2138
f 2150 2138 2143
f 2151 2142 2131
f 2151 2137 2142
f 2151 2145 2137
f 2151 2149 2145
f 2151 2131 2149
f 2152 2150 2142
f 2152 2130 2150
f 2153 2143 2138
f 2153 2138 2134
f 2153 2134 2141
f 2153 2141 2143
f 2155 2140 2148
f 2155 2148 2134
f 2155 2134 2138
f 2156 2139 2132
f 2157 2146 2137
f 2157 2137 2145
f 2157 2156 2146
f 2157 2145 2139
f 2157 2139 2156
f 2158 2133 2136
f 2158 2136 2147
f 2158 2149 2135
f 2158 2135 2133
f 2159 2147 2136
f 2160 2139 2149
f 2160 2158 2147
f 2160 2149 2158
f 2161 2131 2142
f 2161 2142 2150
f 2161 2150 2143
f 2161 2143 2131
f 2162 2152 2144
f 2163 2152 2142
f 2163 2142 2146
f 2163 2146 2156
f 2164 2154 2136
f 2164 2136 2133
f 2164 2144 2154
f 2164 2133 2140
f 2164 2140 2155
f 2166 2155 2138
f 2166 2164 2155
f 2166 2144 2164
f 2166 2138 2130
f 2167 2156 2132
f 2167 2163 2156
f 2168 2130 2152
f 2168 2152 2162
f 2168 2166 2130
f 2168 2162 2144
f 2168 2144 2166
f 2169 2165 2136
f 2169 2152 2165
f 2169 2154 2144
f 2169 2144 2152
f 2170 2165 2152
f 2170 2152 2163
f 2170 2163 2167
f 2170 2167 2136
f 2170 2136 2165
f 2171 2167 2132
f 2171 2159 2136
f 2171 2136 2167
f 2171 2132 2139
f 2171 2147 2159
f 2171 2160 2147
f 2171 2139 2160
f 2172 2169 2136
f 2172 2136 2154
f 2172 2154 2169
o bunny044
usemtl Material044
v 0.315875607 0.935706988 -0.114329616
v 0.435073950 0.709230138 -0.197768456
v 0.280116105 0.888027651 -0.197768456
v 0.125921711 0.719731819 -0.261229990
v 0.196677265 0.721149972 -0.221608124
v 0.423154116 0.721149972 -0.233527958
v 0.125158260 0.840348314 -0.233527958
v 0.387394613 0.804588811 -0.150089119
v 0.125158260 0.709230138 -0.245447793
v 0.339715276 0.935706988 -0.150089119
v 0.268196270 0.721149972 -0.257367627
v 0.423154116 0.709230138 -0.197768456
v 0.303955773 0.935706988 -0.114329616
v 0.266919284 0.702822732 -0.252376209
v 0.124402185 0.722669599 -0.253542585
v 0.399314447 0.744989640 -0.233527958
v 0.349023988 0.932507012 -0.121965915
v 0.256276436 0.911867320 -0.185848621
v 0.208597099 0.733069806 -0.257367627
v 0.244356602 0.709230138 -0.221608124
v 0.125158260 0.816508646 -0.209688290
v 0.306766236 0.954547768 -0.120422492
v 0.423154116 0.709230138 -0.233527958
v 0.423154116 0.768829309 -0.209688290
v 0.327795442 0.923787154 -0.162008953
v 0.363554944 0.721149972 -0.245447793
v 0.137078094 0.840348314 -0.233527958
v 0.399314447 0.804588811 -0.150089119
v 0.148997928 0.828428480 -0.197768456
v 0.317672835 0.952052609 -0.118225871
v 0.292035939 0.935706988 -0.162008953
v 0.256548561 0.941047806 -0.143709693
v 0.435073950 0.733069806 -0.221608124
v 0.432507811 0.707253299 -0.214824526
v 0.399314447 0.840348314 -0.173928787
v 0.315875607 0.888027651 -0.185848621
v 0.363554944 0.709230138 -0.245447793
v 0.268196270 0.864187983 -0.209688290
v 0.268196270 0.911867320 -0.185848621
v 0.351635110 0.899947485 -0.126249450
v 0.351635110 0.935706988 -0.138169284
v 0.256276436 0.923787154 -0.138169284
v 0.125537800 0.843047772 -0.213885055
v 0.292555069 0.950032696 -0.129914902
v 0.351635110 0.923787154 -0.150089119
v 0.400409363 0.841411441 -0.152710207
v 0.435073950 0.756909475 -0.209688290
v 0.434064779 0.766320261 -0.181283704
v 0.435073950 0.733069806 -0.185848621
v 0.435073950 0.768829309 -0.197768456
f 2184 2174 2180
f 2185 2180 2173
f 2185 2177 2180
f 2185 2181 2177
f 2186 2174 2184
f 2186 2181 2176
f 2186 2176 2183
f 2187 2179 2176
f 2187 2176 2181
f 2191 2183 2176
f 2192 2184 2180
f 2192 2180 2177
f 2192 2177 2181
f 2192 2186 2184
f 2192 2181 2186
f 2193 2187 2181
f 2193 2179 2187
f 2196 2188 2182
f 2197 2182 2188
f 2198 2188 2178
f 2198 2183 2188
f 2198 2178 2195
f 2199 2188 2183
f 2199 2179 2190
f 2199 2183 2191
f 2199 2191 2176
f 2199 2176 2179
f 2200 2173 2180
f 2200 2180 2174
f 2201 2193 2181
f 2201 2181 2185
f 2201 2185 2193
f 2202 2194 2185
f 2202 2185 2173
f 2202 2173 2189
f 2202 2182 2194
f 2203 2194 2182
f 2203 2182 2197
f 2204 2185 2194
f 2204 2203 2190
f 2204 2190 2179
f 2205 2195 2178
f 2205 2178 2188
f 2205 2188 2196
f 2206 2174 2186
f 2206 2186 2195
f 2206 2205 2174
f 2206 2195 2205
f 2208 2197 2188
f 2208 2188 2175
f 2208 2175 2197
f 2209 2198 2195
f 2209 2195 2186
f 2209 2186 2183
f 2209 2183 2198
f 2210 2199 2175
f 2210 2175 2188
f 2210 2188 2199
f 2211 2199 2190
f 2211 2175 2199
f 2211 2190 2203
f 2211 2203 2197
f 2211 2197 2175
f 2212 2200 2189
f 2212 2189 2173
f 2212 2173 2200
f 2213 2202 2189
f 2213 2182 2202
f 2214 2193 2185
f 2214 2185 2204
f 2215 2204 2179
f 2215 2179 2193
f 2215 2214 2204
f 2215 2193 2214
f 2216 2204 2194
f 2216 2194 2203
f 2216 2203 2204
f 2217 2196 2182
f 2217 2213 2207
f 2217 2182 2213
f 2218 2189 2200
f 2218 2213 2189
f 2218 2207 2213
f 2219 2217 2207
f 2219 2196 2217
f 2219 2205 2196
f 2219 2174 2205
f 2220 2218 2200
f 2221 2220 2200
f 2221 2200 2174
f 2221 2174 2219
f 2222 2219 2207
f 2222 2207 2218
f 2222 2218 2220
f 2222 2221 2219
f 2222 2220 2221
o bunny045
usemtl Material045
v 0.637711132 0.792668977 0.076387732
v 0.685390469 0.470833453 0.016788561
v 0.673470635 0.649630966 -0.007051108
v 0.601951629 0.744989640 -0.090489947
v 0.590031795 0.780749143 0.016788561
v 0.637711132 0.613871464 -0.102409782
v 0.637711132 0.768829309 0.004868726
v 0.685390469 0.625791298 0.040628229
v 0.661550801 0.470833453 0.028708395
v 0.601951629 0.792668977 -0.042810610
v 0.661550801 0.625791298 -0.054730445
v 0.649630966 0.768829309 0.040628229
v 0.685390469 0.625791298 0.028708395
v 0.613871464 0.780749143 0.076387732
v 0.679483914 0.470544989 0.041676126
v 0.662220727 0.470826136 -0.007295471
v 0.590031795 0.792668977 0.016788561
v 0.661550801 0.613871464 -0.054730445
v 0.649630966 0.637711132 -0.078570113
v 0.661550801 0.709230138 0.004868726
v 0.649630966 0.768829309 0.076387732
v 0.637711132 0.792668977 0.040628229
v 0.673470635 0.685390469 0.040628229
v 0.673470635 0.625791298 -0.018970942
v 0.589360903 0.709119201 -0.089949353
v 0.619515707 0.796180010 0.075573311
v 0.637711132 0.625791298 -0.102409782
v 0.661550801 0.649630966 -0.042810610
v 0.637711132 0.721149972 -0.042810610
v 0.645815490 0.743327462 0.076653193
v 0.625791298 0.792668977 0.004868726
v 0.673470635 0.685390469 0.028708395
v 0.685390469 0.542352458 0.016788561
v 0.622097172 0.612591018 -0.099828484
v 0.583689012 0.788852531 -0.040203139
v 0.590031795 0.709230138 -0.066650279
v 0.637711132 0.673470635 -0.078570113
v 0.649630966 0.673470635 -0.054730445
v 0.625791298 0.756909475 0.076387732
v 0.584001674 0.742782231 -0.087254354
v 0.613871464 0.733069806 -0.078570113
f 2235 2230 2224
f 2236 2227 2231
f 2237 2236 2231
f 2237 2224 2230
f 2238 2228 2224
f 2238 2237 2231
f 2238 2224 2237
f 2239 2227 2236
f 2240 2224 2228
f 2241 2240 2228
f 2241 2233 2240
f 2242 2229 2234
f 2243 2234 2223
f 2243 2237 2230
f 2244 2223 2234
f 2244 2234 2229
f 2245 2230 2235
f 2245 2243 2230
f 2245 2234 2243
f 2246 2233 2225
f 2246 2225 2235
f 2246 2240 2233
f 2246 2224 2240
f 2247 2238 2231
f 2248 2232 2239
f 2248 2223 2244
f 2248 2239 2236
f 2248 2236 2223
f 2249 2241 2228
f 2249 2247 2226
f 2250 2225 2233
f 2250 2233 2241
f 2250 2242 2225
f 2251 2229 2242
f 2252 2243 2223
f 2252 2223 2236
f 2252 2237 2243
f 2253 2244 2229
f 2253 2248 2244
f 2253 2232 2248
f 2253 2229 2251
f 2254 2242 2234
f 2254 2234 2245
f 2254 2225 2242
f 2254 2245 2235
f 2254 2235 2225
f 2255 2246 2235
f 2255 2235 2224
f 2255 2224 2246
f 2256 2228 2238
f 2256 2238 2247
f 2256 2249 2228
f 2256 2247 2249
f 2257 2227 2239
f 2257 2239 2232
f 2258 2247 2231
f 2258 2231 2227
f 2259 2249 2226
f 2259 2241 2249
f 2260 2251 2242
f 2260 2242 2250
f 2260 2259 2251
f 2260 2250 2241
f 2260 2241 2259
f 2261 2252 2236
f 2261 2236 2237
f 2261 2237 2252
f 2262 2257 2232
f 2262 2232 2226
f 2262 2226 2247
f 2262 2247 2258
f 2262 2258 2227
f 2262 2227 2257
f 2263 2259 2226
f 2263 2251 2259
f 2263 2253 2251
f 2263 2226 2232
f 2263 2232 2253
o bunny046
usemtl Material046
v -0.751097185 0.649702635 0.319118898
v -0.733903915 0.554069760 0.315155343
v -0.721149972 0.554272292 0.004868726
v -0.744989640 0.554272292 -0.018970942
v -0.804588811 0.613871464 0.195586074
v -0.730160448 0.537537407 0.000545200
v -0.770137404 0.709493653 0.063896371
v -0.744989640 0.649630966 0.302864583
v -0.780749143 0.601951629 0.290944748
v -0.722613923 0.541570147 -0.019673394
v -0.780749143 0.554272292 0.076387732
v -0.782308804 0.709584248 0.243624101
v -0.768829309 0.709230138 0.100227400
v -0.768829309 0.601951629 0.314784417
v -0.745194445 0.542253912 0.267185196
v -0.744989640 0.542352458 -0.018970942
v -0.726220822 0.553109661 -0.021543617
v -0.792668977 0.613871464 0.076387732
v -0.804588811 0.697310303 0.159826572
v -0.804588811 0.661550801 0.219425743
v -0.756909475 0.554272292 0.302864583
v -0.741981543 0.586526955 0.319186808
v -0.780749143 0.649630966 0.302864583
v -0.768829309 0.542352458 0.052548063
v -0.792668977 0.709230138 0.088307566
v -0.792668977 0.590031795 0.076387732
v -0.792668977 0.613871464 0.267105080
v -0.804588811 0.697310303 0.183666240
v -0.768829309 0.578111961 0.302864583
v -0.756909475 0.566192127 0.314784417
v -0.768829309 0.542352458 0.255185246
v -0.768829309 0.649630966 0.314784417
v -0.780749143 0.637711132 0.302864583
v -0.756909475 0.542352458 0.004868726
v -0.792668977 0.578111961 0.100227400
v -0.804588811 0.613871464 0.159826572
v -0.804588811 0.625791298 0.219425743
v -0.768829309 0.566192127 0.290944748
v -0.792668977 0.590031795 0.231345577
v -0.792668977 0.578111961 0.195586074
v -0.780749143 0.578111961 0.267105080
v -0.792668977 0.601951629 0.255185246
v -0.780749143 0.554272292 0.159826572
f 2271 2264 2265
f 2271 2265 2266
f 2273 2266 2265
f 2275 2264 2271
f 2276 2271 2266
f 2276 2266 2270
f 2276 2275 2271
f 2276 2270 2275
f 2278 2273 2265
f 2278 2269 2273
f 2279 2273 2269
f 2280 2270 2266
f 2280 2266 2273
f 2280 2267 2270
f 2280 2279 2267
f 2280 2273 2279
f 2283 2282 2268
f 2285 2265 2264
f 2285 2264 2277
f 2286 2275 2283
f 2288 2270 2267
f 2288 2267 2281
f 2288 2281 2282
f 2288 2275 2270
f 2289 2282 2281
f 2290 2286 2283
f 2291 2283 2275
f 2291 2282 2283
f 2291 2288 2282
f 2291 2275 2288
f 2292 2277 2272
f 2292 2272 2290
f 2293 2284 2265
f 2293 2292 2284
f 2293 2277 2292
f 2293 2285 2277
f 2293 2265 2285
f 2294 2278 2265
f 2294 2265 2284
f 2294 2274 2287
f 2294 2287 2269
f 2294 2269 2278
f 2295 2286 2277
f 2295 2277 2264
f 2295 2264 2275
f 2295 2275 2286
f 2296 2272 2277
f 2296 2277 2286
f 2296 2290 2272
f 2296 2286 2290
f 2297 2279 2269
f 2297 2269 2287
f 2297 2287 2274
f 2297 2274 2289
f 2297 2289 2281
f 2297 2281 2267
f 2297 2267 2279
f 2298 2289 2274
f 2299 2268 2282
f 2299 2282 2289
f 2299 2298 2268
f 2299 2289 2298
f 2300 2290 2283
f 2300 2283 2268
f 2301 2294 2284
f 2301 2284 2292
f 2303 2298 2274
f 2303 2294 2302
f 2303 2302 2268
f 2303 2268 2298
f 2304 2294 2301
f 2304 2302 2294
f 2304 2301 2292
f 2304 2292 2290
f 2305 2290 2300
f 2305 2300 2268
f 2305 2268 2302
f 2305 2304 2290
f 2305 2302 2304
f 2306 2303 2274
f 2306 2274 2294
f 2306 2294 2303
o bunny047
usemtl Material047
v -0.359338026 1.194819333 0.050110875
v -0.339715276 1.042985496 0.028708395
v -0.375278726 1.246131869 -0.006136419
v -0.501544421 1.278262345 -0.056283151
v -0.494673121 1.269462347 0.016788561
v -0.446993784 0.971466491 -0.090489947
v -0.346381307 1.212184285 0.026604013
v -0.351635110 1.078744999 0.052548063
v -0.411234281 1.281382181 0.004868726
v -0.339836427 1.035314258 -0.022119027
v -0.387394613 1.042985496 -0.054730445
v -0.482753287 0.959546657 -0.066650279
v -0.375474779 1.197943342 0.052548063
v -0.336996563 1.079964380 0.051887970
v -0.407916984 1.281066989 -0.014271588
v -0.496172898 1.287230016 0.011373700
v -0.446993784 0.959546657 -0.066650279
v -0.351386157 1.219745287 0.014798860
v -0.482753287 1.257542513 -0.054730445
v -0.363554944 1.042985496 -0.042810610
v -0.518512790 1.269462347 -0.007051108
v -0.482753287 0.983386325 -0.090489947
v -0.375474779 1.126424336 0.052548063
v -0.351635110 1.042985496 0.028708395
v -0.350112346 1.109550732 0.055403647
v -0.334997125 1.040082570 -0.010208277
v -0.508564239 1.285899209 -0.040562538
v -0.446150440 0.956902728 -0.088049861
v -0.339715276 1.054905331 -0.018970942
v -0.482753287 1.186023507 -0.066650279
v -0.518512790 1.269462347 -0.042810610
v -0.362491294 1.174384651 0.054220195
v -0.503983103 1.282567156 -0.054140697
v -0.511835777 1.287086643 -0.012698318
v -0.482862712 0.958021052 -0.084378655
v -0.470833453 0.983386325 -0.090489947
f 2315 2307 2313
f 2319 2307 2315
f 2320 2313 2307
f 2320 2314 2308
f 2321 2309 2317
f 2322 2319 2315
f 2322 2311 2319
f 2322 2315 2321
f 2323 2308 2318
f 2324 2309 2321
f 2324 2321 2315
f 2324 2315 2313
f 2325 2317 2312
f 2325 2321 2317
f 2325 2310 2321
f 2326 2312 2317
f 2326 2317 2309
f 2327 2318 2311
f 2327 2311 2322
f 2329 2318 2314
f 2329 2311 2318
f 2329 2319 2311
f 2330 2318 2308
f 2330 2308 2314
f 2330 2314 2318
f 2331 2314 2320
f 2331 2329 2314
f 2331 2320 2307
f 2332 2313 2320
f 2332 2320 2308
f 2332 2308 2323
f 2333 2322 2321
f 2334 2332 2323
f 2334 2316 2332
f 2334 2326 2316
f 2334 2312 2326
f 2334 2323 2318
f 2334 2328 2312
f 2335 2309 2324
f 2335 2326 2309
f 2335 2316 2326
f 2335 2332 2316
f 2335 2324 2313
f 2335 2313 2332
f 2336 2325 2312
f 2336 2310 2325
f 2338 2319 2329
f 2338 2329 2331
f 2338 2331 2307
f 2338 2307 2319
f 2339 2333 2321
f 2339 2321 2310
f 2339 2337 2333
f 2339 2310 2328
f 2339 2328 2337
f 2340 2327 2322
f 2340 2322 2333
f 2340 2337 2327
f 2340 2333 2337
f 2341 2334 2318
f 2341 2328 2334
f 2341 2337 2328
f 2341 2318 2327
f 2341 2327 2337
f 2342 2328 2310
f 2342 2310 2336
f 2342 2336 2312
f 2342 2312 2328
o bunny048
usemtl Material048
v -0.077478923 0.744989640 0.505501765
v -0.077478923 0.649630966 0.517421599
v -0.113238425 0.804588811 0.433982759
v -0.495573889 0.795300501 0.451259693
v -0.470833453 0.744989640 0.493581931
v -0.280116105 0.709230138 0.457822428
v -0.125158260 0.828428480 0.457822428
v -0.077478923 0.780749143 0.457822428
v -0.089398757 0.685390469 0.517421599
v -0.089398757 0.649630966 0.493581931
v -0.256276436 0.768829309 0.433982759
v -0.494673121 0.709230138 0.469742262
v -0.124072544 0.824845686 0.439652150
v -0.089398757 0.780749143 0.493581931
v -0.494673121 0.792668977 0.469742262
v -0.072930028 0.681969955 0.513886628
v -0.137078094 0.649630966 0.517421599
v -0.089398757 0.744989640 0.505501765
v -0.077478923 0.661550801 0.493581931
v -0.268196270 0.792668977 0.433982759
v -0.208597099 0.768829309 0.433982759
v -0.531617105 0.758210972 0.461256435
v -0.089286753 0.828232831 0.445595674
v -0.101318591 0.816508646 0.469742262
v -0.494673121 0.768829309 0.481662096
v -0.075883794 0.788952121 0.474138475
v -0.137078094 0.673470635 0.517421599
v -0.494673121 0.721149972 0.493581931
v -0.149450204 0.648433482 0.501988043
v -0.077478923 0.649630966 0.505501765
v -0.089398757 0.792668977 0.445902594
v -0.268196270 0.780749143 0.433982759
v -0.149780140 0.819089897 0.438485939
v -0.256276436 0.709230138 0.457822428
v -0.089398757 0.816508646 0.469742262
v -0.518512790 0.756909475 0.481662096
v -0.077478923 0.780749143 0.493581931
v -0.086461292 0.823297276 0.449772985
v -0.492754936 0.706089950 0.484512010
v -0.529766501 0.743886487 0.466029022
v -0.531674957 0.747047045 0.464747703
v -0.518512790 0.744989640 0.481662096
f 2354 2353 2348
f 2354 2348 2352
f 2355 2346 2349
f 2357 2349 2346
f 2358 2351 2344
f 2358 2343 2351
f 2359 2344 2351
f 2360 2351 2343
f 2360 2347 2351
f 2360 2356 2347
f 2360 2343 2356
f 2361 2350 2358
f 2362 2345 2353
f 2363 2348 2353
f 2363 2353 2345
f 2363 2345 2352
f 2364 2346 2353
f 2364 2353 2354
f 2364 2357 2346
f 2365 2345 2355
f 2365 2355 2349
f 2366 2357 2356
f 2366 2349 2357
f 2367 2347 2356
f 2367 2356 2357
f 2368 2358 2350
f 2369 2359 2351
f 2369 2351 2347
f 2370 2369 2347
f 2370 2359 2369
f 2371 2354 2352
f 2371 2344 2359
f 2372 2352 2361
f 2372 2371 2352
f 2372 2344 2371
f 2372 2361 2358
f 2372 2358 2344
f 2373 2350 2361
f 2373 2365 2350
f 2373 2345 2365
f 2373 2361 2352
f 2373 2352 2345
f 2374 2362 2353
f 2374 2353 2346
f 2374 2346 2362
f 2375 2355 2345
f 2375 2345 2362
f 2375 2362 2346
f 2375 2346 2355
f 2376 2363 2352
f 2376 2352 2348
f 2376 2348 2363
f 2377 2365 2349
f 2377 2349 2366
f 2377 2366 2356
f 2378 2367 2357
f 2378 2357 2364
f 2378 2370 2347
f 2378 2347 2367
f 2379 2343 2358
f 2379 2358 2368
f 2379 2377 2356
f 2379 2356 2343
f 2380 2368 2350
f 2380 2350 2365
f 2380 2365 2377
f 2380 2379 2368
f 2380 2377 2379
f 2381 2359 2370
f 2381 2371 2359
f 2381 2354 2371
f 2382 2354 2381
f 2383 2378 2364
f 2383 2364 2354
f 2383 2354 2382
f 2384 2370 2378
f 2384 2383 2382
f 2384 2378 2383
f 2384 2382 2381
f 2384 2381 2370
o bunny049
usemtl Material049
v -0.375464521 0.017711846 0.493622622
v -0.195675101 0.014738841 0.445199300
v -0.523778441 0.031073460 0.200194075
v -0.545126606 0.007191588 0.126175991
v -0.315875607 -0.005959917 0.326704251
v -0.244356602 0.029799586 0.279024914
v -0.506736753 0.016867026 0.445948116
v -0.244356602 -0.005959917 0.326704251
v -0.518512790 0.017879751 0.124067069
v -0.256276436 0.029799586 0.290944748
v -0.435103442 0.017069720 0.493741322
v -0.544938950 0.013985478 0.162069801
v -0.542352458 -0.005959917 0.135986903
v -0.376149910 0.017011055 0.490903715
v -0.196507016 0.012981265 0.338841836
v -0.506592955 0.029799586 0.183666240
v -0.197009858 0.014966251 0.446135999
v -0.470974650 0.016364833 0.482165148
v -0.434686174 0.016610770 0.491486136
v -0.411299955 0.002638669 0.124017504
v -0.518512790 0.029799586 0.183666240
v -0.446993784 -0.005959917 0.243265411
v -0.470482208 0.015607385 0.479763740
v -0.542352458 -0.005959917 0.124067069
v -0.244356602 -0.005959917 0.290944748
v -0.458913618 -0.005959917 0.231345577
v -0.351635110 -0.005959917 0.314784417
v -0.238918552 0.007529376 0.287787441
f 2393 2388 2387
f 2394 2390 2387
f 2395 2394 2387
f 2395 2385 2394
f 2396 2391 2387
f 2396 2387 2388
f 2397 2392 2389
f 2397 2396 2388
f 2397 2391 2396
f 2398 2392 2386
f 2398 2386 2385
f 2398 2385 2395
f 2399 2390 2386
f 2399 2386 2392
f 2400 2387 2390
f 2400 2390 2393
f 2401 2394 2385
f 2401 2385 2386
f 2401 2386 2390
f 2401 2390 2394
f 2402 2395 2387
f 2402 2387 2391
f 2403 2389 2392
f 2403 2398 2395
f 2403 2392 2398
f 2404 2393 2390
f 2405 2400 2393
f 2405 2393 2387
f 2405 2387 2400
f 2406 2397 2389
f 2407 2402 2391
f 2407 2391 2397
f 2407 2389 2403
f 2407 2403 2395
f 2407 2395 2402
f 2408 2397 2388
f 2408 2388 2393
f 2408 2393 2404
f 2408 2392 2397
f 2409 2399 2392
f 2409 2408 2404
f 2409 2392 2408
f 2410 2407 2397
f 2410 2397 2406
f 2410 2406 2407
f 2411 2407 2406
f 2411 2406 2389
f 2411 2389 2407
f 2412 2409 2404
f 2412 2404 2390
f 2412 2390 2399
f 2412 2399 2409
o bunny050
usemtl Material050
v -0.637711132 1.054905331 0.600860439
v -0.613871464 0.852268148 0.553181102
v -0.613788250 0.851159493 0.517997066
v -0.823560589 0.925391958 0.457408534
v -0.756909475 0.911867320 0.553181102
v -0.780749143 0.852268148 0.481662096
v -0.612990857 1.055420972 0.580669252
v -0.637711132 0.911867320 0.600860439
v -0.744989640 1.066825165 0.577020770
v -0.733069806 0.840348314 0.493581931
v -0.804588811 0.888027651 0.505501765
v -0.733069806 0.864187983 0.457822428
v -0.613086578 0.853730908 0.522849521
v -0.744989640 0.876107817 0.541261267
v -0.613871464 1.031065662 0.600860439
v -0.744989640 1.054905331 0.529341433
v -0.733069806 1.066825165 0.577020770
v -0.697310303 1.007225994 0.600860439
v -0.721149972 0.840348314 0.493581931
v -0.828428480 0.899947485 0.457822428
v -0.792668977 0.911867320 0.529341433
v -0.734582994 0.846959516 0.459399134
v -0.613871464 0.911867320 0.600860439
v -0.661550801 0.899947485 0.588940604
v -0.673470635 0.852268148 0.541261267
v -0.756909475 0.852268148 0.505501765
v -0.780749143 1.042985496 0.541261267
v -0.804588811 0.923787154 0.457822428
v -0.731358281 1.065805508 0.562634571
v -0.697310303 1.054905331 0.600860439
v -0.744989640 1.007225994 0.577020770
v -0.804588811 0.876107817 0.493581931
v -0.780749143 0.852268148 0.457822428
v -0.828428480 0.911867320 0.481662096
v -0.768829309 0.899947485 0.541261267
v -0.613871464 0.888027651 0.588940604
v -0.744989640 0.899947485 0.553181102
v -0.721149972 0.995306159 0.588940604
v -0.637711132 0.852268148 0.553181102
v -0.744989640 0.864187983 0.529341433
v -0.733069806 0.852268148 0.517421599
v -0.766206471 1.054357824 0.527166458
v -0.768829309 0.935706988 0.553181102
v -0.792668977 0.888027651 0.517421599
v -0.804588811 0.911867320 0.517421599
v -0.828428480 0.899947485 0.469742262
v -0.828428480 0.923787154 0.481662096
v -0.637711132 0.888027651 0.588940604
v -0.649630966 0.864187983 0.565100936
v -0.804588811 0.923787154 0.517421599
v -0.649630966 0.876107817 0.577020770
f 2424 2419 2415
f 2425 2414 2415
f 2425 2415 2419
f 2427 2419 2413
f 2427 2413 2420
f 2428 2419 2424
f 2429 2421 2413
f 2429 2413 2419
f 2430 2420 2413
f 2431 2415 2414
f 2431 2414 2422
f 2434 2431 2422
f 2434 2424 2415
f 2434 2415 2431
f 2435 2425 2419
f 2435 2419 2427
f 2435 2427 2420
f 2436 2420 2430
f 2438 2418 2422
f 2440 2428 2424
f 2440 2424 2416
f 2441 2421 2429
f 2441 2429 2419
f 2441 2419 2428
f 2442 2430 2413
f 2442 2413 2421
f 2442 2421 2430
f 2443 2430 2421
f 2444 2418 2438
f 2445 2432 2416
f 2445 2416 2424
f 2445 2424 2434
f 2445 2444 2432
f 2445 2418 2444
f 2445 2434 2422
f 2445 2422 2418
f 2446 2444 2423
f 2447 2426 2417
f 2447 2417 2433
f 2448 2414 2425
f 2448 2425 2435
f 2448 2435 2420
f 2449 2436 2417
f 2449 2417 2426
f 2449 2426 2436
f 2450 2436 2430
f 2450 2417 2436
f 2450 2430 2443
f 2451 2437 2422
f 2451 2422 2414
f 2451 2414 2448
f 2453 2438 2422
f 2453 2422 2437
f 2453 2452 2438
f 2453 2437 2452
f 2454 2416 2439
f 2454 2440 2416
f 2454 2428 2440
f 2454 2439 2421
f 2454 2441 2428
f 2454 2421 2441
f 2455 2433 2417
f 2455 2450 2443
f 2455 2417 2450
f 2455 2439 2433
f 2455 2443 2421
f 2455 2421 2439
f 2456 2423 2444
f 2456 2426 2447
f 2456 2447 2433
f 2456 2452 2426
f 2456 2444 2438
f 2456 2438 2452
f 2457 2446 2423
f 2457 2433 2439
f 2457 2456 2433
f 2457 2423 2456
f 2458 2446 2432
f 2458 2432 2444
f 2458 2444 2446
f 2459 2439 2416
f 2459 2416 2432
f 2459 2432 2446
f 2459 2446 2457
f 2460 2448 2420
f 2460 2420 2436
f 2460 2451 2448
f 2461 2452 2437
f 2461 2426 2452
f 2461 2437 2451
f 2461 2451 2460
f 2462 2459 2457
f 2462 2457 2439
f 2462 2439 2459
f 2463 2460 2436
f 2463 2436 2426
f 2463 2461 2460
f 2463 2426 2461
o bunny051
usemtl Material051
v 0.376978097 0.026914718 0.446770560
v 0.602753605 0.051979603 0.171796001
v 0.590031795 0.065559088 0.100227400
v 0.461513332 0.045427797 -0.002246769
v 0.506592955 0.005959917 0.100227400
v 0.458913618 0.053639254 0.016788561
v 0.435854823 0.040703242 0.350826656
v 0.530432624 0.017879751 0.219425743
v 0.338107041 0.012107555 0.251497893
v 0.601951629 0.041719420 0.052548063
v 0.602169388 0.065133931 0.040424327
v 0.339715276 0.029799586 0.422062925
v 0.590031795 0.029799586 0.171746406
v 0.351635110 0.005959917 0.445902594
v 0.446993784 0.005959917 0.040628229
v 0.436132998 0.036171467 0.002676686
v 0.578111961 0.065559088 0.064467898
v 0.495390586 0.051969537 0.003243072
v 0.606772904 0.055213298 0.098638950
v 0.411234281 0.041719420 0.112147235
v 0.506592955 0.005959917 0.159826572
v 0.554272292 0.017879751 0.088307566
v 0.339715276 0.005959917 0.445902594
v 0.363554944 0.005959917 0.433982759
v 0.494673121 0.029799586 0.004868726
v 0.411234281 0.005959917 0.088307566
v 0.542352458 0.017879751 0.195586074
v 0.590031795 0.029799586 0.100227400
v 0.470833453 0.005959917 0.052548063
v 0.554272292 0.017879751 0.159826572
v 0.341347374 0.019276656 0.447443413
v 0.482753287 0.005959917 0.207505909
v 0.590031795 0.041719420 0.040628229
v 0.458913618 0.017879751 0.016788561
v 0.428939925 0.025362908 0.020952638
v 0.506592955 0.017879751 0.040628229
v 0.434225005 0.034246887 0.006625891
v 0.518512790 0.029799586 0.016788561
v 0.566192127 0.029799586 0.052548063
f 2470 2464 2465
f 2470 2465 2466
f 2474 2466 2465
f 2475 2464 2470
f 2475 2470 2466
f 2476 2465 2464
f 2476 2473 2465
f 2478 2468 2477
f 2479 2469 2467
f 2480 2474 2469
f 2480 2466 2474
f 2480 2475 2466
f 2480 2469 2475
f 2481 2467 2469
f 2481 2469 2474
f 2482 2474 2465
f 2482 2465 2473
f 2482 2473 2474
f 2483 2475 2469
f 2483 2472 2475
f 2483 2479 2472
f 2483 2469 2479
f 2484 2477 2468
f 2485 2484 2468
f 2486 2475 2472
f 2486 2478 2477
f 2487 2476 2464
f 2487 2464 2477
f 2487 2471 2476
f 2487 2477 2484
f 2488 2467 2481
f 2488 2481 2474
f 2488 2479 2467
f 2489 2486 2472
f 2489 2478 2486
f 2490 2476 2471
f 2490 2471 2484
f 2491 2485 2473
f 2491 2473 2476
f 2491 2476 2485
f 2492 2485 2468
f 2492 2468 2478
f 2492 2478 2488
f 2493 2485 2476
f 2493 2484 2485
f 2493 2490 2484
f 2493 2476 2490
f 2494 2486 2477
f 2494 2477 2464
f 2494 2464 2475
f 2494 2475 2486
f 2495 2487 2484
f 2495 2484 2471
f 2495 2471 2487
f 2496 2488 2474
f 2496 2474 2473
f 2497 2488 2478
f 2497 2479 2488
f 2498 2478 2489
f 2498 2497 2478
f 2498 2479 2497
f 2498 2489 2472
f 2499 2492 2488
f 2500 2498 2472
f 2500 2472 2479
f 2500 2479 2498
f 2501 2499 2488
f 2501 2488 2496
f 2502 2496 2473
f 2502 2473 2485
f 2502 2485 2492
f 2502 2492 2499
f 2502 2501 2496
f 2502 2499 2501
o bunny052
usemtl Material052
v -0.630036060 1.373510280 -0.074373172
v -0.613871464 1.388660689 -0.114329616
v -0.578111961 1.495939198 -0.269287461
v -0.578111961 1.615137540 -0.626882488
v -0.620093366 1.328628147 -0.294054177
v -0.661550801 1.591297872 -0.507684146
v -0.613871464 1.436340026 -0.138169284
v -0.637711132 1.340981352 -0.078570113
v -0.568835360 1.489810473 -0.318869886
v -0.578111961 1.615137540 -0.543443649
v -0.578111961 1.472099529 -0.591122986
v -0.621873056 1.382602472 -0.082129808
v -0.649630966 1.388660689 -0.078570113
v -0.566192127 1.507859032 -0.316966798
v -0.625791298 1.615137540 -0.543443649
v -0.673470635 1.567458203 -0.543443649
v -0.563210781 1.460668919 -0.577908250
v -0.611890816 1.407636218 -0.116949011
v -0.637711132 1.460179695 -0.197768456
v -0.637711132 1.400580524 -0.090489947
v -0.653442397 1.329555096 -0.078518620
v -0.566192127 1.615137540 -0.555363483
v -0.625791298 1.507859032 -0.293127130
v -0.625791298 1.567458203 -0.591122986
v -0.649630966 1.603217706 -0.567283317
v -0.685390469 1.472099529 -0.436165141
v -0.591034159 1.412404053 -0.484090265
v -0.554272292 1.495939198 -0.579203151
v -0.556901604 1.495467375 -0.604414467
v -0.685390469 1.531698700 -0.424245306
v -0.625791298 1.436340026 -0.138169284
v -0.661550801 1.364821021 -0.078570113
v -0.633843674 1.322173521 -0.201470286
v -0.601951629 1.507859032 -0.293127130
v -0.649630966 1.591297872 -0.495764312
v -0.578111961 1.567458203 -0.626882488
v -0.625791298 1.615137540 -0.579203151
v -0.625791298 1.591297872 -0.591122986
v -0.673470635 1.579378037 -0.543443649
v -0.649630966 1.603217706 -0.531523815
v -0.685390469 1.519778866 -0.495764312
v -0.578111961 1.460179695 -0.579203151
v -0.673470635 1.424420192 -0.376565969
v -0.554272292 1.543618535 -0.591122986
v -0.560560831 1.473023597 -0.588677119
v -0.673470635 1.555538369 -0.448084975
v -0.637711132 1.424420192 -0.126249450
v -0.661550801 1.436340026 -0.185848621
v -0.685390469 1.412500358 -0.281207295
v -0.653641101 1.328037218 -0.078676975
v -0.578111961 1.531698700 -0.614962654
v -0.558491914 1.569374327 -0.619151060
v -0.637711132 1.603217706 -0.579203151
v -0.673470635 1.579378037 -0.519603980
v -0.673470635 1.543618535 -0.531523815
v -0.685390469 1.543618535 -0.495764312
v -0.673470635 1.495939198 -0.483844478
v -0.554272292 1.519778866 -0.579203151
v -0.685390469 1.495939198 -0.364646135
v -0.661550801 1.472099529 -0.257367627
v -0.673470635 1.340981352 -0.209688290
v -0.566192127 1.615137540 -0.626882488
v -0.685390469 1.543618535 -0.460004809
v -0.673470635 1.448259861 -0.245447793
f 2510 2507 2504
f 2511 2504 2507
f 2514 2510 2504
f 2514 2503 2510
f 2515 2503 2514
f 2516 2504 2511
f 2517 2512 2506
f 2519 2511 2507
f 2520 2505 2509
f 2520 2509 2514
f 2520 2516 2505
f 2520 2514 2504
f 2520 2504 2516
f 2522 2515 2514
f 2522 2514 2509
f 2524 2512 2505
f 2524 2505 2516
f 2524 2506 2512
f 2525 2512 2517
f 2526 2513 2518
f 2529 2519 2507
f 2530 2516 2511
f 2530 2511 2519
f 2533 2522 2509
f 2533 2525 2521
f 2533 2509 2525
f 2534 2523 2503
f 2534 2503 2515
f 2535 2507 2510
f 2536 2525 2509
f 2536 2509 2505
f 2536 2505 2512
f 2536 2512 2525
f 2537 2525 2517
f 2537 2508 2521
f 2537 2521 2525
f 2538 2526 2506
f 2539 2527 2517
f 2539 2517 2506
f 2539 2506 2527
f 2540 2506 2526
f 2541 2527 2518
f 2541 2508 2527
f 2542 2527 2508
f 2542 2517 2527
f 2542 2537 2517
f 2542 2508 2537
f 2543 2541 2518
f 2543 2528 2532
f 2544 2513 2519
f 2544 2519 2529
f 2544 2529 2528
f 2544 2543 2513
f 2545 2529 2507
f 2545 2528 2529
f 2546 2524 2516
f 2546 2530 2531
f 2547 2519 2513
f 2547 2513 2531
f 2547 2531 2530
f 2547 2530 2519
f 2548 2521 2508
f 2548 2508 2532
f 2549 2533 2521
f 2549 2515 2522
f 2549 2522 2533
f 2550 2534 2515
f 2550 2515 2549
f 2550 2549 2521
f 2551 2532 2528
f 2552 2535 2510
f 2552 2523 2534
f 2552 2510 2503
f 2552 2503 2523
f 2553 2513 2526
f 2553 2526 2538
f 2553 2538 2531
f 2553 2531 2513
f 2554 2531 2538
f 2554 2546 2531
f 2554 2524 2546
f 2555 2527 2506
f 2555 2506 2540
f 2555 2540 2526
f 2555 2526 2518
f 2555 2518 2527
f 2556 2508 2541
f 2557 2543 2518
f 2557 2518 2513
f 2557 2513 2543
f 2558 2543 2532
f 2558 2541 2543
f 2558 2556 2541
f 2559 2544 2528
f 2559 2528 2543
f 2559 2543 2544
f 2560 2546 2516
f 2560 2516 2530
f 2560 2530 2546
f 2561 2550 2532
f 2561 2551 2534
f 2561 2532 2551
f 2562 2550 2521
f 2562 2521 2548
f 2562 2548 2532
f 2562 2532 2550
f 2563 2551 2528
f 2563 2528 2545
f 2563 2545 2507
f 2563 2507 2535
f 2563 2535 2552
f 2563 2552 2534
f 2563 2534 2551
f 2564 2554 2538
f 2564 2538 2506
f 2564 2506 2524
f 2564 2524 2554
f 2565 2558 2532
f 2565 2556 2558
f 2565 2532 2508
f 2565 2508 2556
f 2566 2561 2534
f 2566 2534 2550
f 2566 2550 2561
o bunny053
usemtl Material053
v -0.159917193 1.010427176 0.183870453
v -0.077478923 0.971466491 -0.018970942
v -0.327795442 1.090664833 0.028708395
v -0.256473768 1.006527500 -0.054458013
v -0.148997928 0.959546657 -0.042810610
v -0.076149675 0.975013568 -0.050747981
v -0.303955773 1.031065662 0.183666240
v -0.077478923 0.959546657 -0.042810610
v -0.232436768 1.019145828 -0.054730445
v -0.147985991 0.968868631 -0.060043082
v -0.089116670 1.006050351 0.052803439
v -0.292035939 1.066825165 0.183666240
v -0.339836427 1.035314258 -0.022119027
v -0.196677265 1.007225994 0.183666240
v -0.076223399 0.984273441 -0.027198598
v -0.077478923 0.959546657 -0.054730445
v -0.339715276 1.078744999 0.112147235
v -0.330601805 1.095151991 0.111011135
v -0.172837597 1.031065662 0.171746406
v -0.327795442 1.019145828 -0.018970942
v -0.339715276 1.054905331 -0.018970942
v -0.268196270 1.019145828 0.183666240
v -0.076626934 0.987819442 -0.016465458
v -0.089398757 1.007225994 0.004868726
v -0.307463270 1.064532456 0.183551630
v -0.339715276 1.031065662 0.016788561
v -0.344159323 1.094226734 0.050494818
v -0.184757431 1.031065662 0.183666240
v -0.327795442 1.054905331 -0.018970942
v -0.327795442 1.019145828 -0.007051108
v -0.315875607 1.090664833 0.076387732
v -0.351635110 1.078744999 0.064467898
v -0.341645735 1.095424354 0.061724288
v -0.346533847 1.087308909 0.033285340
v -0.351635110 1.078744999 0.052548063
f 2574 2568 2567
f 2575 2569 2572
f 2576 2571 2570
f 2576 2575 2572
f 2576 2570 2575
f 2577 2567 2568
f 2578 2573 2567
f 2580 2574 2567
f 2580 2571 2574
f 2581 2574 2572
f 2581 2568 2574
f 2582 2574 2571
f 2582 2571 2576
f 2582 2576 2572
f 2582 2572 2574
f 2585 2567 2577
f 2585 2584 2578
f 2585 2577 2584
f 2586 2579 2570
f 2586 2570 2571
f 2587 2575 2570
f 2587 2570 2579
f 2588 2571 2580
f 2588 2580 2567
f 2588 2567 2573
f 2589 2577 2568
f 2589 2568 2581
f 2590 2581 2572
f 2590 2572 2569
f 2590 2589 2581
f 2590 2577 2589
f 2591 2583 2573
f 2591 2573 2578
f 2591 2584 2583
f 2591 2578 2584
f 2592 2579 2586
f 2594 2585 2578
f 2594 2578 2567
f 2594 2567 2585
f 2595 2587 2569
f 2595 2569 2575
f 2595 2575 2587
f 2596 2586 2571
f 2596 2571 2588
f 2596 2588 2573
f 2596 2592 2586
f 2596 2573 2592
f 2597 2584 2577
f 2597 2577 2590
f 2597 2590 2569
f 2598 2592 2573
f 2598 2573 2583
f 2598 2583 2584
f 2599 2569 2593
f 2599 2597 2569
f 2599 2584 2597
f 2599 2598 2584
f 2599 2593 2598
f 2600 2593 2569
f 2600 2569 2587
f 2601 2579 2592
f 2601 2592 2598
f 2601 2587 2579
f 2601 2600 2587
f 2601 2598 2593
f 2601 2593 2600
o bunny054
usemtl Material054
v -0.205879256 0.123083955 0.491736616
v -0.196677265 0.005959917 0.493581931
v -0.207309634 0.187031602 0.438671459
v -0.468368652 0.144097989 0.433262066
v -0.458913618 0.029799586 0.529341433
v -0.195675101 0.014738841 0.445199300
v -0.206098379 0.177251320 0.443082614
v -0.351635110 0.065559088 0.529341433
v -0.315875607 0.172837597 0.422062925
v -0.470482208 0.015607385 0.479763740
v -0.208597099 0.184757431 0.457822428
v -0.196677265 0.029799586 0.457822428
v -0.363554944 0.017879751 0.529341433
v -0.197916897 0.018940455 0.494451872
v -0.435073950 0.137078094 0.505501765
v -0.339853970 0.014121037 0.445785827
v -0.470833453 0.089398757 0.517421599
v -0.435073950 0.172837597 0.445902594
v -0.351635110 0.029799586 0.529341433
v -0.446993784 0.005959917 0.505501765
v -0.387394613 0.101318591 0.529341433
v -0.473352210 0.141307272 0.434540834
v -0.470833453 0.017879751 0.517421599
v -0.339715276 0.184757431 0.445902594
v -0.435073950 0.172837597 0.433982759
v -0.363554944 0.005959917 0.505501765
v -0.470833453 0.005959917 0.493581931
v -0.375474779 0.137078094 0.505501765
v -0.435073950 0.101318591 0.529341433
v -0.470833453 0.148997928 0.469742262
v -0.446993784 0.017879751 0.529341433
v -0.315875607 0.184757431 0.457822428
v -0.315875607 0.184757431 0.422062925
v -0.341249491 0.185258831 0.426214322
v -0.458913618 0.125158260 0.505501765
v -0.458913618 0.089398757 0.529341433
v -0.470833453 0.113238425 0.505501765
v -0.458913618 0.148997928 0.481662096
v -0.458913618 0.160917762 0.457822428
v -0.454111074 0.151370468 0.432578523
v -0.435073950 0.160917762 0.469742262
f 2608 2602 2603
f 2608 2607 2604
f 2610 2604 2607
f 2612 2608 2604
f 2612 2602 2608
f 2613 2608 2603
f 2613 2603 2607
f 2613 2607 2608
f 2614 2609 2606
f 2615 2603 2602
f 2615 2602 2609
f 2617 2610 2607
f 2617 2605 2610
f 2617 2607 2603
f 2620 2614 2603
f 2620 2609 2614
f 2620 2615 2609
f 2620 2603 2615
f 2622 2609 2602
f 2622 2602 2612
f 2622 2606 2609
f 2623 2617 2611
f 2623 2605 2617
f 2624 2606 2618
f 2624 2618 2623
f 2626 2605 2623
f 2627 2621 2603
f 2627 2603 2614
f 2627 2614 2621
f 2628 2617 2603
f 2628 2603 2621
f 2628 2611 2617
f 2628 2621 2624
f 2628 2624 2623
f 2628 2623 2611
f 2629 2622 2612
f 2629 2612 2616
f 2629 2616 2622
f 2630 2622 2616
f 2630 2606 2622
f 2632 2624 2621
f 2632 2621 2614
f 2632 2614 2606
f 2632 2606 2624
f 2633 2612 2604
f 2633 2604 2625
f 2633 2616 2612
f 2633 2625 2619
f 2634 2604 2610
f 2634 2610 2605
f 2635 2626 2619
f 2635 2619 2625
f 2635 2634 2626
f 2635 2625 2604
f 2635 2604 2634
f 2636 2630 2616
f 2637 2618 2606
f 2637 2606 2630
f 2637 2630 2636
f 2638 2631 2623
f 2638 2623 2618
f 2638 2636 2631
f 2638 2637 2636
f 2638 2618 2637
f 2639 2636 2616
f 2639 2631 2636
f 2640 2626 2623
f 2640 2623 2631
f 2640 2619 2626
f 2640 2639 2619
f 2640 2631 2639
f 2641 2634 2605
f 2641 2605 2626
f 2641 2626 2634
f 2642 2633 2619
f 2642 2619 2639
f 2642 2639 2616
f 2642 2616 2633
o bunny055
usemtl Material055
v -0.503983103 1.282567156 -0.054140697
v -0.495514529 1.245774212 -0.054649551
v -0.482753287 1.364821021 -0.185848621
v -0.490016390 1.541783345 -0.628471530
v -0.529636920 1.280661712 -0.352968012
v -0.482753287 1.424420192 -0.603042820
v -0.508197412 1.542889824 -0.567949648
v -0.482753287 1.340981352 -0.162008953
v -0.520914082 1.247992244 -0.232954466
v -0.482753287 1.543618535 -0.591122986
v -0.504223534 1.329977884 -0.125557729
v -0.516492467 1.387648371 -0.603699000
v -0.501544421 1.278262345 -0.056283151
v -0.482753287 1.293302016 -0.233527958
v -0.518512790 1.257542513 -0.185848621
v -0.506592955 1.245622679 -0.269287461
v -0.485822500 1.460862655 -0.626974733
v -0.494673121 1.543618535 -0.567283317
v -0.491214148 1.544492524 -0.626125725
v -0.500993216 1.397367625 -0.258783187
v -0.530432624 1.293302016 -0.316966798
v -0.482753287 1.293302016 -0.150089119
v -0.495991441 1.243713394 -0.055749682
v -0.524500416 1.255473653 -0.267037806
v -0.494673121 1.293302016 -0.352726301
v -0.506592955 1.281382181 -0.364646135
v -0.486765710 1.458090836 -0.628464491
v -0.482753287 1.400580524 -0.257367627
v -0.506592955 1.543618535 -0.614962654
v -0.500529843 1.362061922 -0.187213471
v -0.518512790 1.412500358 -0.603042820
v -0.482753287 1.305221850 -0.150089119
v -0.494673121 1.257542513 -0.233527958
v -0.482753287 1.305221850 -0.293127130
v -0.494673121 1.388660689 -0.603042820
v -0.494673121 1.281382181 -0.316966798
f 2650 2645 2643
f 2650 2648 2645
f 2652 2645 2648
f 2653 2643 2645
f 2655 2650 2643
f 2655 2643 2644
f 2655 2644 2650
f 2656 2648 2650
f 2659 2652 2648
f 2659 2646 2652
f 2661 2652 2646
f 2661 2660 2652
f 2662 2649 2653
f 2663 2653 2649
f 2663 2657 2643
f 2663 2643 2653
f 2664 2656 2650
f 2665 2657 2651
f 2665 2644 2643
f 2665 2643 2657
f 2665 2651 2658
f 2665 2664 2644
f 2665 2656 2664
f 2666 2658 2651
f 2666 2647 2658
f 2666 2663 2647
f 2666 2651 2657
f 2666 2657 2663
f 2668 2658 2647
f 2668 2647 2654
f 2668 2667 2658
f 2669 2646 2659
f 2669 2659 2648
f 2670 2660 2649
f 2670 2645 2652
f 2670 2652 2660
f 2670 2649 2662
f 2671 2649 2660
f 2671 2660 2661
f 2671 2661 2646
f 2672 2662 2653
f 2672 2653 2645
f 2672 2670 2662
f 2672 2645 2670
f 2673 2654 2647
f 2673 2647 2663
f 2673 2663 2649
f 2673 2649 2671
f 2673 2671 2646
f 2673 2669 2654
f 2673 2646 2669
f 2674 2664 2650
f 2674 2650 2644
f 2674 2644 2664
f 2675 2665 2658
f 2675 2656 2665
f 2676 2648 2656
f 2676 2656 2675
f 2677 2668 2654
f 2677 2667 2668
f 2677 2676 2667
f 2677 2648 2676
f 2677 2669 2648
f 2677 2654 2669
f 2678 2675 2658
f 2678 2658 2667
f 2678 2676 2675
f 2678 2667 2676
o bunny056
usemtl Material056
v 0.776079285 0.178530252 0.248127252
v 0.804588811 0.172837597 0.231345577
v 0.788534810 0.188092092 0.077939760
v 0.601918935 0.125242395 -0.030758029
v 0.601951629 0.041719420 0.195586074
v 0.789020600 0.187891110 0.240818806
v 0.721149972 0.113238425 0.267105080
v 0.640392089 0.084237486 0.245461393
v 0.721149972 0.101318591 0.076387732
v 0.697310303 0.160917762 0.016788561
v 0.601951629 0.125158260 -0.007051108
v 0.792668977 0.172837597 0.243265411
v 0.797909639 0.190712645 0.101751675
v 0.702795354 0.130007720 0.271560689
v 0.649630966 0.065559088 0.231345577
v 0.733069806 0.101318591 0.183666240
v 0.613871464 0.053639254 0.028708395
v 0.768829309 0.184757431 0.076387732
v 0.721149972 0.137078094 0.004868726
v 0.597131524 0.052062701 0.089895632
v 0.605729125 0.057256361 0.197334329
v 0.744989640 0.125158260 0.255185246
v 0.733069806 0.125158260 0.267105080
v 0.797285142 0.191006649 0.229832205
v 0.792668977 0.160917762 0.088307566
v 0.637711132 0.065559088 0.231345577
v 0.661550801 0.077478923 0.243265411
v 0.685390469 0.077478923 0.207505909
v 0.719519738 0.162935623 0.006549270
v 0.613871464 0.101318591 -0.030890776
v 0.697310303 0.101318591 0.028708395
v 0.613871464 0.041719420 0.088307566
v 0.601951629 0.065559088 0.004868726
v 0.636042378 0.080703929 0.242432802
v 0.768829309 0.137078094 0.231345577
v 0.804588811 0.172837597 0.100227400
v 0.756909475 0.125158260 0.100227400
v 0.709230138 0.101318591 0.255185246
v 0.613871464 0.041719420 0.195586074
v 0.792668977 0.172837597 0.076387732
v 0.637711132 0.125158260 -0.030890776
v 0.673470635 0.077478923 0.052548063
v 0.637711132 0.089398757 -0.007051108
v 0.733069806 0.113238425 0.064467898
v 0.685390469 0.077478923 0.088307566
v 0.601951629 0.101318591 -0.030890776
v 0.601951629 0.053639254 0.028708395
v 0.756909475 0.125158260 0.219425743
v 0.733069806 0.101318591 0.159826572
v 0.733069806 0.113238425 0.243265411
v 0.661550801 0.065559088 0.207505909
v 0.637711132 0.113238425 -0.030890776
v 0.649630966 0.077478923 0.016788561
v 0.625791298 0.053639254 0.052548063
v 0.613871464 0.065559088 0.004868726
v 0.768829309 0.137078094 0.088307566
v 0.721149972 0.125158260 0.016788561
v 0.744989640 0.113238425 0.124067069
v 0.709230138 0.089398757 0.112147235
v 0.673470635 0.113238425 -0.007051108
v 0.637711132 0.065559088 0.028708395
v 0.721149972 0.113238425 0.040628229
v 0.673470635 0.101318591 0.004868726
f 2689 2688 2682
f 2689 2684 2688
f 2690 2684 2679
f 2690 2680 2684
f 2692 2686 2685
f 2692 2689 2686
f 2692 2679 2684
f 2692 2684 2689
f 2696 2688 2684
f 2696 2691 2681
f 2698 2689 2682
f 2698 2683 2689
f 2699 2689 2683
f 2700 2680 2690
f 2701 2690 2679
f 2701 2700 2690
f 2701 2685 2700
f 2701 2692 2685
f 2701 2679 2692
f 2702 2684 2680
f 2702 2680 2691
f 2702 2696 2684
f 2702 2691 2696
f 2704 2683 2693
f 2705 2685 2686
f 2705 2704 2693
f 2707 2696 2681
f 2707 2688 2696
f 2707 2682 2688
f 2710 2683 2698
f 2712 2699 2683
f 2712 2686 2689
f 2712 2689 2699
f 2712 2683 2704
f 2712 2705 2686
f 2712 2704 2705
f 2713 2680 2700
f 2713 2703 2680
f 2714 2681 2691
f 2714 2691 2680
f 2714 2680 2703
f 2715 2703 2713
f 2716 2693 2706
f 2716 2705 2693
f 2716 2685 2705
f 2716 2700 2685
f 2717 2693 2683
f 2717 2710 2706
f 2717 2683 2710
f 2718 2707 2681
f 2718 2697 2707
f 2718 2681 2714
f 2718 2714 2703
f 2718 2703 2697
f 2719 2707 2697
f 2719 2682 2707
f 2722 2687 2720
f 2722 2715 2687
f 2723 2706 2710
f 2723 2720 2687
f 2723 2710 2720
f 2724 2711 2698
f 2724 2698 2682
f 2724 2708 2711
f 2724 2719 2708
f 2724 2682 2719
f 2725 2710 2698
f 2725 2698 2711
f 2725 2711 2695
f 2725 2695 2710
f 2726 2713 2700
f 2726 2715 2713
f 2728 2700 2716
f 2728 2726 2700
f 2728 2694 2726
f 2728 2716 2706
f 2728 2706 2694
f 2729 2717 2706
f 2729 2706 2693
f 2729 2693 2717
f 2730 2719 2697
f 2730 2708 2719
f 2730 2721 2708
f 2731 2709 2720
f 2732 2720 2710
f 2732 2710 2695
f 2732 2695 2720
f 2733 2711 2708
f 2733 2708 2721
f 2733 2695 2711
f 2733 2731 2695
f 2733 2721 2731
f 2734 2703 2715
f 2734 2715 2722
f 2735 2697 2703
f 2735 2703 2734
f 2735 2709 2731
f 2736 2687 2715
f 2736 2694 2727
f 2736 2726 2694
f 2736 2715 2726
f 2737 2723 2687
f 2737 2736 2727
f 2737 2687 2736
f 2737 2727 2694
f 2737 2694 2706
f 2737 2706 2723
f 2738 2730 2697
f 2738 2721 2730
f 2738 2697 2735
f 2739 2731 2720
f 2739 2720 2695
f 2739 2695 2731
f 2740 2709 2735
f 2740 2722 2720
f 2740 2720 2709
f 2740 2735 2734
f 2740 2734 2722
f 2741 2735 2731
f 2741 2731 2721
f 2741 2738 2735
f 2741 2721 2738
o bunny057
usemtl Material057
v 0.637711132 0.160917762 0.374383588
v 0.637711132 0.137078094 0.362463754
v 0.639907135 0.072652230 0.196602402
v 0.542076807 0.030822950 0.171667969
v 0.394537817 0.026130422 0.409167509
v 0.530432624 0.172837597 0.350543920
v 0.638954803 0.169459729 0.360879747
v 0.411234281 0.017879751 0.410143091
v 0.566192127 0.053639254 0.171746406
v 0.454570143 0.084626328 0.414495443
v 0.434846475 0.018582368 0.243155894
v 0.637711132 0.101318591 0.326704251
v 0.518512790 0.172837597 0.374383588
v 0.636396542 0.176408082 0.363458375
v 0.590031795 0.029799586 0.183666240
v 0.613871464 0.077478923 0.195586074
v 0.470833453 0.077478923 0.410143091
v 0.404963628 0.033646679 0.411969093
v 0.398467894 0.021700607 0.350243034
v 0.625791298 0.113238425 0.350543920
v 0.518512790 0.172837597 0.362463754
v 0.637711132 0.065559088 0.255185246
v 0.602753605 0.051979603 0.171796001
v 0.506592955 0.017879751 0.231345577
v 0.399314447 0.041719420 0.350543920
v 0.625791298 0.077478923 0.302864583
v 0.578111961 0.029799586 0.207505909
v 0.625791298 0.053639254 0.219425743
v 0.590031795 0.029799586 0.171746406
v 0.598087433 0.049716196 0.171507439
v 0.506592955 0.017879751 0.243265411
f 2748 2742 2743
f 2749 2743 2742
f 2752 2750 2745
f 2752 2747 2750
f 2753 2748 2743
f 2753 2744 2748
f 2754 2751 2742
f 2754 2746 2751
f 2755 2748 2744
f 2755 2754 2742
f 2755 2742 2748
f 2757 2750 2747
f 2757 2755 2744
f 2757 2747 2755
f 2758 2751 2749
f 2758 2749 2742
f 2758 2742 2751
f 2759 2751 2746
f 2759 2746 2749
f 2759 2749 2751
f 2760 2752 2749
f 2760 2749 2746
f 2761 2753 2743
f 2761 2743 2749
f 2761 2749 2753
f 2762 2747 2752
f 2762 2755 2747
f 2762 2754 2755
f 2763 2744 2753
f 2764 2757 2744
f 2764 2750 2757
f 2765 2752 2745
f 2765 2749 2752
f 2766 2762 2752
f 2766 2752 2760
f 2766 2760 2746
f 2766 2746 2754
f 2766 2754 2762
f 2767 2763 2753
f 2767 2753 2749
f 2767 2749 2763
f 2768 2763 2749
f 2768 2756 2763
f 2769 2763 2756
f 2769 2744 2763
f 2770 2764 2744
f 2770 2765 2745
f 2770 2756 2765
f 2770 2769 2756
f 2770 2744 2769
f 2771 2745 2750
f 2771 2750 2764
f 2771 2770 2745
f 2771 2764 2770
f 2772 2765 2756
f 2772 2756 2768
f 2772 2768 2749
f 2772 2749 2765
o bunny058
usemtl Material058
v -0.823694674 1.053666885 0.148572354
v -0.721149972 0.804588811 0.052548063
v -0.792668977 1.078744999 0.100227400
v -0.743482890 0.901027116 0.018411203
v -0.840348314 0.911867320 0.135986903
v -0.721149972 0.852268148 0.052548063
v -0.744989640 0.816508646 0.135986903
v -0.756909475 0.792668977 0.052548063
v -0.816508646 1.066825165 0.076387732
v -0.721149972 0.804588811 0.040628229
v -0.795357379 1.079013386 0.074677872
v -0.816508646 0.864187983 0.147906737
v -0.744989640 0.840348314 0.135986903
v -0.744989640 0.792668977 0.100227400
v -0.840348314 1.031065662 0.135986903
v -0.810689273 1.081499869 0.122543704
v -0.804588811 0.911867320 0.052548063
v -0.726032211 0.848933666 0.035525151
v -0.756909475 0.876107817 0.016788561
v -0.840348314 0.911867320 0.147906737
v -0.768829309 0.792668977 0.076387732
v -0.768829309 0.864187983 0.147906737
v -0.765777290 0.791919802 0.124281247
v -0.733069806 0.792668977 0.064467898
v -0.840348314 0.935706988 0.124067069
v -0.816508646 1.078744999 0.088307566
v -0.822728409 1.056532529 0.147032182
v -0.744989640 0.876107817 0.016788561
v -0.737432729 0.794126175 0.038885120
v -0.792668977 0.899947485 0.040628229
v -0.829320563 1.029097357 0.151072736
v -0.816508646 0.864187983 0.124067069
v -0.816508646 0.899947485 0.076387732
v -0.804588811 0.852268148 0.147906737
v -0.739975548 0.790994292 0.042631499
v -0.840348314 1.019145828 0.124067069
v -0.828428480 1.066825165 0.124067069
v -0.804588811 0.935706988 0.052548063
v -0.804588811 0.888027651 0.064467898
v -0.828428480 0.888027651 0.124067069
v -0.776046068 0.845843899 0.146219963
v -0.760339391 0.817350583 0.135746206
v -0.828428480 1.066825165 0.112147235
v -0.816508646 0.888027651 0.088307566
f 2779 2774 2778
f 2782 2778 2774
f 2783 2778 2776
f 2783 2775 2778
f 2783 2776 2781
f 2785 2779 2778
f 2785 2778 2775
f 2786 2774 2779
f 2788 2775 2783
f 2788 2785 2775
f 2790 2776 2778
f 2790 2778 2782
f 2791 2781 2776
f 2792 2787 2777
f 2794 2779 2785
f 2794 2785 2773
f 2795 2786 2779
f 2795 2784 2793
f 2796 2782 2774
f 2796 2774 2786
f 2797 2777 2787
f 2798 2788 2783
f 2798 2783 2781
f 2799 2773 2785
f 2799 2785 2788
f 2800 2790 2782
f 2800 2776 2790
f 2800 2791 2776
f 2801 2780 2791
f 2801 2800 2782
f 2801 2791 2800
f 2802 2791 2780
f 2802 2781 2791
f 2803 2792 2784
f 2803 2773 2787
f 2803 2787 2792
f 2803 2794 2773
f 2804 2793 2784
f 2805 2780 2793
f 2805 2777 2797
f 2805 2797 2781
f 2805 2781 2789
f 2806 2784 2795
f 2806 2803 2784
f 2806 2794 2803
f 2807 2795 2793
f 2807 2793 2780
f 2807 2780 2801
f 2807 2801 2782
f 2807 2782 2796
f 2807 2796 2786
f 2807 2786 2795
f 2808 2797 2787
f 2808 2781 2797
f 2809 2788 2798
f 2809 2799 2788
f 2809 2787 2773
f 2809 2773 2799
f 2810 2802 2789
f 2810 2789 2781
f 2810 2781 2802
f 2811 2802 2780
f 2811 2780 2805
f 2811 2805 2789
f 2811 2789 2802
f 2812 2804 2784
f 2812 2792 2777
f 2812 2784 2792
f 2812 2793 2804
f 2813 2806 2779
f 2813 2779 2794
f 2813 2794 2806
f 2814 2806 2795
f 2814 2795 2779
f 2814 2779 2806
f 2815 2808 2787
f 2815 2787 2809
f 2815 2781 2808
f 2815 2809 2798
f 2815 2798 2781
f 2816 2805 2793
f 2816 2793 2812
f 2816 2812 2777
f 2816 2777 2805
o bunny059
usemtl Material059
v -0.089398757 0.852268148 0.445902594
v -0.091087874 0.819459218 0.450531228
v -0.113238425 0.935706988 0.314784417
v -0.339073936 0.947916153 0.339365833
v -0.530432624 0.828428480 0.445902594
v -0.101318591 0.947626822 0.362463754
v -0.085789335 0.929425911 0.366633198
v -0.494673121 0.816508646 0.457822428
v -0.339715276 0.911867320 0.338624085
v -0.113678236 0.952539727 0.318102529
v -0.447635468 0.900645652 0.420928721
v -0.089398757 0.816508646 0.433982759
v -0.089398757 0.888027651 0.422062925
v -0.148997928 0.816508646 0.457822428
v -0.506592955 0.852268148 0.410143091
v -0.184757431 0.935706988 0.314784417
v -0.182297995 0.954300842 0.319842185
v -0.102112855 0.950275078 0.328091295
v -0.423154116 0.899947485 0.422062925
v -0.530575937 0.852362858 0.433480419
v -0.345948096 0.946987108 0.346842685
v -0.089398757 0.899947485 0.362463754
v -0.256276436 0.792668977 0.422062925
v -0.088752065 0.934581622 0.361075134
v -0.113238425 0.852268148 0.445902594
v -0.113238425 0.947626822 0.362463754
v -0.532837018 0.820829364 0.430496173
v -0.446993784 0.899947485 0.398223257
v -0.101318591 0.935706988 0.326704251
v -0.196677265 0.792668977 0.422062925
v -0.148479409 0.790957896 0.454837323
v -0.506592955 0.840348314 0.410143091
v -0.493995201 0.790688487 0.453790663
v -0.148997928 0.792668977 0.433982759
v -0.387394613 0.792668977 0.433982759
v -0.527778982 0.811740027 0.436595126
f 2828 2823 2817
f 2828 2817 2818
f 2829 2823 2822
f 2829 2817 2823
f 2830 2818 2817
f 2830 2817 2824
f 2831 2820 2825
f 2832 2825 2820
f 2832 2826 2819
f 2833 2822 2826
f 2833 2832 2820
f 2833 2826 2832
f 2834 2819 2826
f 2834 2826 2822
f 2835 2827 2824
f 2835 2817 2829
f 2835 2829 2822
f 2836 2821 2824
f 2836 2824 2827
f 2836 2820 2831
f 2837 2833 2820
f 2838 2828 2819
f 2838 2823 2828
f 2839 2832 2819
f 2839 2825 2832
f 2840 2834 2822
f 2840 2822 2823
f 2840 2823 2834
f 2841 2835 2824
f 2841 2824 2817
f 2841 2817 2835
f 2842 2835 2822
f 2842 2827 2835
f 2842 2837 2827
f 2842 2822 2833
f 2842 2833 2837
f 2843 2836 2831
f 2843 2821 2836
f 2844 2836 2827
f 2844 2827 2837
f 2844 2837 2820
f 2844 2820 2836
f 2845 2834 2823
f 2845 2823 2838
f 2845 2838 2819
f 2845 2819 2834
f 2846 2839 2819
f 2847 2830 2824
f 2847 2818 2830
f 2847 2828 2818
f 2848 2843 2831
f 2848 2831 2825
f 2849 2824 2821
f 2849 2847 2824
f 2849 2839 2846
f 2849 2846 2847
f 2850 2846 2819
f 2850 2819 2828
f 2850 2847 2846
f 2850 2828 2847
f 2851 2848 2825
f 2851 2825 2839
f 2851 2839 2849
f 2852 2849 2821
f 2852 2821 2843
f 2852 2851 2849
f 2852 2843 2848
f 2852 2848 2851
o bunny060
usemtl Material060
v 0.446993784 0.542352458 0.565100936
v 0.625791298 0.351635110 0.386303422
v 0.578111961 0.625791298 0.457822428
v 0.601951629 0.554272292 0.374383588
v 0.437095566 0.231082978 0.495296792
v 0.613871464 0.554272292 0.410143091
v 0.430976328 0.647922719 0.531715768
v 0.578111961 0.351635110 0.445902594
v 0.615997606 0.352578907 0.368895413
v 0.617189516 0.554257195 0.376505191
v 0.494673121 0.649630966 0.517421599
v 0.566192127 0.649630966 0.410143091
v 0.396042026 0.436292472 0.572051474
v 0.482753287 0.482753287 0.541261267
v 0.601951629 0.351635110 0.422062925
v 0.482753287 0.268196270 0.457822428
v 0.554272292 0.256276436 0.445902594
v 0.625791298 0.435073950 0.386303422
v 0.601951629 0.625791298 0.422062925
v 0.620205783 0.435109770 0.370817843
v 0.446993784 0.649630966 0.541261267
v 0.554272292 0.625791298 0.481662096
v 0.435073950 0.280116105 0.493581931
v 0.586781442 0.649048936 0.408059753
v 0.411234281 0.411234281 0.577020770
v 0.613871464 0.446993784 0.410143091
v 0.554272292 0.530432624 0.481662096
v 0.518512790 0.268196270 0.433982759
v 0.611982866 0.340145628 0.373230325
v 0.566192127 0.280116105 0.445902594
v 0.470833453 0.601951629 0.541261267
v 0.435073950 0.601951629 0.553181102
v 0.528730539 0.660640324 0.467246901
v 0.542352458 0.661550801 0.481662096
v 0.482753287 0.506592955 0.541261267
v 0.399314447 0.411234281 0.541261267
v 0.482753287 0.280116105 0.457822428
v 0.446993784 0.470833453 0.565100936
v 0.411234281 0.435073950 0.577020770
v 0.428683545 0.247118985 0.511224891
v 0.578111961 0.566192127 0.457822428
v 0.590031795 0.339715276 0.433982759
v 0.540441494 0.257696818 0.431366625
v 0.443440834 0.234112897 0.490208435
v 0.542352458 0.303955773 0.469742262
v 0.446993784 0.601951629 0.553181102
v 0.439390131 0.651430328 0.527476237
v 0.530432624 0.649630966 0.493581931
v 0.590031795 0.649630966 0.433982759
v 0.399314447 0.435073950 0.553181102
v 0.431695054 0.233897364 0.502225285
v 0.399314447 0.411234281 0.577020770
v 0.566192127 0.530432624 0.469742262
v 0.546281344 0.261072873 0.427666015
v 0.446993784 0.268196270 0.529341433
v 0.530432624 0.661550801 0.481662096
v 0.399687469 0.375304749 0.553743739
v 0.446993784 0.232436768 0.505501765
v 0.435073950 0.423154116 0.565100936
v 0.446993784 0.244356602 0.517421599
f 2870 2862 2858
f 2870 2858 2854
f 2871 2855 2858
f 2871 2858 2862
f 2872 2861 2856
f 2872 2856 2862
f 2872 2862 2870
f 2872 2870 2854
f 2872 2854 2861
f 2875 2859 2864
f 2875 2864 2856
f 2876 2862 2856
f 2876 2856 2864
f 2876 2871 2862
f 2878 2858 2855
f 2878 2867 2854
f 2878 2854 2858
f 2879 2855 2874
f 2879 2874 2866
f 2879 2866 2860
f 2880 2868 2856
f 2880 2856 2861
f 2881 2861 2854
f 2881 2854 2869
f 2881 2880 2861
f 2882 2869 2854
f 2882 2854 2867
f 2883 2863 2873
f 2883 2874 2863
f 2883 2853 2874
f 2884 2873 2859
f 2884 2859 2865
f 2885 2876 2864
f 2886 2874 2855
f 2886 2876 2885
f 2886 2873 2863
f 2887 2874 2853
f 2887 2853 2866
f 2887 2866 2874
f 2888 2859 2875
f 2889 2875 2856
f 2889 2856 2868
f 2889 2868 2875
f 2890 2866 2853
f 2890 2853 2877
f 2891 2877 2853
f 2891 2884 2865
f 2891 2853 2884
f 2893 2878 2855
f 2893 2867 2878
f 2893 2855 2879
f 2894 2879 2860
f 2894 2882 2867
f 2894 2860 2882
f 2895 2869 2857
f 2896 2868 2880
f 2896 2875 2868
f 2896 2857 2875
f 2896 2895 2857
f 2896 2880 2895
f 2897 2882 2860
f 2897 2860 2866
f 2897 2866 2890
f 2898 2883 2873
f 2898 2853 2883
f 2898 2884 2853
f 2898 2873 2884
f 2899 2885 2864
f 2899 2864 2859
f 2899 2859 2873
f 2900 2886 2863
f 2900 2863 2874
f 2900 2874 2886
f 2901 2886 2855
f 2901 2855 2871
f 2901 2871 2876
f 2901 2876 2886
f 2902 2888 2865
f 2902 2865 2859
f 2902 2859 2888
f 2903 2888 2875
f 2903 2875 2857
f 2904 2891 2865
f 2904 2877 2891
f 2905 2893 2879
f 2905 2867 2893
f 2905 2894 2867
f 2905 2879 2894
f 2906 2881 2869
f 2906 2869 2895
f 2906 2895 2880
f 2906 2880 2881
f 2907 2869 2882
f 2907 2882 2897
f 2907 2904 2892
f 2907 2877 2904
f 2908 2886 2885
f 2908 2885 2899
f 2908 2899 2873
f 2908 2873 2886
f 2909 2903 2892
f 2909 2888 2903
f 2909 2892 2904
f 2909 2904 2865
f 2909 2865 2888
f 2910 2903 2857
f 2910 2857 2869
f 2911 2907 2897
f 2911 2897 2890
f 2911 2890 2877
f 2911 2877 2907
f 2912 2910 2869
f 2912 2869 2907
f 2912 2907 2892
f 2912 2892 2903
f 2912 2903 2910
o bunny061
usemtl Material061
v -0.637711132 1.066825165 0.600860439
v -0.507960284 1.101552925 0.444567092
v -0.542352458 1.269462347 0.457822428
v -0.691768549 1.249159233 0.439573827
v -0.711529720 1.056275329 0.580334546
v -0.544083329 1.263966021 0.439326723
v -0.673470635 1.186023507 0.541261267
v -0.554272292 1.114504502 0.541261267
v -0.615659119 1.053858565 0.581534086
v -0.697310303 1.221783010 0.445902594
v -0.506592955 1.209863176 0.457822428
v -0.514975694 1.209244290 0.440041135
v -0.673470635 1.269462347 0.445902594
v -0.601951629 1.186023507 0.541261267
v -0.697310303 1.102584668 0.588940604
v -0.512387599 1.098605407 0.451073282
v -0.697310303 1.054905331 0.600860439
v -0.578111961 1.090664833 0.565100936
v -0.697310303 1.257542513 0.457822428
v -0.530432624 1.102584668 0.445902594
v -0.520021745 1.232440252 0.443582590
v -0.530432624 1.138344170 0.505501765
v -0.530432624 1.221783010 0.481662096
v -0.637711132 1.245622679 0.493581931
v -0.685390469 1.150264005 0.565100936
v -0.613871464 1.126424336 0.577020770
v -0.554272292 1.090664833 0.541261267
v -0.637711132 1.054905331 0.600860439
v -0.706333085 1.055214327 0.584053481
v -0.709230138 1.090664833 0.588940604
v -0.673470635 1.078744999 0.600860439
v -0.713859110 1.094444407 0.560937513
v -0.518512790 1.233702844 0.457822428
v -0.518512790 1.221783010 0.469742262
v -0.554272292 1.209863176 0.505501765
v -0.590031795 1.257542513 0.481662096
v -0.625791298 1.233702844 0.505501765
v -0.685390469 1.233702844 0.493581931
v -0.673470635 1.269462347 0.457822428
v -0.625791298 1.150264005 0.565100936
v -0.613871464 1.090664833 0.588940604
v -0.590031795 1.126424336 0.565100936
v -0.612990857 1.055420972 0.580669252
v -0.697310303 1.066825165 0.600860439
v -0.697310303 1.162183839 0.553181102
v -0.649630966 1.078744999 0.600860439
v -0.713745583 1.070512043 0.572667119
v -0.709230138 1.102584668 0.577020770
v -0.554272292 1.245622679 0.481662096
v -0.566192127 1.114504502 0.553181102
v -0.613871464 1.233702844 0.505501765
v -0.625791298 1.257542513 0.481662096
v -0.625791298 1.102584668 0.588940604
v -0.590031795 1.197943342 0.529341433
v -0.578111961 1.138344170 0.553181102
v -0.578111961 1.102584668 0.565100936
f 2924 2914 2916
f 2924 2916 2918
f 2924 2923 2914
f 2925 2918 2916
f 2925 2915 2918
f 2928 2921 2917
f 2931 2916 2922
f 2931 2925 2916
f 2932 2922 2916
f 2932 2916 2914
f 2932 2917 2922
f 2932 2928 2917
f 2932 2914 2928
f 2933 2918 2915
f 2933 2924 2918
f 2933 2923 2924
f 2934 2923 2920
f 2934 2914 2923
f 2937 2926 2919
f 2938 2937 2927
f 2939 2928 2914
f 2939 2920 2930
f 2939 2934 2920
f 2939 2914 2934
f 2940 2929 2921
f 2940 2913 2929
f 2941 2929 2917
f 2941 2917 2921
f 2941 2921 2929
f 2942 2917 2929
f 2943 2929 2913
f 2943 2938 2927
f 2944 2931 2922
f 2945 2933 2915
f 2945 2923 2933
f 2946 2920 2923
f 2946 2923 2945
f 2946 2945 2915
f 2946 2915 2935
f 2947 2935 2915
f 2949 2936 2919
f 2949 2919 2926
f 2949 2948 2936
f 2950 2919 2936
f 2951 2925 2931
f 2951 2950 2936
f 2951 2931 2950
f 2951 2948 2915
f 2951 2915 2925
f 2952 2938 2926
f 2952 2926 2937
f 2952 2937 2938
f 2953 2940 2930
f 2953 2913 2940
f 2954 2926 2938
f 2954 2938 2953
f 2955 2939 2930
f 2955 2921 2928
f 2955 2928 2939
f 2955 2940 2921
f 2955 2930 2940
f 2956 2942 2929
f 2956 2927 2942
f 2956 2943 2927
f 2956 2929 2943
f 2957 2942 2927
f 2957 2927 2937
f 2957 2937 2919
f 2957 2919 2950
f 2957 2950 2931
f 2957 2931 2942
f 2958 2943 2913
f 2958 2938 2943
f 2958 2913 2953
f 2959 2944 2922
f 2959 2922 2917
f 2959 2917 2942
f 2959 2942 2944
f 2960 2944 2942
f 2960 2942 2931
f 2960 2931 2944
f 2961 2947 2915
f 2961 2915 2948
f 2962 2946 2935
f 2962 2920 2946
f 2962 2930 2920
f 2963 2949 2926
f 2963 2926 2948
f 2963 2948 2949
f 2964 2951 2936
f 2964 2936 2948
f 2964 2948 2951
f 2965 2958 2953
f 2965 2953 2938
f 2965 2938 2958
f 2966 2947 2961
f 2966 2926 2954
f 2966 2961 2948
f 2966 2948 2926
f 2967 2954 2962
f 2967 2966 2954
f 2967 2947 2966
f 2967 2962 2935
f 2967 2935 2947
f 2968 2962 2954
f 2968 2954 2953
f 2968 2953 2930
f 2968 2930 2962
o bunny062
usemtl Material062
v -0.339667257 0.003193058 -0.078578778
v -0.184757431 0.077478923 -0.293127130
v -0.296364563 0.116542828 -0.139865305
v -0.208597099 0.089398757 -0.316966798
v -0.256276436 -0.005959917 -0.305046964
v -0.196677265 0.113238425 -0.269287461
v -0.232686691 0.004431256 -0.221989683
v -0.196050810 0.040301708 -0.310512429
v -0.412166413 0.030736448 -0.105519035
v -0.183147156 0.098075785 -0.299892163
v -0.256276436 0.113238425 -0.269287461
v -0.303756388 0.003978766 -0.090466486
v -0.244356602 0.005959917 -0.316966798
v -0.232436768 -0.005959917 -0.305046964
v -0.184156703 0.064992975 -0.308974327
v -0.411234281 -0.005959917 -0.114329616
v -0.411517327 0.002814718 -0.078406487
v -0.184757431 0.101318591 -0.281207295
v -0.288620027 0.119730185 -0.153421084
v -0.232436768 0.113238425 -0.293127130
v -0.303955773 0.041719420 -0.269287461
v -0.184757431 0.089398757 -0.281207295
v -0.184725934 0.085341079 -0.306922879
v -0.315875607 0.113238425 -0.138169284
v -0.194480970 0.110293732 -0.288263569
v -0.268196270 0.005959917 -0.305046964
v -0.303955773 0.089398757 -0.233527958
v -0.280116105 0.053639254 -0.293127130
v -0.292035939 0.113238425 -0.221608124
v -0.303955773 0.005959917 -0.269287461
v -0.315875607 0.065559088 -0.233527958
v -0.256276436 0.089398757 -0.293127130
v -0.232436768 0.053639254 -0.316966798
v -0.315875607 0.113238425 -0.150089119
v -0.268196270 0.017879751 -0.305046964
v -0.244356602 0.017879751 -0.316966798
f 2980 2974 2971
f 2980 2971 2969
f 2981 2972 2976
f 2982 2976 2975
f 2982 2981 2976
f 2982 2973 2981
f 2982 2975 2980
f 2983 2970 2975
f 2983 2975 2976
f 2983 2976 2972
f 2984 2973 2982
f 2984 2982 2980
f 2984 2980 2969
f 2985 2969 2971
f 2985 2984 2969
f 2985 2977 2984
f 2986 2974 2980
f 2987 2971 2974
f 2988 2987 2974
f 2988 2979 2987
f 2989 2984 2977
f 2990 2983 2978
f 2990 2970 2983
f 2990 2978 2986
f 2990 2975 2970
f 2990 2986 2980
f 2990 2980 2975
f 2991 2983 2972
f 2991 2972 2978
f 2991 2978 2983
f 2992 2985 2971
f 2992 2977 2985
f 2992 2971 2987
f 2993 2986 2978
f 2993 2974 2986
f 2993 2988 2974
f 2993 2978 2972
f 2993 2972 2988
f 2994 2981 2973
f 2996 2989 2995
f 2997 2987 2979
f 2997 2979 2995
f 2997 2995 2977
f 2998 2994 2973
f 2998 2973 2984
f 2998 2984 2989
f 2998 2989 2994
f 2999 2995 2989
f 2999 2989 2977
f 2999 2977 2995
f 3000 2979 2988
f 3000 2988 2972
f 3000 2972 2996
f 3000 2996 2995
f 3000 2995 2979
f 3001 2996 2972
f 3001 2972 2981
f 3002 2992 2987
f 3002 2987 2997
f 3002 2997 2977
f 3002 2977 2992
f 3003 2981 2994
f 3003 2996 3001
f 3003 2994 2989
f 3003 2989 2996
f 3004 3003 3001
f 3004 3001 2981
f 3004 2981 3003
o bunny063
usemtl Material063
v 0.339715276 0.041719420 -0.185848621
v 0.339715276 0.005959917 -0.197768456
v 0.327795442 0.208597099 -0.305046964
v 0.041719420 0.137078094 -0.316966798
v 0.160875755 0.007189594 -0.221650221
v 0.208597099 0.017879751 -0.257367627
v 0.041719420 0.125158260 -0.269287461
v 0.340210764 0.041119927 -0.210203967
v 0.267906357 0.010263692 -0.185614926
v 0.315875607 0.017879751 -0.233527958
v 0.208597099 0.148997928 -0.316966798
v 0.078443519 0.040074760 -0.264175003
v 0.220516934 0.005959917 -0.245447793
v 0.303955773 0.220516934 -0.281207295
v 0.339715276 0.017879751 -0.209688290
v 0.330595809 0.215945051 -0.290108867
v 0.185080009 0.008437021 -0.209365028
v 0.337001777 0.017273568 -0.184689641
v 0.327795442 0.041719420 -0.185848621
v 0.148997928 0.137078094 -0.316966798
v 0.231209711 0.221338080 -0.313183201
v 0.268196270 0.017879751 -0.245447793
v 0.315875607 0.160917762 -0.293127130
v 0.160917762 0.017879751 -0.257367627
v 0.041719420 0.113238425 -0.293127130
v 0.292035939 0.005959917 -0.221608124
v 0.327795442 0.029799586 -0.233527958
v 0.077478923 0.113238425 -0.257367627
v 0.292035939 0.208597099 -0.316966798
v 0.042640583 0.154625230 -0.308117183
v 0.256276436 0.220516934 -0.293127130
v 0.325092424 0.224929884 -0.296454837
v 0.292035939 0.029799586 -0.245447793
v 0.043191847 0.110907651 -0.277913202
v 0.040887103 0.143913379 -0.301123199
v 0.327795442 0.172837597 -0.293127130
v 0.196677265 0.125158260 -0.245447793
v 0.290341017 0.224470997 -0.306795095
v 0.076920030 0.042860509 -0.265148812
v 0.113238425 0.125158260 -0.257367627
f 3012 3005 3006
f 3016 3009 3011
f 3017 3006 3009
f 3019 3012 3006
f 3019 3007 3012
f 3020 3012 3007
f 3020 3005 3012
f 3020 3018 3005
f 3021 3009 3006
f 3021 3006 3013
f 3021 3013 3011
f 3021 3011 3009
f 3022 3013 3006
f 3022 3006 3005
f 3023 3005 3018
f 3023 3022 3005
f 3023 3013 3022
f 3024 3015 3010
f 3024 3010 3008
f 3024 3008 3015
f 3026 3010 3015
f 3026 3017 3010
f 3026 3014 3017
f 3028 3016 3008
f 3028 3008 3010
f 3028 3010 3017
f 3028 3017 3009
f 3028 3009 3016
f 3030 3017 3014
f 3030 3014 3006
f 3030 3006 3017
f 3031 3014 3027
f 3031 3019 3006
f 3031 3006 3014
f 3032 3011 3013
f 3032 3013 3023
f 3033 3015 3008
f 3033 3008 3025
f 3033 3027 3015
f 3034 3025 3008
f 3035 3011 3018
f 3035 3034 3011
f 3035 3025 3034
f 3036 3020 3007
f 3036 3007 3033
f 3036 3018 3020
f 3036 3035 3018
f 3037 3026 3015
f 3037 3014 3026
f 3037 3027 3014
f 3037 3015 3027
f 3038 3016 3011
f 3038 3011 3029
f 3039 3029 3011
f 3039 3008 3029
f 3039 3034 3008
f 3039 3011 3034
f 3040 3007 3019
f 3040 3019 3031
f 3040 3031 3027
f 3040 3033 3007
f 3040 3027 3033
f 3041 3023 3018
f 3042 3036 3033
f 3042 3033 3025
f 3042 3025 3035
f 3042 3035 3036
f 3043 3038 3029
f 3043 3016 3038
f 3043 3029 3008
f 3043 3008 3016
f 3044 3032 3023
f 3044 3023 3041
f 3044 3011 3032
f 3044 3041 3018
f 3044 3018 3011
o bunny064
usemtl Material064
v 0.411319140 0.028692143 0.112262859
v 0.435096942 0.014259653 0.088239252
v 0.256276436 0.065559088 -0.102409782
v 0.233311788 0.014466594 -0.154082154
v 0.232785293 0.007983986 0.124793263
v 0.340501237 0.014602770 -0.150424816
v 0.423154116 0.029799586 0.076387732
v 0.240526726 0.008453849 0.126317164
v 0.182801567 0.058814327 0.015577034
v 0.220516934 0.065559088 -0.126249450
v 0.220516934 0.005959917 0.016788561
v 0.423154116 0.029799586 0.088307566
v 0.375481617 0.017860525 -0.078572773
v 0.415244471 0.025714424 0.109416560
v 0.208597099 0.065559088 0.016788561
v 0.280116105 0.029799586 -0.150089119
v 0.244356602 0.065559088 -0.114329616
v 0.184757431 0.041719420 -0.126249450
v 0.337824423 0.013843633 -0.149281504
v 0.184757431 0.041719420 0.016788561
v 0.232368244 0.007905529 0.123924292
v 0.435178029 0.014704726 0.064531045
v 0.399314447 0.041719420 0.088307566
v 0.435021267 0.014254929 0.088464099
v 0.183278523 0.055416468 -0.123665656
v 0.232436768 0.065559088 -0.007051108
v 0.399314447 0.041719420 0.100227400
v 0.375474779 0.041719420 0.100227400
v 0.256276436 0.065559088 -0.066650279
f 3057 3050 3047
f 3057 3047 3051
f 3058 3045 3052
f 3058 3056 3045
f 3059 3053 3049
f 3059 3049 3052
f 3059 3054 3053
f 3059 3047 3054
f 3060 3054 3050
f 3060 3050 3048
f 3060 3048 3054
f 3061 3054 3047
f 3061 3047 3050
f 3061 3050 3054
f 3062 3048 3055
f 3063 3055 3048
f 3063 3048 3050
f 3063 3046 3055
f 3064 3062 3055
f 3064 3053 3062
f 3065 3064 3055
f 3065 3049 3053
f 3065 3053 3064
f 3066 3056 3046
f 3066 3051 3056
f 3066 3057 3051
f 3066 3050 3057
f 3066 3063 3050
f 3066 3046 3063
f 3067 3056 3051
f 3067 3051 3047
f 3068 3058 3052
f 3068 3046 3056
f 3068 3056 3058
f 3068 3052 3049
f 3068 3049 3065
f 3068 3065 3055
f 3068 3055 3046
f 3069 3054 3048
f 3069 3048 3062
f 3069 3062 3053
f 3069 3053 3054
f 3070 3047 3059
f 3071 3045 3056
f 3071 3056 3067
f 3071 3070 3059
f 3071 3067 3047
f 3072 3052 3045
f 3072 3045 3071
f 3072 3071 3059
f 3072 3059 3052
f 3073 3071 3047
f 3073 3047 3070
f 3073 3070 3071
o bunny065
usemtl Material065
v -0.391690470 0.144705792 0.247772717
v -0.375474779 0.137078094 0.243265411
v -0.417820051 0.174704842 0.129264925
v -0.582969619 0.061880352 0.117060626
v -0.518512790 0.005959917 0.279024914
v -0.554272292 0.113238425 0.135986903
v -0.391958897 0.170128069 0.166800353
v -0.482894888 0.009282749 0.279209297
v -0.446993784 0.172837597 0.135986903
v -0.513443028 0.039619297 0.284402189
v -0.382550270 0.152442621 0.239679821
v -0.482689955 0.006983120 0.195535422
v -0.446993784 0.172837597 0.124067069
v -0.411234281 0.172837597 0.171746406
v -0.590031795 0.065559088 0.135986903
v -0.380848703 0.152499179 0.198457036
v -0.375474779 0.125158260 0.231345577
v -0.375474779 0.125158260 0.195586074
v -0.542347441 0.006110756 0.124060497
v -0.554272292 0.113238425 0.124067069
v -0.407375013 0.175122987 0.142348750
v -0.566192127 0.101318591 0.135986903
v -0.590031795 0.041719420 0.147906737
v -0.482698700 0.009274039 0.278953835
v -0.411234281 0.160917762 0.124067069
v -0.566192127 0.101318591 0.124067069
v -0.590031795 0.005959917 0.135986903
v -0.399314447 0.160917762 0.135986903
v -0.590031795 0.017879751 0.147906737
v -0.590031795 0.005959917 0.124067069
f 3081 3075 3074
f 3082 3079 3074
f 3083 3074 3079
f 3083 3081 3074
f 3083 3078 3081
f 3084 3074 3075
f 3086 3082 3076
f 3086 3079 3082
f 3087 3084 3080
f 3087 3082 3074
f 3087 3074 3084
f 3089 3084 3075
f 3089 3080 3084
f 3091 3090 3085
f 3091 3080 3089
f 3091 3089 3075
f 3091 3075 3090
f 3092 3091 3085
f 3092 3085 3078
f 3093 3086 3077
f 3093 3079 3086
f 3094 3087 3080
f 3094 3076 3082
f 3094 3082 3087
f 3095 3088 3083
f 3095 3083 3079
f 3095 3079 3093
f 3096 3078 3083
f 3096 3083 3088
f 3097 3085 3090
f 3097 3081 3078
f 3097 3078 3085
f 3097 3090 3075
f 3097 3075 3081
f 3098 3086 3076
f 3098 3092 3077
f 3098 3077 3086
f 3099 3093 3077
f 3099 3077 3088
f 3099 3095 3093
f 3099 3088 3095
f 3100 3096 3088
f 3101 3091 3092
f 3101 3092 3098
f 3101 3080 3091
f 3101 3094 3080
f 3101 3098 3076
f 3101 3076 3094
f 3102 3100 3078
f 3102 3078 3096
f 3102 3096 3100
f 3103 3077 3092
f 3103 3092 3078
f 3103 3078 3100
f 3103 3100 3088
f 3103 3088 3077
o bunny066
usemtl Material066
v -0.399314447 1.007225994 0.433982759
v -0.292180373 0.936831347 0.339660610
v -0.399314447 1.281382181 0.314784417
v -0.414490881 1.313184484 0.218992313
v -0.399314447 0.888027651 0.374383588
v -0.292035939 1.042985496 0.243265411
v -0.418134798 1.040351882 0.414902041
v -0.351635110 1.066825165 0.362463754
v -0.364358127 0.883333402 0.392349766
v -0.292035939 0.959546657 0.338624085
v -0.387394613 1.305221850 0.219425743
v -0.363554944 1.114504502 0.219425743
v -0.292035939 0.971466491 0.267105080
v -0.399314447 1.042985496 0.422062925
v -0.417979377 1.302130033 0.288769277
v -0.416147116 0.889058474 0.401032597
v -0.399314447 0.947626822 0.433982759
v -0.292035939 1.007225994 0.290944748
v -0.387394613 1.281382181 0.279024914
v -0.301781840 1.039620215 0.226767265
v -0.342188707 1.113061943 0.218877353
v -0.303955773 0.923787154 0.326704251
v -0.289534009 1.011614193 0.234112296
v -0.417638069 1.004899018 0.428077235
v -0.416585168 1.280060878 0.312342138
v -0.363554944 1.042985496 0.386303422
v -0.399314447 1.317141684 0.267105080
v -0.405565405 0.887462142 0.394752306
v -0.387394613 1.162183839 0.219425743
v -0.399314447 0.888027651 0.410143091
v -0.387394613 1.305221850 0.231345577
v -0.399314447 1.305221850 0.290944748
v -0.339715276 1.138344170 0.219425743
v -0.339715276 0.923787154 0.326704251
v -0.292035939 0.935706988 0.314784417
v -0.315875607 1.019145828 0.231345577
v -0.416976632 0.950351933 0.426003723
v -0.375474779 1.007225994 0.410143091
v -0.399314447 1.317141684 0.219425743
v -0.416637814 1.309013878 0.266551047
v -0.399314447 1.209863176 0.219425743
v -0.303955773 0.971466491 0.267105080
v -0.411234281 1.281382181 0.219425743
f 3113 3106 3111
f 3113 3104 3105
f 3119 3118 3107
f 3119 3110 3118
f 3120 3112 3105
f 3120 3105 3104
f 3121 3106 3113
f 3122 3121 3109
f 3123 3114 3109
f 3124 3107 3114
f 3124 3123 3115
f 3125 3112 3108
f 3125 3105 3112
f 3126 3113 3105
f 3126 3121 3113
f 3126 3109 3121
f 3126 3123 3109
f 3127 3117 3110
f 3127 3104 3117
f 3127 3120 3104
f 3128 3117 3106
f 3128 3110 3117
f 3128 3118 3110
f 3129 3111 3106
f 3129 3106 3117
f 3129 3113 3111
f 3129 3117 3104
f 3131 3119 3108
f 3131 3108 3112
f 3132 3115 3108
f 3132 3108 3119
f 3132 3124 3115
f 3132 3107 3124
f 3133 3112 3120
f 3133 3131 3112
f 3133 3119 3131
f 3134 3122 3109
f 3134 3109 3114
f 3134 3130 3122
f 3134 3114 3130
f 3135 3106 3121
f 3135 3121 3122
f 3135 3122 3130
f 3135 3130 3118
f 3135 3128 3106
f 3135 3118 3128
f 3136 3124 3114
f 3136 3114 3123
f 3136 3123 3124
f 3137 3125 3108
f 3137 3116 3125
f 3138 3125 3116
f 3138 3105 3125
f 3138 3126 3105
f 3138 3116 3126
f 3139 3108 3115
f 3139 3115 3123
f 3139 3123 3126
f 3140 3127 3110
f 3140 3110 3119
f 3140 3120 3127
f 3140 3133 3120
f 3140 3119 3133
f 3141 3129 3104
f 3141 3104 3113
f 3141 3113 3129
f 3142 3130 3114
f 3142 3114 3107
f 3142 3107 3130
f 3143 3130 3107
f 3143 3107 3118
f 3143 3118 3130
f 3144 3132 3119
f 3144 3107 3132
f 3145 3137 3108
f 3145 3116 3137
f 3145 3108 3139
f 3145 3139 3126
f 3145 3126 3116
f 3146 3144 3119
f 3146 3119 3107
f 3146 3107 3144
o bunny067
usemtl Material067
v 0.054035481 0.602858661 -0.390806104
v 0.042979674 0.326017624 -0.382423302
v 0.053639254 0.423154116 -0.412325472
v -0.065559088 0.554272292 -0.412325472
v -0.089398757 0.375474779 -0.340806467
v -0.065559088 0.375474779 -0.400405638
v 0.053639254 0.590031795 -0.412325472
v 0.055192780 0.422339163 -0.397351031
v -0.065559088 0.351635110 -0.340806467
v -0.078745148 0.555175610 -0.392217710
v 0.029799586 0.327795442 -0.400405638
v -0.077478923 0.435073950 -0.412325472
v 0.005959917 0.601951629 -0.412325472
v -0.077478923 0.375474779 -0.340806467
v -0.089398757 0.339715276 -0.364646135
v 0.005843098 0.604558632 -0.393848086
v 0.041719420 0.339715276 -0.400405638
v -0.041719420 0.399314447 -0.412325472
v -0.077478923 0.542352458 -0.412325472
v 0.029799586 0.601951629 -0.412325472
v -0.089832449 0.339537940 -0.341293648
v -0.041719420 0.327795442 -0.388485804
v -0.089398757 0.387394613 -0.388485804
v 0.041719420 0.399314447 -0.412325472
v -0.065559088 0.339715276 -0.340806467
v -0.077478923 0.339715276 -0.376565969
v -0.005959917 0.327795442 -0.400405638
v -0.067044649 0.326791105 -0.354880521
v -0.092635662 0.397023827 -0.368691410
v -0.017879751 0.387394613 -0.412325472
v -0.065559088 0.327795442 -0.376565969
v -0.077478923 0.363554944 -0.388485804
v -0.029799586 0.339715276 -0.400405638
v -0.041719420 0.327795442 -0.352726301
v -0.089398757 0.399314447 -0.388485804
v 0.017879751 0.387394613 -0.412325472
f 3153 3149 3150
f 3154 3147 3148
f 3154 3148 3149
f 3154 3153 3147
f 3154 3149 3153
f 3155 3148 3147
f 3158 3150 3149
f 3159 3153 3150
f 3159 3150 3156
f 3160 3155 3147
f 3160 3147 3151
f 3160 3151 3155
f 3162 3156 3151
f 3162 3151 3147
f 3162 3159 3156
f 3163 3149 3148
f 3163 3148 3157
f 3164 3158 3149
f 3165 3156 3150
f 3165 3150 3158
f 3166 3147 3153
f 3166 3153 3159
f 3166 3162 3147
f 3166 3159 3162
f 3169 3165 3158
f 3170 3163 3157
f 3170 3149 3163
f 3170 3164 3149
f 3171 3155 3151
f 3171 3151 3167
f 3171 3148 3155
f 3172 3161 3169
f 3173 3157 3148
f 3173 3148 3168
f 3174 3167 3161
f 3174 3168 3148
f 3175 3156 3165
f 3175 3151 3156
f 3175 3167 3151
f 3175 3169 3161
f 3175 3161 3167
f 3176 3164 3170
f 3176 3173 3164
f 3176 3157 3173
f 3177 3161 3172
f 3177 3174 3161
f 3177 3168 3174
f 3177 3172 3152
f 3178 3172 3169
f 3178 3152 3172
f 3178 3169 3158
f 3178 3158 3152
f 3179 3173 3168
f 3179 3164 3173
f 3179 3152 3158
f 3179 3158 3164
f 3179 3177 3152
f 3179 3168 3177
f 3180 3171 3167
f 3180 3167 3174
f 3180 3174 3148
f 3180 3148 3171
f 3181 3175 3165
f 3181 3165 3169
f 3181 3169 3175
f 3182 3176 3170
f 3182 3170 3157
f 3182 3157 3176
o bunny068
usemtl Material068
v -0.721149972 0.506592955 0.231345577
v -0.552332001 0.307844991 0.218232675
v -0.733069806 0.530432624 0.076387732
v -0.750921687 0.538726200 0.062718390
v -0.697310303 0.399314447 0.183666240
v -0.565229423 0.318013204 0.064938174
v -0.757687184 0.545473288 0.219009728
v -0.709230138 0.435073950 0.231345577
v -0.549492726 0.302648533 0.102562197
v -0.709230138 0.423154116 0.064467898
v -0.759228504 0.546641901 0.078913795
v -0.613871464 0.327795442 0.219425743
v -0.685390469 0.458913618 0.231345577
v -0.768829309 0.506592955 0.183666240
v -0.744989640 0.482753287 0.231345577
v -0.742844225 0.526488670 0.060695286
v -0.754231231 0.543549042 0.065172569
v -0.697310303 0.411234281 0.219425743
v -0.556759930 0.310889262 0.220955369
v -0.566192127 0.292035939 0.207505909
v -0.601951629 0.315875607 0.076387732
v -0.687136395 0.433851271 0.231688062
v -0.744989640 0.470833453 0.076387732
v -0.768829309 0.530432624 0.219425743
v -0.740699726 0.508678078 0.230096669
v -0.744989640 0.470833453 0.207505909
v -0.756909475 0.506592955 0.064467898
v -0.569519838 0.320406559 0.062842326
v -0.578111961 0.303955773 0.219425743
v -0.554272292 0.292035939 0.207505909
v -0.661550801 0.363554944 0.147906737
v -0.590031795 0.303955773 0.195586074
v -0.566192127 0.292035939 0.100227400
v -0.697310303 0.399314447 0.112147235
v -0.768829309 0.530432624 0.076387732
v -0.756909475 0.494673121 0.219425743
v -0.733069806 0.458913618 0.064467898
v -0.613871464 0.327795442 0.064467898
v -0.578111961 0.303955773 0.076387732
v -0.590031795 0.303955773 0.100227400
v -0.721149972 0.435073950 0.076387732
v -0.661550801 0.363554944 0.124067069
v -0.768829309 0.506592955 0.124067069
v -0.768829309 0.518512790 0.207505909
v -0.590031795 0.315875607 0.064467898
f 3183 3184 3185
f 3188 3186 3185
f 3189 3183 3185
f 3191 3188 3185
f 3191 3185 3184
f 3193 3189 3185
f 3198 3186 3188
f 3199 3193 3185
f 3199 3185 3186
f 3200 3194 3190
f 3200 3187 3194
f 3200 3190 3197
f 3201 3184 3183
f 3201 3183 3195
f 3204 3195 3183
f 3204 3201 3195
f 3204 3190 3201
f 3204 3197 3190
f 3204 3183 3197
f 3206 3189 3193
f 3207 3197 3183
f 3207 3183 3189
f 3207 3206 3197
f 3207 3189 3206
f 3208 3196 3187
f 3208 3200 3197
f 3208 3187 3200
f 3209 3186 3198
f 3209 3199 3186
f 3210 3198 3188
f 3211 3201 3190
f 3211 3190 3194
f 3211 3184 3201
f 3212 3191 3184
f 3212 3211 3202
f 3212 3184 3211
f 3214 3194 3187
f 3214 3187 3213
f 3214 3211 3194
f 3214 3202 3211
f 3215 3188 3191
f 3215 3202 3214
f 3215 3212 3202
f 3215 3191 3212
f 3216 3187 3196
f 3216 3213 3187
f 3217 3206 3193
f 3217 3196 3206
f 3217 3193 3199
f 3217 3199 3209
f 3218 3197 3206
f 3218 3208 3197
f 3218 3196 3208
f 3219 3209 3198
f 3219 3198 3192
f 3219 3192 3205
f 3219 3205 3209
f 3220 3192 3198
f 3220 3198 3210
f 3220 3216 3192
f 3221 3215 3203
f 3221 3188 3215
f 3222 3214 3213
f 3222 3215 3214
f 3222 3203 3215
f 3223 3205 3192
f 3223 3192 3216
f 3224 3213 3216
f 3224 3222 3213
f 3224 3203 3222
f 3224 3220 3203
f 3224 3216 3220
f 3225 3196 3217
f 3225 3205 3223
f 3225 3223 3216
f 3225 3216 3196
f 3225 3217 3209
f 3225 3209 3205
f 3226 3218 3206
f 3226 3206 3196
f 3226 3196 3218
f 3227 3210 3188
f 3227 3188 3221
f 3227 3220 3210
f 3227 3221 3203
f 3227 3203 3220
o bunny069
usemtl Material069
v -0.661550801 0.423154116 0.076387732
v -0.517632634 0.318597537 -0.005940511
v -0.518197292 0.471474188 -0.172343985
v -0.637711132 0.542352458 -0.150089119
v -0.673470635 0.435073950 -0.054730445
v -0.733069806 0.542352458 0.064467898
v -0.590031795 0.315875607 0.052548063
v -0.530432624 0.387394613 -0.126249450
v -0.613871464 0.542352458 -0.126249450
v -0.733069806 0.458913618 0.064467898
v -0.566192127 0.339715276 0.064467898
v -0.518512790 0.387394613 -0.126249450
v -0.554272292 0.315875607 -0.018970942
v -0.625791298 0.446993784 -0.114329616
v -0.613407334 0.542664106 -0.149340271
v -0.754231231 0.543549042 0.065172569
v -0.637711132 0.351635110 0.064467898
v -0.518512790 0.339715276 -0.007051108
v -0.565229423 0.318013204 0.064938174
v -0.530432624 0.423154116 -0.162008953
v -0.518512790 0.423154116 -0.162008953
v -0.518512790 0.315875607 -0.030890776
v -0.673470635 0.530432624 -0.114329616
v -0.649630966 0.423154116 -0.066650279
v -0.673761592 0.410912655 0.076308901
v -0.729041323 0.555195933 -0.016927108
v -0.709230138 0.435073950 0.028708395
v -0.625791298 0.351635110 0.028708395
v -0.590031795 0.315875607 0.064467898
v -0.566192127 0.411234281 -0.126249450
v -0.590031795 0.482753287 -0.162008953
v -0.518512790 0.446993784 -0.173928787
v -0.518512790 0.339715276 -0.066650279
v -0.637711132 0.446993784 -0.102409782
v -0.756909475 0.518512790 0.064467898
v -0.649630966 0.363554944 0.064467898
v -0.697310303 0.554272292 -0.090489947
v -0.661550801 0.554272292 -0.078570113
v -0.601951629 0.327795442 0.040628229
v -0.578111961 0.327795442 -0.007051108
v -0.649630966 0.363554944 0.052548063
v -0.566192127 0.423154116 -0.138169284
v -0.625791298 0.435073950 -0.102409782
v -0.578111961 0.399314447 -0.102409782
v -0.542352458 0.446993784 -0.173928787
v -0.625791298 0.506592955 -0.150089119
v -0.530432624 0.339715276 -0.066650279
v -0.744989640 0.482753287 0.064467898
v -0.756909475 0.530432624 0.028708395
v -0.733069806 0.542352458 -0.042810610
v -0.709230138 0.554272292 -0.018970942
v -0.669158463 0.552691670 -0.097503754
v -0.637711132 0.351635110 0.052548063
v -0.661550801 0.411234281 -0.030890776
v -0.733069806 0.458913618 0.052548063
v -0.637711132 0.530432624 -0.150089119
v -0.649630966 0.506592955 -0.126249450
v -0.530432624 0.315875607 -0.030890776
v -0.733069806 0.554272292 -0.042810610
v -0.756909475 0.518512790 0.052548063
v -0.697310303 0.542352458 -0.090489947
v -0.685390469 0.554272292 -0.042810610
v -0.685390469 0.435073950 -0.030890776
v -0.709230138 0.458913618 -0.018970942
f 3236 3233 3230
f 3238 3233 3228
f 3242 3236 3230
f 3242 3230 3231
f 3243 3228 3233
f 3245 3238 3229
f 3245 3229 3230
f 3245 3230 3233
f 3245 3233 3238
f 3246 3229 3238
f 3246 3238 3228
f 3247 3239 3235
f 3248 3230 3229
f 3248 3229 3239
f 3248 3239 3247
f 3249 3234 3240
f 3249 3229 3246
f 3251 3240 3232
f 3252 3228 3243
f 3252 3246 3228
f 3253 3243 3233
f 3256 3244 3234
f 3256 3249 3246
f 3256 3234 3249
f 3256 3252 3244
f 3256 3246 3252
f 3257 3247 3235
f 3259 3248 3247
f 3259 3230 3248
f 3260 3239 3229
f 3260 3229 3249
f 3260 3235 3239
f 3261 3232 3250
f 3262 3252 3243
f 3263 3252 3237
f 3263 3244 3252
f 3264 3242 3231
f 3264 3231 3250
f 3265 3233 3236
f 3265 3264 3253
f 3265 3236 3242
f 3267 3232 3240
f 3267 3240 3234
f 3267 3234 3266
f 3268 3244 3263
f 3268 3263 3237
f 3269 3247 3257
f 3270 3269 3257
f 3270 3241 3269
f 3270 3261 3241
f 3270 3251 3232
f 3270 3232 3261
f 3271 3257 3235
f 3271 3235 3240
f 3271 3240 3251
f 3271 3270 3257
f 3271 3251 3270
f 3272 3241 3258
f 3272 3269 3241
f 3272 3247 3269
f 3272 3259 3247
f 3272 3230 3259
f 3272 3231 3230
f 3273 3258 3241
f 3273 3241 3261
f 3274 3260 3249
f 3274 3240 3235
f 3274 3235 3260
f 3275 3237 3252
f 3275 3252 3262
f 3276 3262 3243
f 3278 3253 3233
f 3279 3265 3242
f 3279 3242 3264
f 3279 3264 3265
f 3280 3266 3234
f 3280 3234 3244
f 3280 3244 3268
f 3280 3267 3266
f 3280 3255 3267
f 3281 3267 3255
f 3281 3232 3267
f 3281 3255 3280
f 3282 3268 3237
f 3282 3254 3268
f 3282 3237 3275
f 3283 3273 3250
f 3283 3250 3231
f 3283 3258 3273
f 3283 3272 3258
f 3283 3231 3272
f 3284 3273 3261
f 3284 3261 3250
f 3284 3250 3273
f 3285 3274 3249
f 3285 3249 3240
f 3285 3240 3274
f 3286 3276 3243
f 3286 3243 3253
f 3286 3277 3276
f 3286 3253 3264
f 3286 3264 3277
f 3287 3275 3262
f 3287 3262 3276
f 3287 3282 3275
f 3287 3276 3282
f 3288 3277 3264
f 3288 3264 3250
f 3288 3250 3232
f 3288 3232 3277
f 3289 3265 3253
f 3289 3253 3278
f 3289 3278 3233
f 3289 3233 3265
f 3290 3268 3254
f 3290 3232 3281
f 3290 3281 3280
f 3290 3280 3268
f 3291 3282 3276
f 3291 3276 3277
f 3291 3277 3232
f 3291 3232 3290
f 3291 3290 3254
f 3291 3254 3282
o bunny070
usemtl Material070
v -0.554272292 0.983386325 0.600860439
v -0.411234281 0.899947485 0.422062925
v -0.411234281 0.983386325 0.445902594
v -0.423154116 0.935706988 0.398223257
v -0.613788250 0.851159493 0.517997066
v -0.403821794 0.932368280 0.405838167
v -0.612862547 1.021755884 0.588071319
v -0.530432624 0.923787154 0.577020770
v -0.506592955 0.852268148 0.410143091
v -0.411234281 0.959546657 0.445902594
v -0.407900459 0.984658694 0.425522538
v -0.518512790 1.031065662 0.541261267
v -0.613871464 0.911867320 0.600860439
v -0.506592955 0.983386325 0.553181102
v -0.578111961 0.864187983 0.565100936
v -0.411192126 0.899946611 0.398296106
v -0.506592955 1.019145828 0.469742262
v -0.411234281 0.923787154 0.433982759
v -0.590031795 1.019145828 0.600860439
v -0.482753287 1.019145828 0.493581931
v -0.625796238 0.983085724 0.596688916
v -0.566192127 0.911867320 0.600860439
v -0.518512790 0.995306159 0.565100936
v -0.506592955 0.959546657 0.553181102
v -0.530432624 0.888027651 0.553181102
v -0.458918683 0.851662485 0.420769011
v -0.613871464 0.852268148 0.553181102
v -0.435073950 0.899947485 0.398223257
v -0.530432624 0.864187983 0.422062925
v -0.423154116 0.983386325 0.422062925
v -0.537599807 1.033830367 0.533546167
v -0.542352458 1.019145828 0.577020770
v -0.482445605 1.019338452 0.470250055
v -0.625782195 0.983940233 0.596627324
v -0.542352458 0.923787154 0.588940604
v -0.613871464 0.888027651 0.588940604
v -0.518512790 1.019145828 0.553181102
v -0.518512790 0.935706988 0.565100936
v -0.530432624 0.899947485 0.565100936
v -0.542352458 0.876107817 0.553181102
v -0.575851013 0.845488169 0.471780550
v -0.590031795 0.852268148 0.553181102
v -0.626035445 0.923604794 0.589684004
v -0.506592955 0.864187983 0.410143091
v -0.578111961 0.864187983 0.469742262
v -0.542352458 0.995306159 0.588940604
v -0.614907955 1.016464436 0.589507865
v -0.554272292 0.971466491 0.600860439
v -0.578111961 0.888027651 0.588940604
v -0.554272292 0.899947485 0.588940604
v -0.435073950 0.911867320 0.398223257
v -0.554272292 0.876107817 0.565100936
f 3301 3297 3294
f 3302 3297 3295
f 3302 3294 3297
f 3305 3301 3294
f 3307 3297 3293
f 3307 3295 3297
f 3309 3293 3297
f 3309 3297 3301
f 3309 3301 3299
f 3309 3299 3293
f 3310 3304 3292
f 3311 3303 3294
f 3311 3294 3302
f 3312 3304 3310
f 3313 3292 3304
f 3314 3305 3294
f 3315 3301 3305
f 3315 3305 3314
f 3317 3307 3293
f 3317 3300 3307
f 3319 3307 3300
f 3319 3295 3307
f 3321 3302 3295
f 3321 3295 3308
f 3322 3308 3298
f 3322 3310 3303
f 3322 3298 3310
f 3323 3310 3292
f 3323 3303 3310
f 3324 3311 3302
f 3324 3308 3322
f 3324 3322 3303
f 3324 3303 3311
f 3324 3321 3308
f 3324 3302 3321
f 3325 3312 3310
f 3327 3313 3304
f 3327 3318 3306
f 3328 3314 3294
f 3328 3294 3303
f 3328 3323 3314
f 3328 3303 3323
f 3329 3299 3301
f 3329 3301 3315
f 3329 3326 3299
f 3329 3315 3314
f 3329 3314 3292
f 3330 3316 3293
f 3330 3293 3299
f 3330 3299 3326
f 3331 3317 3293
f 3331 3293 3316
f 3332 3300 3317
f 3332 3320 3300
f 3332 3318 3296
f 3333 3306 3318
f 3333 3331 3306
f 3333 3317 3331
f 3333 3332 3317
f 3333 3318 3332
f 3334 3296 3318
f 3334 3325 3296
f 3334 3312 3325
f 3334 3318 3327
f 3334 3327 3304
f 3334 3304 3312
f 3335 3319 3300
f 3335 3300 3320
f 3335 3320 3308
f 3335 3308 3295
f 3336 3296 3298
f 3336 3298 3308
f 3336 3308 3320
f 3336 3332 3296
f 3336 3320 3332
f 3337 3323 3292
f 3337 3292 3314
f 3337 3314 3323
f 3338 3298 3296
f 3338 3296 3325
f 3338 3325 3310
f 3338 3310 3298
f 3339 3292 3313
f 3339 3313 3326
f 3339 3329 3292
f 3339 3326 3329
f 3340 3327 3306
f 3340 3313 3327
f 3341 3330 3326
f 3341 3326 3313
f 3341 3313 3340
f 3341 3316 3330
f 3342 3335 3295
f 3342 3295 3319
f 3342 3319 3335
f 3343 3306 3331
f 3343 3331 3316
f 3343 3316 3341
f 3343 3341 3340
f 3343 3340 3306
o bunny071
usemtl Material071
v -0.375474779 1.281382181 0.219425743
v -0.232436768 1.257542513 0.040628229
v -0.256276436 1.281382181 -0.018970942
v -0.375474779 1.233702844 -0.018970942
v -0.383504738 1.208696092 0.217489691
v -0.268196270 1.245622679 -0.018970942
v -0.381995326 1.290316344 0.177300758
v -0.238498012 1.287192333 0.046610789
v -0.232436768 1.269462347 0.052548063
v -0.231012260 1.278090944 -0.019649868
v -0.327795442 1.209863176 0.004868726
v -0.373394372 1.251025940 -0.009264748
v -0.399314447 1.233702844 0.219425743
v -0.363554944 1.209863176 0.195586074
v -0.232436768 1.257542513 -0.007051108
v -0.303955773 1.233702844 -0.018970942
v -0.377314371 1.217415711 0.012141441
v -0.384380070 1.210301313 0.220152560
v -0.393268198 1.284532864 0.220391726
v -0.315875607 1.209863176 0.076387732
v -0.244356602 1.257542513 -0.018970942
v -0.256276436 1.245622679 -0.007051108
v -0.387394613 1.209863176 0.171746406
v -0.399314447 1.233702844 0.207505909
v -0.390539749 1.286716151 0.198590409
v -0.292035939 1.221783010 0.028708395
v -0.315875607 1.209863176 0.028708395
v -0.399314447 1.269462347 0.195586074
v -0.292035939 1.221783010 0.040628229
f 3351 3350 3344
f 3351 3346 3350
f 3352 3351 3344
f 3353 3346 3351
f 3353 3352 3345
f 3353 3351 3352
f 3353 3347 3346
f 3355 3350 3346
f 3355 3346 3347
f 3357 3345 3352
f 3358 3353 3345
f 3359 3353 3349
f 3359 3347 3353
f 3359 3354 3347
f 3359 3349 3354
f 3360 3347 3354
f 3361 3348 3357
f 3361 3357 3352
f 3361 3352 3344
f 3362 3344 3350
f 3362 3361 3344
f 3362 3356 3361
f 3363 3345 3357
f 3363 3357 3348
f 3364 3349 3353
f 3364 3353 3358
f 3365 3354 3349
f 3365 3364 3358
f 3365 3349 3364
f 3366 3360 3354
f 3366 3354 3348
f 3366 3361 3356
f 3366 3348 3361
f 3367 3347 3360
f 3367 3366 3356
f 3367 3360 3366
f 3368 3362 3350
f 3368 3350 3355
f 3369 3358 3345
f 3369 3365 3358
f 3370 3363 3348
f 3370 3348 3354
f 3370 3369 3363
f 3370 3354 3365
f 3370 3365 3369
f 3371 3347 3367
f 3371 3362 3368
f 3371 3368 3355
f 3371 3355 3347
f 3371 3367 3356
f 3371 3356 3362
f 3372 3369 3345
f 3372 3345 3363
f 3372 3363 3369
o bunny072
usemtl Material072
v -0.733069806 0.876107817 0.052548063
v -0.542352458 0.744989640 -0.138169284
v -0.597648472 0.886668635 -0.069435057
v -0.554272292 0.780749143 -0.162008953
v -0.746855207 0.707259191 0.009320555
v -0.538583537 0.789893020 -0.143722228
v -0.685390469 0.899947485 -0.042810610
v -0.709230138 0.816508646 0.040628229
v -0.637711132 0.709230138 -0.138169284
v -0.542352458 0.780749143 -0.126249450
v -0.541991277 0.744723616 -0.161398804
v -0.542352458 0.780749143 -0.162008953
v -0.721149972 0.899947485 0.028708395
v -0.613871464 0.888027651 -0.078570113
v -0.613871464 0.888027651 -0.042810610
v -0.733069806 0.709230138 0.016788561
v -0.637711132 0.721149972 -0.138169284
v -0.566192127 0.744989640 -0.162008953
v -0.612891702 0.708443962 -0.136453243
v -0.748284941 0.897586307 0.025159635
v -0.636761368 0.901204095 -0.052171933
v -0.661550801 0.899947485 -0.054730445
v -0.709230138 0.852268148 0.040628229
v -0.637711132 0.899947485 -0.030890776
v -0.601951629 0.852268148 -0.054730445
v -0.733069806 0.733069806 0.028708395
v -0.590031795 0.792668977 -0.138169284
v -0.709230138 0.744989640 -0.066650279
v -0.566192127 0.756909475 -0.162008953
v -0.613871464 0.709230138 -0.114329616
v -0.701542746 0.706985999 -0.058908729
v -0.738680839 0.904467925 0.011662772
v -0.755237210 0.708910168 0.029424445
v -0.607546596 0.890935282 -0.063168564
v -0.613871464 0.876107817 -0.042810610
v -0.756909475 0.744989640 0.004868726
v -0.673470635 0.744989640 -0.102409782
v -0.715397547 0.904273500 -0.009598829
v -0.752641361 0.871508652 0.046680336
v -0.721149972 0.792668977 0.040628229
v -0.733069806 0.768829309 -0.030890776
v -0.649630966 0.733069806 -0.126249450
v -0.745290584 0.852087262 0.052317285
v -0.756909475 0.768829309 0.028708395
v -0.756909475 0.768829309 0.016788561
f 3382 3378 3375
f 3382 3374 3378
f 3382 3380 3374
f 3383 3378 3374
f 3384 3375 3378
f 3384 3378 3383
f 3386 3384 3376
f 3386 3375 3384
f 3387 3382 3375
f 3390 3383 3381
f 3390 3384 3383
f 3390 3376 3384
f 3390 3381 3389
f 3391 3383 3374
f 3391 3381 3383
f 3392 3373 3385
f 3394 3386 3376
f 3394 3376 3379
f 3394 3393 3386
f 3395 3387 3373
f 3395 3373 3380
f 3395 3380 3387
f 3396 3385 3373
f 3396 3373 3387
f 3396 3387 3375
f 3397 3380 3382
f 3397 3382 3387
f 3398 3388 3374
f 3398 3374 3380
f 3399 3389 3379
f 3399 3379 3376
f 3399 3376 3389
f 3401 3390 3389
f 3401 3389 3376
f 3401 3376 3390
f 3402 3391 3374
f 3402 3374 3388
f 3402 3388 3377
f 3402 3377 3391
f 3403 3391 3377
f 3403 3381 3391
f 3403 3400 3381
f 3404 3392 3385
f 3404 3385 3396
f 3405 3377 3388
f 3405 3388 3398
f 3406 3375 3386
f 3406 3386 3393
f 3406 3396 3375
f 3406 3393 3396
f 3407 3397 3387
f 3407 3387 3380
f 3407 3380 3397
f 3408 3377 3405
f 3408 3403 3377
f 3408 3400 3403
f 3409 3389 3381
f 3409 3381 3400
f 3409 3404 3379
f 3409 3400 3404
f 3410 3404 3396
f 3410 3396 3393
f 3410 3393 3394
f 3410 3394 3379
f 3410 3379 3404
f 3411 3373 3392
f 3412 3405 3398
f 3412 3398 3380
f 3412 3380 3373
f 3413 3404 3400
f 3413 3400 3408
f 3413 3408 3392
f 3413 3392 3404
f 3414 3409 3379
f 3414 3379 3389
f 3414 3389 3409
f 3415 3411 3405
f 3415 3373 3411
f 3415 3412 3373
f 3415 3405 3412
f 3416 3408 3405
f 3416 3405 3411
f 3417 3411 3392
f 3417 3392 3408
f 3417 3416 3411
f 3417 3408 3416
o bunny073
usemtl Material073
v -0.232436768 0.470833453 0.493581931
v -0.193121666 0.398466924 0.465533720
v -0.220687278 0.483044146 0.480157840
v -0.363554944 0.339715276 0.374383588
v -0.482753287 0.470833453 0.493581931
v -0.194305110 0.434578699 0.468452573
v -0.244356602 0.339715276 0.481662096
v -0.482753287 0.482753287 0.493581931
v -0.219401994 0.480849551 0.479587952
v -0.196677265 0.399314447 0.481662096
v -0.375474779 0.446993784 0.493581931
v -0.339715276 0.327795442 0.445902594
v -0.208547254 0.327759436 0.457995746
v -0.233746848 0.484990221 0.482013012
v -0.482753287 0.435073950 0.433982759
v -0.196677265 0.435073950 0.481662096
v -0.220516934 0.351635110 0.481662096
v -0.244356602 0.458913618 0.493581931
v -0.435073950 0.458913618 0.493581931
v -0.470833453 0.423154116 0.469742262
v -0.363554944 0.327795442 0.374383588
v -0.276859537 0.329093045 0.461288255
v -0.484628580 0.479603266 0.476598756
v -0.470833453 0.435073950 0.433982759
v -0.232436768 0.339715276 0.481662096
v -0.482753287 0.411234281 0.457822428
v -0.378335595 0.327044620 0.375437746
v -0.351635110 0.446993784 0.493581931
v -0.482788054 0.411145899 0.434071681
v -0.375474779 0.327795442 0.410143091
f 3423 3419 3421
f 3425 3422 3418
f 3426 3423 3421
f 3426 3421 3420
f 3428 3418 3422
f 3430 3419 3427
f 3431 3425 3418
f 3431 3418 3420
f 3433 3427 3419
f 3433 3419 3423
f 3433 3423 3426
f 3433 3426 3420
f 3433 3420 3418
f 3433 3418 3427
f 3434 3427 3418
f 3434 3430 3427
f 3435 3418 3428
f 3435 3434 3418
f 3436 3428 3422
f 3436 3422 3424
f 3436 3424 3428
f 3437 3429 3424
f 3437 3424 3422
f 3438 3421 3419
f 3438 3419 3430
f 3439 3424 3429
f 3439 3429 3430
f 3440 3422 3425
f 3440 3425 3431
f 3440 3431 3420
f 3441 3420 3421
f 3441 3421 3432
f 3441 3440 3420
f 3441 3432 3440
f 3442 3430 3434
f 3442 3439 3430
f 3442 3424 3439
f 3442 3434 3435
f 3442 3428 3424
f 3443 3437 3422
f 3443 3429 3437
f 3443 3422 3440
f 3444 3438 3430
f 3444 3430 3429
f 3444 3432 3421
f 3444 3421 3438
f 3445 3442 3435
f 3445 3435 3428
f 3445 3428 3442
f 3446 3443 3440
f 3446 3440 3432
f 3446 3444 3443
f 3446 3432 3444
f 3447 3444 3429
f 3447 3429 3443
f 3447 3443 3444
o bunny074
usemtl Material074
v -0.017801211 0.065500601 0.445476238
v 0.184815226 0.063897784 0.350647070
v -0.160917762 0.065559088 0.052548063
v -0.161389787 0.055756842 -0.138643071
v -0.148612388 0.041367306 0.314904283
v 0.183278523 0.055416468 -0.123665656
v 0.160927411 0.065281726 0.386320644
v -0.137078094 0.065559088 0.398223257
v -0.160917762 0.041719420 0.052548063
v 0.005918989 0.059880437 -0.136543433
v 0.005959917 0.041719420 0.243265411
v 0.125158414 0.065553532 0.410143428
v -0.077478923 0.053639254 0.445902594
v 0.184878703 0.054470958 -0.126461324
v -0.158973767 0.056837964 -0.136218032
v -0.053639254 0.041719420 0.064467898
v -0.053639254 0.041719420 0.302864583
v -0.113238425 0.053639254 0.422062925
v -0.077478923 0.065559088 0.445902594
v -0.160917762 0.041719420 0.040628229
v 0.005998387 0.058976831 -0.139697483
v 0.005959917 0.041719420 0.207505909
v -0.089398757 0.041719420 0.314784417
v -0.113238425 0.065559088 0.422062925
v -0.125158260 0.041719420 0.040628229
v -0.041719420 0.041719420 0.088307566
f 3454 3449 3453
f 3455 3450 3452
f 3456 3452 3450
f 3456 3450 3451
f 3457 3454 3453
f 3457 3450 3454
f 3459 3454 3450
f 3460 3459 3448
f 3460 3454 3459
f 3461 3453 3449
f 3461 3449 3458
f 3462 3451 3450
f 3462 3450 3457
f 3464 3458 3449
f 3464 3449 3454
f 3464 3454 3460
f 3464 3452 3458
f 3465 3455 3452
f 3465 3452 3460
f 3466 3460 3448
f 3466 3465 3460
f 3466 3448 3459
f 3466 3459 3450
f 3466 3450 3455
f 3467 3456 3451
f 3467 3451 3461
f 3467 3452 3456
f 3468 3457 3453
f 3468 3453 3461
f 3468 3461 3451
f 3468 3462 3457
f 3468 3451 3462
f 3469 3461 3458
f 3469 3458 3452
f 3470 3464 3460
f 3470 3460 3452
f 3470 3452 3464
f 3471 3466 3455
f 3471 3455 3465
f 3471 3465 3466
f 3472 3467 3461
f 3472 3461 3463
f 3472 3463 3452
f 3472 3452 3467
f 3473 3463 3461
f 3473 3461 3469
f 3473 3469 3452
f 3473 3452 3463
o bunny075
usemtl Material075
v -0.184757431 0.256276436 -0.090489947
v -0.148997928 0.196677265 -0.126249450
v -0.208273566 0.435420729 -0.184390750
v -0.315875607 0.435073950 -0.185848621
v -0.340533725 0.231750030 -0.094037065
v -0.151541296 0.220220752 -0.162516957
v -0.387394613 0.375474779 -0.102409782
v -0.160917762 0.268196270 -0.102409782
v -0.196677265 0.184757431 -0.090489947
v -0.172837597 0.268196270 -0.173928787
v -0.327795442 0.435073950 -0.150089119
v -0.375474779 0.351635110 -0.090489947
v -0.387394613 0.387394613 -0.150089119
v -0.148997928 0.280116105 -0.162008953
v -0.172837597 0.196677265 -0.090489947
v -0.243584020 0.183924341 -0.107812428
v -0.208597099 0.399314447 -0.185848621
v -0.339342110 0.439475503 -0.165731915
v -0.220516934 0.435073950 -0.162008953
v -0.388845034 0.327187340 -0.092685758
v -0.375918680 0.291834402 -0.091179968
v -0.303955773 0.411234281 -0.185848621
v -0.339715276 0.244356602 -0.114329616
v -0.148997928 0.280116105 -0.150089119
v -0.159243146 0.280449376 -0.173262841
v -0.172837597 0.232436768 -0.090489947
v -0.160917762 0.196677265 -0.102409782
v -0.170532097 0.193268669 -0.136716359
v -0.220516934 0.184757431 -0.090489947
v -0.387871196 0.403077975 -0.145159594
v -0.208597099 0.423154116 -0.162008953
v -0.375474779 0.375474779 -0.102409782
v -0.184757431 0.292035939 -0.102409782
v -0.392117711 0.347439016 -0.097733275
v -0.375474779 0.292035939 -0.114329616
v -0.315875607 0.423154116 -0.185848621
v -0.220516934 0.399314447 -0.185848621
v -0.327795442 0.399314447 -0.173928787
v -0.148997928 0.256276436 -0.126249450
v -0.157253653 0.268946329 -0.172509025
v -0.157954167 0.201319468 -0.140411190
v -0.207749822 0.182309421 -0.112660326
v -0.387394613 0.399314447 -0.126249450
v -0.184757431 0.339715276 -0.126249450
v -0.160917762 0.280116105 -0.114329616
v -0.220516934 0.411234281 -0.150089119
v -0.387394613 0.327795442 -0.114329616
f 3485 3482 3474
f 3487 3475 3479
f 3488 3474 3482
f 3490 3477 3476
f 3491 3476 3477
f 3492 3491 3484
f 3492 3476 3491
f 3494 3485 3493
f 3495 3477 3490
f 3496 3483 3479
f 3496 3489 3478
f 3496 3479 3489
f 3496 3495 3483
f 3497 3487 3476
f 3497 3475 3487
f 3498 3476 3487
f 3498 3490 3476
f 3499 3488 3481
f 3499 3481 3474
f 3499 3474 3488
f 3500 3488 3482
f 3500 3482 3475
f 3500 3475 3481
f 3500 3481 3488
f 3501 3489 3479
f 3502 3478 3489
f 3502 3494 3478
f 3502 3482 3485
f 3502 3485 3494
f 3503 3491 3477
f 3503 3477 3486
f 3504 3476 3492
f 3504 3497 3476
f 3505 3492 3484
f 3505 3484 3480
f 3505 3480 3485
f 3506 3485 3474
f 3506 3474 3481
f 3507 3493 3485
f 3507 3485 3480
f 3507 3503 3486
f 3508 3494 3493
f 3508 3486 3496
f 3508 3496 3478
f 3508 3478 3494
f 3509 3495 3486
f 3509 3486 3477
f 3509 3477 3495
f 3510 3495 3490
f 3510 3490 3483
f 3510 3483 3495
f 3511 3496 3486
f 3511 3486 3495
f 3511 3495 3496
f 3512 3481 3475
f 3512 3475 3497
f 3513 3483 3490
f 3513 3490 3498
f 3513 3479 3483
f 3513 3498 3487
f 3513 3487 3479
f 3514 3501 3479
f 3514 3479 3475
f 3514 3475 3501
f 3515 3501 3475
f 3515 3475 3482
f 3515 3489 3501
f 3515 3502 3489
f 3515 3482 3502
f 3516 3480 3484
f 3516 3484 3491
f 3516 3491 3503
f 3516 3507 3480
f 3516 3503 3507
f 3517 3504 3492
f 3517 3506 3481
f 3518 3497 3504
f 3518 3512 3497
f 3518 3481 3512
f 3518 3517 3481
f 3518 3504 3517
f 3519 3485 3506
f 3519 3505 3485
f 3519 3492 3505
f 3519 3517 3492
f 3519 3506 3517
f 3520 3507 3486
f 3520 3486 3508
f 3520 3508 3493
f 3520 3493 3507
o bunny076
usemtl Material076
v 0.339709362 0.016844261 0.410148799
v 0.125127922 0.059926412 0.016477806
v 0.280116105 0.065559088 0.386303422
v 0.125191925 0.059889897 0.017133409
v 0.196677265 0.005959917 0.064467898
v 0.184815226 0.063897784 0.350647070
v 0.220516934 0.053639254 0.016788561
v 0.113238425 0.041719420 0.171746406
v 0.280116105 0.065559088 0.326704251
v 0.269269759 0.017194135 0.413874049
v 0.208597099 0.017879751 0.016788561
v 0.160917762 0.017879751 0.112147235
v 0.125046131 0.057599858 0.255110613
v 0.192660041 0.056243175 0.013975728
v 0.315875607 0.041719420 0.362463754
v 0.280116105 0.041719420 0.410143091
v 0.184757431 0.005959917 0.207505909
v 0.208597099 0.005959917 0.040628229
v 0.338618020 0.012130080 0.251580893
v 0.113238425 0.041719420 0.159826572
v 0.112708606 0.056048031 0.135444810
v 0.292035939 0.053639254 0.398223257
v 0.268196270 0.041719420 0.410143091
v 0.184757431 0.005959917 0.100227400
v 0.224921503 0.022934379 0.020335952
v 0.315875607 0.041719420 0.338624085
v 0.113121609 0.054567718 0.184180554
v 0.233897464 0.010689004 0.053450198
v 0.339777439 0.016843510 0.410083092
f 3529 3526 3523
f 3529 3522 3526
f 3532 3522 3525
f 3533 3526 3522
f 3533 3530 3526
f 3534 3529 3527
f 3534 3522 3529
f 3534 3531 3522
f 3534 3527 3531
f 3535 3529 3523
f 3536 3530 3521
f 3537 3521 3530
f 3537 3528 3532
f 3537 3533 3528
f 3537 3530 3533
f 3538 3525 3522
f 3538 3522 3531
f 3538 3537 3525
f 3539 3537 3538
f 3539 3527 3529
f 3540 3532 3528
f 3540 3522 3532
f 3541 3533 3522
f 3541 3540 3528
f 3541 3522 3540
f 3542 3536 3521
f 3542 3523 3536
f 3543 3536 3523
f 3543 3523 3526
f 3543 3526 3530
f 3543 3530 3536
f 3544 3537 3532
f 3544 3532 3525
f 3544 3525 3537
f 3545 3531 3527
f 3545 3527 3539
f 3545 3538 3531
f 3546 3539 3529
f 3546 3529 3535
f 3547 3541 3528
f 3547 3528 3533
f 3547 3533 3541
f 3548 3545 3539
f 3548 3539 3538
f 3548 3538 3545
f 3549 3546 3535
f 3549 3539 3546
f 3549 3521 3537
f 3549 3537 3539
f 3549 3535 3523
f 3549 3542 3521
f 3549 3523 3542
o bunny077
usemtl Material077
v -0.017879751 0.125158260 0.600860439
v 0.009362865 0.116680065 0.575124694
v -0.017695822 0.232518286 0.541109778
v -0.172837597 0.220516934 0.410143091
v -0.246864806 0.123562818 0.463505508
v -0.113238425 0.220516934 0.410143091
v 0.005959917 0.137078094 0.588940604
v -0.187040937 0.090929859 0.543208597
v -0.196898940 0.220459204 0.433149362
v 0.007707360 0.168206813 0.536473991
v -0.113238425 0.232436768 0.410143091
v -0.244356602 0.137078094 0.445902594
v -0.017879751 0.113238425 0.600860439
v -0.017879751 0.148997928 0.588940604
v -0.172837597 0.089398757 0.529341433
v -0.160917762 0.137078094 0.565100936
v -0.101318591 0.208597099 0.422062925
v 0.006751913 0.185730393 0.539449931
v -0.101318591 0.232436768 0.469742262
v -0.193951099 0.221226897 0.432312090
v -0.160917762 0.208597099 0.410143091
v -0.244543669 0.162301159 0.451277469
v 0.002799713 0.110042289 0.579631875
v -0.193317562 0.091511375 0.532244319
v -0.208597099 0.125158260 0.457822428
v -0.125158260 0.172837597 0.553181102
v -0.089398757 0.137078094 0.600860439
v -0.220516934 0.125158260 0.505501765
v -0.089398757 0.232436768 0.433982759
v -0.023257715 0.235336150 0.535873192
v -0.125379256 0.231678403 0.417390095
v -0.172837597 0.208597099 0.410143091
v -0.244356602 0.148997928 0.469742262
v -0.220516934 0.113238425 0.505501765
v -0.113238425 0.196677265 0.422062925
v -0.196677265 0.137078094 0.445902594
v -0.160917762 0.148997928 0.553181102
v -0.041719420 0.137078094 0.600860439
v -0.125158260 0.160917762 0.565100936
v -0.101318591 0.125158260 0.600860439
v -0.184757431 0.137078094 0.541261267
v -0.017879751 0.232436768 0.517421599
v -0.125158260 0.232436768 0.433982759
v -0.148997928 0.184757431 0.422062925
v -0.101318591 0.160917762 0.577020770
v -0.180596926 0.094601426 0.547878272
v -0.098120817 0.107798704 0.593829746
f 3560 3555 3553
f 3562 3556 3550
f 3563 3556 3552
f 3563 3550 3556
f 3566 3559 3551
f 3566 3555 3560
f 3567 3556 3551
f 3567 3551 3559
f 3567 3552 3556
f 3569 3553 3558
f 3570 3553 3555
f 3571 3558 3553
f 3571 3553 3561
f 3571 3561 3554
f 3572 3551 3556
f 3572 3556 3562
f 3572 3562 3557
f 3572 3557 3564
f 3573 3564 3557
f 3573 3554 3564
f 3574 3564 3554
f 3574 3554 3561
f 3574 3572 3564
f 3576 3562 3550
f 3578 3566 3560
f 3578 3559 3566
f 3579 3578 3560
f 3579 3558 3575
f 3579 3569 3558
f 3579 3568 3569
f 3580 3560 3553
f 3580 3553 3569
f 3581 3570 3561
f 3581 3561 3553
f 3581 3553 3570
f 3582 3558 3571
f 3582 3571 3554
f 3583 3573 3557
f 3583 3554 3573
f 3583 3557 3577
f 3583 3582 3554
f 3583 3577 3582
f 3584 3555 3566
f 3584 3566 3551
f 3585 3551 3572
f 3585 3572 3574
f 3585 3584 3551
f 3585 3574 3561
f 3585 3561 3570
f 3586 3575 3558
f 3586 3565 3575
f 3586 3558 3582
f 3587 3576 3550
f 3587 3550 3563
f 3587 3563 3552
f 3587 3552 3576
f 3588 3575 3565
f 3588 3565 3576
f 3589 3576 3565
f 3589 3562 3576
f 3590 3577 3557
f 3590 3557 3565
f 3590 3582 3577
f 3590 3586 3582
f 3590 3565 3586
f 3591 3567 3559
f 3591 3559 3578
f 3591 3552 3567
f 3591 3579 3552
f 3591 3578 3579
f 3592 3579 3560
f 3592 3568 3579
f 3592 3560 3580
f 3592 3580 3569
f 3592 3569 3568
f 3593 3570 3555
f 3593 3555 3584
f 3593 3585 3570
f 3593 3584 3585
f 3594 3588 3576
f 3594 3576 3552
f 3594 3552 3579
f 3594 3579 3575
f 3594 3575 3588
f 3595 3589 3565
f 3595 3565 3557
f 3595 3557 3589
f 3596 3589 3557
f 3596 3557 3562
f 3596 3562 3589
o bunny078
usemtl Material078
v -0.518512790 1.245622679 0.457822428
v -0.405659034 1.270288919 0.293511218
v -0.423154116 1.317141684 0.338624085
v -0.472172984 1.333836464 0.231146818
v -0.637711132 1.293302016 0.362463754
v -0.409319915 1.307548058 0.231600365
v -0.458913618 1.233702844 0.410143091
v -0.590031795 1.317141684 0.398223257
v -0.411234281 1.317141684 0.302864583
v -0.637589323 1.327761348 0.302597300
v -0.423154116 1.269462347 0.362463754
v -0.457802787 1.233696548 0.387199618
v -0.602121468 1.262645553 0.449810051
v -0.470833453 1.317141684 0.386303422
v -0.435073950 1.340981352 0.231345577
v -0.435073950 1.305221850 0.231345577
v -0.637711132 1.317141684 0.386303422
v -0.411234281 1.305221850 0.326704251
v -0.542352458 1.281382181 0.445902594
v -0.542352458 1.233702844 0.433982759
v -0.458913618 1.281382181 0.410143091
v -0.423154116 1.329061518 0.290944748
v -0.506592955 1.340981352 0.326704251
v -0.625791298 1.340981352 0.314784417
v -0.458913618 1.317141684 0.231345577
v -0.423154116 1.269462347 0.290944748
v -0.415126918 1.312411615 0.230827496
v -0.639277432 1.326897559 0.305450786
v -0.601951629 1.293302016 0.433982759
v -0.638451688 1.299279036 0.388705817
v -0.423154116 1.281382181 0.362463754
v -0.411234281 1.293302016 0.326704251
v -0.530432624 1.257542513 0.457822428
v -0.542352458 1.317141684 0.398223257
v -0.601951629 1.257542513 0.433982759
v -0.542498538 1.233604927 0.457632402
v -0.482753287 1.233702844 0.433982759
v -0.470833453 1.293302016 0.410143091
v -0.458913618 1.340981352 0.290944748
v -0.625791298 1.329061518 0.362463754
v -0.601951629 1.281382181 0.445902594
v -0.423154116 1.305221850 0.350543920
v -0.554272292 1.293302016 0.433982759
v -0.482753287 1.329061518 0.362463754
v -0.462502526 1.233655623 0.393024640
v -0.518512790 1.233702844 0.457822428
v -0.482753287 1.245622679 0.433982759
v -0.506592955 1.281382181 0.433982759
v -0.435073950 1.329061518 0.314784417
v -0.435073950 1.340981352 0.243265411
v -0.578111961 1.340981352 0.326704251
v -0.435073950 1.293302016 0.374383588
v -0.506592955 1.305221850 0.410143091
v -0.470833453 1.340981352 0.302864583
v -0.470833453 1.269462347 0.422062925
f 3605 3598 3602
f 3607 3603 3598
f 3608 3598 3603
f 3611 3605 3602
f 3612 3601 3606
f 3614 3605 3599
f 3614 3598 3605
f 3617 3599 3610
f 3617 3603 3607
f 3618 3599 3605
f 3618 3605 3611
f 3620 3611 3600
f 3620 3600 3606
f 3620 3619 3611
f 3621 3612 3606
f 3621 3606 3600
f 3622 3612 3602
f 3622 3602 3598
f 3622 3598 3608
f 3622 3601 3612
f 3622 3616 3601
f 3622 3608 3616
f 3623 3611 3602
f 3623 3602 3612
f 3623 3600 3611
f 3623 3621 3600
f 3623 3612 3621
f 3624 3606 3601
f 3624 3620 3606
f 3624 3613 3620
f 3625 3604 3613
f 3626 3609 3613
f 3626 3624 3601
f 3626 3613 3624
f 3627 3607 3614
f 3627 3617 3607
f 3628 3614 3607
f 3628 3607 3598
f 3628 3598 3614
f 3630 3604 3625
f 3630 3619 3604
f 3631 3601 3616
f 3631 3626 3601
f 3631 3609 3626
f 3632 3631 3616
f 3632 3609 3631
f 3632 3629 3609
f 3633 3603 3617
f 3633 3632 3603
f 3634 3617 3610
f 3635 3611 3619
f 3636 3620 3613
f 3636 3613 3604
f 3637 3625 3613
f 3637 3613 3609
f 3637 3615 3625
f 3637 3629 3615
f 3637 3609 3629
f 3638 3627 3614
f 3638 3614 3599
f 3638 3599 3617
f 3639 3630 3625
f 3639 3625 3615
f 3640 3630 3610
f 3640 3619 3630
f 3641 3608 3603
f 3641 3603 3632
f 3641 3632 3616
f 3641 3616 3608
f 3642 3597 3629
f 3642 3629 3632
f 3642 3633 3597
f 3642 3632 3633
f 3643 3633 3617
f 3643 3597 3633
f 3644 3615 3629
f 3644 3629 3597
f 3644 3597 3634
f 3644 3634 3610
f 3644 3610 3615
f 3645 3599 3618
f 3645 3618 3635
f 3645 3635 3640
f 3645 3640 3610
f 3645 3610 3599
f 3646 3635 3618
f 3646 3618 3611
f 3646 3611 3635
f 3647 3619 3620
f 3647 3620 3636
f 3647 3636 3604
f 3647 3604 3619
f 3648 3638 3617
f 3648 3617 3627
f 3648 3627 3638
f 3649 3639 3615
f 3649 3615 3610
f 3649 3610 3630
f 3649 3630 3639
f 3650 3640 3635
f 3650 3635 3619
f 3650 3619 3640
f 3651 3643 3617
f 3651 3597 3643
f 3651 3634 3597
f 3651 3617 3634
o bunny079
usemtl Material079
v -0.436835278 0.273676429 0.221512995
v -0.432204478 0.266767652 0.204105456
v -0.422969748 0.328449785 -0.066041282
v -0.494673121 0.327795442 -0.066650279
v -0.554272292 0.292035939 0.219425743
v -0.424502267 0.256437520 -0.019229073
v -0.423154116 0.327795442 -0.042810610
v -0.446993784 0.256276436 0.207505909
v -0.435073950 0.303955773 -0.066650279
v -0.566192127 0.315875607 0.004868726
v -0.434072066 0.271859305 0.218238466
v -0.556759930 0.310889262 0.220955369
v -0.554272292 0.351635110 0.004868726
v -0.415512920 0.306772737 -0.059899789
v -0.482753287 0.268196270 0.219425743
v -0.425933212 0.253185330 0.124732349
v -0.470833453 0.256276436 0.076387732
v -0.494673121 0.315875607 -0.054730445
v -0.458799648 0.340049464 -0.066348287
v -0.547049144 0.306461333 0.222313694
v -0.458913618 0.292035939 0.219425743
v -0.568061128 0.311725659 0.099314402
v -0.567571000 0.350142964 -0.008340230
v -0.423154116 0.268196270 0.124067069
v -0.470833453 0.256276436 0.171746406
v -0.446993784 0.256276436 0.004868726
v -0.542352458 0.280116105 0.124067069
v -0.518512790 0.327795442 -0.054730445
v -0.482753287 0.351635110 -0.042810610
v -0.571230637 0.346182691 0.000158173
v -0.458913618 0.256276436 0.195586074
v -0.554272292 0.292035939 0.076387732
v -0.542352458 0.280116105 0.183666240
v -0.518569788 0.351553315 -0.054801009
v -0.566192127 0.327795442 -0.007051108
v -0.518512790 0.315875607 -0.042810610
v -0.566192127 0.303955773 0.052548063
v -0.494673121 0.268196270 0.207505909
v -0.492525450 0.346276246 -0.060786814
v -0.506592955 0.268196270 0.183666240
v -0.530432624 0.280116105 0.207505909
f 3662 3658 3652
f 3662 3659 3653
f 3662 3652 3659
f 3665 3654 3658
f 3665 3660 3654
f 3665 3657 3660
f 3666 3659 3652
f 3667 3653 3659
f 3669 3660 3657
f 3669 3655 3660
f 3670 3660 3655
f 3670 3654 3660
f 3671 3663 3656
f 3671 3666 3652
f 3671 3656 3666
f 3672 3652 3658
f 3672 3671 3652
f 3672 3663 3671
f 3673 3656 3663
f 3674 3663 3664
f 3675 3662 3653
f 3675 3653 3667
f 3675 3667 3657
f 3675 3657 3665
f 3675 3665 3658
f 3675 3658 3662
f 3676 3668 3667
f 3677 3657 3667
f 3677 3667 3668
f 3677 3661 3657
f 3678 3677 3668
f 3678 3668 3676
f 3679 3655 3669
f 3680 3658 3654
f 3680 3654 3670
f 3680 3672 3658
f 3680 3664 3663
f 3680 3663 3672
f 3681 3673 3663
f 3681 3663 3674
f 3682 3676 3667
f 3682 3667 3659
f 3683 3677 3678
f 3683 3678 3656
f 3684 3678 3676
f 3684 3656 3678
f 3685 3679 3674
f 3685 3655 3679
f 3685 3674 3664
f 3685 3664 3680
f 3686 3674 3679
f 3686 3681 3674
f 3686 3661 3681
f 3687 3679 3669
f 3687 3669 3657
f 3687 3657 3661
f 3687 3686 3679
f 3687 3661 3686
f 3688 3681 3661
f 3688 3673 3681
f 3688 3661 3677
f 3688 3677 3683
f 3688 3683 3656
f 3688 3656 3673
f 3689 3676 3682
f 3689 3666 3656
f 3689 3682 3659
f 3689 3659 3666
f 3690 3685 3680
f 3690 3680 3670
f 3690 3670 3655
f 3690 3655 3685
f 3691 3689 3684
f 3691 3684 3676
f 3691 3676 3689
f 3692 3689 3656
f 3692 3656 3684
f 3692 3684 3689
o bunny080
usemtl Material080
v 0.663647620 0.613083934 -0.004904377
v 0.673470635 0.446993784 -0.007051108
v 0.613871464 0.578111961 -0.150089119
v 0.518512790 0.590031795 -0.221608124
v 0.506592955 0.435073950 -0.197768456
v 0.601951629 0.613871464 -0.150089119
v 0.673470635 0.601951629 -0.030890776
v 0.659168098 0.435397447 -0.006130388
v 0.500336300 0.588222562 -0.212529350
v 0.637711132 0.435073950 -0.090489947
v 0.530432624 0.458913618 -0.221608124
v 0.590031795 0.590031795 -0.173928787
v 0.673470635 0.613871464 -0.018970942
v 0.649630966 0.613871464 -0.078570113
v 0.649630966 0.613871464 -0.007051108
v 0.540238741 0.613064546 -0.182225866
v 0.657455765 0.434011585 -0.010074754
v 0.673470635 0.446993784 -0.018970942
v 0.566192127 0.435073950 -0.173928787
v 0.590031795 0.518512790 -0.173928787
v 0.504684021 0.435258185 -0.219289013
v 0.566192127 0.613871464 -0.185848621
v 0.578111961 0.554272292 -0.185848621
v 0.649630966 0.566192127 -0.090489947
v 0.661550801 0.613871464 -0.054730445
v 0.542352458 0.613871464 -0.162008953
v 0.661550801 0.435073950 -0.042810610
v 0.613871464 0.542352458 -0.150089119
v 0.554272292 0.601951629 -0.197768456
v 0.530432624 0.470833453 -0.221608124
v 0.578111961 0.530432624 -0.185848621
v 0.649630966 0.578111961 -0.090489947
v 0.673470635 0.578111961 -0.030890776
f 3700 3694 3693
f 3704 3698 3695
f 3705 3693 3694
f 3705 3694 3699
f 3706 3695 3698
f 3706 3698 3705
f 3707 3700 3693
f 3707 3697 3700
f 3707 3701 3697
f 3707 3705 3698
f 3707 3693 3705
f 3708 3696 3701
f 3709 3700 3697
f 3710 3699 3694
f 3711 3709 3697
f 3711 3702 3709
f 3712 3711 3703
f 3712 3702 3711
f 3713 3701 3696
f 3713 3696 3703
f 3713 3697 3701
f 3713 3711 3697
f 3713 3703 3711
f 3714 3698 3704
f 3714 3696 3708
f 3714 3707 3698
f 3715 3704 3695
f 3717 3706 3705
f 3717 3705 3699
f 3718 3708 3701
f 3718 3701 3707
f 3718 3714 3708
f 3718 3707 3714
f 3719 3709 3702
f 3719 3716 3710
f 3719 3702 3716
f 3719 3700 3709
f 3719 3710 3694
f 3719 3694 3700
f 3720 3702 3712
f 3720 3716 3702
f 3720 3695 3716
f 3720 3715 3695
f 3721 3714 3704
f 3721 3696 3714
f 3721 3715 3696
f 3721 3704 3715
f 3722 3715 3703
f 3722 3703 3696
f 3722 3696 3715
f 3723 3712 3703
f 3723 3703 3715
f 3723 3720 3712
f 3723 3715 3720
f 3724 3716 3695
f 3724 3695 3706
f 3724 3706 3717
f 3724 3717 3699
f 3724 3699 3716
f 3725 3716 3699
f 3725 3699 3710
f 3725 3710 3716
o bunny081
usemtl Material081
v 0.637802230 0.327767567 -0.019021062
v 0.638825158 0.294429662 -0.025295497
v 0.578111961 0.435073950 -0.162008953
v 0.398632404 0.256204364 -0.279462515
v 0.554272292 0.232436768 -0.066650279
v 0.470833453 0.244356602 -0.245447793
v 0.518512790 0.423154116 -0.173928787
v 0.649630966 0.435073950 -0.066650279
v 0.613871464 0.280116105 -0.018970942
v 0.446993784 0.339715276 -0.269287461
v 0.406768785 0.215695466 -0.265086985
v 0.601951629 0.232436768 -0.066650279
v 0.399314447 0.232436768 -0.257367627
v 0.649630966 0.399314447 -0.066650279
v 0.641249505 0.435477166 -0.050340881
v 0.625791298 0.280116105 -0.018970942
v 0.613871464 0.315875607 -0.018970942
v 0.423154116 0.220516934 -0.281207295
v 0.542352458 0.339715276 -0.197768456
v 0.516449042 0.435360244 -0.207910183
v 0.432033281 0.340790416 -0.264589099
v 0.582448259 0.228220417 -0.060692365
v 0.446993784 0.220516934 -0.209688290
v 0.398682935 0.224409209 -0.275734985
v 0.637711132 0.339715276 -0.066650279
v 0.637711132 0.411234281 -0.090489947
v 0.521602335 0.436298934 -0.202080189
v 0.626054863 0.265581781 -0.037587086
v 0.554272292 0.244356602 -0.066650279
v 0.554272292 0.435073950 -0.138169284
v 0.470833453 0.220516934 -0.233527958
v 0.530432624 0.399314447 -0.209688290
v 0.446993784 0.244356602 -0.269287461
v 0.590031795 0.292035939 -0.126249450
v 0.518512790 0.435073950 -0.185848621
v 0.601732429 0.231993708 -0.051996812
v 0.637711132 0.303955773 -0.042810610
v 0.637711132 0.435073950 -0.090489947
v 0.590031795 0.363554944 -0.150089119
v 0.625791298 0.363554944 -0.102409782
v 0.554272292 0.303955773 -0.173928787
v 0.566192127 0.280116105 -0.150089119
v 0.613871464 0.339715276 -0.114329616
v 0.590031795 0.411234281 -0.150089119
v 0.637711132 0.363554944 -0.078570113
v 0.554272292 0.339715276 -0.185848621
v 0.506592955 0.232436768 -0.197768456
v 0.601951629 0.303955773 -0.114329616
v 0.601951629 0.327795442 -0.126249450
v 0.578111961 0.268196270 -0.126249450
f 3739 3733 3726
f 3739 3726 3727
f 3740 3726 3733
f 3741 3727 3726
f 3742 3730 3734
f 3742 3726 3740
f 3742 3741 3726
f 3742 3734 3741
f 3743 3729 3735
f 3746 3735 3729
f 3746 3745 3735
f 3746 3738 3732
f 3746 3729 3738
f 3748 3738 3736
f 3748 3730 3738
f 3748 3747 3730
f 3748 3736 3747
f 3749 3738 3729
f 3749 3736 3738
f 3749 3743 3736
f 3749 3729 3743
f 3751 3733 3739
f 3752 3728 3745
f 3753 3727 3741
f 3754 3738 3730
f 3754 3730 3742
f 3754 3742 3732
f 3754 3732 3738
f 3755 3742 3740
f 3755 3732 3742
f 3755 3740 3752
f 3756 3736 3743
f 3756 3747 3736
f 3756 3737 3747
f 3756 3743 3731
f 3757 3728 3744
f 3757 3745 3728
f 3757 3735 3745
f 3758 3743 3735
f 3758 3757 3744
f 3758 3735 3757
f 3758 3744 3731
f 3758 3731 3743
f 3760 3746 3732
f 3760 3745 3746
f 3760 3732 3755
f 3760 3755 3752
f 3760 3752 3745
f 3761 3734 3730
f 3761 3730 3747
f 3761 3741 3734
f 3761 3753 3741
f 3761 3747 3737
f 3761 3737 3753
f 3762 3750 3739
f 3762 3739 3727
f 3762 3727 3753
f 3762 3753 3737
f 3763 3733 3751
f 3763 3728 3752
f 3763 3752 3740
f 3763 3740 3733
f 3764 3744 3728
f 3764 3763 3751
f 3765 3751 3739
f 3765 3764 3751
f 3767 3731 3766
f 3768 3762 3737
f 3768 3750 3762
f 3768 3764 3765
f 3769 3764 3728
f 3769 3728 3763
f 3769 3763 3764
f 3770 3765 3739
f 3770 3739 3750
f 3770 3768 3765
f 3770 3750 3768
f 3771 3766 3731
f 3771 3731 3744
f 3771 3744 3764
f 3772 3756 3731
f 3772 3731 3767
f 3772 3737 3756
f 3773 3768 3737
f 3773 3737 3759
f 3773 3759 3768
f 3774 3768 3759
f 3774 3766 3771
f 3774 3771 3764
f 3774 3764 3768
f 3774 3767 3766
f 3774 3759 3767
f 3775 3759 3737
f 3775 3737 3772
f 3775 3772 3767
f 3775 3767 3759
o bunny082
usemtl Material082
v 0.506592955 0.709230138 0.481662096
v 0.625791298 0.554272292 0.386303422
v 0.613871464 0.685390469 0.386303422
v 0.574879254 0.838420424 0.290077593
v 0.494673121 0.661550801 0.469742262
v 0.637711132 0.733069806 0.302864583
v 0.542352458 0.828428480 0.386303422
v 0.554272292 0.661550801 0.469742262
v 0.601951629 0.554272292 0.374383588
v 0.625791298 0.661550801 0.374383588
v 0.489593699 0.835319631 0.401496511
v 0.601951629 0.816508646 0.314784417
v 0.530432624 0.733069806 0.457822428
v 0.592866175 0.554389181 0.412611207
v 0.508599414 0.650704258 0.484603687
v 0.634528260 0.708309672 0.289677182
v 0.625791298 0.709230138 0.350543920
v 0.637711132 0.721149972 0.314784417
v 0.613871464 0.601951629 0.410143091
v 0.490183745 0.705424848 0.474497479
v 0.554272292 0.840348314 0.362463754
v 0.494673121 0.828428480 0.374383588
v 0.590031795 0.840348314 0.290944748
v 0.590031795 0.792668977 0.350543920
v 0.518512790 0.697310303 0.481662096
v 0.506592955 0.840348314 0.410143091
v 0.578111961 0.709230138 0.422062925
v 0.599030314 0.554225620 0.404478553
v 0.613871464 0.554272292 0.410143091
v 0.625700287 0.554270065 0.362409360
v 0.613871464 0.709230138 0.290944748
v 0.601951629 0.768829309 0.350543920
v 0.625791298 0.613871464 0.386303422
v 0.625791298 0.744989640 0.326704251
v 0.637711132 0.709230138 0.314784417
v 0.613871464 0.649630966 0.398223257
v 0.496862056 0.663713513 0.487603305
v 0.494673121 0.840348314 0.374383588
v 0.625791298 0.768829309 0.290944748
v 0.578111961 0.840348314 0.326704251
v 0.628543926 0.729396006 0.287247601
v 0.566192127 0.804588811 0.374383588
v 0.530432624 0.709230138 0.469742262
v 0.530432624 0.673470635 0.481662096
v 0.506592955 0.756909475 0.457822428
v 0.518512790 0.828428480 0.410143091
v 0.563024338 0.845992181 0.306873397
v 0.578111961 0.661550801 0.445902594
v 0.566192127 0.733069806 0.422062925
v 0.554272292 0.649630966 0.469742262
v 0.542352458 0.828428480 0.314784417
v 0.601951629 0.733069806 0.374383588
v 0.625791298 0.768829309 0.302864583
v 0.590031795 0.840348314 0.302864583
v 0.590031795 0.768829309 0.290944748
v 0.494673121 0.756909475 0.457822428
v 0.542352458 0.840348314 0.314784417
v 0.578111961 0.804588811 0.290944748
v 0.554272292 0.828428480 0.302864583
f 3789 3780 3784
f 3790 3780 3789
f 3792 3778 3785
f 3793 3792 3785
f 3795 3786 3780
f 3797 3784 3780
f 3797 3780 3786
f 3799 3787 3796
f 3800 3788 3776
f 3801 3782 3796
f 3803 3789 3784
f 3804 3790 3789
f 3804 3794 3783
f 3804 3777 3794
f 3804 3803 3777
f 3804 3789 3803
f 3805 3803 3784
f 3805 3777 3803
f 3806 3805 3784
f 3806 3791 3805
f 3807 3787 3799
f 3807 3799 3802
f 3808 3793 3785
f 3808 3777 3793
f 3808 3794 3777
f 3809 3793 3781
f 3809 3792 3793
f 3809 3787 3807
f 3809 3807 3778
f 3809 3778 3792
f 3810 3791 3781
f 3810 3781 3793
f 3810 3805 3791
f 3810 3793 3777
f 3810 3777 3805
f 3811 3785 3778
f 3811 3808 3785
f 3811 3794 3808
f 3812 3776 3795
f 3812 3800 3776
f 3812 3795 3780
f 3812 3780 3790
f 3813 3797 3786
f 3813 3786 3801
f 3814 3781 3791
f 3815 3796 3787
f 3816 3779 3798
f 3816 3791 3806
f 3816 3814 3791
f 3816 3798 3814
f 3817 3799 3796
f 3817 3796 3782
f 3818 3800 3783
f 3818 3783 3788
f 3818 3788 3800
f 3819 3783 3800
f 3819 3812 3790
f 3819 3800 3812
f 3820 3776 3788
f 3820 3788 3801
f 3821 3801 3788
f 3821 3788 3782
f 3821 3782 3801
f 3822 3801 3796
f 3822 3813 3801
f 3822 3798 3779
f 3822 3796 3815
f 3823 3778 3802
f 3823 3811 3778
f 3823 3783 3794
f 3823 3794 3811
f 3823 3788 3783
f 3824 3782 3788
f 3824 3823 3802
f 3824 3788 3823
f 3824 3817 3782
f 3824 3802 3799
f 3824 3799 3817
f 3825 3804 3783
f 3825 3790 3804
f 3825 3819 3790
f 3825 3783 3819
f 3826 3797 3813
f 3826 3806 3784
f 3826 3784 3797
f 3827 3807 3802
f 3827 3802 3778
f 3827 3778 3807
f 3828 3809 3781
f 3828 3787 3809
f 3828 3781 3814
f 3828 3814 3798
f 3829 3815 3787
f 3829 3822 3815
f 3829 3798 3822
f 3829 3828 3798
f 3829 3787 3828
f 3830 3816 3806
f 3830 3806 3826
f 3831 3795 3776
f 3831 3776 3820
f 3831 3786 3795
f 3831 3820 3801
f 3831 3801 3786
f 3832 3822 3779
f 3832 3826 3813
f 3832 3813 3822
f 3833 3779 3816
f 3833 3816 3830
f 3834 3832 3779
f 3834 3826 3832
f 3834 3779 3833
f 3834 3833 3830
f 3834 3830 3826
o bunny083
usemtl Material083
v -0.494209772 1.173861806 -0.055915459
v -0.482753287 0.971466491 -0.066650279
v -0.482753287 0.995306159 -0.090489947
v -0.613871464 1.174103673 -0.078570113
v -0.637711132 0.911867320 -0.042810610
v -0.506592955 1.162183839 -0.078570113
v -0.481221078 1.115204027 -0.058801666
v -0.616788752 1.174264110 -0.060762508
v -0.578061080 0.888011582 -0.078462100
v -0.566192127 1.066825165 -0.090489947
v -0.524889682 1.177955168 -0.070533222
v -0.482753287 1.090664833 -0.078570113
v -0.482753287 1.031065662 -0.054730445
v -0.649630966 1.054905331 -0.078570113
v -0.484286505 0.968317992 -0.081693365
v -0.613871464 0.888027651 -0.042810610
v -0.494673121 1.007225994 -0.090489947
v -0.578111961 0.971466491 -0.090489947
v -0.498111458 1.175898474 -0.057856739
v -0.651085034 1.079374547 -0.057471697
v -0.637711132 0.888027651 -0.066650279
v -0.601951629 1.054905331 -0.090489947
v -0.590031795 0.888027651 -0.054730445
v -0.613871464 0.899947485 -0.042810610
v -0.649731169 0.923754397 -0.054971605
v -0.638394105 0.887124027 -0.044650430
v -0.613871464 0.888027651 -0.078570113
v -0.590031795 1.066825165 -0.090489947
v -0.625791298 0.911867320 -0.042810610
v -0.649630966 0.971466491 -0.078570113
v -0.637711132 0.935706988 -0.078570113
v -0.601951629 1.019145828 -0.090489947
v -0.590031795 0.983386325 -0.090489947
f 3841 3836 3837
f 3842 3839 3835
f 3844 3838 3840
f 3845 3840 3838
f 3845 3838 3842
f 3846 3840 3835
f 3846 3835 3841
f 3846 3841 3837
f 3846 3837 3840
f 3847 3836 3841
f 3847 3841 3835
f 3849 3843 3837
f 3849 3837 3836
f 3849 3836 3843
f 3850 3836 3847
f 3851 3844 3840
f 3851 3840 3837
f 3851 3837 3844
f 3852 3844 3837
f 3852 3837 3843
f 3853 3835 3840
f 3853 3840 3845
f 3853 3845 3842
f 3853 3842 3835
f 3854 3842 3838
f 3854 3838 3848
f 3854 3839 3842
f 3856 3848 3838
f 3856 3844 3852
f 3857 3843 3836
f 3857 3836 3850
f 3858 3850 3847
f 3858 3847 3835
f 3858 3839 3850
f 3859 3839 3854
f 3860 3850 3839
f 3860 3859 3855
f 3860 3839 3859
f 3860 3857 3850
f 3860 3843 3857
f 3861 3852 3843
f 3861 3860 3855
f 3861 3843 3860
f 3862 3856 3838
f 3862 3838 3844
f 3862 3844 3856
f 3863 3858 3835
f 3863 3835 3839
f 3863 3839 3858
f 3864 3859 3854
f 3864 3854 3848
f 3864 3855 3859
f 3864 3848 3856
f 3865 3861 3855
f 3865 3855 3864
f 3866 3864 3856
f 3866 3856 3852
f 3866 3865 3864
f 3867 3852 3861
f 3867 3861 3865
f 3867 3866 3852
f 3867 3865 3866
o bunny084
usemtl Material084
v 0.375474779 0.268196270 0.565100936
v 0.542352458 0.160917762 0.386303422
v 0.548716590 0.264376304 0.427093692
v 0.530432624 0.184757431 0.362463754
v 0.374751807 0.021142829 0.409886129
v 0.547329385 0.181180950 0.368409780
v 0.458913618 0.292035939 0.481662096
v 0.435073950 0.065559088 0.469742262
v 0.549858968 0.251770776 0.416076893
v 0.506592955 0.101318591 0.374383588
v 0.411234281 0.292035939 0.553181102
v 0.530432624 0.256276436 0.410143091
v 0.339715276 0.256276436 0.541261267
v 0.542352458 0.244356602 0.445902594
v 0.542352458 0.184757431 0.410143091
v 0.490941038 0.104747773 0.373015195
v 0.544419585 0.171352133 0.364933389
v 0.411234281 0.017879751 0.422062925
v 0.506592955 0.101318591 0.386303422
v 0.479741988 0.292322170 0.489121473
v 0.399314447 0.244356602 0.553181102
v 0.530432624 0.268196270 0.422062925
v 0.374493870 0.292098468 0.551110750
v 0.387394613 0.041719420 0.493581931
v 0.351635110 0.172837597 0.481662096
v 0.542352458 0.220516934 0.433982759
v 0.530432624 0.137078094 0.386303422
v 0.411234281 0.017879751 0.410143091
v 0.446993784 0.053639254 0.433982759
v 0.518512790 0.268196270 0.469742262
v 0.411234281 0.268196270 0.553181102
v 0.538354206 0.270406826 0.439553360
v 0.484982007 0.291148916 0.484179161
v 0.338865424 0.268353984 0.563956473
v 0.351635110 0.220516934 0.565100936
v 0.411234281 0.029799586 0.457822428
v 0.375474779 0.017879751 0.469742262
v 0.530432624 0.160917762 0.410143091
v 0.470833453 0.077478923 0.422062925
v 0.530432624 0.137078094 0.374383588
v 0.423154116 0.029799586 0.433982759
v 0.375474779 0.256276436 0.565100936
v 0.530432624 0.244356602 0.457822428
v 0.423154116 0.041719420 0.457822428
v 0.387394613 0.017879751 0.469742262
v 0.324562566 0.222990435 0.559756847
v 0.518512790 0.256276436 0.469742262
v 0.435073950 0.244356602 0.529341433
v 0.369325021 0.045377991 0.484708668
v 0.326360588 0.233242364 0.563094706
v 0.339715276 0.148997928 0.481662096
v 0.338549624 0.123504908 0.497994343
v 0.327795442 0.232436768 0.541261267
v 0.339715276 0.196677265 0.505501765
v 0.339715276 0.125158260 0.481662096
v 0.327795442 0.220516934 0.541261267
f 3876 3873 3871
f 3879 3871 3874
f 3879 3876 3871
f 3879 3870 3876
f 3880 3874 3871
f 3881 3876 3870
f 3882 3869 3873
f 3882 3873 3876
f 3883 3872 3871
f 3884 3871 3873
f 3884 3873 3869
f 3884 3883 3871
f 3884 3877 3883
f 3886 3885 3877
f 3889 3879 3874
f 3889 3870 3879
f 3890 3874 3880
f 3890 3887 3874
f 3890 3878 3887
f 3892 3880 3871
f 3892 3871 3872
f 3893 3882 3876
f 3893 3876 3881
f 3893 3881 3875
f 3894 3886 3877
f 3895 3883 3877
f 3895 3872 3883
f 3895 3877 3885
f 3897 3887 3878
f 3898 3878 3868
f 3898 3897 3878
f 3899 3870 3889
f 3899 3897 3881
f 3899 3881 3870
f 3900 3889 3874
f 3900 3874 3887
f 3900 3899 3889
f 3900 3887 3897
f 3900 3897 3899
f 3901 3890 3880
f 3901 3868 3878
f 3901 3878 3890
f 3902 3891 3888
f 3902 3868 3901
f 3903 3875 3891
f 3904 3895 3885
f 3904 3872 3895
f 3905 3893 3875
f 3905 3882 3893
f 3905 3875 3894
f 3905 3894 3869
f 3905 3869 3882
f 3906 3894 3875
f 3906 3886 3894
f 3906 3896 3886
f 3906 3875 3896
f 3907 3884 3869
f 3907 3869 3894
f 3907 3894 3877
f 3907 3877 3884
f 3908 3885 3886
f 3908 3886 3896
f 3908 3903 3885
f 3908 3896 3903
f 3909 3898 3868
f 3909 3888 3898
f 3909 3902 3888
f 3909 3868 3902
f 3910 3881 3897
f 3910 3875 3881
f 3911 3903 3896
f 3911 3896 3875
f 3911 3875 3903
f 3912 3903 3891
f 3912 3891 3904
f 3912 3904 3885
f 3912 3885 3903
f 3913 3891 3902
f 3914 3910 3897
f 3914 3897 3898
f 3914 3898 3910
f 3915 3910 3898
f 3915 3875 3910
f 3915 3898 3888
f 3915 3891 3875
f 3915 3888 3891
f 3916 3904 3891
f 3916 3891 3913
f 3917 3913 3902
f 3917 3902 3901
f 3918 3892 3872
f 3919 3916 3913
f 3919 3904 3916
f 3919 3872 3904
f 3920 3917 3901
f 3920 3901 3880
f 3920 3913 3917
f 3921 3880 3892
f 3921 3892 3918
f 3921 3920 3880
f 3921 3918 3920
f 3922 3919 3913
f 3922 3918 3872
f 3922 3872 3919
f 3922 3920 3918
f 3923 3922 3913
f 3923 3913 3920
f 3923 3920 3922
o bunny085
usemtl Material085
v 0.314036341 1.045026546 0.031000041
v 0.319436487 1.040675760 0.024291164
v 0.280116105 1.031065662 -0.054730445
v 0.172837597 0.947626822 -0.150089119
v 0.148997928 0.947626822 -0.102409782
v 0.302746710 0.930103657 -0.141552205
v 0.315875607 1.054905331 0.016788561
v 0.292035939 1.031065662 0.028708395
v 0.101318591 1.042985496 -0.018970942
v 0.315875607 0.959546657 -0.138169284
v 0.172635337 0.924383994 -0.150662761
v 0.315875607 0.947626822 -0.102409782
v 0.101318591 1.019145828 -0.078570113
v 0.268196270 1.066825165 0.016788561
v 0.101318591 1.019145828 -0.007051108
v 0.256537642 0.928913681 -0.155407228
v 0.315875607 0.971466491 -0.126249450
v 0.313279593 0.941233971 -0.132541318
v 0.256276436 0.923787154 -0.138169284
v 0.065559088 0.995306159 -0.090489947
v 0.303955773 1.054905331 0.004868726
v 0.160917762 1.066825165 0.016788561
v 0.268196270 1.066825165 0.028708395
v 0.303955773 0.947626822 -0.150089119
v 0.268196270 1.007225994 -0.090489947
v 0.089398757 0.995306159 -0.102409782
v 0.148997928 0.959546657 -0.138169284
v 0.067158201 0.979120291 -0.086183552
v 0.100096174 1.037496491 0.003493887
v 0.101318591 1.031065662 -0.054730445
v 0.280116105 1.042985496 -0.030890776
v 0.292035939 1.019145828 -0.066650279
v 0.137907155 1.049844437 0.029872885
v 0.220516934 0.959546657 -0.150089119
v 0.148997928 1.019145828 -0.078570113
v 0.292035939 0.995306159 -0.102409782
v 0.089398757 1.007225994 -0.090489947
v 0.125158260 1.054905331 0.004868726
v 0.064934240 0.984603773 -0.079530224
v 0.125158260 1.054905331 -0.007051108
v 0.160917762 1.066825165 0.028708395
v 0.102190576 1.038398200 0.005849439
v 0.244356602 0.959546657 -0.150089119
f 3930 3924 3925
f 3931 3925 3924
f 3935 3925 3931
f 3935 3933 3925
f 3938 3928 3931
f 3939 3934 3927
f 3940 3930 3925
f 3940 3925 3933
f 3941 3935 3929
f 3941 3933 3935
f 3942 3935 3931
f 3942 3931 3928
f 3942 3928 3934
f 3942 3929 3935
f 3942 3939 3929
f 3942 3934 3939
f 3944 3937 3930
f 3944 3930 3940
f 3946 3924 3930
f 3946 3930 3937
f 3946 3937 3945
f 3947 3929 3939
f 3947 3941 3929
f 3947 3933 3941
f 3950 3927 3934
f 3950 3934 3943
f 3950 3943 3949
f 3951 3943 3934
f 3951 3934 3928
f 3951 3928 3938
f 3952 3932 3943
f 3953 3943 3932
f 3953 3936 3943
f 3954 3944 3926
f 3954 3937 3944
f 3955 3944 3940
f 3955 3940 3926
f 3955 3926 3944
f 3956 3931 3924
f 3956 3938 3931
f 3957 3939 3927
f 3957 3950 3949
f 3957 3927 3950
f 3958 3926 3948
f 3958 3954 3926
f 3958 3936 3954
f 3958 3957 3936
f 3959 3948 3926
f 3959 3926 3940
f 3960 3949 3943
f 3960 3943 3936
f 3960 3957 3949
f 3960 3936 3957
f 3961 3932 3952
f 3962 3951 3938
f 3962 3938 3952
f 3962 3952 3943
f 3962 3943 3951
f 3963 3953 3932
f 3963 3936 3953
f 3963 3954 3936
f 3963 3945 3937
f 3963 3937 3954
f 3963 3961 3945
f 3963 3932 3961
f 3964 3946 3945
f 3964 3945 3961
f 3964 3956 3924
f 3964 3924 3946
f 3965 3952 3938
f 3965 3938 3956
f 3965 3961 3952
f 3965 3964 3961
f 3965 3956 3964
f 3966 3947 3939
f 3966 3939 3957
f 3966 3933 3947
f 3966 3940 3933
f 3966 3959 3940
f 3966 3948 3959
f 3966 3958 3948
f 3966 3957 3958
o bunny086
usemtl Material086
v 0.567611829 0.841263827 0.303514867
v 0.649630966 0.744989640 0.219425743
v 0.578111961 0.888027651 0.219425743
v 0.522207602 0.927568978 0.076129601
v 0.613871464 0.744989640 0.243265411
v 0.625791298 0.816508646 0.076387732
v 0.521487189 0.926443408 0.243617272
v 0.625791298 0.780749143 0.290944748
v 0.578111961 0.888027651 0.076387732
v 0.625791298 0.756909475 0.076387732
v 0.542352458 0.923787154 0.243265411
v 0.566192127 0.816508646 0.302864583
v 0.625791298 0.816508646 0.195586074
v 0.622022068 0.743479104 0.289424613
v 0.643873552 0.747674245 0.075958982
v 0.613871464 0.840348314 0.124067069
v 0.518512790 0.911867320 0.076387732
v 0.601951629 0.828428480 0.290944748
v 0.581656027 0.818794082 0.304487918
v 0.649630966 0.756909475 0.219425743
v 0.637711132 0.756909475 0.279024914
v 0.601951629 0.756909475 0.290944748
v 0.645815490 0.743327462 0.076653193
v 0.613871464 0.840348314 0.171746406
v 0.566192127 0.899947485 0.243265411
v 0.601951629 0.852268148 0.231345577
v 0.590031795 0.840348314 0.290944748
v 0.619110189 0.747089084 0.293057534
v 0.625791298 0.804588811 0.243265411
v 0.649630966 0.768829309 0.076387732
v 0.627289430 0.740437677 0.276183768
v 0.601951629 0.756909475 0.279024914
v 0.601951629 0.840348314 0.267105080
v 0.649630966 0.768829309 0.183666240
v 0.613871464 0.828428480 0.243265411
v 0.566192127 0.816508646 0.290944748
f 3977 3973 3967
f 3977 3970 3973
f 3977 3975 3970
f 3978 3967 3973
f 3981 3975 3972
f 3981 3970 3975
f 3982 3975 3969
f 3982 3972 3975
f 3982 3979 3972
f 3983 3976 3971
f 3983 3981 3976
f 3983 3970 3981
f 3983 3978 3973
f 3983 3973 3970
f 3985 3967 3978
f 3985 3984 3967
f 3985 3974 3984
f 3987 3968 3986
f 3988 3971 3980
f 3989 3971 3976
f 3989 3976 3981
f 3990 3982 3969
f 3990 3979 3982
f 3991 3977 3984
f 3991 3969 3975
f 3991 3975 3977
f 3992 3969 3991
f 3992 3990 3969
f 3992 3979 3990
f 3993 3984 3977
f 3993 3977 3967
f 3993 3967 3984
f 3994 3974 3985
f 3994 3987 3974
f 3994 3980 3987
f 3994 3985 3978
f 3994 3988 3980
f 3994 3978 3988
f 3995 3987 3986
f 3995 3974 3987
f 3996 3972 3979
f 3996 3986 3968
f 3996 3968 3989
f 3996 3989 3981
f 3996 3981 3972
f 3997 3987 3980
f 3997 3968 3987
f 3997 3989 3968
f 3997 3980 3971
f 3997 3971 3989
f 3998 3983 3971
f 3998 3971 3988
f 3998 3988 3978
f 3999 3992 3991
f 3999 3991 3984
f 4000 3995 3986
f 4000 3979 3995
f 4000 3996 3979
f 4000 3986 3996
f 4001 3995 3979
f 4001 3979 3992
f 4001 3992 3999
f 4001 3999 3984
f 4001 3984 3974
f 4001 3974 3995
f 4002 3998 3978
f 4002 3978 3983
f 4002 3983 3998
o bunny087
usemtl Material087
v -0.554272292 1.484019363 -0.269287461
v -0.494510353 1.388743083 -0.269261938
v -0.518512790 1.591297872 -0.567283317
v -0.542352458 1.579378037 -0.603042820
v -0.590031795 1.519778866 -0.448084975
v -0.482753287 1.460179695 -0.507684146
v -0.494673121 1.424420192 -0.269287461
v -0.578111961 1.460179695 -0.269287461
v -0.585813243 1.598947139 -0.549987883
v -0.510924391 1.572234708 -0.599298382
v -0.497069152 1.423452680 -0.483959208
v -0.497123838 1.393453963 -0.267802620
v -0.518512790 1.460179695 -0.281207295
v -0.494673121 1.543618535 -0.555363483
v -0.482753287 1.472099529 -0.507684146
v -0.554272292 1.603217706 -0.555363483
v -0.590031795 1.579378037 -0.555363483
v -0.590031795 1.519778866 -0.340806467
v -0.536737671 1.599399816 -0.599777433
v -0.495807652 1.507664473 -0.567532421
v -0.491724760 1.389674430 -0.328763859
v -0.506592955 1.388660689 -0.328886632
v -0.506592955 1.448259861 -0.281207295
v -0.530432624 1.472099529 -0.281207295
v -0.506592955 1.567458203 -0.555363483
v -0.494673121 1.543618535 -0.567283317
v -0.554272292 1.495939198 -0.293127130
v -0.530432624 1.567458203 -0.603042820
v -0.578111961 1.495939198 -0.281207295
v -0.578111961 1.591297872 -0.519603980
v -0.590031795 1.495939198 -0.376565969
v -0.590690426 1.502532222 -0.330679355
v -0.588382610 1.594288249 -0.541342131
v -0.520724215 1.589723841 -0.603940748
v -0.567919467 1.600518261 -0.568954853
v -0.493713254 1.460725698 -0.519705687
v -0.482753287 1.472099529 -0.519603980
v -0.580441273 1.479607912 -0.270842202
v -0.566192127 1.495939198 -0.281207295
v -0.578111961 1.460179695 -0.281207295
v -0.566192127 1.591297872 -0.519603980
f 4014 4009 4003
f 4014 4004 4009
f 4014 4010 4004
f 4014 4003 4010
f 4015 4003 4009
f 4017 4009 4004
f 4017 4004 4008
f 4017 4016 4009
f 4019 4013 4007
f 4021 4018 4005
f 4023 4013 4008
f 4023 4008 4004
f 4024 4013 4023
f 4024 4023 4004
f 4024 4004 4010
f 4025 4015 4009
f 4025 4009 4005
f 4025 4005 4015
f 4026 4015 4005
f 4026 4003 4015
f 4027 4016 4005
f 4027 4005 4009
f 4027 4009 4016
f 4028 4012 4005
f 4028 4005 4016
f 4028 4022 4012
f 4028 4016 4017
f 4029 4005 4018
f 4029 4026 4005
f 4029 4003 4026
f 4030 4019 4006
f 4030 4013 4019
f 4030 4022 4013
f 4030 4012 4022
f 4032 4018 4011
f 4032 4011 4020
f 4032 4020 4031
f 4033 4007 4013
f 4033 4013 4024
f 4034 4020 4019
f 4034 4019 4007
f 4034 4007 4033
f 4034 4033 4010
f 4035 4020 4011
f 4035 4011 4019
f 4035 4019 4020
f 4036 4021 4005
f 4036 4005 4012
f 4036 4012 4030
f 4036 4030 4006
f 4036 4006 4021
f 4037 4011 4018
f 4037 4018 4021
f 4037 4019 4011
f 4037 4021 4006
f 4037 4006 4019
f 4038 4008 4013
f 4038 4013 4022
f 4039 4028 4017
f 4039 4017 4008
f 4039 4022 4028
f 4039 4038 4022
f 4039 4008 4038
f 4040 4010 4003
f 4040 4003 4031
f 4040 4034 4010
f 4040 4031 4020
f 4040 4020 4034
f 4041 4031 4003
f 4041 4003 4029
f 4041 4029 4018
f 4041 4032 4031
f 4042 4033 4024
f 4042 4024 4010
f 4042 4010 4033
f 4043 4041 4018
f 4043 4018 4032
f 4043 4032 4041
o bunny088
usemtl Material088
v -0.506442660 1.330152316 0.303110100
v -0.446984954 1.329108618 0.231346887
v -0.554272292 1.352901187 0.207505909
v -0.661550801 1.329061518 0.040628229
v -0.671597815 1.312484405 0.052945187
v -0.470823662 1.339752578 0.111993932
v -0.542352458 1.352901187 0.255185246
v -0.709384345 1.317625086 0.267182533
v -0.637711132 1.340981352 0.040628229
v -0.578345639 1.333838409 0.040461016
v -0.449124098 1.335251281 0.149459191
v -0.470810997 1.329141629 0.279036120
v -0.542352458 1.352901187 0.219425743
v -0.673470635 1.340981352 0.279024914
v -0.709385769 1.317653346 0.147835254
v -0.660977230 1.315715345 0.040749852
v -0.630164399 1.328016593 0.039700931
v -0.445424219 1.337992241 0.146954276
v -0.613948740 1.329886354 0.303034149
v -0.590031795 1.352901187 0.243265411
v -0.673470635 1.329061518 0.052548063
v -0.697310303 1.340981352 0.219425743
v -0.675689526 1.325119747 0.280290972
v -0.578111961 1.352901187 0.255185246
v -0.590031795 1.352901187 0.207505909
v -0.685390469 1.340981352 0.255185246
v -0.697310303 1.340981352 0.171746406
v -0.649630966 1.340981352 0.064467898
f 4052 4046 4049
f 4053 4052 4049
f 4054 4045 4048
f 4054 4053 4049
f 4055 4050 4044
f 4055 4045 4050
f 4055 4044 4051
f 4055 4051 4048
f 4055 4048 4045
f 4056 4049 4046
f 4056 4046 4050
f 4058 4048 4051
f 4059 4054 4048
f 4059 4053 4054
f 4060 4047 4052
f 4060 4052 4053
f 4060 4059 4047
f 4060 4053 4059
f 4061 4050 4045
f 4061 4045 4054
f 4061 4054 4049
f 4061 4056 4050
f 4061 4049 4056
f 4062 4051 4044
f 4063 4050 4046
f 4064 4048 4058
f 4064 4059 4048
f 4064 4047 4059
f 4064 4052 4047
f 4065 4058 4051
f 4066 4062 4057
f 4066 4057 4051
f 4066 4051 4062
f 4067 4062 4044
f 4067 4044 4050
f 4067 4057 4062
f 4067 4063 4057
f 4067 4050 4063
f 4068 4063 4046
f 4068 4046 4052
f 4068 4065 4063
f 4069 4065 4051
f 4069 4051 4057
f 4069 4057 4063
f 4069 4063 4065
f 4070 4064 4058
f 4070 4058 4065
f 4070 4065 4068
f 4071 4052 4064
f 4071 4064 4070
f 4071 4070 4068
f 4071 4068 4052
o bunny089
usemtl Material089
v 0.114271762 0.100458907 -0.265422756
v 0.113962050 0.065334620 -0.263628440
v 0.041719420 0.125158260 -0.305046964
v -0.184757431 0.101318591 -0.316966798
v -0.156884489 0.155171722 -0.252126122
v -0.101318591 0.041719420 -0.316966798
v 0.089398757 0.077478923 -0.281207295
v -0.134999949 0.166789965 -0.250382113
v -0.101318591 0.089398757 -0.316966798
v -0.196050810 0.040301708 -0.310512429
v 0.041763843 0.149269305 -0.304620191
v 0.065559088 0.041719420 -0.281207295
v 0.041719420 0.041719420 -0.257367627
v -0.137078094 0.172837597 -0.269287461
v -0.197908382 0.114889052 -0.283933529
v -0.106709831 0.172805434 -0.261354787
v -0.160917762 0.101318591 -0.316966798
v -0.041719420 0.041719420 -0.305046964
v 0.078443519 0.040074760 -0.264175003
v -0.160917762 0.160917762 -0.269287461
v -0.148997928 0.148997928 -0.293127130
v -0.197144659 0.042777165 -0.309862524
v 0.112784076 0.101696587 -0.265745693
v -0.101011363 0.172839429 -0.269060247
v -0.014556219 0.027609850 -0.280510063
v -0.196677265 0.113238425 -0.305046964
v 0.007426236 0.028833489 -0.274238794
v -0.098889799 0.028250235 -0.301631117
v -0.199983544 0.105751502 -0.288528849
v -0.005959917 0.029799586 -0.293127130
f 4078 4072 4073
f 4079 4073 4072
f 4080 4077 4075
f 4080 4074 4077
f 4081 4075 4077
f 4082 4078 4074
f 4082 4072 4078
f 4082 4074 4080
f 4083 4074 4078
f 4083 4078 4073
f 4084 4079 4076
f 4084 4073 4079
f 4084 4076 4081
f 4087 4085 4079
f 4088 4082 4080
f 4088 4080 4075
f 4088 4075 4082
f 4089 4077 4074
f 4089 4074 4083
f 4090 4083 4073
f 4090 4073 4084
f 4091 4076 4079
f 4091 4079 4085
f 4091 4086 4076
f 4092 4085 4082
f 4092 4082 4075
f 4092 4091 4085
f 4093 4081 4076
f 4093 4076 4086
f 4093 4075 4081
f 4094 4087 4079
f 4094 4079 4072
f 4094 4072 4082
f 4094 4082 4087
f 4095 4087 4082
f 4095 4082 4085
f 4095 4085 4087
f 4097 4086 4091
f 4097 4075 4093
f 4097 4092 4075
f 4097 4091 4092
f 4098 4090 4084
f 4098 4084 4081
f 4098 4081 4096
f 4099 4096 4081
f 4099 4081 4077
f 4100 4097 4093
f 4100 4093 4086
f 4100 4086 4097
f 4101 4098 4096
f 4101 4083 4090
f 4101 4090 4098
f 4101 4096 4099
f 4101 4089 4083
f 4101 4099 4077
f 4101 4077 4089
o bunny090
usemtl Material090
v -0.673470635 0.554272292 0.422062925
v -0.537785540 0.383977289 0.379780945
v -0.661550801 0.554272292 0.398223257
v -0.756805807 0.542381495 0.219421872
v -0.673470635 0.423154116 0.326704251
v -0.542352458 0.399314447 0.362463754
v -0.752647589 0.556322986 0.265437894
v -0.554222424 0.435156111 0.421959463
v -0.733069806 0.554272292 0.267105080
v -0.613871464 0.327795442 0.219425743
v -0.659125631 0.555641586 0.418570609
v -0.733069806 0.518512790 0.338624085
v -0.554272292 0.435073950 0.398223257
v -0.541974963 0.411856225 0.409359901
v -0.590031795 0.423154116 0.422062925
v -0.601951629 0.363554944 0.219425743
v -0.733069806 0.470833453 0.255185246
v -0.733069806 0.554272292 0.350543920
v -0.756909475 0.530432624 0.279024914
v -0.539525907 0.403971344 0.404278833
v -0.542352458 0.411234281 0.386303422
v -0.554272292 0.411234281 0.422062925
v -0.578111961 0.375474779 0.374383588
v -0.697310303 0.494673121 0.374383588
v -0.596850207 0.334938858 0.218296364
v -0.685390469 0.399314447 0.231345577
v -0.709230138 0.470833453 0.326704251
v -0.709230138 0.554272292 0.386303422
v -0.756909475 0.554272292 0.290944748
v -0.733069806 0.506592955 0.326704251
v -0.756909475 0.506592955 0.219425743
v -0.538579889 0.394418235 0.392835269
v -0.554272292 0.375474779 0.386303422
v -0.625791298 0.399314447 0.362463754
v -0.673470635 0.530432624 0.422062925
v -0.542352458 0.387394613 0.350543920
v -0.649630966 0.387394613 0.302864583
v -0.685390469 0.411234281 0.267105080
v -0.697310303 0.470833453 0.350543920
v -0.733069806 0.542352458 0.350543920
v -0.744989640 0.554272292 0.326704251
v -0.756909475 0.506592955 0.243265411
v -0.721149972 0.506592955 0.350543920
v -0.685390469 0.399314447 0.219425743
v -0.613871464 0.327795442 0.231345577
v -0.566192127 0.411234281 0.422062925
v -0.545491036 0.369385733 0.354085598
v -0.590031795 0.399314447 0.398223257
v -0.649630966 0.458913618 0.398223257
v -0.637711132 0.387394613 0.326704251
v -0.709230138 0.446993784 0.279024914
v -0.673470635 0.411234281 0.302864583
v -0.661550801 0.435073950 0.362463754
v -0.744989640 0.542352458 0.326704251
v -0.697310303 0.530432624 0.398223257
v -0.601951629 0.351635110 0.302864583
v -0.595519358 0.335477563 0.227715183
v -0.566192127 0.387394613 0.398223257
v -0.673470635 0.506592955 0.410143091
v -0.601951629 0.375474779 0.350543920
v -0.661550801 0.446993784 0.374383588
v -0.756909475 0.542352458 0.290944748
v -0.709230138 0.542352458 0.386303422
f 4110 4105 4108
f 4112 4110 4108
f 4112 4104 4110
f 4112 4102 4109
f 4114 4112 4109
f 4114 4104 4112
f 4114 4110 4104
f 4114 4107 4110
f 4115 4114 4109
f 4117 4110 4107
f 4117 4105 4110
f 4122 4107 4114
f 4122 4114 4115
f 4122 4115 4121
f 4122 4103 4107
f 4123 4109 4102
f 4123 4102 4116
f 4123 4115 4109
f 4123 4121 4115
f 4126 4105 4117
f 4129 4112 4108
f 4129 4108 4119
f 4129 4102 4112
f 4130 4108 4105
f 4131 4118 4128
f 4132 4105 4126
f 4132 4130 4105
f 4132 4120 4130
f 4133 4122 4121
f 4133 4103 4122
f 4134 4103 4133
f 4134 4133 4121
f 4134 4121 4123
f 4136 4116 4102
f 4136 4102 4129
f 4137 4126 4117
f 4137 4117 4107
f 4137 4107 4103
f 4139 4118 4127
f 4140 4128 4106
f 4140 4131 4128
f 4141 4129 4119
f 4142 4119 4108
f 4142 4108 4130
f 4142 4141 4119
f 4143 4131 4120
f 4143 4118 4131
f 4143 4120 4132
f 4143 4132 4127
f 4143 4127 4118
f 4144 4113 4131
f 4144 4140 4125
f 4144 4131 4140
f 4145 4111 4127
f 4145 4127 4132
f 4145 4132 4126
f 4145 4126 4111
f 4146 4127 4111
f 4146 4139 4127
f 4147 4134 4123
f 4147 4123 4116
f 4148 4103 4134
f 4148 4137 4103
f 4148 4126 4137
f 4148 4134 4146
f 4149 4147 4116
f 4150 4149 4116
f 4151 4135 4106
f 4151 4138 4146
f 4152 4128 4118
f 4152 4118 4139
f 4152 4106 4128
f 4153 4152 4139
f 4153 4106 4152
f 4153 4151 4106
f 4153 4138 4151
f 4153 4146 4138
f 4153 4139 4146
f 4154 4140 4106
f 4154 4106 4135
f 4154 4135 4149
f 4154 4149 4150
f 4154 4125 4140
f 4155 4113 4141
f 4155 4141 4142
f 4155 4142 4130
f 4156 4144 4125
f 4156 4136 4129
f 4157 4146 4134
f 4157 4134 4124
f 4157 4151 4146
f 4158 4148 4146
f 4158 4126 4148
f 4158 4146 4111
f 4158 4111 4126
f 4159 4149 4124
f 4159 4124 4134
f 4159 4134 4147
f 4159 4147 4149
f 4160 4150 4116
f 4160 4116 4136
f 4160 4136 4156
f 4160 4156 4125
f 4160 4125 4150
f 4161 4135 4151
f 4161 4149 4135
f 4161 4124 4149
f 4161 4157 4124
f 4161 4151 4157
f 4162 4154 4150
f 4162 4150 4125
f 4162 4125 4154
f 4163 4155 4130
f 4163 4130 4120
f 4163 4113 4155
f 4163 4131 4113
f 4163 4120 4131
f 4164 4156 4129
f 4164 4129 4141
f 4164 4141 4113
f 4164 4113 4144
f 4164 4144 4156
o bunny091
usemtl Material091
v -0.601951629 1.364821021 -0.328886632
v -0.566168913 1.293571807 -0.483690481
v -0.566192127 1.472099529 -0.531523815
v -0.571448686 1.459012295 -0.557398762
v -0.625791298 1.281382181 -0.400405638
v -0.563128490 1.326168767 -0.537653990
v -0.641264755 1.443948630 -0.403660361
v -0.566192127 1.448259861 -0.519603980
v -0.625637721 1.281363781 -0.328859328
v -0.566192127 1.472099529 -0.543443649
v -0.590031795 1.317141684 -0.531523815
v -0.625791298 1.436340026 -0.364646135
v -0.589944032 1.273522711 -0.426530619
v -0.642699607 1.417609948 -0.356393475
v -0.567714811 1.388753661 -0.555799713
v -0.583309846 1.470886678 -0.533591456
v -0.613871464 1.281382181 -0.448084975
v -0.566192127 1.305221850 -0.531523815
v -0.613871464 1.412500358 -0.352726301
v -0.637711132 1.448259861 -0.388485804
v -0.601951629 1.317141684 -0.328886632
v -0.623503813 1.378513305 -0.327912742
v -0.590031795 1.436340026 -0.543443649
v -0.579484881 1.471794625 -0.543975227
v -0.601951629 1.305221850 -0.495764312
v -0.566192127 1.293302016 -0.507684146
v -0.590031795 1.293302016 -0.507684146
v -0.578111961 1.317141684 -0.543443649
v -0.601951629 1.388660689 -0.352726301
v -0.625791298 1.448259861 -0.388485804
v -0.637711132 1.436340026 -0.364646135
v -0.601951629 1.460179695 -0.519603980
v -0.601951629 1.305221850 -0.340806467
v -0.625791298 1.424420192 -0.352726301
v -0.578111961 1.305221850 -0.531523815
v -0.601951629 1.448259861 -0.519603980
f 4172 4165 4166
f 4172 4167 4165
f 4172 4170 4167
f 4172 4166 4170
f 4174 4167 4170
f 4177 4173 4169
f 4178 4171 4169
f 4178 4169 4173
f 4179 4174 4170
f 4179 4168 4174
f 4181 4169 4171
f 4181 4177 4169
f 4183 4167 4176
f 4184 4171 4178
f 4184 4167 4180
f 4185 4166 4165
f 4186 4178 4173
f 4186 4185 4165
f 4186 4173 4185
f 4187 4168 4179
f 4188 4180 4167
f 4188 4167 4174
f 4188 4174 4168
f 4188 4168 4187
f 4189 4181 4171
f 4190 4182 4170
f 4190 4170 4166
f 4190 4166 4177
f 4191 4189 4175
f 4191 4181 4189
f 4191 4182 4190
f 4191 4190 4177
f 4191 4177 4181
f 4192 4179 4170
f 4192 4170 4182
f 4192 4187 4179
f 4192 4175 4187
f 4193 4183 4165
f 4193 4165 4167
f 4193 4167 4183
f 4194 4184 4176
f 4194 4176 4167
f 4194 4167 4184
f 4195 4184 4178
f 4195 4176 4184
f 4196 4184 4180
f 4196 4171 4184
f 4196 4180 4188
f 4196 4188 4187
f 4197 4177 4166
f 4197 4166 4185
f 4197 4185 4173
f 4197 4173 4177
f 4198 4183 4176
f 4198 4176 4195
f 4198 4195 4178
f 4198 4178 4186
f 4198 4186 4165
f 4198 4165 4183
f 4199 4192 4182
f 4199 4182 4191
f 4199 4191 4175
f 4199 4175 4192
f 4200 4196 4187
f 4200 4187 4175
f 4200 4175 4189
f 4200 4189 4171
f 4200 4171 4196
o bunny092
usemtl Material092
v 0.148997928 1.007225994 0.386303422
v 0.172806704 1.032099830 0.327215375
v 0.065559088 1.054905331 0.279024914
v -0.086731008 1.010395421 0.182565960
v -0.077478923 0.923787154 0.350543920
v 0.066505273 1.050786649 0.207046618
v 0.172837597 1.054905331 0.314784417
v 0.113238425 0.971466491 0.374383588
v -0.101318591 0.959546657 0.350543920
v -0.065559088 1.031065662 0.183666240
v 0.101318591 1.031065662 0.350543920
v 0.029799586 1.054905331 0.207505909
v 0.173139619 1.050025829 0.289604861
v 0.148934755 0.985725942 0.388597949
v -0.041719420 1.007225994 0.183666240
v -0.101318591 0.971466491 0.243265411
v -0.101318591 1.007225994 0.243265411
v 0.137078094 1.054905331 0.314784417
v 0.017879751 0.959546657 0.410143091
v 0.017879751 1.007225994 0.350543920
v -0.005959917 1.042985496 0.243265411
v -0.028904110 1.028265910 0.183376466
v 0.173092662 1.034446746 0.322484089
v 0.160917762 1.019145828 0.314784417
v -0.101693189 0.924439025 0.363268116
v -0.077478923 0.995306159 0.195586074
v -0.089398757 1.019145828 0.219425743
v -0.103069590 0.991073208 0.234409406
v 0.101318591 1.042985496 0.326704251
v 0.113238425 1.007225994 0.386303422
v 0.041938613 0.946746039 0.409275212
v 0.017879751 0.971466491 0.398223257
v -0.089398757 0.983386325 0.314784417
v 0.029799586 1.054905331 0.231345577
v 0.148997928 0.995306159 0.350543920
v 0.041719420 1.031065662 0.207505909
v -0.101318591 0.947626822 0.362463754
v -0.089398757 0.971466491 0.243265411
v -0.089398757 0.995306159 0.195586074
v -0.090008566 1.009226212 0.183917749
v -0.065559088 1.031065662 0.195586074
v -0.029799586 1.031065662 0.255185246
v -0.104655919 0.929594737 0.357710052
v 0.053639254 1.019145828 0.350543920
v 0.041719420 0.947626822 0.386303422
v 0.019787232 0.942074378 0.406006055
v 0.005959917 0.995306159 0.362463754
v 0.053639254 0.995306159 0.386303422
v -0.101318591 0.971466491 0.326704251
v -0.029799586 0.995306159 0.338624085
v 0.041719420 1.054905331 0.255185246
v -0.101318591 1.007225994 0.231345577
v 0.077478923 1.042985496 0.314784417
v 0.065559088 1.007225994 0.374383588
v -0.005959917 1.031065662 0.279024914
v 0.041719420 1.042985496 0.290944748
v 0.017879751 1.019145828 0.326704251
v 0.053639254 1.031065662 0.326704251
v -0.041719420 1.007225994 0.302864583
f 4207 4201 4202
f 4212 4207 4206
f 4212 4203 4207
f 4213 4206 4207
f 4214 4202 4201
f 4215 4208 4205
f 4218 4207 4203
f 4218 4201 4207
f 4222 4212 4206
f 4222 4210 4212
f 4222 4206 4215
f 4222 4215 4204
f 4222 4204 4210
f 4223 4213 4207
f 4223 4207 4202
f 4224 4213 4223
f 4224 4223 4202
f 4224 4202 4214
f 4225 4216 4205
f 4226 4215 4205
f 4229 4218 4203
f 4229 4211 4218
f 4230 4219 4201
f 4230 4218 4211
f 4230 4201 4218
f 4231 4214 4201
f 4231 4201 4219
f 4231 4208 4214
f 4232 4209 4219
f 4234 4212 4210
f 4234 4203 4212
f 4235 4224 4214
f 4235 4214 4208
f 4235 4208 4215
f 4235 4215 4224
f 4236 4224 4215
f 4236 4215 4206
f 4236 4206 4213
f 4236 4213 4224
f 4237 4225 4219
f 4237 4219 4209
f 4238 4226 4205
f 4238 4205 4216
f 4238 4216 4226
f 4239 4226 4216
f 4239 4204 4215
f 4239 4215 4226
f 4240 4227 4210
f 4240 4210 4204
f 4240 4204 4239
f 4240 4239 4216
f 4240 4216 4228
f 4241 4227 4221
f 4241 4210 4227
f 4241 4234 4210
f 4241 4221 4234
f 4242 4227 4217
f 4242 4221 4227
f 4243 4228 4216
f 4243 4216 4225
f 4243 4225 4237
f 4243 4237 4209
f 4243 4217 4228
f 4244 4211 4229
f 4245 4205 4208
f 4245 4208 4231
f 4246 4225 4205
f 4246 4245 4231
f 4246 4205 4245
f 4246 4231 4219
f 4246 4219 4225
f 4247 4220 4209
f 4247 4209 4232
f 4248 4232 4219
f 4248 4219 4230
f 4248 4247 4232
f 4248 4244 4220
f 4248 4220 4247
f 4249 4233 4217
f 4249 4209 4233
f 4249 4243 4209
f 4249 4217 4243
f 4250 4233 4209
f 4250 4209 4220
f 4251 4234 4221
f 4251 4203 4234
f 4252 4217 4227
f 4252 4227 4240
f 4252 4240 4228
f 4252 4228 4217
f 4253 4244 4229
f 4253 4229 4203
f 4254 4248 4230
f 4254 4230 4211
f 4254 4211 4244
f 4254 4244 4248
f 4255 4242 4217
f 4255 4217 4233
f 4255 4221 4242
f 4256 4253 4203
f 4256 4221 4255
f 4256 4251 4221
f 4256 4203 4251
f 4257 4233 4250
f 4257 4256 4255
f 4257 4250 4220
f 4257 4220 4244
f 4258 4244 4253
f 4258 4253 4256
f 4258 4257 4244
f 4258 4256 4257
f 4259 4257 4255
f 4259 4255 4233
f 4259 4233 4257
o bunny093
usemtl Material093
v 0.446993784 0.661550801 0.541261267
v 0.518512790 0.649630966 0.493581931
v 0.470833453 0.840348314 0.433982759
v 0.411234281 0.864187983 0.398223257
v 0.315875607 0.840348314 0.433982759
v 0.494673121 0.828428480 0.386303422
v 0.494673121 0.733069806 0.481662096
v 0.399034769 0.649228695 0.539495006
v 0.339715276 0.780749143 0.517421599
v 0.375474779 0.876107817 0.445902594
v 0.447421774 0.876620054 0.398972559
v 0.482753287 0.828428480 0.386303422
v 0.518512790 0.673470635 0.493581931
v 0.399314447 0.768829309 0.517421599
v 0.482753287 0.649630966 0.481662096
v 0.446993784 0.649630966 0.541261267
v 0.423154116 0.685390469 0.541261267
v 0.339792057 0.757363324 0.518086907
v 0.329111027 0.880587839 0.431524696
v 0.497913259 0.843556086 0.391819032
v 0.446993784 0.876107817 0.422062925
v 0.327795442 0.864187983 0.422062925
v 0.482753287 0.840348314 0.386303422
v 0.458913618 0.685390469 0.529341433
v 0.470833453 0.649630966 0.529341433
v 0.494673121 0.828428480 0.422062925
v 0.470833453 0.721149972 0.505501765
v 0.375474779 0.780749143 0.517421599
v 0.516990629 0.648914932 0.479482461
v 0.482753287 0.756909475 0.422062925
v 0.315875607 0.864187983 0.457822428
v 0.415074773 0.881486055 0.407510570
v 0.313388953 0.874682987 0.437945501
v 0.411234281 0.733069806 0.529341433
v 0.506592955 0.649630966 0.505501765
v 0.470833453 0.661550801 0.529341433
v 0.482753287 0.828428480 0.433982759
v 0.506592955 0.768829309 0.445902594
v 0.423154116 0.768829309 0.505501765
v 0.316392473 0.837874746 0.453016605
v 0.316525251 0.877148137 0.436196791
v 0.351635110 0.864187983 0.457822428
v 0.506592955 0.661550801 0.505501765
f 4274 4267 4264
f 4276 4268 4267
f 4276 4275 4260
f 4276 4267 4275
f 4277 4264 4267
f 4277 4267 4268
f 4280 4279 4270
f 4280 4273 4262
f 4281 4271 4264
f 4281 4263 4271
f 4281 4278 4263
f 4282 4265 4271
f 4282 4279 4265
f 4282 4270 4279
f 4282 4271 4263
f 4282 4263 4270
f 4284 4260 4275
f 4285 4266 4272
f 4285 4280 4262
f 4285 4279 4280
f 4286 4273 4283
f 4286 4283 4272
f 4286 4272 4266
f 4287 4280 4269
f 4287 4273 4280
f 4288 4267 4274
f 4288 4284 4275
f 4288 4275 4267
f 4288 4265 4279
f 4288 4279 4272
f 4288 4272 4261
f 4289 4274 4264
f 4289 4264 4271
f 4289 4288 4274
f 4289 4271 4265
f 4289 4265 4288
f 4290 4277 4268
f 4290 4268 4287
f 4291 4270 4263
f 4291 4263 4278
f 4291 4280 4270
f 4291 4278 4269
f 4291 4269 4280
f 4292 4281 4264
f 4293 4283 4273
f 4293 4276 4260
f 4293 4260 4283
f 4293 4273 4287
f 4293 4287 4268
f 4293 4268 4276
f 4294 4261 4272
f 4294 4288 4261
f 4294 4284 4288
f 4295 4283 4260
f 4295 4260 4284
f 4295 4272 4283
f 4295 4284 4294
f 4296 4285 4262
f 4296 4266 4285
f 4296 4286 4266
f 4296 4262 4286
f 4297 4285 4272
f 4297 4272 4279
f 4297 4279 4285
f 4298 4286 4262
f 4298 4262 4273
f 4298 4273 4286
f 4299 4264 4277
f 4299 4277 4290
f 4299 4292 4264
f 4299 4290 4292
f 4300 4290 4269
f 4300 4269 4278
f 4300 4292 4290
f 4300 4278 4281
f 4300 4281 4292
f 4301 4290 4287
f 4301 4287 4269
f 4301 4269 4290
f 4302 4295 4294
f 4302 4294 4272
f 4302 4272 4295
o bunny094
usemtl Material094
v 0.435178029 0.014704726 0.064531045
v 0.326743745 0.126909258 -0.252741823
v 0.374552783 0.016265117 0.054024215
v 0.327795442 0.101318591 -0.257367627
v 0.438025209 0.132599510 -0.163696572
v 0.327307396 0.012564064 -0.149705834
v 0.399314447 0.125158260 -0.233527958
v 0.423154116 0.137078094 -0.138169284
v 0.339535841 0.012229948 -0.078505317
v 0.321957000 0.046102070 -0.224214921
v 0.351635110 0.113238425 -0.257367627
v 0.348048587 0.129141153 -0.247151128
v 0.387394613 0.029799586 -0.173928787
v 0.327795442 0.125158260 -0.233527958
v 0.423154116 0.029799586 0.052548063
v 0.435073950 0.137078094 -0.138169284
v 0.435073950 0.005959917 0.016788561
v 0.339715276 0.041719420 -0.233527958
v 0.411234281 0.101318591 -0.221608124
v 0.423154116 0.077478923 -0.030890776
v 0.397675192 0.015009025 0.067092409
v 0.435073950 0.029799586 0.052548063
v 0.351635110 0.005959917 -0.185848621
v 0.376241846 0.012502943 0.050964077
v 0.327795442 0.065559088 -0.245447793
v 0.411234281 0.125158260 -0.221608124
v 0.423154116 0.077478923 -0.162008953
v 0.351635110 0.029799586 -0.221608124
v 0.375474779 0.101318591 -0.245447793
v 0.399066731 0.013516737 0.064317602
v 0.435073950 0.077478923 -0.030890776
v 0.387394613 0.017879751 -0.150089119
v 0.326709537 0.015979389 -0.184855821
v 0.324096083 0.033664974 -0.217021096
v 0.339715276 0.065559088 -0.245447793
v 0.435073950 0.113238425 -0.173928787
v 0.411234281 0.077478923 -0.197768456
v 0.363554944 0.029799586 -0.209688290
v 0.399314447 0.113238425 -0.233527958
v 0.375474779 0.077478923 -0.233527958
v 0.375474779 0.017879751 -0.173928787
v 0.363554944 0.005959917 -0.162008953
v 0.339715276 0.101318591 -0.257367627
v 0.435073950 0.101318591 -0.162008953
v 0.423154116 0.101318591 -0.197768456
v 0.387394613 0.053639254 -0.209688290
v 0.435073950 0.017879751 -0.007051108
f 4312 4304 4306
f 4313 4306 4304
f 4314 4307 4309
f 4314 4304 4310
f 4314 4313 4304
f 4314 4309 4313
f 4316 4310 4304
f 4316 4305 4310
f 4316 4311 4305
f 4316 4308 4311
f 4316 4312 4308
f 4316 4304 4312
f 4318 4314 4310
f 4318 4307 4314
f 4319 4307 4303
f 4322 4310 4305
f 4322 4318 4310
f 4323 4322 4305
f 4323 4317 4322
f 4324 4303 4307
f 4324 4323 4303
f 4324 4317 4323
f 4324 4322 4317
f 4325 4311 4308
f 4326 4305 4311
f 4326 4325 4319
f 4326 4311 4325
f 4326 4323 4305
f 4327 4312 4306
f 4328 4321 4309
f 4328 4309 4307
f 4331 4313 4309
f 4332 4319 4303
f 4332 4303 4323
f 4332 4326 4319
f 4332 4323 4326
f 4333 4324 4307
f 4333 4307 4318
f 4333 4318 4322
f 4333 4322 4324
f 4335 4325 4308
f 4335 4308 4312
f 4336 4327 4320
f 4336 4312 4327
f 4336 4335 4312
f 4336 4325 4335
f 4336 4330 4325
f 4336 4320 4330
f 4337 4327 4306
f 4337 4320 4327
f 4337 4313 4331
f 4337 4330 4320
f 4338 4328 4307
f 4338 4321 4328
f 4339 4329 4315
f 4340 4325 4330
f 4341 4331 4309
f 4341 4309 4321
f 4341 4321 4331
f 4342 4331 4321
f 4342 4321 4330
f 4342 4337 4331
f 4342 4330 4337
f 4343 4334 4325
f 4343 4315 4334
f 4343 4340 4315
f 4343 4325 4340
f 4344 4334 4319
f 4344 4319 4325
f 4344 4325 4334
f 4345 4337 4306
f 4345 4306 4313
f 4345 4313 4337
f 4346 4338 4307
f 4346 4329 4339
f 4347 4339 4321
f 4347 4321 4338
f 4347 4346 4339
f 4347 4338 4346
f 4348 4339 4315
f 4348 4315 4340
f 4348 4321 4339
f 4348 4340 4330
f 4348 4330 4321
f 4349 4346 4307
f 4349 4307 4319
f 4349 4329 4346
f 4349 4319 4334
f 4349 4334 4315
f 4349 4315 4329
o bunny095
usemtl Material095
v 0.823291742 0.338599888 0.066918217
v 0.828428480 0.256276436 0.064467898
v 0.780749143 0.292035939 -0.018970942
v 0.708595757 0.266759263 -0.037953354
v 0.721149972 0.148997928 0.076387732
v 0.754132809 0.325653509 -0.001696038
v 0.828428480 0.339715276 0.040628229
v 0.804588811 0.184757431 0.076387732
v 0.768829309 0.315875607 -0.018970942
v 0.756909475 0.327795442 0.016788561
v 0.828428480 0.280116105 0.040628229
v 0.808675936 0.231033038 0.075110533
v 0.733069806 0.184757431 -0.030890776
v 0.744989640 0.268196270 -0.042810610
v 0.756909475 0.315875607 -0.018970942
v 0.804588811 0.339715276 0.016788561
v 0.768829309 0.327795442 0.028708395
v 0.710005146 0.269951827 -0.036824769
v 0.804588811 0.208597099 0.040628229
v 0.792668977 0.232436768 0.076387732
v 0.733069806 0.125158260 0.028708395
v 0.733069806 0.220516934 -0.042810610
v 0.780749143 0.327795442 -0.007051108
v 0.792343706 0.339550722 0.029189935
v 0.820723025 0.340630384 0.062457560
v 0.828428480 0.256276436 0.052548063
v 0.792668977 0.232436768 0.004868726
v 0.756909475 0.137078094 0.076387732
v 0.716494365 0.131203416 0.042353298
v 0.792668977 0.172837597 0.052548063
v 0.707848354 0.232728672 -0.039162649
v 0.756909475 0.232436768 -0.030890776
v 0.780749143 0.268196270 -0.018970942
v 0.804588811 0.244356602 0.016788561
v 0.721149972 0.184757431 -0.030890776
v 0.726669528 0.129911127 0.074342539
v 0.756909475 0.137078094 0.052548063
v 0.804588811 0.184757431 0.064467898
v 0.780749143 0.184757431 0.016788561
v 0.744989640 0.256276436 -0.042810610
v 0.721149972 0.125158260 0.028708395
v 0.733069806 0.125158260 0.040628229
v 0.768829309 0.160917762 0.028708395
v 0.756909475 0.196677265 -0.018970942
v 0.768829309 0.196677265 -0.007051108
f 4356 4350 4351
f 4360 4356 4351
f 4360 4352 4356
f 4361 4357 4351
f 4361 4351 4350
f 4363 4358 4352
f 4364 4358 4363
f 4365 4356 4352
f 4366 4359 4354
f 4366 4354 4350
f 4367 4359 4355
f 4367 4353 4354
f 4367 4354 4359
f 4367 4355 4364
f 4367 4364 4363
f 4367 4363 4353
f 4369 4361 4350
f 4369 4350 4354
f 4369 4354 4357
f 4369 4357 4361
f 4372 4365 4352
f 4372 4352 4358
f 4372 4358 4364
f 4372 4364 4355
f 4372 4355 4365
f 4373 4365 4355
f 4373 4355 4359
f 4374 4366 4350
f 4374 4359 4366
f 4374 4373 4359
f 4374 4350 4356
f 4374 4356 4365
f 4374 4365 4373
f 4375 4360 4351
f 4375 4351 4357
f 4377 4357 4354
f 4379 4357 4377
f 4380 4353 4363
f 4380 4363 4371
f 4380 4378 4354
f 4380 4354 4353
f 4381 4362 4371
f 4382 4352 4360
f 4382 4363 4352
f 4383 4375 4368
f 4383 4368 4376
f 4383 4360 4375
f 4383 4382 4360
f 4383 4376 4382
f 4384 4362 4370
f 4384 4380 4371
f 4384 4371 4362
f 4385 4377 4354
f 4385 4354 4378
f 4386 4379 4377
f 4386 4377 4370
f 4387 4375 4357
f 4387 4357 4379
f 4387 4379 4368
f 4387 4368 4375
f 4388 4376 4368
f 4388 4368 4379
f 4389 4381 4371
f 4389 4371 4363
f 4389 4382 4381
f 4389 4363 4382
f 4390 4384 4370
f 4390 4378 4380
f 4390 4380 4384
f 4390 4385 4378
f 4391 4370 4377
f 4391 4377 4385
f 4391 4390 4370
f 4391 4385 4390
f 4392 4388 4379
f 4392 4386 4370
f 4392 4379 4386
f 4393 4381 4382
f 4393 4362 4381
f 4393 4392 4370
f 4393 4370 4362
f 4394 4376 4388
f 4394 4388 4392
f 4394 4392 4393
f 4394 4393 4382
f 4394 4382 4376
o bunny096
usemtl Material096
v -0.172837597 0.065559088 0.028708395
v -0.158470491 0.054196385 0.027471687
v -0.123079333 0.055198096 -0.171097940
v -0.303975659 0.003531646 -0.173946808
v -0.304331587 0.003971998 0.005441492
v -0.244356602 0.065559088 -0.078570113
v -0.125054396 0.057315731 -0.138347841
v -0.172837597 0.053639254 0.028708395
v -0.256276436 -0.005959917 0.004868726
v -0.148997928 0.065559088 -0.173928787
v -0.244356602 0.065559088 -0.054730445
v -0.125158260 0.041719420 -0.162008953
v -0.177818515 0.025168532 -0.180468388
v -0.220516934 0.053639254 -0.138169284
v -0.208597099 0.065559088 -0.007051108
v -0.172837597 0.041719420 0.016788561
v -0.125595434 0.045943006 -0.179066103
v -0.184757431 0.053639254 -0.173928787
v -0.232436768 -0.005959917 -0.173928787
v -0.172837597 0.017879751 -0.162008953
v -0.232436768 -0.005959917 -0.162008953
f 4400 4398 4399
f 4401 4395 4396
f 4402 4396 4395
f 4402 4395 4399
f 4403 4402 4399
f 4403 4396 4402
f 4403 4399 4398
f 4404 4401 4397
f 4404 4400 4395
f 4404 4395 4401
f 4405 4400 4399
f 4405 4395 4400
f 4406 4401 4396
f 4406 4397 4401
f 4408 4398 4400
f 4408 4400 4404
f 4409 4405 4399
f 4409 4399 4395
f 4409 4395 4405
f 4410 4406 4396
f 4410 4396 4403
f 4410 4403 4406
f 4411 4407 4404
f 4411 4404 4397
f 4411 4397 4406
f 4412 4407 4398
f 4412 4404 4407
f 4412 4408 4404
f 4412 4398 4408
f 4413 4403 4398
f 4413 4398 4407
f 4413 4407 4411
f 4414 4406 4403
f 4414 4413 4411
f 4414 4411 4406
f 4415 4414 4403
f 4415 4403 4413
f 4415 4413 4414
o bunny097
usemtl Material097
v 0.078565211 0.470443034 0.642868362
v 0.080244415 0.270622976 0.606510157
v 0.077478923 0.411234281 0.612780273
v -0.029799586 0.351635110 0.541261267
v -0.053639254 0.494673121 0.636619941
v -0.005959917 0.196677265 0.517421599
v 0.065559088 0.470833453 0.624700107
v 0.077478923 0.458913618 0.624700107
v 0.065559088 0.280116105 0.624700107
v 0.077478923 0.280116105 0.588940604
v -0.077478923 0.458913618 0.588940604
v 0.006536846 0.506923588 0.632755448
v 0.077478923 0.280116105 0.624700107
v 0.065559088 0.423154116 0.648539776
v -0.005959917 0.220516934 0.577020770
v 0.053639254 0.244356602 0.565100936
v -0.047660449 0.349595010 0.544930750
v -0.053639254 0.482753287 0.588940604
v 0.041719420 0.470833453 0.648539776
v 0.077478923 0.423154116 0.648539776
v 0.053639254 0.292035939 0.624700107
v 0.041719420 0.196677265 0.577020770
v -0.023590084 0.193961698 0.525003136
v -0.077478923 0.470833453 0.612780273
v -0.076723438 0.483222874 0.588494863
v -0.029799586 0.506592955 0.612780273
v -0.053639254 0.506592955 0.636619941
v 0.041719420 0.458913618 0.648539776
v 0.017879751 0.303955773 0.612780273
v 0.029799586 0.196677265 0.577020770
v 0.042893997 0.197916336 0.562160319
v -0.017879751 0.196677265 0.553181102
v -0.077478923 0.458913618 0.600860439
v -0.077478923 0.482753287 0.612780273
v -0.056509830 0.505652557 0.616968119
v 0.003229694 0.181403370 0.535585594
v 0.053639254 0.232436768 0.565100936
v 0.077478923 0.268196270 0.588940604
v -0.017879751 0.220516934 0.565100936
v -0.005959917 0.184757431 0.553181102
v -0.005959917 0.184757431 0.517421599
v -0.019456931 0.186903650 0.525588120
v 0.005959917 0.184757431 0.553181102
f 4421 4419 4418
f 4423 4416 4417
f 4423 4417 4418
f 4423 4422 4416
f 4423 4418 4419
f 4423 4419 4422
f 4425 4418 4417
f 4427 4416 4422
f 4429 4424 4428
f 4431 4421 4418
f 4431 4418 4425
f 4432 4419 4421
f 4433 4422 4419
f 4434 4416 4427
f 4435 4428 4417
f 4435 4417 4416
f 4435 4429 4428
f 4435 4434 4429
f 4435 4416 4434
f 4436 4429 4420
f 4436 4424 4429
f 4436 4430 4424
f 4437 4428 4424
f 4437 4417 4428
f 4438 4432 4421
f 4438 4426 4432
f 4439 4430 4420
f 4440 4432 4426
f 4440 4433 4419
f 4440 4419 4432
f 4441 4427 4422
f 4441 4422 4433
f 4441 4433 4440
f 4442 4434 4427
f 4442 4420 4434
f 4442 4427 4441
f 4442 4439 4420
f 4443 4434 4420
f 4443 4420 4429
f 4443 4429 4434
f 4444 4436 4420
f 4444 4420 4430
f 4444 4430 4436
f 4445 4437 4424
f 4445 4424 4430
f 4446 4417 4437
f 4448 4439 4426
f 4448 4426 4438
f 4448 4447 4439
f 4448 4438 4447
f 4449 4440 4426
f 4449 4426 4439
f 4449 4439 4442
f 4450 4442 4441
f 4450 4441 4440
f 4450 4449 4442
f 4450 4440 4449
f 4451 4446 4437
f 4452 4421 4431
f 4452 4431 4425
f 4453 4425 4417
f 4453 4417 4446
f 4453 4452 4425
f 4453 4446 4452
f 4454 4447 4430
f 4454 4430 4439
f 4454 4439 4447
f 4455 4445 4430
f 4455 4430 4447
f 4455 4437 4445
f 4456 4438 4421
f 4456 4446 4451
f 4456 4452 4446
f 4456 4421 4452
f 4457 4455 4447
f 4457 4447 4438
f 4457 4438 4456
f 4457 4456 4451
f 4457 4451 4455
f 4458 4455 4451
f 4458 4451 4437
f 4458 4437 4455
o bunny098
usemtl Material098
v -0.176004399 0.011618926 0.425902969
v -0.100535893 0.055784375 0.339208750
v -0.160917762 0.065559088 0.374383588
v -0.214454743 0.026413429 0.168018003
v -0.125158260 0.005959917 0.195586074
v -0.101257748 0.050876532 0.171690943
v -0.244582262 0.008131920 0.338533229
v -0.124450321 0.056718011 0.386832243
v -0.101318591 0.041719420 0.326704251
v -0.125158260 0.065559088 0.314784417
v -0.147338748 0.007478071 0.176600546
v -0.196856996 0.011773267 0.422259239
v -0.244356602 0.029799586 0.279024914
v -0.125158260 0.005959917 0.207505909
v -0.148997928 0.065559088 0.386303422
v -0.101318591 0.029799586 0.183666240
v -0.125158260 0.053639254 0.183666240
v -0.108609690 0.050729842 0.170932708
v -0.199138876 0.008623009 0.173136848
v -0.196677265 0.029799586 0.398223257
v -0.217867219 0.029596083 0.169754046
v -0.238918552 0.007529376 0.287787441
v -0.100422842 0.054372532 0.315453530
v -0.101318591 0.029799586 0.195586074
v -0.160917762 0.065559088 0.362463754
v -0.172837597 0.053639254 0.386303422
v -0.113238425 0.017879751 0.207505909
v -0.137078094 0.065559088 0.326704251
f 4467 4466 4459
f 4467 4460 4466
f 4468 4460 4464
f 4470 4465 4459
f 4472 4459 4465
f 4472 4467 4459
f 4473 4459 4466
f 4473 4470 4459
f 4473 4468 4461
f 4473 4466 4460
f 4473 4460 4468
f 4474 4469 4464
f 4474 4463 4469
f 4475 4468 4464
f 4476 4469 4462
f 4476 4464 4469
f 4476 4475 4464
f 4477 4462 4469
f 4477 4469 4463
f 4478 4465 4470
f 4478 4471 4465
f 4479 4476 4462
f 4479 4475 4476
f 4480 4472 4465
f 4480 4463 4472
f 4480 4477 4463
f 4480 4462 4477
f 4480 4479 4462
f 4480 4465 4471
f 4480 4471 4479
f 4481 4474 4464
f 4481 4464 4460
f 4481 4460 4467
f 4482 4481 4467
f 4482 4474 4481
f 4483 4461 4468
f 4483 4475 4479
f 4483 4479 4471
f 4483 4471 4461
f 4484 4461 4471
f 4484 4471 4478
f 4484 4473 4461
f 4484 4478 4470
f 4484 4470 4473
f 4485 4482 4467
f 4485 4467 4472
f 4485 4474 4482
f 4485 4472 4463
f 4485 4463 4474
f 4486 4483 4468
f 4486 4468 4475
f 4486 4475 4483
o bunny099
usemtl Material099
v -0.172837597 0.518512790 -0.257367627
v -0.062394241 0.402382759 -0.391474252
v -0.139525286 0.603159581 -0.306242865
v -0.101318591 0.554272292 -0.400405638
v -0.160917762 0.435073950 -0.340806467
v -0.075299357 0.552717404 -0.393981872
v -0.113238425 0.351635110 -0.293127130
v -0.089398757 0.411234281 -0.400405638
v -0.184757431 0.542352458 -0.305046964
v -0.148997928 0.601951629 -0.328886632
v -0.160917762 0.435073950 -0.245447793
v -0.065559088 0.423154116 -0.376565969
v -0.125158260 0.470833453 -0.388485804
v -0.137078094 0.339715276 -0.316966798
v -0.065496421 0.435123480 -0.399840306
v -0.182971615 0.553448471 -0.268139963
v -0.078745148 0.555175610 -0.392217710
v -0.148997928 0.554272292 -0.364646135
v -0.184757431 0.411234281 -0.257367627
v -0.089398757 0.363554944 -0.328886632
v -0.125158260 0.423154116 -0.376565969
v -0.113238425 0.494673121 -0.400405638
v -0.101318591 0.339715276 -0.352726301
v -0.077478923 0.399314447 -0.400405638
v -0.143404539 0.599190691 -0.302313570
v -0.184757431 0.554272292 -0.293127130
v -0.131666695 0.599280523 -0.326242174
v -0.125158260 0.554272292 -0.388485804
v -0.160917762 0.566192127 -0.340806467
v -0.160917762 0.458913618 -0.352726301
v -0.160917762 0.363554944 -0.293127130
v -0.162780699 0.378722182 -0.242180488
v -0.179949965 0.436282434 -0.243815415
v -0.084320088 0.341791942 -0.347021248
v -0.137078094 0.375474779 -0.340806467
v -0.101318591 0.446993784 -0.400405638
v -0.101318591 0.375474779 -0.376565969
v -0.160917762 0.590031795 -0.316966798
v -0.189329968 0.518350675 -0.259446202
v -0.148997928 0.590031795 -0.340806467
v -0.113238425 0.530432624 -0.400405638
v -0.160917762 0.542352458 -0.352726301
v -0.184757431 0.458913618 -0.305046964
v -0.137078094 0.458913618 -0.376565969
v -0.160917762 0.351635110 -0.269287461
v -0.174543186 0.414569965 -0.242007207
v -0.113238425 0.339715276 -0.293127130
v -0.148997928 0.423154116 -0.352726301
v -0.113238425 0.351635110 -0.352726301
v -0.101318591 0.399314447 -0.388485804
v -0.172837597 0.566192127 -0.316966798
v -0.172837597 0.435073950 -0.316966798
v -0.172837597 0.375474779 -0.257367627
v -0.160917762 0.351635110 -0.281207295
v -0.095344809 0.337283937 -0.335566049
v -0.140489080 0.338594137 -0.270406229
v -0.125158260 0.351635110 -0.340806467
v -0.148997928 0.339715276 -0.293127130
v -0.142603281 0.341817099 -0.267190083
f 4497 4493 4489
f 4497 4489 4487
f 4498 4492 4489
f 4498 4488 4492
f 4501 4492 4488
f 4501 4490 4492
f 4503 4492 4490
f 4503 4490 4496
f 4506 4498 4489
f 4506 4489 4493
f 4507 4499 4494
f 4508 4490 4494
f 4510 4501 4488
f 4510 4494 4490
f 4510 4490 4501
f 4511 4502 4487
f 4511 4487 4489
f 4513 4503 4496
f 4513 4496 4489
f 4513 4489 4492
f 4513 4492 4503
f 4514 4508 4499
f 4517 4491 4500
f 4518 4493 4497
f 4519 4497 4487
f 4520 4488 4498
f 4520 4498 4506
f 4520 4510 4488
f 4520 4509 4510
f 4522 4508 4494
f 4522 4494 4499
f 4522 4499 4508
f 4523 4510 4509
f 4523 4494 4510
f 4524 4511 4489
f 4524 4489 4496
f 4524 4502 4511
f 4524 4512 4502
f 4525 4502 4512
f 4525 4505 4519
f 4525 4519 4487
f 4525 4487 4502
f 4525 4512 4495
f 4526 4514 4504
f 4526 4496 4490
f 4526 4490 4514
f 4526 4504 4515
f 4526 4524 4496
f 4526 4515 4524
f 4527 4514 4490
f 4527 4490 4508
f 4527 4508 4514
f 4528 4515 4504
f 4528 4495 4515
f 4528 4516 4495
f 4528 4504 4514
f 4529 4495 4516
f 4529 4525 4495
f 4529 4505 4525
f 4529 4516 4491
f 4530 4499 4507
f 4530 4507 4516
f 4530 4514 4499
f 4530 4528 4514
f 4530 4516 4528
f 4532 4519 4505
f 4532 4505 4518
f 4532 4518 4497
f 4532 4497 4519
f 4533 4520 4506
f 4533 4506 4493
f 4533 4493 4518
f 4534 4516 4507
f 4534 4491 4516
f 4534 4521 4500
f 4534 4500 4491
f 4535 4523 4509
f 4536 4523 4507
f 4536 4507 4494
f 4536 4494 4523
f 4537 4524 4515
f 4537 4515 4495
f 4537 4495 4512
f 4537 4512 4524
f 4538 4529 4491
f 4538 4491 4517
f 4538 4517 4529
f 4539 4531 4518
f 4539 4518 4505
f 4540 4517 4500
f 4540 4531 4539
f 4540 4539 4505
f 4540 4529 4517
f 4540 4505 4529
f 4541 4500 4509
f 4541 4509 4520
f 4541 4520 4533
f 4542 4541 4533
f 4543 4500 4521
f 4543 4507 4523
f 4543 4523 4535
f 4543 4534 4507
f 4543 4521 4534
f 4543 4535 4509
f 4543 4509 4500
f 4544 4500 4541
f 4544 4541 4542
f 4544 4540 4500
f 4544 4542 4531
f 4544 4531 4540
f 4545 4542 4533
f 4545 4533 4518
f 4545 4518 4531
f 4545 4531 4542
o bunny100
usemtl Material100
v -0.327795442 1.114504502 0.231345577
v -0.292035939 1.054905331 0.231345577
v -0.339715276 1.209863176 0.124067069
v -0.364343192 1.213099364 0.019904849
v -0.363554944 1.102584668 0.052548063
v -0.339715276 1.197943342 0.016788561
v -0.384380070 1.210301313 0.220152560
v -0.363554944 1.209863176 0.207505909
v -0.327795442 1.054905331 0.231345577
v -0.292035939 1.066825165 0.183666240
v -0.342141377 1.215998173 0.019793127
v -0.363554944 1.197943342 0.016788561
v -0.363554944 1.197943342 0.219425743
v -0.308528048 1.047768341 0.233842229
v -0.387394613 1.174103673 0.219425743
v -0.342427177 1.107954937 0.233387090
v -0.292035939 1.066825165 0.207505909
v -0.302327524 1.057285366 0.111523778
v -0.303955773 1.078744999 0.112147235
v -0.376664984 1.212488228 0.186835194
v -0.344159323 1.094226734 0.050494818
v -0.363554944 1.102584668 0.064467898
v -0.387394613 1.197943342 0.183666240
v -0.347431056 1.116956399 0.232277668
v -0.292978785 1.042369196 0.183635432
v -0.315875607 1.042985496 0.195586074
v -0.327795442 1.090664833 0.052548063
v -0.387394613 1.174103673 0.207505909
v -0.301781840 1.039620215 0.226767265
v -0.327795442 1.054905331 0.207505909
f 4553 4547 4548
f 4556 4548 4555
f 4556 4553 4548
f 4557 4556 4551
f 4557 4549 4556
f 4558 4546 4547
f 4558 4547 4553
f 4558 4553 4552
f 4558 4552 4546
f 4559 4547 4546
f 4561 4546 4552
f 4561 4559 4546
f 4561 4554 4559
f 4562 4555 4548
f 4562 4548 4547
f 4562 4547 4555
f 4564 4556 4555
f 4564 4551 4556
f 4564 4563 4551
f 4564 4555 4563
f 4565 4556 4549
f 4565 4549 4552
f 4565 4552 4553
f 4565 4553 4556
f 4566 4557 4551
f 4566 4550 4557
f 4566 4563 4550
f 4567 4560 4550
f 4567 4550 4554
f 4567 4554 4560
f 4568 4557 4550
f 4568 4549 4557
f 4568 4560 4552
f 4568 4552 4549
f 4569 4560 4554
f 4569 4554 4561
f 4569 4561 4552
f 4569 4552 4560
f 4570 4563 4555
f 4570 4555 4547
f 4571 4550 4563
f 4571 4563 4570
f 4572 4566 4551
f 4572 4551 4563
f 4572 4563 4566
f 4573 4568 4550
f 4573 4550 4560
f 4573 4560 4568
f 4574 4570 4547
f 4574 4547 4559
f 4574 4571 4570
f 4574 4559 4554
f 4574 4554 4571
f 4575 4571 4554
f 4575 4554 4550
f 4575 4550 4571
o bunny101
usemtl Material101
v -0.602121468 1.262645553 0.449810051
v -0.601951629 1.257542513 0.433982759
v -0.613323086 1.335128046 0.277821618
v -0.721149972 1.329061518 0.267105080
v -0.792668977 1.209863176 0.386303422
v -0.649630966 1.305221850 0.410143091
v -0.601859550 1.323475136 0.337506554
v -0.734675356 1.211762141 0.447464698
v -0.768829309 1.209863176 0.362463754
v -0.649630966 1.340981352 0.302864583
v -0.768829309 1.281382181 0.350543920
v -0.601951629 1.293302016 0.433982759
v -0.613871464 1.317141684 0.290944748
v -0.721149972 1.209863176 0.433982759
v -0.758012473 1.295510324 0.279526188
v -0.673470635 1.340981352 0.279024914
v -0.721149972 1.305221850 0.362463754
v -0.768829309 1.233702844 0.422062925
v -0.601951629 1.281382181 0.445902594
v -0.601951629 1.305221850 0.410143091
v -0.726318454 1.215976201 0.450931219
v -0.773350396 1.204328880 0.405554106
v -0.791240749 1.209467670 0.350071330
v -0.697310303 1.305221850 0.267105080
v -0.756909475 1.305221850 0.314784417
v -0.673159816 1.327943965 0.266927733
v -0.709230138 1.329061518 0.302864583
v -0.792668977 1.245622679 0.362463754
v -0.733069806 1.281382181 0.398223257
v -0.601584234 1.320207540 0.347163212
v -0.649630966 1.281382181 0.445902594
v -0.649630966 1.329061518 0.350543920
v -0.733069806 1.233702844 0.445902594
v -0.763758864 1.206070461 0.418918042
v -0.723600958 1.312905090 0.268336130
v -0.637711132 1.317141684 0.279024914
v -0.744989640 1.317141684 0.279024914
v -0.721149972 1.329061518 0.279024914
v -0.733069806 1.317141684 0.314784417
v -0.673470635 1.340981352 0.290944748
v -0.780749143 1.245622679 0.386303422
v -0.792668977 1.221783010 0.386303422
v -0.792668977 1.245622679 0.350543920
v -0.768829309 1.293302016 0.326704251
v -0.756909475 1.269462347 0.386303422
v -0.709230138 1.305221850 0.374383588
v -0.625791298 1.293302016 0.433982759
v -0.685390469 1.281382181 0.433982759
v -0.709230138 1.257542513 0.445902594
v -0.780749143 1.221783010 0.410143091
v -0.753789898 1.297971891 0.277268994
v -0.744989640 1.317141684 0.290944748
v -0.673470635 1.329061518 0.338624085
v -0.733069806 1.293302016 0.374383588
v -0.673470635 1.305221850 0.398223257
v -0.685390469 1.269462347 0.445902594
v -0.709230138 1.269462347 0.433982759
v -0.673470635 1.317141684 0.374383588
f 4585 4582 4578
f 4588 4582 4577
f 4588 4578 4582
f 4588 4577 4584
f 4589 4577 4576
f 4589 4584 4577
f 4591 4585 4578
f 4594 4576 4577
f 4595 4581 4587
f 4596 4589 4576
f 4596 4583 4589
f 4597 4584 4589
f 4598 4597 4580
f 4598 4584 4597
f 4598 4588 4584
f 4599 4598 4590
f 4601 4591 4578
f 4601 4579 4591
f 4601 4599 4579
f 4601 4578 4599
f 4605 4594 4577
f 4605 4577 4582
f 4605 4587 4594
f 4605 4595 4587
f 4605 4582 4595
f 4606 4594 4587
f 4606 4596 4576
f 4606 4576 4594
f 4607 4581 4595
f 4607 4595 4582
f 4607 4582 4585
f 4608 4593 4583
f 4608 4583 4596
f 4609 4597 4589
f 4609 4589 4583
f 4609 4580 4597
f 4610 4579 4599
f 4611 4599 4578
f 4611 4578 4588
f 4611 4588 4598
f 4611 4598 4599
f 4613 4591 4579
f 4613 4579 4612
f 4614 4600 4592
f 4614 4602 4613
f 4615 4585 4591
f 4615 4613 4602
f 4615 4591 4613
f 4615 4607 4585
f 4616 4586 4603
f 4617 4603 4580
f 4617 4616 4603
f 4617 4593 4616
f 4618 4598 4580
f 4618 4580 4603
f 4618 4590 4598
f 4619 4603 4586
f 4619 4618 4603
f 4619 4590 4618
f 4619 4612 4590
f 4619 4586 4604
f 4619 4592 4600
f 4620 4604 4586
f 4620 4593 4604
f 4620 4616 4593
f 4620 4586 4616
f 4621 4592 4604
f 4621 4614 4592
f 4622 4606 4587
f 4622 4587 4581
f 4622 4581 4606
f 4623 4606 4581
f 4623 4621 4604
f 4624 4608 4596
f 4624 4593 4608
f 4625 4609 4583
f 4625 4583 4593
f 4625 4580 4609
f 4625 4617 4580
f 4625 4593 4617
f 4626 4610 4599
f 4626 4599 4590
f 4626 4579 4610
f 4626 4612 4579
f 4626 4590 4612
f 4627 4614 4613
f 4627 4613 4612
f 4627 4600 4614
f 4627 4619 4600
f 4627 4612 4619
f 4628 4615 4602
f 4628 4607 4615
f 4628 4602 4614
f 4629 4619 4604
f 4629 4604 4592
f 4629 4592 4619
f 4630 4623 4581
f 4630 4621 4623
f 4631 4624 4596
f 4631 4596 4606
f 4631 4606 4623
f 4631 4623 4624
f 4632 4624 4623
f 4632 4623 4604
f 4632 4604 4593
f 4632 4593 4624
f 4633 4581 4607
f 4633 4607 4628
f 4633 4630 4581
f 4633 4621 4630
f 4633 4628 4614
f 4633 4614 4621
o bunny102
usemtl Material102
v -0.423154116 0.387394613 0.445902594
v -0.370646856 0.318914151 0.382191732
v -0.375500111 0.375906659 0.421537734
v -0.590031795 0.351635110 0.219425743
v -0.554272292 0.327795442 0.314784417
v -0.446993784 0.292035939 0.219425743
v -0.422255058 0.403834127 0.439163212
v -0.375474779 0.351635110 0.422062925
v -0.387394613 0.303955773 0.302864583
v -0.554272292 0.292035939 0.219425743
v -0.446993784 0.399314447 0.410143091
v -0.542352458 0.387394613 0.410143091
v -0.375474779 0.339715276 0.362463754
v -0.601951629 0.327795442 0.255185246
v -0.434072066 0.271859305 0.218238466
v -0.411234281 0.292035939 0.338624085
v -0.494673121 0.387394613 0.433982759
v -0.539525907 0.403971344 0.404278833
v -0.435073950 0.292035939 0.231345577
v -0.554272292 0.303955773 0.267105080
v -0.596850207 0.334938858 0.218296364
v -0.590031795 0.363554944 0.338624085
v -0.530432624 0.351635110 0.374383588
v -0.387394613 0.315875607 0.386303422
v -0.446993784 0.268196270 0.255185246
v -0.383508117 0.293055950 0.337191984
v -0.446993784 0.387394613 0.445902594
v -0.530432624 0.399314447 0.374383588
v -0.491692929 0.406890544 0.426360461
v -0.578111961 0.303955773 0.231345577
v -0.566192127 0.315875607 0.279024914
v -0.506592955 0.327795442 0.350543920
v -0.608482801 0.368856103 0.270031664
v -0.585895728 0.382256378 0.335363381
v -0.554272292 0.363554944 0.374383588
v -0.518512790 0.363554944 0.398223257
v -0.470833453 0.268196270 0.219425743
v -0.518512790 0.280116105 0.231345577
v -0.458913618 0.280116105 0.279024914
v -0.393777404 0.288671705 0.306200104
v -0.411234281 0.351635110 0.422062925
v -0.590031795 0.375474779 0.267105080
v -0.445805630 0.405287451 0.436996133
v -0.578111961 0.303955773 0.219425743
v -0.601951629 0.339715276 0.279024914
v -0.566192127 0.327795442 0.302864583
v -0.506592955 0.303955773 0.302864583
v -0.458913618 0.327795442 0.374383588
v -0.607082260 0.347693246 0.225295922
v -0.604149432 0.372715684 0.291738264
v -0.542352458 0.375474779 0.398223257
v -0.518512790 0.280116105 0.219425743
v -0.470833453 0.268196270 0.231345577
v -0.554272292 0.292035939 0.231345577
v -0.506592955 0.280116105 0.243265411
v -0.458913618 0.375474779 0.433982759
v -0.458913618 0.351635110 0.410143091
v -0.542352458 0.399314447 0.374383588
v -0.601951629 0.351635110 0.290944748
v -0.411234281 0.339715276 0.410143091
v -0.446993784 0.339715276 0.398223257
v -0.494673121 0.363554944 0.410143091
f 4640 4634 4636
f 4641 4635 4636
f 4641 4636 4634
f 4644 4640 4636
f 4644 4639 4637
f 4644 4636 4639
f 4646 4639 4636
f 4646 4636 4635
f 4646 4635 4642
f 4648 4637 4639
f 4651 4645 4650
f 4652 4646 4642
f 4652 4639 4646
f 4652 4648 4639
f 4652 4642 4648
f 4654 4648 4643
f 4654 4637 4648
f 4657 4635 4641
f 4659 4642 4635
f 4659 4657 4649
f 4659 4635 4657
f 4659 4658 4648
f 4659 4649 4658
f 4660 4634 4640
f 4660 4641 4634
f 4661 4640 4644
f 4662 4651 4650
f 4662 4661 4651
f 4662 4640 4661
f 4662 4650 4660
f 4664 4653 4638
f 4664 4663 4653
f 4664 4647 4663
f 4665 4638 4653
f 4665 4656 4638
f 4667 4655 4645
f 4667 4645 4651
f 4668 4655 4638
f 4668 4638 4656
f 4670 4648 4658
f 4672 4658 4649
f 4673 4659 4648
f 4673 4648 4642
f 4673 4642 4659
f 4674 4657 4641
f 4674 4641 4660
f 4675 4661 4644
f 4675 4644 4637
f 4676 4662 4660
f 4676 4660 4640
f 4676 4640 4662
f 4677 4654 4643
f 4677 4643 4663
f 4677 4663 4647
f 4678 4647 4664
f 4678 4666 4647
f 4679 4664 4638
f 4679 4638 4655
f 4679 4678 4664
f 4679 4655 4678
f 4680 4665 4653
f 4680 4649 4665
f 4680 4672 4649
f 4680 4653 4672
f 4681 4665 4649
f 4682 4647 4666
f 4682 4677 4647
f 4682 4654 4677
f 4682 4637 4654
f 4682 4675 4637
f 4682 4666 4675
f 4683 4655 4667
f 4683 4675 4666
f 4683 4667 4651
f 4683 4651 4675
f 4684 4668 4656
f 4684 4656 4669
f 4684 4645 4655
f 4684 4655 4668
f 4684 4650 4645
f 4685 4643 4648
f 4685 4648 4670
f 4685 4671 4643
f 4685 4670 4671
f 4686 4671 4670
f 4686 4670 4658
f 4687 4663 4643
f 4687 4643 4671
f 4687 4653 4663
f 4688 4658 4672
f 4688 4686 4658
f 4688 4671 4686
f 4688 4672 4653
f 4688 4687 4671
f 4688 4653 4687
f 4689 4674 4660
f 4689 4660 4650
f 4690 4669 4656
f 4690 4674 4689
f 4690 4689 4650
f 4691 4675 4651
f 4691 4651 4661
f 4691 4661 4675
f 4692 4678 4655
f 4692 4655 4683
f 4692 4683 4666
f 4692 4666 4678
f 4693 4690 4657
f 4693 4657 4674
f 4693 4674 4690
f 4694 4657 4690
f 4694 4681 4649
f 4694 4649 4657
f 4694 4665 4681
f 4694 4690 4656
f 4694 4656 4665
f 4695 4690 4650
f 4695 4669 4690
f 4695 4684 4669
f 4695 4650 4684
o bunny103
usemtl Material103
v 0.804588811 0.411234281 0.267105080
v 0.840348314 0.375474779 0.231345577
v 0.828428480 0.423154116 0.135986903
v 0.771375392 0.408114661 0.070360346
v 0.685390469 0.399314447 0.231345577
v 0.821430791 0.373929536 0.079149957
v 0.828428480 0.423154116 0.195586074
v 0.697015801 0.400717926 0.267889440
v 0.721149972 0.446993784 0.124067069
v 0.840348314 0.387394613 0.100227400
v 0.804588811 0.375474779 0.088307566
v 0.828428480 0.411234281 0.231345577
v 0.819227282 0.370757873 0.251195576
v 0.804588811 0.423154116 0.076387732
v 0.697310303 0.423154116 0.171746406
v 0.780749143 0.446993784 0.195586074
v 0.830330509 0.371682513 0.103250183
v 0.840348314 0.399314447 0.219425743
v 0.757019196 0.413249472 0.075094999
v 0.812630541 0.381113311 0.070428542
v 0.804588811 0.435073950 0.219425743
v 0.828428480 0.387394613 0.255185246
v 0.804588811 0.399314447 0.267105080
v 0.816508646 0.423154116 0.088307566
v 0.680409598 0.435229662 0.245356641
v 0.840348314 0.399314447 0.124067069
v 0.673470635 0.411234281 0.231345577
v 0.721240666 0.433349445 0.124589898
v 0.756909475 0.435073950 0.088307566
v 0.828428480 0.399314447 0.076387732
v 0.840348314 0.387394613 0.231345577
v 0.815367585 0.374791861 0.254365318
v 0.804588811 0.435073950 0.112147235
v 0.721149972 0.446993784 0.207505909
v 0.709230138 0.423154116 0.267105080
v 0.780749143 0.435073950 0.243265411
v 0.828428480 0.411234281 0.100227400
v 0.681986645 0.416499934 0.249536823
v 0.673470635 0.435073950 0.219425743
v 0.780749143 0.435073950 0.088307566
v 0.768829309 0.446993784 0.135986903
v 0.780749143 0.423154116 0.267105080
v 0.768829309 0.446993784 0.207505909
v 0.673470635 0.423154116 0.219425743
v 0.780749143 0.446993784 0.159826572
v 0.756909475 0.446993784 0.124067069
f 4708 4703 4700
f 4708 4700 4706
f 4711 4702 4698
f 4712 4705 4697
f 4712 4701 4705
f 4712 4697 4708
f 4712 4708 4706
f 4712 4706 4701
f 4713 4697 4705
f 4713 4702 4707
f 4713 4698 4702
f 4714 4706 4700
f 4715 4701 4706
f 4715 4699 4709
f 4715 4714 4699
f 4715 4706 4714
f 4716 4707 4702
f 4716 4696 4707
f 4716 4702 4711
f 4717 4708 4697
f 4717 4713 4707
f 4717 4707 4696
f 4718 4696 4703
f 4718 4717 4696
f 4721 4713 4705
f 4721 4698 4713
f 4722 4714 4700
f 4722 4710 4714
f 4722 4700 4703
f 4723 4714 4710
f 4723 4710 4704
f 4723 4704 4714
f 4724 4709 4699
f 4724 4699 4714
f 4724 4714 4704
f 4725 4715 4709
f 4725 4705 4701
f 4725 4701 4715
f 4725 4709 4719
f 4725 4721 4705
f 4726 4717 4697
f 4726 4697 4713
f 4726 4713 4717
f 4727 4718 4703
f 4727 4703 4708
f 4727 4708 4717
f 4727 4717 4718
f 4728 4698 4719
f 4728 4719 4709
f 4729 4711 4704
f 4730 4720 4703
f 4731 4716 4711
f 4731 4696 4716
f 4732 4719 4698
f 4732 4698 4721
f 4732 4725 4719
f 4732 4721 4725
f 4733 4722 4703
f 4733 4703 4720
f 4733 4720 4722
f 4734 4722 4720
f 4734 4729 4704
f 4734 4720 4729
f 4735 4728 4709
f 4735 4709 4724
f 4735 4724 4704
f 4736 4704 4711
f 4737 4730 4703
f 4737 4703 4696
f 4737 4696 4731
f 4737 4731 4720
f 4737 4720 4730
f 4738 4729 4720
f 4738 4720 4731
f 4738 4731 4711
f 4738 4711 4729
f 4739 4710 4722
f 4739 4722 4734
f 4739 4734 4704
f 4739 4704 4710
f 4740 4736 4711
f 4740 4728 4736
f 4740 4711 4698
f 4740 4698 4728
f 4741 4735 4704
f 4741 4704 4736
f 4741 4736 4728
f 4741 4728 4735
o bunny104
usemtl Material104
v -0.172837597 0.303955773 -0.114329616
v -0.160917762 0.292035939 -0.126249450
v -0.183642818 0.590157466 -0.253441931
v -0.196677265 0.554272292 -0.281207295
v -0.172837597 0.280116105 -0.185848621
v -0.244356602 0.506592955 -0.185848621
v -0.185403655 0.279664518 -0.115261565
v -0.157532038 0.364648206 -0.244347832
v -0.208597099 0.590031795 -0.221608124
v -0.196677265 0.470833453 -0.281207295
v -0.171636006 0.277134192 -0.129508149
v -0.177465498 0.277200110 -0.119571814
v -0.244562793 0.480552866 -0.192036390
v -0.160917762 0.423154116 -0.233527958
v -0.155285580 0.281236986 -0.183608867
v -0.178260258 0.551275057 -0.277032456
v -0.220516934 0.506592955 -0.185848621
v -0.220516934 0.590031795 -0.257367627
v -0.172837597 0.363554944 -0.245447793
v -0.184757431 0.280116105 -0.150089119
v -0.244356602 0.506592955 -0.221608124
v -0.160917762 0.387394613 -0.197768456
v -0.172837597 0.327795442 -0.221608124
v -0.155313778 0.329351629 -0.219617441
v -0.160917762 0.423154116 -0.245447793
v -0.179919259 0.472216231 -0.279843367
v -0.220516934 0.590031795 -0.221608124
v -0.220516934 0.578111961 -0.257367627
v -0.245283426 0.541234082 -0.213044398
v -0.160917762 0.327795442 -0.150089119
f 4742 4743 4744
f 4748 4742 4747
f 4750 4742 4744
f 4753 4743 4742
f 4753 4742 4748
f 4753 4752 4743
f 4753 4746 4752
f 4754 4748 4747
f 4756 4752 4746
f 4756 4743 4752
f 4757 4745 4744
f 4757 4744 4755
f 4758 4750 4747
f 4758 4747 4742
f 4758 4742 4750
f 4759 4744 4745
f 4759 4745 4751
f 4760 4751 4749
f 4761 4753 4748
f 4761 4746 4753
f 4761 4748 4754
f 4762 4761 4754
f 4762 4746 4761
f 4763 4755 4744
f 4764 4756 4746
f 4764 4760 4749
f 4764 4751 4760
f 4764 4762 4751
f 4764 4746 4762
f 4765 4755 4763
f 4765 4764 4749
f 4765 4756 4764
f 4766 4757 4755
f 4766 4749 4757
f 4766 4765 4749
f 4766 4755 4765
f 4767 4751 4745
f 4767 4745 4757
f 4767 4757 4749
f 4767 4749 4751
f 4768 4750 4744
f 4768 4744 4759
f 4768 4747 4750
f 4769 4762 4759
f 4769 4759 4751
f 4769 4751 4762
f 4770 4762 4754
f 4770 4754 4747
f 4770 4759 4762
f 4770 4768 4759
f 4770 4747 4768
f 4771 4763 4744
f 4771 4744 4743
f 4771 4743 4756
f 4771 4765 4763
f 4771 4756 4765
o bunny105
usemtl Material105
v -0.744989640 0.864187983 0.457822428
v -0.745648374 0.850317577 0.458444853
v -0.756909475 0.852268148 0.124067069
v -0.831211198 0.935298180 0.147445178
v -0.828428480 0.899947485 0.457822428
v -0.733069806 0.864187983 0.302864583
v -0.822059124 0.921489931 0.458473416
v -0.768829309 0.816508646 0.231345577
v -0.816508646 0.923787154 0.147906737
v -0.733069806 0.864187983 0.374383588
v -0.804588811 0.864187983 0.457822428
v -0.840348314 0.935706988 0.302864583
v -0.741401435 0.815624362 0.265968659
v -0.816508646 0.864187983 0.147906737
v -0.816508646 0.935706988 0.279024914
v -0.804588811 0.923787154 0.362463754
v -0.816508646 0.876107817 0.457822428
v -0.823560589 0.925391958 0.457408534
v -0.760283479 0.814410911 0.124666781
v -0.734586261 0.848292783 0.373500309
v -0.792668977 0.852268148 0.445902594
v -0.840348314 0.899947485 0.147906737
v -0.831769006 0.936967372 0.149329756
v -0.744989640 0.876107817 0.314784417
v -0.828428480 0.876107817 0.231345577
v -0.759554091 0.817157816 0.123881480
v -0.756909475 0.816508646 0.267105080
v -0.780749143 0.852268148 0.457822428
v -0.779572637 0.853487046 0.124288910
v -0.840348314 0.899947485 0.255185246
v -0.744989640 0.876107817 0.350543920
v -0.828428480 0.876107817 0.159826572
v -0.840348314 0.911867320 0.290944748
v -0.828428480 0.888027651 0.433982759
v -0.840348314 0.923787154 0.302864583
f 4778 4773 4772
f 4780 4777 4774
f 4780 4774 4775
f 4781 4772 4773
f 4782 4773 4778
f 4784 4774 4777
f 4787 4772 4781
f 4788 4782 4778
f 4788 4778 4776
f 4788 4779 4782
f 4789 4783 4776
f 4789 4776 4778
f 4789 4786 4783
f 4789 4787 4786
f 4789 4778 4772
f 4789 4772 4787
f 4790 4784 4779
f 4790 4779 4785
f 4791 4784 4777
f 4791 4777 4781
f 4791 4781 4773
f 4791 4773 4784
f 4792 4782 4779
f 4793 4790 4785
f 4794 4786 4780
f 4794 4780 4775
f 4794 4783 4786
f 4794 4793 4783
f 4794 4775 4793
f 4795 4777 4780
f 4795 4780 4786
f 4795 4781 4777
f 4796 4785 4779
f 4796 4779 4788
f 4797 4774 4784
f 4797 4784 4790
f 4798 4792 4779
f 4798 4779 4784
f 4798 4784 4773
f 4799 4773 4782
f 4799 4782 4792
f 4799 4798 4773
f 4799 4792 4798
f 4800 4793 4775
f 4800 4775 4774
f 4800 4774 4797
f 4800 4797 4790
f 4800 4790 4793
f 4801 4783 4793
f 4801 4793 4796
f 4802 4787 4781
f 4802 4781 4795
f 4802 4795 4786
f 4802 4786 4787
f 4803 4796 4793
f 4803 4793 4785
f 4803 4785 4796
f 4804 4783 4801
f 4805 4801 4796
f 4805 4796 4788
f 4805 4788 4776
f 4805 4804 4801
f 4805 4776 4804
f 4806 4804 4776
f 4806 4776 4783
f 4806 4783 4804
o bunny106
usemtl Material106
v -0.447946700 0.962534097 -0.081327227
v -0.363554944 0.888027651 -0.138169284
v -0.375474779 0.911867320 -0.162008953
v -0.494673121 0.828428480 -0.173928787
v -0.590031795 0.828428480 -0.078570113
v -0.411029829 0.851319726 -0.172282024
v -0.566192127 0.971466491 -0.090489947
v -0.365676104 0.929875384 -0.133938183
v -0.458913618 0.935706988 -0.078570113
v -0.363096528 0.885901130 -0.158316633
v -0.435073950 0.876107817 -0.173928787
v -0.482753287 0.792668977 -0.150089119
v -0.601951629 0.828428480 -0.114329616
v -0.363554944 0.911867320 -0.126249450
v -0.446993784 0.959546657 -0.102409782
v -0.554272292 0.971466491 -0.066650279
v -0.363554944 0.911867320 -0.162008953
v -0.411234281 0.876107817 -0.173928787
v -0.411234281 0.923787154 -0.150089119
v -0.482753287 0.840348314 -0.173928787
v -0.482418287 0.792333476 -0.172614868
v -0.566192127 0.780749143 -0.114329616
v -0.578111961 0.804588811 -0.138169284
v -0.602161993 0.888094088 -0.067096855
v -0.362431093 0.920003551 -0.141980775
v -0.446993784 0.947626822 -0.078570113
v -0.590031795 0.852268148 -0.066650279
v -0.482493141 0.972000707 -0.080062659
v -0.506592955 0.804588811 -0.173928787
v -0.605038843 0.819116457 -0.095571096
v -0.501716975 0.788705675 -0.165152983
v -0.518512790 0.828428480 -0.162008953
v -0.579245801 0.970471070 -0.076824757
v -0.542352458 0.923787154 -0.066650279
v -0.577946041 0.971612155 -0.077081239
v -0.582603637 0.784152026 -0.123134126
v -0.606947275 0.856544664 -0.074007212
v -0.601951629 0.876107817 -0.090489947
v -0.566192127 0.876107817 -0.066650279
v -0.542352458 0.935706988 -0.066650279
v -0.578289774 0.780883854 -0.126597997
v -0.601951629 0.816508646 -0.114329616
v -0.607198209 0.832860338 -0.087205296
v -0.578111961 0.792668977 -0.138169284
f 4818 4816 4808
f 4820 4814 4807
f 4821 4807 4814
f 4823 4816 4812
f 4823 4821 4814
f 4823 4817 4809
f 4824 4810 4817
f 4824 4823 4812
f 4824 4817 4823
f 4825 4817 4813
f 4825 4809 4817
f 4825 4823 4809
f 4825 4813 4821
f 4825 4821 4823
f 4826 4817 4810
f 4826 4810 4813
f 4826 4813 4817
f 4827 4812 4816
f 4827 4816 4818
f 4827 4824 4812
f 4828 4818 4808
f 4828 4808 4811
f 4829 4819 4813
f 4831 4820 4808
f 4831 4808 4816
f 4831 4816 4823
f 4831 4823 4814
f 4831 4814 4820
f 4832 4820 4807
f 4832 4815 4820
f 4832 4807 4822
f 4833 4820 4815
f 4833 4811 4808
f 4833 4808 4820
f 4833 4815 4832
f 4833 4822 4830
f 4834 4821 4813
f 4834 4807 4821
f 4834 4822 4807
f 4835 4810 4824
f 4835 4824 4827
f 4836 4828 4811
f 4837 4827 4818
f 4837 4818 4828
f 4837 4835 4827
f 4838 4829 4813
f 4838 4813 4810
f 4838 4835 4829
f 4838 4810 4835
f 4839 4813 4819
f 4839 4830 4822
f 4840 4822 4833
f 4841 4834 4813
f 4841 4822 4834
f 4841 4839 4822
f 4841 4813 4839
f 4842 4828 4836
f 4843 4833 4830
f 4843 4811 4833
f 4844 4839 4819
f 4844 4830 4839
f 4844 4843 4830
f 4845 4840 4833
f 4845 4833 4832
f 4845 4832 4840
f 4846 4840 4832
f 4846 4832 4822
f 4846 4822 4840
f 4847 4837 4828
f 4847 4828 4842
f 4848 4842 4836
f 4848 4819 4829
f 4849 4836 4811
f 4849 4811 4843
f 4849 4848 4836
f 4849 4819 4848
f 4849 4844 4819
f 4849 4843 4844
f 4850 4835 4837
f 4850 4837 4847
f 4850 4829 4835
f 4850 4847 4842
f 4850 4848 4829
f 4850 4842 4848
o bunny107
usemtl Material107
v -0.101318591 0.959546657 0.338624085
v -0.100740382 0.945698941 0.337614343
v -0.100929167 1.005948654 0.183505627
v -0.296553374 1.047824145 0.183908120
v -0.292180373 0.936831347 0.339660610
v -0.089398757 0.983386325 0.302864583
v -0.196361531 0.939544469 0.342735186
v -0.308528048 1.047768341 0.233842229
v -0.280116105 1.019145828 0.183666240
v -0.089398757 0.959546657 0.279024914
v -0.292035939 0.959546657 0.338624085
v -0.315875607 1.031065662 0.219425743
v -0.208597099 0.995306159 0.302864583
v -0.125158260 1.019145828 0.195586074
v -0.256276436 1.042985496 0.183666240
v -0.160917762 0.995306159 0.183666240
v -0.091820364 0.965096635 0.306351877
v -0.086534174 0.999760455 0.228309348
v -0.196677265 0.935706988 0.326704251
v -0.315875607 1.042985496 0.219425743
v -0.303955773 1.007225994 0.219425743
v -0.256276436 0.995306159 0.302864583
v -0.303955773 1.031065662 0.183666240
v -0.125158260 1.019145828 0.183666240
v -0.256276436 1.042985496 0.195586074
v -0.089398757 0.983386325 0.219425743
v -0.088251466 1.002836902 0.218177344
v -0.101318591 0.947626822 0.302864583
v -0.172837597 0.947626822 0.290944748
v -0.315875607 1.031065662 0.231345577
v -0.280116105 0.983386325 0.314784417
v -0.184757431 1.031065662 0.183666240
v -0.184757431 1.031065662 0.195586074
v -0.148997928 0.947626822 0.290944748
v -0.292035939 0.971466491 0.326704251
v -0.196677265 1.031065662 0.207505909
v -0.113238425 0.959546657 0.267105080
f 4856 4851 4852
f 4857 4852 4851
f 4861 4857 4851
f 4861 4855 4857
f 4863 4851 4856
f 4863 4856 4858
f 4863 4861 4851
f 4864 4858 4856
f 4866 4859 4853
f 4866 4855 4859
f 4867 4860 4856
f 4867 4856 4852
f 4867 4852 4860
f 4868 4856 4860
f 4869 4852 4857
f 4869 4857 4855
f 4870 4858 4854
f 4871 4859 4855
f 4871 4855 4862
f 4872 4863 4858
f 4872 4861 4863
f 4873 4854 4865
f 4873 4859 4871
f 4873 4871 4862
f 4873 4870 4854
f 4873 4862 4870
f 4873 4865 4853
f 4873 4853 4859
f 4875 4865 4854
f 4875 4854 4858
f 4876 4866 4853
f 4876 4868 4860
f 4877 4864 4856
f 4877 4856 4868
f 4877 4874 4864
f 4877 4853 4874
f 4877 4876 4853
f 4877 4868 4876
f 4878 4860 4852
f 4878 4852 4869
f 4878 4876 4860
f 4879 4869 4855
f 4879 4855 4866
f 4880 4861 4858
f 4880 4858 4870
f 4880 4855 4861
f 4880 4870 4862
f 4880 4862 4855
f 4881 4872 4858
f 4881 4861 4872
f 4882 4864 4874
f 4882 4865 4875
f 4882 4874 4853
f 4882 4853 4865
f 4883 4875 4858
f 4883 4882 4875
f 4883 4864 4882
f 4884 4878 4869
f 4884 4869 4879
f 4884 4879 4866
f 4885 4881 4858
f 4885 4858 4861
f 4885 4861 4881
f 4886 4883 4858
f 4886 4858 4864
f 4886 4864 4883
f 4887 4876 4878
f 4887 4878 4884
f 4887 4884 4866
f 4887 4866 4876
o bunny108
usemtl Material108
v -0.506592955 1.579378037 -0.567283317
v -0.482753287 1.412500358 -0.614962654
v -0.470833453 1.507859032 -0.650722157
v -0.518512790 1.567458203 -0.662641991
v -0.578111961 1.388660689 -0.567283317
v -0.518512790 1.436340026 -0.650722157
v -0.494673121 1.591297872 -0.650722157
v -0.494673121 1.555538369 -0.567283317
v -0.566192127 1.615137540 -0.567283317
v -0.482753287 1.472099529 -0.662641991
v -0.566192127 1.579378037 -0.638802323
v -0.518512790 1.388660689 -0.626882488
v -0.470833453 1.472099529 -0.626882488
v -0.494673121 1.591297872 -0.614962654
v -0.554272292 1.388660689 -0.555363483
v -0.518512790 1.484019363 -0.662641991
v -0.482753287 1.555538369 -0.662641991
v -0.554272292 1.388660689 -0.614962654
v -0.578111961 1.460179695 -0.579203151
v -0.554272292 1.615137540 -0.638802323
v -0.482753287 1.424420192 -0.638802323
v -0.482753287 1.424420192 -0.603042820
v -0.482753287 1.555538369 -0.603042820
v -0.494673121 1.579378037 -0.591122986
v -0.530432624 1.615137540 -0.591122986
v -0.494673121 1.400580524 -0.603042820
v -0.568656748 1.388083376 -0.552654684
v -0.506592955 1.472099529 -0.662641991
v -0.482753287 1.567458203 -0.650722157
v -0.494673121 1.567458203 -0.662641991
v -0.566192127 1.507859032 -0.626882488
v -0.530432624 1.412500358 -0.638802323
v -0.578111961 1.448259861 -0.579203151
v -0.573429000 1.461219708 -0.553550295
v -0.566192127 1.615137540 -0.626882488
v -0.566192127 1.603217706 -0.638802323
v -0.506592955 1.388660689 -0.626882488
v -0.470833453 1.472099529 -0.650722157
v -0.494673121 1.543618535 -0.567283317
v -0.470833453 1.495939198 -0.626882488
v -0.506592955 1.603217706 -0.603042820
v -0.482753287 1.567458203 -0.614962654
v -0.554272292 1.615137540 -0.567283317
v -0.530432624 1.615137540 -0.638802323
v -0.554272292 1.460179695 -0.555363483
v -0.542352458 1.436340026 -0.638802323
v -0.542352458 1.591297872 -0.650722157
v -0.482753287 1.412500358 -0.626882488
v -0.494673121 1.436340026 -0.650722157
v -0.513359460 1.392051167 -0.600845130
v -0.470833453 1.507859032 -0.638802323
v -0.506592955 1.603217706 -0.638802323
v -0.542352458 1.507859032 -0.650722157
v -0.554272292 1.436340026 -0.626882488
v -0.494673121 1.412500358 -0.638802323
f 4903 4891 4897
f 4904 4890 4897
f 4904 4897 4891
f 4909 4889 4900
f 4911 4888 4895
f 4911 4895 4910
f 4912 4907 4896
f 4913 4909 4902
f 4913 4889 4909
f 4914 4905 4899
f 4914 4892 4905
f 4915 4903 4897
f 4915 4897 4893
f 4915 4893 4903
f 4916 4904 4894
f 4916 4894 4901
f 4916 4890 4904
f 4917 4904 4891
f 4917 4891 4894
f 4917 4894 4904
f 4918 4905 4892
f 4919 4899 4905
f 4919 4903 4893
f 4920 4906 4898
f 4920 4892 4906
f 4920 4918 4892
f 4920 4898 4918
f 4921 4906 4892
f 4921 4896 4906
f 4921 4892 4914
f 4922 4906 4896
f 4922 4896 4907
f 4923 4922 4907
f 4923 4898 4906
f 4923 4906 4922
f 4924 4899 4919
f 4924 4889 4913
f 4924 4914 4899
f 4924 4902 4914
f 4925 4900 4889
f 4925 4890 4900
f 4925 4908 4897
f 4925 4897 4890
f 4926 4909 4900
f 4926 4900 4895
f 4926 4895 4902
f 4926 4902 4909
f 4927 4900 4890
f 4927 4910 4895
f 4927 4895 4900
f 4928 4911 4901
f 4928 4888 4911
f 4928 4912 4888
f 4928 4901 4894
f 4929 4911 4910
f 4929 4901 4911
f 4929 4916 4901
f 4929 4890 4916
f 4929 4910 4927
f 4930 4912 4896
f 4930 4888 4912
f 4930 4921 4888
f 4930 4896 4921
f 4931 4894 4907
f 4931 4907 4912
f 4931 4912 4928
f 4932 4914 4902
f 4932 4902 4895
f 4932 4921 4914
f 4932 4895 4888
f 4932 4888 4921
f 4933 4919 4905
f 4933 4903 4919
f 4934 4923 4907
f 4934 4898 4923
f 4934 4891 4903
f 4934 4907 4894
f 4934 4894 4891
f 4935 4924 4908
f 4935 4889 4924
f 4935 4925 4889
f 4935 4908 4925
f 4936 4893 4897
f 4936 4897 4908
f 4936 4919 4893
f 4937 4924 4913
f 4937 4913 4902
f 4937 4902 4924
f 4938 4929 4927
f 4938 4927 4890
f 4938 4890 4929
f 4939 4931 4928
f 4939 4928 4894
f 4939 4894 4931
f 4940 4933 4898
f 4940 4903 4933
f 4940 4934 4903
f 4940 4898 4934
f 4941 4933 4905
f 4941 4905 4918
f 4941 4918 4898
f 4941 4898 4933
f 4942 4936 4908
f 4942 4908 4924
f 4942 4924 4919
f 4942 4919 4936
o bunny109
usemtl Material109
v -0.654104905 1.328269633 -0.042619194
v -0.595343996 1.206890518 -0.134420551
v -0.613871464 1.352901187 -0.257367627
v -0.637711132 1.281382181 -0.340806467
v -0.661550801 1.221783010 -0.054730445
v -0.598101142 1.254050294 -0.339708827
v -0.643778101 1.359984673 -0.248246691
v -0.601951629 1.233702844 -0.126249450
v -0.625791298 1.221783010 -0.054730445
v -0.615666195 1.352819194 -0.329171086
v -0.625791298 1.245622679 -0.316966798
v -0.625791298 1.364821021 -0.245447793
v -0.661550801 1.317141684 -0.185848621
v -0.653963893 1.329522334 -0.042922000
v -0.613871464 1.197943342 -0.138169284
v -0.659727199 1.281198204 -0.042277849
v -0.601951629 1.221783010 -0.114329616
v -0.623087820 1.282486408 -0.342445039
v -0.637711132 1.305221850 -0.328886632
v -0.637711132 1.269462347 -0.340806467
v -0.637827724 1.364728078 -0.269341249
v -0.615981913 1.353349331 -0.327331907
v -0.625791298 1.233702844 -0.054730445
v -0.655588789 1.334771464 -0.182693839
v -0.606654610 1.205372296 -0.110453257
v -0.661550801 1.221783010 -0.066650279
v -0.613871464 1.245622679 -0.340806467
v -0.601578692 1.204783945 -0.113528573
v -0.608501036 1.260357027 -0.342468948
v -0.647157517 1.354941808 -0.232353317
v -0.649630966 1.269462347 -0.245447793
v -0.661550801 1.245622679 -0.102409782
f 4948 4945 4944
f 4950 4944 4945
f 4952 4945 4948
f 4956 4950 4945
f 4956 4945 4954
f 4956 4955 4943
f 4958 4951 4943
f 4958 4947 4951
f 4958 4955 4947
f 4958 4943 4955
f 4959 4944 4950
f 4959 4950 4956
f 4960 4946 4952
f 4961 4952 4946
f 4961 4955 4949
f 4961 4946 4955
f 4962 4946 4960
f 4962 4955 4946
f 4963 4956 4954
f 4963 4949 4956
f 4963 4961 4949
f 4963 4952 4961
f 4964 4954 4945
f 4964 4945 4952
f 4964 4963 4954
f 4964 4952 4963
f 4965 4956 4943
f 4965 4943 4951
f 4965 4959 4956
f 4966 4955 4956
f 4967 4951 4947
f 4967 4947 4957
f 4968 4957 4947
f 4968 4953 4957
f 4968 4962 4953
f 4968 4947 4955
f 4969 4957 4953
f 4969 4948 4944
f 4969 4944 4957
f 4969 4953 4962
f 4970 4944 4959
f 4970 4951 4967
f 4970 4967 4957
f 4970 4957 4944
f 4970 4965 4951
f 4970 4959 4965
f 4971 4960 4952
f 4971 4952 4948
f 4971 4948 4969
f 4971 4969 4962
f 4971 4962 4960
f 4972 4966 4956
f 4972 4956 4949
f 4972 4949 4955
f 4972 4955 4966
f 4973 4955 4962
f 4973 4962 4968
f 4974 4973 4968
f 4974 4968 4955
f 4974 4955 4973
o bunny110
usemtl Material110
v -0.125158260 0.756909475 -0.221608124
v -0.124817100 0.708790702 -0.243776065
v -0.148997928 0.756909475 -0.245447793
v -0.399314447 0.709230138 -0.233527958
v -0.220516934 0.542352458 -0.209688290
v -0.220516934 0.590031795 -0.257367627
v -0.387937326 0.745698003 -0.211644854
v -0.123194393 0.755370188 -0.235611207
v -0.148997928 0.613871464 -0.245447793
v -0.155442048 0.617691154 -0.261211201
v -0.423649175 0.554408759 -0.216176402
v -0.184784601 0.756955200 -0.221717210
v -0.387394613 0.721149972 -0.233527958
v -0.196677265 0.744989640 -0.209688290
v -0.125158260 0.744989640 -0.221608124
v -0.218496518 0.543120219 -0.226565891
v -0.172837597 0.685390469 -0.257367627
v -0.423154116 0.601951629 -0.233527958
v -0.424278083 0.710046120 -0.212190788
v -0.196677265 0.733069806 -0.209688290
v -0.183642818 0.590157466 -0.253441931
v -0.244356602 0.542352458 -0.233527958
v -0.220516934 0.613871464 -0.257367627
v -0.399314447 0.578111961 -0.233527958
v -0.423154116 0.673470635 -0.233527958
v -0.245283426 0.541234082 -0.213044398
v -0.208597099 0.637711132 -0.257367627
v -0.422745324 0.554159606 -0.216250608
f 4982 4976 4977
f 4982 4977 4975
f 4984 4977 4976
f 4984 4976 4983
f 4986 4975 4977
f 4986 4977 4981
f 4987 4981 4977
f 4988 4981 4979
f 4988 4986 4981
f 4988 4975 4986
f 4989 4982 4975
f 4989 4976 4982
f 4989 4983 4976
f 4989 4979 4983
f 4989 4975 4988
f 4990 4984 4983
f 4990 4983 4979
f 4991 4978 4987
f 4991 4987 4977
f 4991 4977 4984
f 4993 4985 4979
f 4993 4979 4981
f 4993 4992 4985
f 4993 4987 4978
f 4993 4981 4987
f 4994 4989 4988
f 4994 4988 4979
f 4994 4979 4989
f 4995 4980 4984
f 4995 4984 4990
f 4996 4995 4990
f 4996 4980 4995
f 4997 4984 4980
f 4997 4980 4992
f 4998 4992 4980
f 4998 4985 4992
f 4998 4980 4996
f 4999 4993 4978
f 4999 4992 4993
f 4999 4997 4992
f 5000 4996 4990
f 5000 4990 4979
f 5001 4991 4984
f 5001 4984 4997
f 5001 4997 4999
f 5001 4999 4978
f 5001 4978 4991
f 5002 4998 4996
f 5002 4985 4998
f 5002 4996 5000
f 5002 5000 4979
f 5002 4979 4985
o bunny111
usemtl Material111
v 0.232436768 0.590031795 0.648539776
v 0.232436768 0.292035939 0.636619941
v 0.233698432 0.289751094 0.617130590
v 0.052783451 0.398827234 0.616202604
v 0.101318591 0.423154116 0.660459610
v 0.077064829 0.291536573 0.613860970
v 0.233714888 0.592274703 0.630517140
v 0.196677265 0.458913618 0.660459610
v 0.077028019 0.554746387 0.643573054
v 0.148997928 0.292035939 0.636619941
v 0.101318591 0.399314447 0.612780273
v 0.065559088 0.387394613 0.636619941
v 0.235917993 0.313456262 0.623681733
v 0.160917762 0.411234281 0.660459610
v 0.232436768 0.530432624 0.648539776
v 0.113238425 0.506592955 0.660459610
v 0.221544057 0.593212264 0.632514159
v 0.101318591 0.315875607 0.636619941
v 0.053538301 0.375418883 0.613189188
v 0.077478923 0.411234281 0.648539776
v 0.184757431 0.435073950 0.660459610
v 0.113238425 0.411234281 0.660459610
v 0.220516934 0.423154116 0.648539776
v 0.184757431 0.494673121 0.660459610
v 0.101318591 0.494673121 0.660459610
v 0.220516934 0.590031795 0.648539776
v 0.196677265 0.482753287 0.660459610
v 0.148997928 0.506592955 0.660459610
f 5011 5009 5006
f 5012 5008 5005
f 5012 5005 5004
f 5013 5005 5008
f 5013 5009 5005
f 5013 5006 5009
f 5014 5011 5006
f 5015 5009 5003
f 5015 5004 5005
f 5015 5005 5009
f 5016 5010 5007
f 5016 5012 5004
f 5017 5003 5010
f 5017 5015 5003
f 5017 5004 5015
f 5018 5007 5010
f 5019 5003 5009
f 5019 5009 5011
f 5020 5008 5012
f 5020 5014 5008
f 5021 5013 5008
f 5021 5006 5013
f 5021 5014 5006
f 5021 5008 5014
f 5022 5011 5014
f 5022 5020 5007
f 5022 5014 5020
f 5023 5016 5004
f 5023 5004 5010
f 5023 5010 5016
f 5024 5016 5007
f 5024 5012 5016
f 5024 5020 5012
f 5024 5007 5020
f 5025 5017 5010
f 5025 5010 5004
f 5025 5004 5017
f 5026 5018 5010
f 5027 5018 5011
f 5027 5007 5018
f 5027 5022 5007
f 5027 5011 5022
f 5028 5018 5003
f 5028 5011 5018
f 5028 5019 5011
f 5028 5003 5019
f 5029 5026 5010
f 5029 5010 5003
f 5029 5003 5026
f 5030 5026 5003
f 5030 5003 5018
f 5030 5018 5026
o bunny112
usemtl Material112
v -0.196677265 0.446993784 -0.173928787
v -0.196677265 0.435073950 -0.173928787
v -0.244356602 0.518512790 -0.221608124
v -0.434310390 0.554283876 -0.215365551
v -0.470833453 0.458913618 -0.162008953
v -0.244356602 0.542352458 -0.197768456
v -0.201545368 0.434138959 -0.188351480
v -0.363554944 0.446993784 -0.150089119
v -0.243434842 0.555384558 -0.218270351
v -0.339715276 0.542352458 -0.197768456
v -0.470833453 0.435073950 -0.185848621
v -0.220516934 0.470833453 -0.173928787
v -0.435073950 0.506592955 -0.221608124
v -0.203304775 0.445720873 -0.189256051
v -0.436761937 0.553711966 -0.214424073
v -0.375474779 0.446993784 -0.150089119
v -0.363910370 0.430453765 -0.159831613
v -0.220516934 0.446993784 -0.197768456
v -0.470833453 0.506592955 -0.209688290
v -0.375817267 0.430621943 -0.159476980
v -0.375474779 0.506592955 -0.221608124
v -0.232436768 0.446993784 -0.197768456
v -0.472517463 0.503188023 -0.194260934
v -0.470833453 0.494673121 -0.209688290
v -0.471056390 0.434428717 -0.162927655
f 5037 5031 5032
f 5038 5032 5031
f 5039 5036 5031
f 5040 5038 5036
f 5042 5038 5031
f 5042 5031 5036
f 5042 5036 5038
f 5043 5039 5033
f 5043 5034 5039
f 5044 5037 5033
f 5044 5033 5039
f 5044 5039 5031
f 5044 5031 5037
f 5045 5040 5036
f 5045 5035 5040
f 5045 5039 5034
f 5045 5036 5039
f 5046 5040 5035
f 5046 5038 5040
f 5047 5041 5037
f 5047 5037 5032
f 5047 5032 5038
f 5048 5033 5037
f 5049 5045 5034
f 5049 5034 5043
f 5050 5047 5038
f 5050 5038 5046
f 5050 5041 5047
f 5051 5048 5043
f 5051 5043 5033
f 5051 5033 5048
f 5052 5048 5037
f 5052 5037 5041
f 5052 5041 5043
f 5052 5043 5048
f 5053 5035 5045
f 5053 5045 5049
f 5054 5049 5043
f 5054 5043 5041
f 5054 5053 5049
f 5054 5041 5053
f 5055 5050 5046
f 5055 5046 5035
f 5055 5041 5050
f 5055 5053 5041
f 5055 5035 5053
o bunny113
usemtl Material113
v -0.494526525 0.590218827 0.503875700
v -0.447045037 0.433319087 0.460303205
v -0.458913618 0.411234281 0.422062925
v -0.649630966 0.542352458 0.398223257
v -0.601951629 0.494673121 0.457822428
v -0.446971059 0.506607971 0.493507505
v -0.625791298 0.554272292 0.457822428
v -0.542352458 0.399314447 0.422062925
v -0.446993784 0.458913618 0.457822428
v -0.482753287 0.446993784 0.481662096
v -0.530432624 0.542352458 0.505501765
v -0.531140115 0.589980116 0.496769501
v -0.661550801 0.494673121 0.410143091
v -0.458913618 0.399314447 0.445902594
v -0.530432624 0.411234281 0.386303422
v -0.446192601 0.451669417 0.471572317
v -0.530432624 0.435073950 0.457822428
v -0.590031795 0.542352458 0.481662096
v -0.530432624 0.506592955 0.493581931
v -0.494673121 0.530432624 0.505501765
v -0.527791077 0.590242024 0.497608802
v -0.632341635 0.556685925 0.437438399
v -0.649630966 0.518512790 0.433982759
v -0.601951629 0.435073950 0.422062925
v -0.460196594 0.395253135 0.426353593
v -0.654958145 0.499188139 0.391734094
v -0.446582665 0.485654120 0.487001492
v -0.446880951 0.438937287 0.464280821
v -0.494673121 0.399314447 0.445902594
v -0.590031795 0.554272292 0.481662096
v -0.494673121 0.482753287 0.493581931
v -0.518512790 0.446993784 0.469742262
v -0.566192127 0.542352458 0.493581931
v -0.649630966 0.494673121 0.422062925
v -0.668083580 0.540189558 0.404453716
v -0.625791298 0.542352458 0.457822428
v -0.601951629 0.470833453 0.445902594
v -0.542352458 0.411234281 0.433982759
v -0.544607607 0.395115900 0.389524228
v -0.506592955 0.530432624 0.505501765
v -0.518512790 0.470833453 0.481662096
v -0.566192127 0.554272292 0.493581931
v -0.637711132 0.458913618 0.410143091
v -0.661550801 0.518512790 0.422062925
v -0.637253479 0.554530691 0.433323726
v -0.613871464 0.435073950 0.410143091
v -0.534519926 0.391704866 0.392140912
v -0.542352458 0.411234281 0.386303422
v -0.613871464 0.446993784 0.422062925
v -0.637711132 0.458913618 0.398223257
v -0.607712304 0.440253410 0.392407367
f 5056 5058 5059
f 5064 5057 5058
f 5064 5058 5056
f 5064 5056 5061
f 5070 5059 5058
f 5071 5057 5064
f 5071 5065 5069
f 5075 5061 5056
f 5075 5056 5066
f 5076 5056 5059
f 5076 5059 5067
f 5076 5067 5066
f 5076 5066 5056
f 5077 5067 5059
f 5077 5062 5067
f 5078 5060 5073
f 5080 5058 5057
f 5080 5057 5069
f 5080 5070 5058
f 5081 5059 5070
f 5082 5061 5065
f 5082 5065 5071
f 5082 5071 5064
f 5082 5064 5061
f 5083 5071 5069
f 5083 5069 5057
f 5083 5057 5071
f 5084 5069 5065
f 5084 5065 5072
f 5084 5080 5069
f 5085 5067 5062
f 5085 5062 5073
f 5086 5074 5065
f 5086 5066 5074
f 5086 5065 5061
f 5086 5061 5075
f 5087 5072 5065
f 5088 5073 5060
f 5088 5060 5074
f 5088 5074 5066
f 5088 5085 5073
f 5089 5078 5068
f 5089 5060 5078
f 5090 5077 5059
f 5090 5081 5068
f 5090 5059 5081
f 5091 5078 5073
f 5091 5073 5062
f 5091 5062 5078
f 5092 5079 5072
f 5092 5060 5089
f 5092 5087 5060
f 5092 5072 5087
f 5093 5079 5063
f 5093 5072 5079
f 5093 5084 5072
f 5093 5063 5084
f 5095 5086 5075
f 5095 5075 5066
f 5095 5066 5086
f 5096 5087 5065
f 5096 5065 5074
f 5096 5074 5060
f 5096 5060 5087
f 5097 5088 5066
f 5097 5066 5067
f 5097 5067 5085
f 5097 5085 5088
f 5098 5089 5068
f 5098 5092 5089
f 5099 5078 5062
f 5099 5062 5090
f 5099 5090 5068
f 5099 5068 5078
f 5100 5090 5062
f 5100 5062 5077
f 5100 5077 5090
f 5101 5094 5063
f 5101 5063 5079
f 5101 5079 5098
f 5102 5094 5070
f 5102 5070 5080
f 5102 5080 5084
f 5102 5084 5063
f 5102 5063 5094
f 5103 5081 5070
f 5103 5070 5094
f 5104 5098 5079
f 5104 5079 5092
f 5104 5092 5098
f 5105 5098 5068
f 5105 5068 5081
f 5105 5101 5098
f 5105 5094 5101
f 5106 5103 5094
f 5106 5081 5103
f 5106 5105 5081
f 5106 5094 5105
o bunny114
usemtl Material114
v -0.497439066 1.376983333 -0.400047909
v -0.494673121 1.340981352 -0.424245306
v -0.506592955 1.376740855 -0.614962654
v -0.554272292 1.388660689 -0.614962654
v -0.566168913 1.293571807 -0.483690481
v -0.513347859 1.394811942 -0.610075790
v -0.494673121 1.388660689 -0.531523815
v -0.532891961 1.295686997 -0.399331585
v -0.571801777 1.388275405 -0.541635861
v -0.566192127 1.317141684 -0.555363483
v -0.494673121 1.376740855 -0.531523815
v -0.506592955 1.305221850 -0.400405638
v -0.578111961 1.388660689 -0.567283317
v -0.502226889 1.390792048 -0.483080350
v -0.530432624 1.329061518 -0.400405638
v -0.554272292 1.376740855 -0.614962654
v -0.526565211 1.301110979 -0.396888950
v -0.506592955 1.352901187 -0.579203151
v -0.530432624 1.293302016 -0.495764312
v -0.578111961 1.329061518 -0.555363483
v -0.518512790 1.388660689 -0.483844478
v -0.504840316 1.345524456 -0.398295325
v -0.506592955 1.305221850 -0.412325472
v -0.506592955 1.364821021 -0.603042820
v -0.518512790 1.293302016 -0.424245306
v -0.566192127 1.293302016 -0.507684146
v -0.566192127 1.352901187 -0.591122986
v -0.530432624 1.305221850 -0.531523815
v -0.578111961 1.340981352 -0.567283317
v -0.542352458 1.317141684 -0.555363483
v -0.542352458 1.293302016 -0.507684146
v -0.518512790 1.340981352 -0.579203151
f 5112 5109 5110
f 5113 5107 5108
f 5113 5109 5112
f 5117 5113 5108
f 5117 5109 5113
f 5118 5108 5107
f 5119 5115 5112
f 5119 5112 5110
f 5119 5111 5115
f 5120 5113 5112
f 5120 5112 5115
f 5120 5107 5113
f 5121 5107 5115
f 5121 5115 5111
f 5121 5111 5114
f 5122 5110 5109
f 5122 5109 5116
f 5122 5119 5110
f 5123 5114 5118
f 5123 5121 5114
f 5123 5107 5121
f 5124 5117 5108
f 5126 5111 5119
f 5127 5120 5115
f 5127 5115 5107
f 5127 5107 5120
f 5128 5123 5118
f 5128 5118 5107
f 5128 5107 5123
f 5129 5124 5108
f 5129 5108 5118
f 5129 5125 5124
f 5130 5109 5117
f 5130 5117 5124
f 5130 5116 5109
f 5131 5118 5114
f 5131 5114 5111
f 5131 5129 5118
f 5131 5125 5129
f 5132 5126 5116
f 5132 5111 5126
f 5132 5131 5111
f 5132 5125 5131
f 5133 5122 5116
f 5133 5116 5126
f 5133 5119 5122
f 5134 5132 5116
f 5134 5130 5124
f 5134 5124 5125
f 5135 5133 5126
f 5135 5126 5119
f 5135 5119 5133
f 5136 5134 5116
f 5136 5116 5130
f 5137 5134 5125
f 5137 5125 5132
f 5137 5132 5134
f 5138 5136 5130
f 5138 5130 5134
f 5138 5134 5136
o bunny115
usemtl Material115
v 0.470833453 0.172837597 -0.150089119
v 0.488011463 0.169658850 -0.153240657
v 0.452899063 0.224373579 -0.227031864
v 0.327018375 0.256235018 -0.301810038
v 0.329011599 0.123133446 -0.250796964
v 0.351635110 0.256276436 -0.281207295
v 0.470833453 0.184757431 -0.162008953
v 0.434919727 0.125392295 -0.150000929
v 0.470833453 0.160917762 -0.209688290
v 0.375474779 0.256276436 -0.305046964
v 0.488149228 0.181489105 -0.165089973
v 0.477780013 0.154822776 -0.148313218
v 0.339715276 0.148997928 -0.233527958
v 0.435073950 0.148997928 -0.150089119
v 0.446993784 0.125158260 -0.185848621
v 0.377793672 0.256696575 -0.287365885
v 0.458913618 0.184757431 -0.233527958
v 0.327795442 0.208597099 -0.305046964
v 0.458595754 0.220603676 -0.221166872
v 0.482753287 0.148997928 -0.173928787
v 0.327795442 0.148997928 -0.245447793
v 0.411234281 0.125158260 -0.162008953
v 0.327795442 0.208597099 -0.269287461
v 0.458913618 0.125158260 -0.150089119
v 0.399314447 0.125158260 -0.233527958
v 0.329723545 0.256379206 -0.301158781
v 0.411234281 0.208597099 -0.281207295
v 0.482753287 0.172837597 -0.197768456
v 0.470833453 0.137078094 -0.173928787
v 0.326743745 0.126909258 -0.252741823
v 0.411234281 0.137078094 -0.162008953
v 0.458913618 0.125158260 -0.162008953
v 0.339715276 0.148997928 -0.281207295
v 0.375474779 0.232436768 -0.305046964
v 0.351635110 0.137078094 -0.269287461
v 0.327795442 0.148997928 -0.281207295
v 0.339715276 0.208597099 -0.305046964
f 5145 5144 5139
f 5145 5141 5144
f 5149 5145 5139
f 5149 5139 5140
f 5150 5140 5139
f 5152 5139 5144
f 5152 5150 5139
f 5152 5146 5150
f 5154 5144 5141
f 5154 5141 5148
f 5156 5142 5148
f 5157 5141 5145
f 5157 5145 5149
f 5157 5155 5141
f 5158 5149 5140
f 5158 5140 5150
f 5160 5159 5143
f 5161 5152 5144
f 5161 5144 5142
f 5161 5159 5151
f 5162 5160 5143
f 5162 5146 5160
f 5162 5158 5150
f 5162 5150 5146
f 5163 5153 5143
f 5163 5147 5153
f 5164 5154 5148
f 5164 5148 5142
f 5164 5142 5144
f 5164 5144 5154
f 5165 5148 5141
f 5165 5141 5155
f 5165 5155 5147
f 5165 5147 5163
f 5166 5147 5155
f 5166 5158 5147
f 5166 5149 5158
f 5166 5157 5149
f 5166 5155 5157
f 5167 5153 5147
f 5167 5147 5158
f 5167 5158 5162
f 5168 5143 5159
f 5168 5142 5156
f 5168 5161 5142
f 5168 5159 5161
f 5169 5151 5159
f 5169 5159 5160
f 5169 5161 5151
f 5169 5152 5161
f 5169 5160 5146
f 5169 5146 5152
f 5170 5162 5143
f 5170 5143 5153
f 5170 5167 5162
f 5170 5153 5167
f 5172 5156 5148
f 5172 5148 5165
f 5172 5165 5171
f 5173 5163 5143
f 5173 5171 5165
f 5173 5165 5163
f 5174 5168 5156
f 5174 5156 5171
f 5174 5143 5168
f 5174 5173 5143
f 5174 5171 5173
f 5175 5172 5171
f 5175 5171 5156
f 5175 5156 5172
o bunny116
usemtl Material116
v 0.160917762 0.184757431 -0.305046964
v 0.162104269 0.169903342 -0.314327929
v 0.052217188 0.329269452 -0.381422768
v -0.029799586 0.327795442 -0.388485804
v -0.029959695 0.148417465 -0.293989840
v 0.077478923 0.232436768 -0.364646135
v 0.162590182 0.206960438 -0.322747683
v 0.125219836 0.148372283 -0.305898933
v -0.029799586 0.184757431 -0.293127130
v 0.041719420 0.292035939 -0.388485804
v 0.148997928 0.196677265 -0.340806467
v 0.053639254 0.160917762 -0.293127130
v 0.017879751 0.160917762 -0.328886632
v -0.005959917 0.327795442 -0.364646135
v -0.032468515 0.324640156 -0.372742861
v 0.053639254 0.303955773 -0.388485804
v 0.160917762 0.172837597 -0.328886632
v 0.113238425 0.208597099 -0.352726301
v 0.148997928 0.208597099 -0.340806467
v 0.052715677 0.143355877 -0.301999940
v -0.017879751 0.184757431 -0.293127130
v 0.017879751 0.208597099 -0.352726301
v -0.029799586 0.160917762 -0.316966798
v 0.125158260 0.160917762 -0.328886632
v 0.159648168 0.210048083 -0.324718800
v -0.017879751 0.148997928 -0.316966798
v 0.041719420 0.232436768 -0.364646135
v -0.017879751 0.303955773 -0.388485804
v -0.029799586 0.280116105 -0.376565969
v 0.005959917 0.184757431 -0.340806467
v -0.005959917 0.268196270 -0.376565969
v -0.029799586 0.315875607 -0.388485804
v -0.017879751 0.196677265 -0.340806467
v 0.029799586 0.292035939 -0.388485804
f 5182 5176 5177
f 5182 5178 5176
f 5183 5177 5176
f 5187 5183 5176
f 5187 5184 5180
f 5189 5176 5178
f 5189 5178 5179
f 5190 5180 5184
f 5190 5189 5179
f 5190 5184 5189
f 5191 5185 5179
f 5191 5179 5178
f 5192 5182 5177
f 5192 5177 5183
f 5193 5181 5185
f 5193 5191 5186
f 5193 5185 5191
f 5193 5186 5192
f 5194 5192 5186
f 5194 5182 5192
f 5194 5191 5178
f 5194 5186 5191
f 5195 5187 5180
f 5195 5183 5187
f 5196 5187 5176
f 5196 5184 5187
f 5196 5189 5184
f 5196 5176 5189
f 5197 5193 5188
f 5197 5181 5193
f 5198 5180 5190
f 5199 5192 5183
f 5199 5193 5192
f 5199 5188 5193
f 5199 5183 5195
f 5200 5194 5178
f 5200 5178 5182
f 5200 5182 5194
f 5201 5195 5180
f 5201 5199 5195
f 5201 5188 5199
f 5201 5180 5198
f 5202 5185 5181
f 5202 5181 5197
f 5203 5179 5185
f 5204 5198 5190
f 5204 5201 5198
f 5205 5197 5188
f 5205 5188 5201
f 5206 5202 5197
f 5206 5204 5203
f 5206 5205 5204
f 5206 5197 5205
f 5207 5204 5190
f 5207 5190 5179
f 5207 5179 5203
f 5207 5203 5204
f 5208 5205 5201
f 5208 5201 5204
f 5208 5204 5205
f 5209 5206 5203
f 5209 5203 5185
f 5209 5185 5202
f 5209 5202 5206
o bunny117
usemtl Material117
v 0.608420518 0.707698350 -0.063448815
v 0.637218083 0.590011481 -0.078357637
v 0.578111961 0.625791298 -0.173928787
v 0.435073950 0.649630966 -0.245447793
v 0.435073950 0.649630966 -0.209688290
v 0.469955315 0.589826248 -0.232183557
v 0.530432624 0.744989640 -0.162008953
v 0.625791298 0.637711132 -0.114329616
v 0.590031795 0.685390469 -0.066650279
v 0.613871464 0.590031795 -0.138169284
v 0.470833453 0.625791298 -0.245447793
v 0.434302929 0.613153172 -0.243374252
v 0.438129260 0.748256891 -0.192343081
v 0.632495045 0.640034762 -0.071334571
v 0.590031795 0.744989640 -0.102409782
v 0.613871464 0.637711132 -0.066650279
v 0.478367930 0.589005307 -0.226814112
v 0.637711132 0.613871464 -0.102409782
v 0.625791298 0.601951629 -0.126249450
v 0.530432624 0.590031795 -0.209688290
v 0.530432624 0.661550801 -0.197768456
v 0.446993784 0.744989640 -0.209688290
v 0.430522619 0.740122592 -0.200013842
v 0.470833453 0.613871464 -0.245447793
v 0.506592955 0.590031795 -0.185848621
v 0.578111961 0.744989640 -0.066650279
v 0.613871464 0.709230138 -0.078570113
v 0.601951629 0.625791298 -0.150089119
v 0.628727003 0.650974086 -0.069217860
v 0.625791298 0.590031795 -0.126249450
v 0.635341346 0.613466658 -0.077565388
v 0.530432624 0.601951629 -0.209688290
v 0.578111961 0.613871464 -0.173928787
v 0.566192127 0.649630966 -0.173928787
v 0.446993784 0.721149972 -0.221608124
v 0.470833453 0.744989640 -0.197768456
v 0.435073950 0.625791298 -0.221608124
v 0.430546069 0.716308000 -0.211983522
v 0.578111961 0.733069806 -0.066650279
v 0.592997796 0.746075386 -0.068241752
v 0.613871464 0.697310303 -0.090489947
v 0.446993784 0.649630966 -0.245447793
v 0.458913618 0.709230138 -0.221608124
v 0.435073950 0.721149972 -0.185848621
v 0.470833453 0.721149972 -0.209688290
v 0.446993784 0.744989640 -0.173928787
v 0.446993784 0.733069806 -0.173928787
f 5224 5216 5222
f 5225 5218 5214
f 5225 5211 5223
f 5225 5210 5218
f 5228 5219 5212
f 5228 5217 5227
f 5229 5219 5226
f 5229 5226 5215
f 5230 5212 5220
f 5232 5222 5231
f 5233 5215 5221
f 5233 5229 5215
f 5233 5220 5229
f 5233 5221 5213
f 5233 5213 5220
f 5234 5211 5225
f 5234 5226 5211
f 5234 5215 5226
f 5236 5223 5227
f 5237 5224 5217
f 5237 5212 5216
f 5237 5216 5224
f 5237 5228 5212
f 5237 5217 5228
f 5238 5225 5223
f 5238 5210 5225
f 5238 5236 5210
f 5238 5223 5236
f 5239 5226 5219
f 5239 5211 5226
f 5239 5219 5228
f 5239 5228 5227
f 5239 5227 5211
f 5240 5227 5223
f 5240 5223 5211
f 5240 5211 5227
f 5241 5229 5220
f 5241 5220 5212
f 5241 5212 5229
f 5242 5229 5212
f 5242 5212 5219
f 5242 5219 5229
f 5243 5230 5216
f 5243 5216 5212
f 5243 5212 5230
f 5245 5231 5222
f 5245 5222 5216
f 5245 5244 5231
f 5246 5214 5232
f 5246 5221 5215
f 5246 5215 5234
f 5246 5234 5225
f 5246 5225 5214
f 5247 5213 5221
f 5247 5246 5232
f 5247 5221 5246
f 5247 5244 5213
f 5247 5232 5231
f 5247 5231 5244
f 5248 5218 5210
f 5248 5210 5235
f 5249 5224 5222
f 5249 5222 5235
f 5249 5236 5224
f 5249 5235 5210
f 5249 5210 5236
f 5250 5217 5224
f 5250 5224 5236
f 5250 5236 5227
f 5250 5227 5217
f 5251 5244 5220
f 5251 5220 5213
f 5251 5213 5244
f 5252 5230 5220
f 5252 5220 5244
f 5252 5244 5245
f 5253 5214 5218
f 5253 5218 5248
f 5253 5232 5214
f 5254 5252 5245
f 5254 5245 5216
f 5254 5216 5230
f 5254 5230 5252
f 5255 5222 5232
f 5255 5232 5253
f 5255 5235 5222
f 5255 5248 5235
f 5256 5255 5253
f 5256 5253 5248
f 5256 5248 5255
o bunny118
usemtl Material118
v -0.772377939 0.707543764 0.068125406
v -0.674781967 0.553999841 -0.091698917
v -0.685390469 0.709230138 -0.054730445
v -0.697310303 0.685390469 -0.090489947
v -0.768829309 0.566192127 0.016788561
v -0.676557461 0.686761608 -0.093380842
v -0.744989640 0.744989640 -0.018970942
v -0.744989640 0.554272292 0.064467898
v -0.697310303 0.554272292 -0.090489947
v -0.673470635 0.685390469 -0.078570113
v -0.709230138 0.744989640 -0.018970942
v -0.780749143 0.709230138 0.052548063
v -0.744989640 0.661550801 -0.042810610
v -0.721149972 0.744989640 -0.042810610
v -0.768829309 0.554272292 0.028708395
v -0.683340918 0.708631823 -0.076506123
v -0.751663255 0.746266562 0.037770642
v -0.744989640 0.566192127 0.064467898
v -0.721149972 0.697310303 -0.066650279
v -0.768829309 0.709230138 0.016788561
v -0.744989640 0.601951629 -0.042810610
v -0.733069806 0.554272292 -0.042810610
v -0.780749143 0.566192127 0.052548063
v -0.680549253 0.551134352 -0.084296128
v -0.706579566 0.744426104 -0.040318008
v -0.721149972 0.733069806 -0.054730445
v -0.768829309 0.733069806 0.040628229
v -0.756909475 0.709230138 0.064467898
v -0.744989640 0.721149972 -0.030890776
v -0.756909475 0.661550801 -0.018970942
v -0.744989640 0.566192127 -0.030890776
v -0.780749143 0.566192127 0.064467898
v -0.709230138 0.697310303 -0.078570113
v -0.753727837 0.744208093 0.041769771
v -0.768829309 0.733069806 0.028708395
v -0.733069806 0.685390469 -0.054730445
v -0.780749143 0.613871464 0.040628229
v -0.760953953 0.557790840 0.066539978
v -0.780749143 0.578111961 0.040628229
v -0.756909475 0.601951629 -0.018970942
f 5265 5262 5258
f 5265 5260 5262
f 5266 5258 5262
f 5266 5264 5258
f 5266 5259 5264
f 5272 5266 5262
f 5272 5259 5266
f 5273 5270 5263
f 5273 5267 5270
f 5274 5264 5259
f 5274 5259 5267
f 5274 5257 5264
f 5278 5271 5261
f 5279 5261 5271
f 5280 5258 5264
f 5280 5264 5271
f 5280 5271 5278
f 5280 5278 5265
f 5280 5265 5258
f 5281 5267 5259
f 5281 5259 5272
f 5281 5272 5270
f 5281 5270 5267
f 5282 5272 5262
f 5282 5262 5260
f 5282 5270 5272
f 5282 5263 5270
f 5283 5268 5257
f 5284 5274 5267
f 5284 5257 5274
f 5285 5282 5275
f 5285 5263 5282
f 5285 5276 5263
f 5286 5269 5277
f 5286 5285 5269
f 5286 5276 5285
f 5287 5278 5261
f 5287 5277 5265
f 5287 5265 5278
f 5288 5257 5268
f 5288 5268 5279
f 5288 5279 5271
f 5289 5282 5260
f 5289 5275 5282
f 5289 5260 5265
f 5289 5277 5269
f 5289 5265 5277
f 5290 5283 5257
f 5290 5273 5283
f 5290 5257 5284
f 5290 5284 5267
f 5290 5267 5273
f 5291 5283 5273
f 5291 5273 5263
f 5291 5263 5276
f 5291 5276 5268
f 5291 5268 5283
f 5292 5285 5275
f 5292 5269 5285
f 5292 5289 5269
f 5292 5275 5289
f 5293 5268 5276
f 5293 5276 5286
f 5293 5279 5268
f 5294 5264 5257
f 5294 5257 5288
f 5294 5288 5271
f 5294 5271 5264
f 5295 5261 5279
f 5295 5279 5293
f 5295 5293 5286
f 5296 5261 5295
f 5296 5287 5261
f 5296 5277 5287
f 5296 5295 5286
f 5296 5286 5277
o bunny119
usemtl Material119
v 0.256673183 1.047671002 0.292254247
v 0.316077915 1.055697170 0.207592459
v 0.148997928 1.078744999 0.207505909
v 0.101295057 1.043109304 0.028681926
v 0.316004407 1.043624374 0.028430264
v 0.064682141 1.046089777 0.243834887
v 0.292035939 1.066825165 0.267105080
v 0.292842957 1.046082719 0.279986218
v 0.208597099 1.078744999 0.064467898
v 0.148997928 1.066825165 0.279024914
v 0.065559088 1.066825165 0.124067069
v 0.315875607 1.042985496 0.100227400
v 0.101018212 1.044268598 0.279525843
v 0.148997928 1.066825165 0.028708395
v 0.292035939 1.078744999 0.183666240
v 0.244356602 1.078744999 0.231345577
v 0.220516934 1.066825165 0.290944748
v 0.065386630 1.043892755 0.064273936
v 0.148997928 1.078744999 0.124067069
v 0.089398757 1.066825165 0.243265411
v 0.280116105 1.066825165 0.028708395
v 0.315875607 1.066825165 0.064467898
v 0.220516934 1.078744999 0.231345577
v 0.268196270 1.078744999 0.219425743
v 0.136556460 1.046994577 0.291989664
v 0.125158260 1.066825165 0.040628229
v 0.113238425 1.066825165 0.267105080
v 0.065559088 1.066825165 0.183666240
v 0.280116105 1.078744999 0.100227400
v 0.208597099 1.066825165 0.290944748
v 0.280116105 1.078744999 0.207505909
v 0.089398757 1.066825165 0.076387732
v 0.184757431 1.078744999 0.076387732
v 0.077478923 1.066825165 0.219425743
v 0.256276436 1.078744999 0.076387732
v 0.292035939 1.078744999 0.124067069
v 0.160917762 1.078744999 0.100227400
v 0.220516934 1.078744999 0.064467898
f 5304 5303 5297
f 5304 5298 5303
f 5308 5301 5298
f 5308 5298 5304
f 5308 5300 5301
f 5309 5304 5297
f 5309 5308 5304
f 5309 5300 5308
f 5310 5301 5300
f 5311 5305 5299
f 5311 5303 5298
f 5312 5311 5299
f 5313 5297 5303
f 5313 5303 5312
f 5314 5302 5307
f 5314 5309 5302
f 5314 5300 5309
f 5315 5307 5299
f 5315 5299 5305
f 5317 5310 5305
f 5317 5301 5310
f 5318 5311 5298
f 5318 5298 5301
f 5318 5301 5317
f 5319 5312 5299
f 5319 5299 5306
f 5319 5313 5312
f 5320 5312 5303
f 5320 5311 5312
f 5321 5309 5297
f 5322 5310 5300
f 5322 5300 5314
f 5322 5305 5310
f 5323 5306 5299
f 5323 5299 5316
f 5323 5321 5306
f 5323 5309 5321
f 5323 5316 5302
f 5323 5302 5309
f 5324 5299 5307
f 5324 5307 5302
f 5325 5318 5317
f 5325 5305 5311
f 5326 5319 5306
f 5326 5313 5319
f 5326 5306 5321
f 5326 5321 5297
f 5326 5297 5313
f 5327 5320 5303
f 5327 5303 5311
f 5327 5311 5320
f 5328 5322 5314
f 5328 5314 5307
f 5328 5307 5315
f 5329 5315 5305
f 5329 5305 5322
f 5330 5316 5299
f 5330 5299 5324
f 5330 5324 5302
f 5330 5302 5316
f 5331 5325 5317
f 5331 5305 5325
f 5332 5325 5311
f 5332 5311 5318
f 5332 5318 5325
f 5333 5328 5315
f 5333 5315 5329
f 5333 5329 5322
f 5333 5322 5328
f 5334 5331 5317
f 5334 5317 5305
f 5334 5305 5331
o bunny120
usemtl Material120
v 0.625791298 0.554272292 0.386303422
v 0.686363159 0.371200212 0.298800613
v 0.661550801 0.637711132 0.314784417
v 0.662408467 0.646444008 0.252607890
v 0.613871464 0.375474779 0.350543920
v 0.685390469 0.554272292 0.267105080
v 0.614744719 0.649771769 0.362979879
v 0.649630966 0.590031795 0.350543920
v 0.625791298 0.435073950 0.386303422
v 0.673470635 0.399314447 0.243265411
v 0.673470635 0.566192127 0.302864583
v 0.673470635 0.649630966 0.267105080
v 0.613871464 0.649630966 0.338624085
v 0.637711132 0.554272292 0.374383588
v 0.637711132 0.637711132 0.362463754
v 0.649630966 0.339715276 0.338624085
v 0.611348154 0.435090132 0.384692563
v 0.697310303 0.387394613 0.255185246
v 0.673470635 0.613871464 0.290944748
v 0.699155016 0.403698888 0.263358723
v 0.685390469 0.387394613 0.302864583
v 0.661550801 0.601951629 0.326704251
v 0.649630966 0.625791298 0.255185246
v 0.659530759 0.652483049 0.257491781
v 0.637711132 0.649630966 0.350543920
v 0.637711132 0.375474779 0.362463754
v 0.637711132 0.351635110 0.302864583
v 0.613871464 0.625791298 0.338624085
v 0.611779725 0.554281810 0.384965939
v 0.651441857 0.341377208 0.319231605
v 0.690684169 0.417150176 0.237811158
v 0.673470635 0.637711132 0.279024914
v 0.695398513 0.395796136 0.275092682
v 0.637711132 0.470833453 0.374383588
v 0.661550801 0.649630966 0.302864583
v 0.614821438 0.375383232 0.374915933
v 0.629807685 0.339361951 0.340744084
v 0.673470635 0.387394613 0.255185246
v 0.661550801 0.399314447 0.255185246
v 0.697310303 0.423154116 0.255185246
v 0.634517260 0.339229555 0.332817347
v 0.694432624 0.408382079 0.246612790
f 5348 5335 5343
f 5349 5341 5335
f 5349 5348 5342
f 5349 5335 5348
f 5354 5353 5345
f 5354 5340 5353
f 5354 5336 5352
f 5355 5342 5348
f 5356 5355 5345
f 5356 5342 5355
f 5356 5349 5342
f 5356 5337 5349
f 5356 5353 5337
f 5356 5345 5353
f 5358 5346 5338
f 5358 5357 5347
f 5358 5338 5357
f 5358 5347 5341
f 5359 5341 5349
f 5359 5358 5341
f 5359 5349 5337
f 5360 5350 5336
f 5360 5355 5343
f 5360 5336 5355
f 5361 5339 5357
f 5362 5351 5347
f 5362 5339 5351
f 5362 5357 5339
f 5362 5347 5357
f 5363 5341 5347
f 5363 5347 5351
f 5363 5335 5341
f 5363 5351 5343
f 5363 5343 5335
f 5364 5352 5336
f 5364 5336 5350
f 5364 5361 5352
f 5365 5352 5344
f 5365 5338 5346
f 5365 5357 5338
f 5365 5344 5357
f 5366 5346 5337
f 5366 5337 5353
f 5366 5353 5340
f 5366 5340 5346
f 5367 5354 5345
f 5367 5345 5355
f 5367 5355 5336
f 5367 5336 5354
f 5368 5355 5348
f 5368 5348 5343
f 5368 5343 5355
f 5369 5346 5358
f 5369 5358 5359
f 5369 5359 5337
f 5369 5337 5346
f 5370 5360 5343
f 5370 5343 5351
f 5370 5351 5339
f 5370 5350 5360
f 5371 5339 5361
f 5371 5370 5339
f 5371 5350 5370
f 5372 5361 5344
f 5372 5344 5352
f 5372 5352 5361
f 5373 5361 5357
f 5373 5357 5344
f 5373 5344 5361
f 5374 5365 5346
f 5374 5346 5340
f 5374 5340 5354
f 5374 5354 5352
f 5375 5364 5350
f 5375 5350 5371
f 5375 5371 5361
f 5375 5361 5364
f 5376 5374 5352
f 5376 5352 5365
f 5376 5365 5374
o bunny121
usemtl Material121
v 0.697310303 0.208597099 0.374383588
v 0.804588811 0.208597099 0.279024914
v 0.685390469 0.232436768 0.350543920
v 0.637711132 0.101318591 0.243265411
v 0.649630966 0.113238425 0.338624085
v 0.780749143 0.208597099 0.243265411
v 0.756909475 0.232436768 0.338624085
v 0.685390469 0.160917762 0.362463754
v 0.685390469 0.089398757 0.255185246
v 0.637675673 0.172933906 0.362169061
v 0.780749143 0.232436768 0.267105080
v 0.721149972 0.232436768 0.362463754
v 0.756909475 0.148997928 0.279024914
v 0.721149972 0.208597099 0.362463754
v 0.649630966 0.077478923 0.267105080
v 0.756909475 0.137078094 0.243265411
v 0.672623766 0.232153212 0.367468968
v 0.632437034 0.087262457 0.263098762
v 0.637711132 0.137078094 0.362463754
v 0.797202548 0.235089380 0.274578551
v 0.697310303 0.137078094 0.326704251
v 0.768829309 0.196677265 0.314784417
v 0.661550801 0.077478923 0.243265411
v 0.636042378 0.080703929 0.242432802
v 0.756909475 0.137078094 0.255185246
v 0.792668977 0.172837597 0.243265411
v 0.673470635 0.196677265 0.374383588
v 0.674059695 0.232634002 0.367273386
v 0.637711132 0.113238425 0.338624085
v 0.649630966 0.137078094 0.362463754
v 0.792668977 0.232436768 0.302864583
v 0.801410761 0.233503105 0.265453995
v 0.685390469 0.148997928 0.350543920
v 0.709230138 0.113238425 0.279024914
v 0.780749143 0.184757431 0.290944748
v 0.744989640 0.196677265 0.338624085
v 0.661550801 0.077478923 0.255185246
v 0.685390469 0.089398757 0.243265411
v 0.792668977 0.172837597 0.255185246
v 0.692300320 0.233552232 0.365001708
v 0.685390469 0.196677265 0.374383588
v 0.792668977 0.220516934 0.302864583
v 0.799182665 0.205939777 0.245996096
v 0.733069806 0.137078094 0.290944748
v 0.756909475 0.220516934 0.338624085
v 0.768829309 0.160917762 0.279024914
f 5387 5382 5380
f 5387 5380 5379
f 5390 5377 5384
f 5390 5388 5377
f 5390 5383 5388
f 5391 5385 5381
f 5393 5379 5380
f 5393 5380 5386
f 5394 5386 5380
f 5395 5386 5394
f 5396 5387 5379
f 5396 5388 5383
f 5400 5380 5382
f 5400 5394 5380
f 5400 5399 5391
f 5400 5391 5394
f 5401 5385 5392
f 5402 5401 5392
f 5402 5400 5382
f 5402 5392 5400
f 5403 5393 5386
f 5403 5377 5393
f 5403 5386 5395
f 5404 5393 5377
f 5404 5377 5388
f 5404 5396 5379
f 5404 5379 5393
f 5405 5394 5391
f 5405 5391 5381
f 5405 5395 5394
f 5405 5381 5395
f 5406 5403 5395
f 5406 5395 5381
f 5406 5381 5384
f 5407 5396 5383
f 5408 5382 5387
f 5408 5387 5396
f 5408 5407 5378
f 5408 5396 5407
f 5409 5384 5381
f 5409 5381 5397
f 5409 5397 5389
f 5409 5389 5384
f 5410 5397 5381
f 5410 5381 5385
f 5410 5401 5389
f 5410 5385 5401
f 5411 5378 5398
f 5412 5390 5384
f 5412 5384 5389
f 5413 5399 5385
f 5413 5385 5391
f 5413 5391 5399
f 5414 5392 5385
f 5414 5385 5399
f 5414 5400 5392
f 5414 5399 5400
f 5415 5389 5401
f 5415 5401 5402
f 5415 5402 5378
f 5415 5378 5411
f 5416 5404 5388
f 5416 5388 5396
f 5416 5396 5404
f 5417 5406 5384
f 5417 5384 5377
f 5417 5377 5403
f 5417 5403 5406
f 5418 5398 5378
f 5418 5378 5407
f 5418 5407 5383
f 5418 5412 5398
f 5419 5402 5382
f 5419 5382 5408
f 5419 5408 5378
f 5419 5378 5402
f 5420 5410 5389
f 5420 5389 5397
f 5420 5397 5410
f 5421 5383 5390
f 5421 5390 5412
f 5421 5418 5383
f 5421 5412 5418
f 5422 5415 5411
f 5422 5389 5415
f 5422 5411 5398
f 5422 5412 5389
f 5422 5398 5412
o bunny122
usemtl Material122
v 0.458913618 0.864187983 0.422062925
v 0.590031795 0.852268148 0.279024914
v 0.470833453 0.971466491 0.314784417
v 0.470357849 0.970936096 0.243076551
v 0.566192127 0.840348314 0.243265411
v 0.494673121 0.971466491 0.243265411
v 0.446993784 0.971466491 0.326704251
v 0.530432624 0.864187983 0.374383588
v 0.446993784 0.840348314 0.398223257
v 0.554272292 0.911867320 0.267105080
v 0.586986028 0.838474622 0.242543020
v 0.458913618 0.935706988 0.374383588
v 0.448561324 0.973214619 0.291567214
v 0.470833453 0.947626822 0.243265411
v 0.446993784 0.888027651 0.410143091
v 0.489593699 0.835319631 0.401496511
v 0.506592955 0.959546657 0.267105080
v 0.566192127 0.864187983 0.326704251
v 0.566192127 0.899947485 0.243265411
v 0.458913618 0.971466491 0.326704251
v 0.518512790 0.923787154 0.326704251
v 0.506592955 0.864187983 0.398223257
v 0.494673121 0.971466491 0.255185246
v 0.446966335 0.840315217 0.421995475
v 0.446993784 0.935706988 0.374383588
v 0.458913618 0.888027651 0.410143091
v 0.568840789 0.834369683 0.310537820
v 0.580689305 0.834776730 0.276518843
v 0.578111961 0.864187983 0.302864583
v 0.590031795 0.864187983 0.255185246
v 0.470833453 0.947626822 0.350543920
v 0.446993784 0.947626822 0.362463754
v 0.542352458 0.888027651 0.338624085
v 0.506592955 0.947626822 0.302864583
v 0.554272292 0.840348314 0.350543920
v 0.470833453 0.852268148 0.422062925
v 0.446993784 0.864187983 0.422062925
v 0.466481565 0.836039898 0.414654811
v 0.470833453 0.911867320 0.386303422
v 0.578111961 0.852268148 0.314784417
v 0.566192127 0.888027651 0.290944748
v 0.566192127 0.899947485 0.255185246
v 0.590031795 0.864187983 0.243265411
v 0.458913618 0.947626822 0.362463754
v 0.530432624 0.923787154 0.302864583
v 0.494673121 0.852268148 0.410143091
v 0.554272292 0.852268148 0.350543920
v 0.494673121 0.876107817 0.398223257
f 5433 5426 5428
f 5435 5428 5426
f 5435 5431 5429
f 5436 5427 5431
f 5436 5433 5427
f 5436 5426 5433
f 5436 5435 5426
f 5436 5431 5435
f 5439 5432 5428
f 5441 5433 5428
f 5441 5428 5432
f 5442 5435 5429
f 5442 5425 5435
f 5445 5435 5425
f 5445 5428 5435
f 5445 5439 5428
f 5445 5425 5439
f 5446 5429 5431
f 5447 5437 5434
f 5447 5446 5437
f 5448 5437 5423
f 5448 5434 5437
f 5450 5431 5427
f 5450 5449 5438
f 5450 5427 5433
f 5450 5433 5424
f 5452 5451 5424
f 5453 5425 5442
f 5453 5443 5425
f 5454 5442 5429
f 5454 5447 5434
f 5454 5429 5446
f 5454 5446 5447
f 5455 5430 5440
f 5455 5440 5451
f 5455 5444 5430
f 5455 5443 5444
f 5456 5439 5425
f 5456 5425 5443
f 5456 5432 5439
f 5457 5438 5449
f 5458 5448 5423
f 5459 5423 5437
f 5459 5437 5446
f 5459 5458 5423
f 5459 5446 5458
f 5460 5446 5431
f 5460 5458 5446
f 5460 5450 5438
f 5460 5431 5450
f 5461 5434 5448
f 5461 5444 5443
f 5461 5443 5453
f 5462 5450 5424
f 5462 5449 5450
f 5462 5457 5449
f 5462 5451 5440
f 5462 5424 5451
f 5463 5455 5451
f 5463 5443 5455
f 5463 5451 5452
f 5464 5452 5441
f 5464 5441 5432
f 5464 5463 5452
f 5464 5432 5463
f 5465 5452 5424
f 5465 5424 5433
f 5465 5433 5441
f 5465 5441 5452
f 5466 5453 5442
f 5466 5461 5453
f 5466 5434 5461
f 5466 5454 5434
f 5466 5442 5454
f 5467 5456 5443
f 5467 5432 5456
f 5467 5463 5432
f 5467 5443 5463
f 5468 5457 5444
f 5468 5438 5457
f 5468 5444 5458
f 5468 5460 5438
f 5468 5458 5460
f 5469 5440 5430
f 5469 5430 5444
f 5469 5444 5457
f 5469 5462 5440
f 5469 5457 5462
f 5470 5461 5448
f 5470 5444 5461
f 5470 5458 5444
f 5470 5448 5458
o bunny123
usemtl Material123
v -0.770127192 0.757567417 0.243652009
v -0.756909475 0.756909475 0.231345577
v -0.758743768 0.817189034 0.195720199
v -0.756909475 0.780749143 0.028708395
v -0.780749143 0.709230138 0.052548063
v -0.733069806 0.792668977 0.064467898
v -0.759037700 0.793384839 0.232128390
v -0.768829309 0.709230138 0.243265411
v -0.792668977 0.768829309 0.171746406
v -0.759554091 0.817157816 0.123881480
v -0.744989640 0.721149972 0.052548063
v -0.780749143 0.792668977 0.112147235
v -0.780749143 0.792668977 0.219425743
v -0.792668977 0.733069806 0.243265411
v -0.733686350 0.792874900 0.028462068
v -0.747463376 0.745474569 0.027613074
v -0.761679334 0.707789780 0.043752163
v -0.733069806 0.756909475 0.040628229
v -0.792668977 0.721149972 0.088307566
v -0.756909475 0.792668977 0.040628229
v -0.780749143 0.804588811 0.183666240
v -0.792668977 0.756909475 0.219425743
v -0.780749143 0.780749143 0.231345577
v -0.759438800 0.709739668 0.039523128
v -0.742587493 0.760004869 0.024305782
v -0.756909475 0.709230138 0.076387732
v -0.783435977 0.707133850 0.241142016
v -0.733069806 0.780749143 0.064467898
v -0.780749143 0.756909475 0.076387732
v -0.792668977 0.756909475 0.124067069
v -0.780749143 0.804588811 0.147906737
v -0.792668977 0.709230138 0.088307566
v -0.780749143 0.721149972 0.052548063
v -0.792668977 0.768829309 0.159826572
v -0.768829309 0.756909475 0.040628229
f 5477 5471 5472
f 5477 5476 5473
f 5477 5472 5476
f 5478 5472 5471
f 5483 5477 5473
f 5484 5478 5471
f 5485 5480 5473
f 5485 5473 5476
f 5488 5472 5478
f 5488 5478 5481
f 5488 5485 5476
f 5488 5481 5486
f 5489 5484 5479
f 5490 5485 5474
f 5490 5480 5485
f 5491 5483 5473
f 5491 5473 5480
f 5492 5484 5483
f 5492 5479 5484
f 5492 5491 5479
f 5492 5483 5491
f 5493 5484 5471
f 5493 5471 5477
f 5493 5477 5483
f 5493 5483 5484
f 5494 5475 5474
f 5494 5474 5486
f 5494 5487 5475
f 5494 5486 5481
f 5495 5486 5474
f 5495 5474 5485
f 5495 5488 5486
f 5495 5485 5488
f 5496 5481 5478
f 5496 5478 5487
f 5496 5494 5481
f 5496 5487 5494
f 5497 5487 5478
f 5497 5478 5484
f 5498 5488 5476
f 5498 5476 5472
f 5498 5472 5488
f 5499 5489 5482
f 5500 5489 5479
f 5500 5482 5489
f 5501 5490 5482
f 5501 5480 5490
f 5501 5491 5480
f 5501 5479 5491
f 5501 5482 5500
f 5502 5475 5487
f 5502 5487 5497
f 5502 5489 5475
f 5502 5497 5484
f 5502 5484 5489
f 5503 5474 5475
f 5503 5475 5489
f 5503 5489 5499
f 5504 5501 5500
f 5504 5500 5479
f 5504 5479 5501
f 5505 5503 5499
f 5505 5474 5503
f 5505 5490 5474
f 5505 5499 5482
f 5505 5482 5490
o bunny124
usemtl Material124
v 0.184757431 0.041719420 0.541261267
v 0.375474779 0.017879751 0.481662096
v 0.363554944 0.053639254 0.469742262
v 0.232436768 0.017879751 0.410143091
v 0.053639254 0.005959917 0.553181102
v 0.339777439 0.016843510 0.410083092
v 0.029799586 0.017879751 0.469742262
v 0.351635110 0.053639254 0.505501765
v 0.184757431 0.017879751 0.541261267
v 0.376978097 0.026914718 0.446770560
v 0.277678279 0.025494934 0.404667547
v 0.232436768 0.005959917 0.410143091
v 0.005959917 0.029799586 0.541261267
v 0.381722751 0.047862276 0.475711534
v 0.244356602 0.005959917 0.505501765
v 0.077846648 0.027984929 0.554348058
v 0.351635110 0.029799586 0.505501765
v 0.339715276 0.005959917 0.445902594
v 0.327795442 0.029799586 0.422062925
v 0.160917762 0.029799586 0.457822428
v 0.005959917 0.005959917 0.481662096
v 0.292035939 0.053639254 0.493581931
v 0.372459425 0.055059282 0.485246034
v 0.327795442 0.017879751 0.505501765
v 0.006628317 0.018736348 0.556004707
v 0.373839174 0.025106257 0.444963121
v 0.268196270 0.005959917 0.493581931
v 0.029799586 0.005959917 0.469742262
v 0.008789058 0.016410629 0.491179942
v 0.292347042 0.053546637 0.507373541
v 0.375474779 0.029799586 0.493581931
v 0.005280714 0.017201978 0.550311856
v 0.159054526 0.041339970 0.534816669
f 5514 5513 5506
f 5515 5511 5508
f 5516 5509 5512
f 5517 5516 5511
f 5517 5509 5516
f 5517 5512 5509
f 5519 5515 5508
f 5519 5507 5515
f 5520 5510 5517
f 5521 5514 5506
f 5521 5510 5514
f 5521 5506 5518
f 5522 5513 5514
f 5523 5517 5511
f 5523 5520 5517
f 5524 5516 5508
f 5524 5508 5511
f 5524 5511 5516
f 5525 5516 5512
f 5525 5508 5516
f 5526 5517 5510
f 5527 5508 5525
f 5527 5525 5512
f 5527 5512 5518
f 5528 5519 5508
f 5528 5508 5527
f 5529 5520 5507
f 5529 5514 5510
f 5529 5510 5520
f 5529 5522 5514
f 5529 5507 5522
f 5530 5521 5518
f 5530 5510 5521
f 5531 5515 5507
f 5531 5507 5523
f 5531 5523 5511
f 5531 5511 5515
f 5532 5523 5507
f 5532 5507 5520
f 5532 5520 5523
f 5533 5526 5512
f 5533 5512 5517
f 5533 5517 5526
f 5534 5526 5518
f 5534 5518 5512
f 5534 5512 5526
f 5535 5527 5518
f 5535 5506 5513
f 5535 5528 5527
f 5535 5513 5528
f 5536 5528 5513
f 5536 5513 5522
f 5536 5522 5507
f 5536 5507 5519
f 5536 5519 5528
f 5537 5526 5510
f 5537 5510 5530
f 5537 5530 5518
f 5537 5518 5526
f 5538 5535 5518
f 5538 5518 5506
f 5538 5506 5535
o bunny125
usemtl Material125
v -0.175146302 0.200279592 -0.103422396
v -0.160917762 0.184757431 -0.114329616
v -0.156252474 0.178110985 -0.227465108
v -0.184757431 0.125158260 -0.305046964
v -0.301419218 0.111302059 -0.137175424
v -0.160753894 0.109605581 -0.296759919
v -0.155322523 0.208685596 -0.148440276
v -0.268196270 0.137078094 -0.102409782
v -0.280116105 0.137078094 -0.209688290
v -0.160917762 0.125158260 -0.305046964
v -0.280116105 0.113238425 -0.233527958
v -0.158553732 0.208634490 -0.137472636
v -0.160917762 0.113238425 -0.281207295
v -0.172837597 0.184757431 -0.102409782
v -0.172837597 0.184757431 -0.233527958
v -0.280169435 0.172851777 -0.102638945
v -0.184757431 0.113238425 -0.305046964
v -0.227436410 0.106082537 -0.274629419
v -0.232436768 0.137078094 -0.269287461
v -0.303955773 0.125158260 -0.162008953
v -0.280116105 0.113238425 -0.138169284
v -0.160917762 0.160917762 -0.269287461
v -0.208546210 0.196367077 -0.101835454
v -0.256276436 0.148997928 -0.221608124
v -0.172837597 0.208597099 -0.150089119
v -0.280116105 0.137078094 -0.102409782
v -0.295932958 0.107211187 -0.158770333
v -0.232436768 0.125158260 -0.281207295
v -0.280116105 0.125158260 -0.233527958
v -0.196677265 0.137078094 -0.293127130
v -0.292035939 0.148997928 -0.150089119
v -0.184757431 0.160917762 -0.138169284
v -0.172837597 0.208597099 -0.138169284
v -0.256276436 0.137078094 -0.245447793
v -0.208597099 0.148997928 -0.269287461
v -0.172837597 0.160917762 -0.269287461
f 5545 5544 5541
f 5548 5541 5544
f 5550 5539 5540
f 5550 5540 5545
f 5551 5545 5540
f 5551 5544 5545
f 5552 5540 5539
f 5553 5545 5541
f 5555 5548 5544
f 5555 5542 5548
f 5556 5555 5544
f 5558 5543 5554
f 5559 5546 5543
f 5559 5544 5551
f 5560 5548 5542
f 5560 5553 5541
f 5560 5541 5548
f 5561 5552 5539
f 5561 5546 5552
f 5562 5554 5553
f 5562 5547 5554
f 5562 5553 5557
f 5563 5545 5553
f 5563 5553 5554
f 5564 5554 5543
f 5564 5543 5546
f 5564 5561 5554
f 5564 5546 5561
f 5565 5556 5544
f 5565 5549 5556
f 5565 5558 5549
f 5565 5543 5558
f 5565 5559 5543
f 5565 5544 5559
f 5566 5542 5555
f 5566 5555 5556
f 5566 5556 5549
f 5567 5547 5562
f 5567 5549 5558
f 5567 5566 5549
f 5567 5557 5566
f 5568 5566 5557
f 5568 5542 5566
f 5569 5558 5554
f 5569 5554 5547
f 5569 5567 5558
f 5569 5547 5567
f 5570 5559 5551
f 5570 5551 5540
f 5570 5546 5559
f 5570 5552 5546
f 5570 5540 5552
f 5571 5561 5539
f 5571 5539 5550
f 5571 5550 5545
f 5571 5545 5563
f 5571 5563 5554
f 5571 5554 5561
f 5572 5567 5562
f 5572 5562 5557
f 5572 5557 5567
f 5573 5568 5557
f 5573 5557 5553
f 5573 5553 5568
f 5574 5568 5553
f 5574 5553 5560
f 5574 5560 5542
f 5574 5542 5568
o bunny126
usemtl Material126
v -0.592287486 0.858983928 0.526170050
v -0.566192127 0.840348314 0.505501765
v -0.566339352 0.852504056 0.481588888
v -0.742534369 0.855977095 0.338660268
v -0.756909475 0.840348314 0.469742262
v -0.637711132 0.804588811 0.398223257
v -0.569446823 0.857483329 0.503883350
v -0.661550801 0.840348314 0.529341433
v -0.755393654 0.856756638 0.468309990
v -0.569336958 0.849778826 0.478826971
v -0.685390469 0.828428480 0.338624085
v -0.709230138 0.852268148 0.338624085
v -0.753540160 0.858493749 0.363955136
v -0.590031795 0.840348314 0.529341433
v -0.661550801 0.804588811 0.433982759
v -0.695408979 0.858704708 0.511819610
v -0.673470635 0.816508646 0.350543920
v -0.703549708 0.817621527 0.335069008
v -0.768829309 0.840348314 0.398223257
v -0.697310303 0.828428480 0.493581931
v -0.637711132 0.816508646 0.469742262
v -0.659679718 0.858602327 0.523828550
v -0.766600160 0.856938005 0.445077709
v -0.721149972 0.840348314 0.505501765
v -0.673470635 0.828428480 0.350543920
v -0.685390469 0.816508646 0.338624085
v -0.673999247 0.804546933 0.374775761
v -0.756909475 0.840348314 0.362463754
v -0.721149972 0.828428480 0.469742262
v -0.673470635 0.816508646 0.469742262
v -0.697310303 0.840348314 0.517421599
v -0.766270278 0.857028994 0.399282429
v -0.768829309 0.840348314 0.445902594
v -0.720649212 0.856898503 0.501287811
v -0.669736638 0.803940305 0.380456585
v -0.709230138 0.816508646 0.374383588
v -0.744989640 0.840348314 0.338624085
v -0.673470635 0.804588811 0.410143091
v -0.733069806 0.828428480 0.445902594
f 5581 5576 5577
f 5584 5580 5577
f 5584 5577 5576
f 5584 5576 5580
f 5586 5581 5577
f 5586 5578 5581
f 5586 5577 5585
f 5587 5581 5578
f 5587 5575 5581
f 5588 5581 5575
f 5588 5576 5581
f 5588 5575 5582
f 5589 5580 5576
f 5590 5575 5587
f 5591 5577 5580
f 5592 5586 5585
f 5592 5578 5586
f 5595 5588 5582
f 5595 5589 5576
f 5595 5576 5588
f 5596 5582 5575
f 5596 5575 5590
f 5597 5590 5587
f 5597 5583 5590
f 5598 5583 5579
f 5598 5579 5594
f 5599 5591 5585
f 5599 5585 5577
f 5599 5577 5591
f 5600 5592 5585
f 5600 5585 5591
f 5600 5591 5580
f 5601 5600 5580
f 5601 5592 5600
f 5602 5587 5578
f 5602 5592 5593
f 5603 5594 5579
f 5604 5589 5595
f 5604 5603 5589
f 5604 5594 5603
f 5604 5595 5582
f 5604 5582 5594
f 5605 5596 5590
f 5605 5582 5596
f 5605 5598 5594
f 5605 5594 5582
f 5606 5597 5587
f 5606 5593 5597
f 5606 5602 5593
f 5606 5587 5602
f 5607 5597 5593
f 5607 5579 5583
f 5607 5583 5597
f 5607 5603 5579
f 5608 5590 5583
f 5608 5583 5598
f 5608 5605 5590
f 5608 5598 5605
f 5609 5601 5580
f 5609 5580 5589
f 5610 5593 5592
f 5610 5592 5601
f 5610 5607 5593
f 5611 5602 5578
f 5611 5578 5592
f 5611 5592 5602
f 5612 5589 5603
f 5612 5609 5589
f 5612 5601 5609
f 5612 5610 5601
f 5612 5607 5610
f 5613 5612 5603
f 5613 5603 5607
f 5613 5607 5612
o bunny127
usemtl Material127
v 0.089398757 0.077478923 0.445902594
v 0.268577005 0.053573477 0.383851997
v 0.256276436 0.077478923 0.362463754
v 0.160591677 0.063012535 0.349961933
v 0.017879751 0.053639254 0.445902594
v 0.269251066 0.055382806 0.350587956
v 0.029799586 0.077478923 0.410143091
v 0.256276436 0.077478923 0.386303422
v 0.089398757 0.065559088 0.445902594
v 0.244356602 0.077478923 0.350543920
v -0.017879751 0.077478923 0.457822428
v 0.005602020 0.063422618 0.409365324
v 0.137078094 0.053639254 0.422062925
v 0.264199765 0.058448013 0.350218719
v 0.208597099 0.077478923 0.350543920
v -0.005959917 0.065559088 0.457822428
v -0.017879751 0.077478923 0.433982759
v -0.005959917 0.077478923 0.457822428
v -0.018053129 0.064557103 0.433150570
v -0.017879751 0.065559088 0.457822428
v -0.018067470 0.065460192 0.445001568
f 5619 5618 5617
f 5619 5615 5618
f 5620 5614 5616
f 5621 5614 5615
f 5621 5616 5614
f 5621 5619 5616
f 5621 5615 5619
f 5622 5615 5614
f 5623 5616 5619
f 5623 5620 5616
f 5624 5614 5620
f 5625 5620 5617
f 5625 5617 5618
f 5626 5622 5618
f 5626 5618 5615
f 5626 5615 5622
f 5627 5623 5619
f 5627 5619 5617
f 5627 5617 5623
f 5628 5623 5617
f 5628 5617 5620
f 5628 5620 5623
f 5629 5622 5614
f 5629 5618 5622
f 5630 5624 5620
f 5630 5620 5625
f 5631 5629 5614
f 5631 5614 5624
f 5631 5624 5629
f 5632 5625 5618
f 5632 5630 5625
f 5633 5632 5618
f 5633 5618 5629
f 5633 5629 5624
f 5634 5633 5624
f 5634 5632 5633
f 5634 5624 5630
f 5634 5630 5632
