mtllib decomp.mtl
o dino000
usemtl Material000
v -0.079971827 5.547567720 -3.131869753
v 0.171005215 5.051371224 -3.218140203
v 0.171005215 5.470092107 -3.469372733
v -0.079671719 5.084486104 -3.836624462
v -1.158100121 4.386030285 -3.107405386
v 0.165235361 5.043064898 -3.796648127
v -0.582692375 5.386347930 -3.469372733
v 0.171005215 5.553836284 -3.218140203
v -0.080227315 4.381417810 -3.134396026
v 0.171005215 5.218859577 -3.804349439
v -1.039097066 5.100919321 -3.085802997
v -0.750180728 4.883882870 -3.720605263
v -0.331459845 5.553836284 -3.301884379
v -0.080227315 4.381417810 -3.720605263
v -0.331459845 5.302603754 -3.720605263
v -0.474241644 5.485988575 -3.101956433
v -0.905090716 4.154063548 -3.093019040
v -1.085157435 5.135115400 -3.218140203
v -0.498948198 5.553836284 -3.218140203
v 0.171005215 5.553836284 -3.301884379
v -0.750180728 4.381417810 -3.720605263
v -0.331459845 5.470092107 -3.469372733
v 0.087261039 5.386347930 -3.636861086
v -0.498948198 5.218859577 -3.720605263
v -1.129478474 4.950397720 -3.088618549
v -0.796991684 4.135030061 -3.204035753
v -0.833924905 5.386347930 -3.218140203
v -0.917669081 4.130185280 -3.218140203
v -1.168901611 4.967627047 -3.218140203
v -0.498948198 5.470092107 -3.385628556
v 0.171005215 5.302603754 -3.720605263
v -0.247715668 5.386347930 -3.636861086
v -0.498948198 5.302603754 -3.636861086
v -0.666436551 5.051371224 -3.720605263
v -0.830675374 4.131302093 -3.132176782
v -0.796720021 5.332817313 -3.097110123
v -1.168901611 4.381417810 -3.218140203
f 8 1 2
f 8 2 3
f 9 2 1
f 10 3 2
f 10 2 6
f 10 6 4
f 14 6 2
f 14 2 9
f 14 4 6
f 15 10 4
f 16 9 1
f 17 16 11
f 17 9 16
f 19 1 8
f 19 8 13
f 19 16 1
f 20 13 8
f 20 8 3
f 21 12 4
f 21 4 14
f 22 19 13
f 23 10 15
f 23 20 3
f 23 13 20
f 24 15 4
f 25 17 11
f 25 5 17
f 25 11 18
f 26 14 9
f 27 19 7
f 27 18 11
f 28 17 5
f 28 21 14
f 28 14 26
f 29 18 12
f 29 12 21
f 29 25 18
f 29 5 25
f 30 7 19
f 30 19 22
f 31 23 3
f 31 3 10
f 31 10 23
f 32 23 15
f 32 22 13
f 32 13 23
f 32 30 22
f 33 15 24
f 33 7 30
f 33 32 15
f 33 30 32
f 33 27 7
f 33 24 18
f 33 18 27
f 34 12 18
f 34 18 24
f 34 24 4
f 34 4 12
f 35 26 9
f 35 9 17
f 35 28 26
f 35 17 28
f 36 27 11
f 36 11 16
f 36 16 19
f 36 19 27
f 37 28 5
f 37 21 28
f 37 29 21
f 37 5 29
o dino001
usemtl Material001
v 0.338493569 3.795208573 2.643952165
v 1.092191159 3.208999337 2.141487105
v 1.157414331 3.864685201 2.064639394
v 0.087261039 3.878952750 0.885324455
v -0.163971491 3.041510983 1.387789515
v 0.840958629 3.041510983 0.885324455
v 0.332568403 3.925512326 2.587080114
v 1.008446982 3.878952750 2.476463811
v 0.338493569 3.041510983 2.308975458
v 1.092191159 3.125255160 1.471533691
v 0.906513191 3.884151201 0.887941604
v -0.082047699 3.050486819 0.881605768
v -0.163971491 3.460231867 2.225231281
v 1.092191159 3.711464397 2.392719635
v 1.092191159 3.125255160 1.555277868
v 0.924702806 3.543976043 0.885324455
v 1.092191159 3.543976043 1.471533691
v 1.034569622 3.898030903 2.337521989
v -0.163971491 3.041510983 1.304045338
v 0.079729988 3.895502400 2.612305798
v 0.003516862 3.041510983 2.057742928
v 0.589726099 3.041510983 2.308975458
v 1.008446982 3.041510983 1.304045338
v 1.008446982 3.125255160 1.220301161
v 0.736405871 3.913260943 2.490362234
v -0.080227315 3.543976043 0.885324455
v -0.158854319 3.573081528 2.204145770
v 0.087261039 3.460231867 2.476463811
v -0.163971491 3.292743513 2.057742928
v 0.924702806 3.292743513 2.308975458
v 0.924702806 3.041510983 2.141487105
v 0.924702806 3.041510983 1.052812808
v -0.163971491 3.376487690 1.304045338
v -0.163971491 3.543976043 1.555277868
v 0.171005215 3.041510983 2.225231281
v 0.003516862 3.125255160 2.141487105
v -0.080227315 3.041510983 1.806510398
v 1.008446982 3.543976043 2.392719635
v 0.924702806 3.125255160 2.225231281
v -0.163971491 3.208999337 1.890254575
v 1.008446982 3.795208573 2.476463811
v 0.757214452 3.795208573 2.560207988
v 1.008446982 3.208999337 2.225231281
v 0.840958629 3.627720220 2.476463811
f 45 44 38
f 46 42 43
f 48 41 44
f 51 39 40
f 51 40 45
f 52 47 40
f 52 40 39
f 53 43 49
f 53 49 41
f 53 41 48
f 54 48 40
f 54 40 47
f 54 53 48
f 54 47 53
f 55 45 40
f 55 40 48
f 56 49 43
f 56 43 42
f 56 42 50
f 57 38 44
f 57 44 41
f 58 42 46
f 59 46 43
f 59 38 46
f 60 47 52
f 60 59 43
f 61 53 47
f 61 47 60
f 62 55 48
f 62 48 44
f 62 44 45
f 62 45 55
f 63 41 49
f 64 57 41
f 64 50 57
f 65 57 50
f 65 46 38
f 65 38 57
f 66 58 50
f 66 50 42
f 68 60 52
f 68 52 39
f 68 59 60
f 69 43 53
f 69 53 61
f 69 61 60
f 69 60 43
f 70 63 49
f 70 49 56
f 70 56 50
f 71 64 41
f 71 41 63
f 71 63 70
f 71 70 50
f 71 50 64
f 72 58 46
f 72 46 65
f 73 65 50
f 73 50 58
f 73 72 65
f 73 58 72
f 74 42 58
f 74 58 66
f 75 39 51
f 75 59 67
f 76 67 59
f 76 59 68
f 76 75 67
f 77 74 66
f 77 66 42
f 77 42 74
f 78 75 51
f 78 51 45
f 79 38 59
f 79 75 78
f 79 78 45
f 79 45 38
f 80 39 75
f 80 75 76
f 80 76 68
f 80 68 39
f 81 79 59
f 81 59 75
f 81 75 79
o dino002
usemtl Material002
v 0.505981922 0.277953153 2.560207988
v 1.092191159 0.110464800 2.141487105
v 0.840958629 0.780418213 1.722766221
v 0.280194560 1.040040709 0.919682394
v 0.087261039 0.026720623 1.220301161
v 0.840958629 0.194208976 1.220301161
v 0.151630387 0.785286909 1.746972376
v 0.757214452 0.361697330 2.392719635
v -0.080227315 0.026720623 2.141487105
v 1.092191159 0.277953153 1.639022045
v 0.422237745 0.612929860 0.885324455
v 0.757214452 -0.057023554 1.220301161
v 0.589726099 0.445441506 2.392719635
v 0.729315230 1.035294904 1.149258412
v 0.840958629 0.110464800 2.476463811
v 1.092191159 0.277953153 2.057742928
v -0.080227315 0.194208976 2.392719635
v -0.080227315 0.445441506 1.304045338
v 0.171005215 0.445441506 0.969068631
v 0.589726099 0.780418213 0.885324455
v 0.422237745 -0.057023554 1.220301161
v 1.092191159 -0.057023554 1.722766221
v 0.589726099 0.696674036 1.973998751
v 0.757214452 0.445441506 2.308975458
v 0.254749392 1.031650743 1.136556985
v 0.840958629 0.194208976 2.476463811
v 0.254749392 0.445441506 2.392719635
v 0.254749392 0.110464800 2.560207988
v -0.163971491 0.026720623 1.890254575
v -0.163971491 0.277953153 2.057742928
v 0.254749392 0.612929860 0.885324455
v 0.003516862 0.445441506 1.136556985
v 0.673470276 0.026720623 1.136556985
v 0.553246992 1.042310965 0.950390684
v 0.757214452 0.696674036 1.052812808
v 1.008446982 0.026720623 2.225231281
v 0.673470276 -0.057023554 1.639022045
v 1.008446982 0.026720623 1.471533691
v 0.673470276 0.529185683 2.225231281
v 0.254749392 0.696674036 1.973998751
v 0.840958629 0.445441506 2.225231281
v 0.028107003 0.784372018 1.235463169
v 1.092191159 0.194208976 2.141487105
v 0.003516862 0.361697330 2.308975458
v 0.505981922 0.194208976 2.560207988
v 0.254749392 0.277953153 2.560207988
v -0.080227315 0.110464800 2.392719635
v -0.080227315 0.194208976 1.387789515
v -0.163971491 0.026720623 2.057742928
v 0.003516862 0.026720623 1.387789515
v -0.163971491 0.277953153 1.806510398
v 0.003516862 0.361697330 1.136556985
v 0.505981922 0.361697330 0.969068631
v 0.254749392 0.110464800 1.052812808
v 0.757214452 0.194208976 1.136556985
v 0.694904450 1.040012983 1.093981407
v 1.008446982 0.361697330 1.471533691
v 1.092191159 0.026720623 2.057742928
v 0.757214452 0.026720623 2.308975458
v 1.008446982 -0.057023554 1.806510398
v 1.092191159 0.026720623 1.639022045
v 0.003516862 0.612929860 1.806510398
v 0.064931301 0.792438226 1.173229920
v 0.087261039 0.361697330 2.392719635
f 94 82 89
f 97 83 91
f 97 95 84
f 97 91 95
f 103 91 83
f 103 102 93
f 104 84 95
f 105 94 89
f 107 89 82
f 107 82 96
f 107 96 83
f 108 94 104
f 108 82 94
f 112 101 92
f 112 85 101
f 113 85 112
f 114 93 102
f 115 101 85
f 117 83 96
f 118 102 103
f 119 103 93
f 119 93 87
f 119 87 116
f 120 104 94
f 120 84 104
f 120 105 84
f 120 94 105
f 121 104 95
f 121 108 104
f 121 88 108
f 121 106 88
f 121 95 106
f 122 97 84
f 122 84 105
f 122 107 97
f 122 105 89
f 122 89 107
f 123 106 85
f 123 88 106
f 123 113 99
f 124 107 83
f 124 83 97
f 124 97 107
f 125 111 98
f 126 109 96
f 126 96 82
f 126 82 109
f 127 98 109
f 127 109 82
f 127 82 108
f 128 109 98
f 128 90 109
f 128 98 111
f 129 110 99
f 130 110 102
f 130 90 128
f 130 128 111
f 130 111 110
f 130 118 90
f 130 102 118
f 131 86 102
f 131 102 110
f 131 129 86
f 131 110 129
f 132 99 110
f 132 110 111
f 132 123 99
f 132 111 123
f 133 86 129
f 133 129 99
f 133 99 113
f 133 113 112
f 133 112 100
f 134 92 101
f 134 101 114
f 135 114 102
f 135 102 86
f 135 134 114
f 135 100 112
f 135 112 92
f 135 92 134
f 135 133 100
f 135 86 133
f 136 114 101
f 136 87 93
f 136 93 114
f 136 116 87
f 136 101 116
f 137 101 115
f 137 116 101
f 137 95 116
f 137 106 95
f 137 115 85
f 137 85 106
f 138 116 95
f 138 95 91
f 138 119 116
f 138 91 119
f 139 117 103
f 139 103 83
f 139 83 117
f 140 117 96
f 140 96 109
f 140 109 90
f 141 118 103
f 141 90 118
f 141 140 90
f 141 103 117
f 141 117 140
f 142 119 91
f 142 91 103
f 142 103 119
f 143 123 111
f 143 88 123
f 143 125 88
f 143 111 125
f 144 123 85
f 144 85 113
f 144 113 123
f 145 108 88
f 145 88 125
f 145 127 108
f 145 125 98
f 145 98 127
o dino003
usemtl Material003
v 1.343423689 4.632650340 -1.710745022
v 1.594656219 2.371557570 -2.464442612
v 1.594656219 4.130185280 -2.464442612
v 1.221807614 4.454192718 -3.200334639
v 1.226541156 2.152256544 -2.419878108
v 1.510912042 2.455301747 -3.385628556
v 1.427167866 4.632650340 -2.799419319
v 1.594656219 3.627720220 -2.129465906
v 1.343423689 3.292743513 -1.878233376
v 1.206630908 4.151504488 -1.748093709
v 1.594656219 2.455301747 -3.050651849
v 1.232112072 2.504142413 -3.502606440
v 1.510912042 4.548906164 -2.213210082
v 1.225558711 4.615415903 -3.038739450
v 1.343423689 4.465161987 -3.218140203
v 1.343423689 2.204069217 -2.296954259
v 1.343423689 4.130185280 -1.710745022
v 1.510912042 3.125255160 -2.045721729
v 1.259679512 2.539045923 -2.129465906
v 1.510912042 4.297673634 -2.799419319
v 1.594656219 2.120325040 -2.715675142
v 1.224682587 2.243310824 -2.353982434
v 1.427167866 4.632650340 -1.878233376
v 1.510912042 4.548906164 -2.464442612
v 1.594656219 4.046441104 -2.213210082
v 1.343423689 4.632650340 -3.050651849
v 1.248232073 4.632070993 -1.716467845
v 1.343423689 2.539045923 -3.553116909
v 1.594656219 3.292743513 -2.129465906
v 1.427167866 3.125255160 -1.961977552
v 1.510912042 2.539045923 -3.385628556
v 1.594656219 4.046441104 -2.548186789
v 1.427167866 4.465161987 -2.966907672
v 1.316392859 2.422172338 -3.518460401
v 1.343423689 2.120325040 -2.380698436
v 1.510912042 2.120325040 -2.548186789
v 1.230945891 3.301639640 -1.955243117
v 1.510912042 4.465161987 -2.631930966
v 1.594656219 4.130185280 -2.296954259
v 1.510912042 4.381417810 -2.045721729
v 1.252548585 2.443480744 -3.540712875
v 1.594656219 2.790278453 -2.296954259
v 1.510912042 2.455301747 -2.296954259
v 1.343423689 2.539045923 -2.129465906
v 1.427167866 4.297673634 -3.050651849
v 1.594656219 2.539045923 -3.050651849
v 1.517689810 2.137462727 -2.824394305
v 1.259679512 2.120325040 -2.799419319
v 1.510912042 2.287813393 -2.380698436
v 1.427167866 2.287813393 -2.296954259
f 153 147 148
f 156 148 147
f 157 155 149
f 159 149 155
f 162 153 146
f 162 155 154
f 164 154 155
f 166 156 147
f 166 151 156
f 167 157 150
f 167 155 157
f 167 150 161
f 167 161 164
f 168 158 152
f 168 152 146
f 168 146 153
f 169 158 148
f 169 152 158
f 170 153 148
f 171 146 152
f 171 152 160
f 171 160 149
f 171 149 159
f 172 159 155
f 172 171 159
f 172 146 171
f 172 162 146
f 172 155 162
f 173 149 160
f 174 147 153
f 174 153 162
f 174 162 163
f 175 163 162
f 175 162 154
f 176 156 151
f 176 173 160
f 176 151 173
f 177 165 148
f 177 148 156
f 178 165 160
f 178 160 152
f 178 152 165
f 179 173 151
f 180 161 150
f 181 166 147
f 181 180 166
f 181 161 180
f 182 167 164
f 182 164 155
f 182 155 167
f 183 165 152
f 183 152 169
f 183 169 148
f 183 148 165
f 184 170 148
f 184 148 158
f 185 168 153
f 185 153 170
f 185 158 168
f 185 184 158
f 185 170 184
f 186 157 149
f 186 149 173
f 186 173 179
f 187 174 163
f 187 147 174
f 188 163 175
f 188 187 163
f 188 147 187
f 189 164 161
f 189 175 154
f 189 154 164
f 190 176 160
f 190 160 165
f 190 165 176
f 191 177 156
f 191 156 176
f 191 176 165
f 191 165 177
f 192 179 151
f 192 151 166
f 193 150 157
f 193 157 186
f 193 186 179
f 193 179 192
f 193 180 150
f 193 192 166
f 193 166 180
f 194 181 147
f 194 147 188
f 194 161 181
f 195 189 161
f 195 188 175
f 195 175 189
f 195 194 188
f 195 161 194
o dino004
usemtl Material004
v -1.420134141 0.361697330 3.062673048
v -1.252645788 0.110464800 2.895184695
v -1.420134141 0.696674036 2.225231281
v -1.490559168 0.445370745 1.969990192
v -2.508808438 -0.057023554 2.727696342
v -1.336389965 0.110464800 2.141487105
v -1.252645788 0.277953153 2.895184695
v -2.257575908 0.026720623 3.146417225
v -2.090087555 0.780418213 2.225231281
v -1.336389965 0.445441506 2.141487105
v -2.341320085 -0.057023554 2.225231281
v -1.336389965 0.277953153 3.062673048
v -1.503878318 0.780418213 2.392719635
v -1.252645788 0.277953153 2.560207988
v -2.341320085 -0.057023554 3.062673048
v -1.544310331 0.766125114 2.212476318
v -2.508808438 0.277953153 2.811440518
v -1.420134141 0.110464800 1.973998751
v -2.425064262 0.277953153 2.225231281
v -1.838855025 -0.057023554 2.225231281
v -1.336389965 0.110464800 3.062673048
v -2.006343378 0.277953153 3.146417225
v -1.420134141 0.696674036 2.308975458
v -1.336389965 0.361697330 2.978928872
v -1.252645788 0.110464800 2.560207988
v -2.508808438 0.110464800 2.978928872
v -2.425064262 0.026720623 2.225231281
v -2.508808438 0.277953153 2.476463811
v -1.420134141 0.026720623 2.057742928
v -2.006343378 0.026720623 3.146417225
v -1.503878318 0.026720623 2.727696342
v -2.090087555 0.780418213 2.560207988
v -2.425064262 -0.057023554 3.062673048
v -2.173831732 0.277953153 3.146417225
v -1.529148710 0.143598105 1.993801488
v -2.508808438 -0.057023554 2.476463811
v -2.425064262 0.361697330 2.308975458
v -2.508808438 0.110464800 2.392719635
v -1.420134141 0.026720623 2.308975458
v -1.922599201 -0.057023554 2.560207988
v -1.671366671 0.780418213 2.560207988
v -2.508808438 0.026720623 2.978928872
v -2.257575908 0.445441506 2.895184695
v -2.090087555 0.529185683 2.895184695
v -2.425064262 0.110464800 3.062673048
v -2.425064262 -0.057023554 2.308975458
v -2.508808438 0.026720623 2.392719635
v -1.838855025 -0.057023554 2.308975458
v -2.425064262 0.361697330 2.811440518
v -2.173831732 0.445441506 2.978928872
v -1.838855025 0.529185683 2.895184695
v -2.257575908 0.194208976 3.146417225
v -1.587622495 0.445441506 2.978928872
f 205 199 198
f 207 197 202
f 209 202 197
f 209 201 205
f 209 205 198
f 209 198 202
f 210 200 206
f 211 198 199
f 211 199 204
f 211 208 198
f 211 204 208
f 213 205 201
f 213 199 205
f 214 204 199
f 215 210 206
f 216 197 207
f 217 207 196
f 217 216 207
f 218 202 198
f 218 198 208
f 219 207 202
f 219 218 208
f 219 202 218
f 219 196 207
f 220 209 197
f 220 201 209
f 221 212 200
f 222 213 206
f 222 214 199
f 223 212 204
f 223 200 212
f 224 213 201
f 224 201 220
f 224 220 197
f 224 215 206
f 224 206 213
f 225 203 210
f 225 210 216
f 225 217 203
f 225 216 217
f 226 197 216
f 226 216 210
f 227 204 212
f 227 208 204
f 228 210 203
f 228 200 210
f 229 217 196
f 229 203 217
f 230 222 199
f 230 199 213
f 230 213 222
f 231 206 200
f 231 200 223
f 232 223 204
f 232 204 214
f 232 214 223
f 233 223 214
f 233 214 222
f 233 231 223
f 234 224 197
f 234 197 226
f 234 215 224
f 235 226 210
f 235 210 215
f 236 208 227
f 236 219 208
f 236 196 219
f 237 228 221
f 237 221 200
f 237 200 228
f 239 229 196
f 239 236 227
f 240 228 203
f 240 221 228
f 240 229 212
f 240 212 221
f 241 231 222
f 241 222 206
f 241 206 231
f 242 233 222
f 242 222 231
f 242 231 233
f 243 234 226
f 243 215 234
f 243 235 215
f 243 226 235
f 244 238 227
f 244 227 212
f 244 212 229
f 245 229 239
f 245 244 229
f 245 238 244
f 245 239 227
f 245 227 238
f 246 239 196
f 246 236 239
f 247 240 203
f 247 203 229
f 247 229 240
f 248 246 196
f 248 196 236
f 248 236 246
o dino005
usemtl Material005
v 1.175935336 5.135115400 -2.380698436
v 1.324303725 4.623947014 -2.710471040
v 1.259679512 4.716394517 -3.218140203
v 0.840958629 5.135115400 -3.218140203
v 0.757214452 4.632650340 -2.380698436
v 1.092191159 5.218859577 -2.631930966
v 1.343423689 4.800138694 -2.799419319
v 1.175935336 4.632650340 -2.380698436
v 0.757214452 4.632650340 -3.218140203
v 0.924702806 5.135115400 -3.134396026
v 0.422237745 5.302603754 -2.715675142
v 1.343423689 4.800138694 -2.715675142
v 1.343423689 4.632650340 -2.966907672
v 1.175935336 5.135115400 -2.548186789
v 1.175935336 5.051371224 -2.799419319
v 0.753929592 5.380295117 -2.379080767
v 0.422237745 5.051371224 -2.715675142
v 0.454671088 5.371690240 -2.905117136
v 1.343423689 4.716394517 -2.966907672
v 1.259679512 4.632650340 -3.218140203
v 1.175935336 4.883882870 -3.134396026
v 0.924702806 5.386347930 -2.380698436
v 0.721710727 5.083658623 -3.191684802
v 0.422237745 5.051371224 -2.883163496
v 0.840958629 5.386347930 -2.715675142
v 0.757214452 5.386347930 -2.715675142
v 0.924702806 5.386347930 -2.548186789
v 0.924702806 5.302603754 -2.799419319
f 256 253 250
f 257 250 253
f 257 252 251
f 258 251 252
f 260 255 249
f 260 256 250
f 260 249 256
f 261 260 250
f 261 255 260
f 262 249 255
f 263 262 255
f 263 254 262
f 264 256 249
f 264 253 256
f 265 257 253
f 265 264 259
f 265 253 264
f 266 259 264
f 267 261 251
f 267 251 255
f 267 255 261
f 268 257 251
f 268 251 261
f 268 261 250
f 268 250 257
f 269 251 258
f 269 258 254
f 269 254 263
f 269 263 255
f 269 255 251
f 270 264 249
f 270 249 262
f 271 266 252
f 271 252 257
f 272 265 259
f 272 259 266
f 272 257 265
f 272 271 257
f 272 266 271
f 273 258 252
f 273 252 266
f 274 273 266
f 274 266 264
f 274 264 270
f 274 270 273
f 275 273 270
f 275 270 262
f 275 262 254
f 276 254 258
f 276 258 273
f 276 275 254
f 276 273 275
o dino006
usemtl Material006
v 0.757214452 5.553836284 -1.627000846
v 1.201830517 4.634119493 -1.616953451
v 1.175935336 5.135115400 -2.380698436
v -1.282895732 5.331525829 -2.308320100
v -1.252645788 4.632650340 -1.627000846
v -0.051127481 5.782521056 -2.399074848
v 1.175935336 5.135115400 -1.627000846
v -1.287370333 5.321314830 -1.611571606
v 1.175935336 4.632650340 -2.380698436
v 0.589726099 5.637580460 -2.296954259
v 1.175935336 5.218859577 -1.794489199
v -0.087803764 5.956092217 -1.624892332
v -1.252645788 4.632650340 -2.296954259
v 0.840958629 5.470092107 -2.380698436
v 1.175935336 5.218859577 -2.296954259
v 1.092191159 5.302603754 -1.710745022
v -0.819432676 5.688759897 -2.288958889
v 0.338493569 5.721324637 -2.380698436
v 0.673470276 5.637580460 -1.710745022
v -0.080227315 4.632650340 -2.380698436
v -0.404156136 5.909365332 -1.864916217
v -0.864429629 5.783712901 -1.628377098
v 0.422237745 5.721324637 -2.213210082
v -0.088542587 5.921292803 -1.869619761
v 0.673470276 5.637580460 -2.045721729
v 0.924702806 5.470092107 -1.710745022
v -0.410619071 5.938373636 -1.623390766
v 1.008446982 5.386347930 -2.213210082
v 0.924702806 5.470092107 -1.961977552
f 283 277 278
f 284 281 278
f 285 279 278
f 285 278 281
f 285 282 279
f 287 283 278
f 288 284 278
f 288 278 277
f 289 284 280
f 289 281 284
f 289 285 281
f 290 279 282
f 291 287 278
f 291 278 279
f 291 279 290
f 292 277 283
f 292 283 287
f 293 282 280
f 294 290 282
f 294 286 290
f 295 288 277
f 296 289 280
f 296 280 282
f 296 282 285
f 296 285 289
f 297 282 293
f 298 293 280
f 298 280 284
f 298 297 293
f 299 286 294
f 300 294 282
f 300 299 294
f 300 288 299
f 300 297 288
f 300 282 297
f 301 290 286
f 301 286 299
f 301 299 288
f 301 288 295
f 302 295 277
f 302 277 292
f 302 301 295
f 302 292 287
f 302 287 291
f 303 298 284
f 303 284 288
f 303 288 297
f 303 297 298
f 304 291 290
f 304 290 301
f 305 304 301
f 305 301 302
f 305 302 291
f 305 291 304
o dino007
usemtl Material007
v 0.924702806 4.632650340 2.057742928
v 0.924702806 3.878952750 2.057742928
v 0.996424815 4.640443419 0.888236062
v -1.922599201 4.632650340 0.885324455
v -2.173831732 3.878952750 2.057742928
v 0.906513191 3.884151201 0.887941604
v -2.090087555 4.632650340 2.057742928
v -2.090087555 3.878952750 0.885324455
v -2.173831732 4.465161987 1.304045338
v -2.104145433 3.862606078 1.087910290
v -2.090087555 4.632650340 1.136556985
v -2.257575908 4.130185280 1.722766221
v -2.177815091 3.870137670 1.790249951
v -2.173831732 4.548906164 1.471533691
v -2.006343378 4.632650340 0.969068631
v -2.173831732 4.046441104 1.052812808
v -2.173831732 4.297673634 2.057742928
v -2.257575908 3.878952750 1.304045338
v -2.173831732 4.548906164 1.890254575
v -2.257575908 4.130185280 1.471533691
v -2.090087555 3.962696927 0.885324455
v -2.090087555 4.465161987 1.052812808
v -2.257575908 4.046441104 1.806510398
v -2.257575908 3.962696927 1.304045338
v -2.173831732 4.465161987 1.973998751
f 306 307 308
f 310 307 306
f 311 308 307
f 311 309 308
f 312 306 308
f 312 310 306
f 313 309 311
f 315 313 311
f 315 311 307
f 316 312 308
f 318 315 307
f 318 307 310
f 319 316 314
f 319 312 316
f 320 316 308
f 320 308 309
f 321 314 316
f 322 310 312
f 323 318 310
f 323 315 318
f 323 321 313
f 323 313 315
f 324 319 317
f 324 312 319
f 325 319 314
f 325 317 319
f 325 323 317
f 326 320 309
f 326 309 313
f 326 321 320
f 326 313 321
f 327 321 316
f 327 316 320
f 327 320 321
f 328 310 322
f 328 323 310
f 328 317 323
f 329 314 321
f 329 321 323
f 329 325 314
f 329 323 325
f 330 322 312
f 330 312 324
f 330 328 322
f 330 324 317
f 330 317 328
o dino008
usemtl Material008
v -0.331459845 3.543976043 -0.287094019
v 0.505981922 3.041510983 -0.873303256
v 0.505981922 3.543976043 -1.627000846
v -1.085157435 3.543976043 -1.627000846
v -0.917669081 3.125255160 -0.287094019
v 0.338493569 3.041510983 -1.627000846
v 0.505981922 3.543976043 -0.873303256
v -0.328291043 3.053173162 -0.286358168
v -1.085157435 3.543976043 -0.287094019
v 0.505981922 3.041510983 -1.543256669
v -1.085157435 3.041510983 -1.627000846
v 0.487764517 3.185917099 -1.611535199
v -1.085157435 3.208999337 -0.287094019
v -0.666436551 3.041510983 -0.287094019
v -1.085157435 3.041510983 -1.040791609
f 331 333 334
f 336 334 333
f 337 332 333
f 337 333 331
f 338 337 331
f 338 332 337
f 339 331 334
f 339 338 331
f 340 333 332
f 340 332 336
f 341 334 336
f 341 339 334
f 341 336 332
f 342 340 336
f 342 336 333
f 342 333 340
f 343 339 341
f 343 335 338
f 343 338 339
f 344 338 335
f 344 341 332
f 344 332 338
f 345 343 341
f 345 335 343
f 345 344 335
f 345 341 344
o dino009
usemtl Material009
v -1.085157435 3.878952750 -1.208279962
v -1.085157435 1.031650743 -1.543256669
v -1.085157435 3.878952750 -1.627000846
v -1.771181003 4.117605791 -1.653337100
v -1.755110848 2.287813393 -1.292024139
v -1.129912219 1.032313902 -1.664297454
v -1.420134141 4.130185280 -1.627000846
v -1.001413258 3.041510983 -1.627000846
v -1.168901611 2.455301747 -1.124535786
v -1.472240123 4.132936303 -1.204808513
v -2.006343378 2.204069217 -1.627000846
v -1.001413258 2.790278453 -1.124535786
v -1.420134141 0.947906566 -1.459512492
v -1.838855025 4.130185280 -1.543256669
v -1.420134141 2.371557570 -1.124535786
v -1.543339703 0.960898709 -1.673607926
v -1.011448261 3.057753038 -1.142183669
v -1.001413258 2.539045923 -1.459512492
v -1.252645788 0.947906566 -1.459512492
v -1.587622495 0.947906566 -1.543256669
v -2.006343378 2.874022630 -1.627000846
v -1.755110848 4.046441104 -1.375768316
v -1.755110848 2.706534277 -1.292024139
v -1.168901611 3.292743513 -1.124535786
v -1.587622495 2.120325040 -1.208279962
v -1.848363187 3.539048307 -1.658101580
v -1.001413258 2.706534277 -1.208279962
v -1.252645788 2.371557570 -1.124535786
v -1.175107937 0.864779885 -1.635021115
v -2.006343378 2.204069217 -1.543256669
v -2.006343378 2.874022630 -1.543256669
v -1.420134141 2.706534277 -1.124535786
v -1.053870609 3.314917829 -1.132592262
v -1.503878318 2.036580863 -1.208279962
v -1.503878318 1.031650743 -1.459512492
v -1.671366671 2.036580863 -1.292024139
v -1.487122243 0.867445106 -1.644496865
v -1.503878318 0.864162390 -1.543256669
v -1.922599201 3.543976043 -1.543256669
v -1.838855025 3.125255160 -1.375768316
v -1.252645788 3.125255160 -1.124535786
v -1.838855025 2.204069217 -1.375768316
v -1.208769297 0.868526776 -1.614890215
v -1.922599201 3.041510983 -1.459512492
f 351 349 348
f 352 346 348
f 352 348 349
f 353 348 346
f 353 351 348
f 353 347 351
f 355 346 352
f 359 355 352
f 359 352 349
f 360 354 357
f 361 349 351
f 362 357 353
f 362 353 346
f 363 347 353
f 363 353 357
f 364 357 354
f 364 347 357
f 364 360 358
f 365 356 361
f 366 359 349
f 367 355 359
f 368 350 360
f 368 355 367
f 369 360 357
f 370 360 350
f 371 361 356
f 371 349 361
f 371 366 349
f 371 356 366
f 372 363 357
f 372 357 347
f 372 347 363
f 373 364 354
f 373 354 360
f 373 360 364
f 374 351 347
f 374 347 364
f 374 361 351
f 375 356 365
f 375 366 356
f 376 366 375
f 377 368 360
f 377 355 368
f 377 360 369
f 378 369 357
f 378 357 362
f 378 362 346
f 378 346 355
f 378 355 369
f 379 358 360
f 379 360 370
f 380 379 370
f 380 358 379
f 381 380 370
f 381 365 380
f 382 365 361
f 382 361 374
f 383 364 358
f 383 382 374
f 383 365 382
f 383 380 365
f 383 358 380
f 384 376 367
f 384 367 359
f 384 359 366
f 384 366 376
f 385 368 367
f 386 377 369
f 386 369 355
f 386 355 377
f 387 375 365
f 387 365 381
f 387 381 370
f 387 370 350
f 388 383 374
f 388 374 364
f 388 364 383
f 389 385 367
f 389 367 376
f 389 376 375
f 389 375 387
f 389 387 350
f 389 350 368
f 389 368 385
o dino010
usemtl Material010
v -0.080227315 3.795208573 -3.134396026
v 0.673470276 3.627720220 -3.720605263
v -0.163971491 3.795208573 -4.725535383
v -0.080227315 3.292743513 -4.893023736
v -0.415204021 3.125255160 -3.134396026
v 0.589726099 3.795208573 -4.474302853
v 0.338493569 3.125255160 -3.218140203
v -0.824149773 3.793789920 -3.214275066
v 0.338493569 3.795208573 -4.725535383
v 0.640468068 3.813339022 -3.715533652
v -0.079496789 3.128004376 -3.135308556
v -0.080227315 3.125255160 -4.893023736
v -0.666436551 3.795208573 -3.134396026
v 0.003516862 3.711464397 -4.809279559
v 0.673470276 3.795208573 -4.223070323
v 0.338493569 3.795208573 -3.218140203
v -0.582692375 3.795208573 -4.306814499
v 0.505981922 3.125255160 -4.558047029
v 0.171005215 3.125255160 -4.893023736
v -0.582692375 3.125255160 -4.306814499
v -0.582692375 3.208999337 -3.134396026
v -0.163971491 3.543976043 -4.809279559
v -0.498948198 3.795208573 -4.474302853
v -0.833924905 3.795208573 -3.469372733
v 0.589726099 3.292743513 -3.888093616
v 0.673470276 3.627720220 -4.223070323
v 0.505981922 3.543976043 -4.641791206
v 0.254749392 3.627720220 -4.809279559
v -0.666436551 3.460231867 -3.134396026
v -0.666436551 3.125255160 -3.469372733
v -0.331459845 3.795208573 -4.641791206
v -0.415204021 3.125255160 -4.641791206
v 0.464926961 3.128527429 -3.710789034
v 0.589726099 3.292743513 -4.390558676
v 0.422237745 3.627720220 -4.725535383
v 0.338493569 3.125255160 -4.809279559
v 0.087261039 3.711464397 -4.809279559
v 0.171005215 3.292743513 -4.893023736
v -0.781871207 3.418815684 -3.198049714
v -0.582692375 3.125255160 -3.301884379
v -0.247715668 3.711464397 -4.725535383
v -0.331459845 3.376487690 -4.725535383
v 0.505981922 3.208999337 -4.641791206
v 0.338493569 3.460231867 -4.809279559
v -0.666436551 3.208999337 -3.218140203
v -0.833924905 3.376487690 -3.385628556
v -0.331459845 3.125255160 -4.725535383
v -0.415204021 3.543976043 -4.641791206
v 0.589726099 3.543976043 -4.474302853
v 0.422237745 3.125255160 -4.725535383
v -0.833924905 3.627720220 -3.469372733
v -0.666436551 3.125255160 -3.720605263
f 399 398 392
f 399 395 398
f 400 396 390
f 400 390 394
f 400 394 396
f 401 396 394
f 402 394 390
f 402 390 399
f 403 392 398
f 404 399 391
f 404 395 399
f 405 396 391
f 405 391 399
f 405 399 390
f 405 390 396
f 407 396 401
f 408 401 393
f 408 407 401
f 409 401 394
f 410 394 402
f 411 403 393
f 412 406 399
f 412 409 406
f 413 399 406
f 413 402 399
f 413 397 402
f 413 406 409
f 414 391 396
f 415 404 391
f 415 391 414
f 415 395 404
f 418 410 402
f 418 402 397
f 419 409 394
f 420 412 399
f 420 399 392
f 421 401 409
f 421 409 412
f 422 414 396
f 422 396 407
f 422 407 414
f 423 415 414
f 423 414 407
f 424 398 395
f 424 395 416
f 424 417 398
f 425 407 408
f 425 424 416
f 426 403 398
f 426 398 417
f 426 393 403
f 427 408 393
f 427 426 417
f 427 393 426
f 427 425 408
f 428 418 397
f 428 410 418
f 429 419 394
f 429 394 410
f 430 420 392
f 430 392 403
f 430 403 411
f 431 393 401
f 431 411 393
f 431 430 411
f 432 423 407
f 432 416 395
f 432 415 423
f 432 425 416
f 433 427 417
f 433 417 424
f 433 424 425
f 433 425 427
f 434 410 428
f 434 429 410
f 434 419 429
f 435 428 397
f 435 397 413
f 435 434 428
f 435 419 434
f 436 431 401
f 436 401 421
f 436 421 431
f 437 420 430
f 437 430 431
f 437 412 420
f 437 431 421
f 437 421 412
f 438 432 395
f 438 395 415
f 438 415 432
f 439 432 407
f 439 407 425
f 439 425 432
f 440 435 413
f 440 413 409
f 440 409 435
f 441 435 409
f 441 409 419
f 441 419 435
o dino011
usemtl Material011
v -0.080227315 9.071091704 3.313905578
v 0.087261039 7.647440701 3.062673048
v 0.087261039 8.317394114 2.392719635
v -0.498948198 8.233649937 2.225231281
v -0.666436551 7.647440701 3.062673048
v -0.000041466 7.646885315 2.395531476
v -0.247715668 9.071091704 2.392719635
v 0.087261039 9.071091704 3.062673048
v -0.415204021 7.647440701 3.230161402
v 0.087261039 8.066161584 2.392719635
v -0.750180728 7.647440701 2.392719635
v -0.080227315 8.149905761 2.225231281
v -0.666436551 9.071091704 2.560207988
v 0.003516862 9.071091704 3.230161402
v -0.588302024 9.076723344 2.952502677
v 0.003516862 9.071091704 2.560207988
v -0.163971491 7.647440701 3.230161402
v -0.331459845 9.071091704 3.313905578
v -0.677006225 7.637150000 2.864335428
v 0.066003475 7.646065890 2.886186638
v -0.163971491 8.317394114 2.225231281
v -0.080227315 7.898673231 2.225231281
v -0.750180728 8.317394114 2.811440518
v -0.498948198 8.987347527 2.392719635
v -0.666436551 8.484882467 2.392719635
v 0.003516862 8.903603351 3.230161402
v -0.415204021 9.071091704 2.392719635
v 0.087261039 9.071091704 2.727696342
v -0.080227315 8.568626644 2.308975458
v 0.003516862 7.647440701 3.146417225
v -0.163971491 8.903603351 3.313905578
v -0.582692375 7.647440701 3.146417225
v -0.666436551 7.898673231 3.062673048
v -0.666436551 7.898673231 2.308975458
v -0.750180728 8.317394114 2.560207988
v -0.750180728 8.066161584 2.895184695
v -0.582692375 8.819859174 2.392719635
v -0.582692375 9.071091704 2.476463811
v -0.498948198 8.652370821 2.308975458
v -0.163971491 8.736114997 2.308975458
v 0.087261039 8.736114997 2.560207988
v 0.003516862 8.652370821 2.392719635
v 0.003516862 8.317394114 2.308975458
v -0.080227315 8.987347527 3.313905578
v -0.331459845 8.903603351 3.313905578
v -0.582692375 7.731184877 3.146417225
v -0.666436551 7.982417407 2.308975458
v -0.750180728 7.814929054 2.392719635
v -0.582692375 8.401138291 2.308975458
v -0.666436551 8.819859174 2.476463811
v -0.415204021 8.736114997 2.308975458
v -0.080227315 9.071091704 2.476463811
v -0.415204021 8.317394114 2.225231281
v -0.163971491 8.987347527 2.392719635
f 449 443 444
f 451 444 443
f 453 444 451
f 455 443 449
f 456 455 449
f 456 442 455
f 459 442 456
f 460 458 450
f 460 452 447
f 460 446 452
f 461 451 443
f 461 447 451
f 461 460 447
f 461 443 460
f 462 453 445
f 463 453 451
f 463 451 447
f 463 447 452
f 463 445 453
f 464 456 454
f 467 455 442
f 467 443 455
f 468 456 448
f 469 449 444
f 469 457 456
f 469 456 449
f 470 453 462
f 471 443 467
f 471 460 443
f 471 458 460
f 472 450 458
f 472 442 459
f 473 460 450
f 473 446 460
f 474 459 456
f 474 446 473
f 475 463 452
f 475 445 463
f 476 464 454
f 476 452 464
f 477 464 452
f 477 452 446
f 477 446 474
f 477 474 456
f 477 456 464
f 479 454 456
f 479 456 468
f 479 468 465
f 479 478 454
f 479 465 478
f 480 465 468
f 480 478 465
f 480 445 478
f 481 468 448
f 481 470 462
f 482 469 444
f 482 444 457
f 482 457 469
f 483 457 444
f 483 470 481
f 484 444 453
f 484 453 470
f 484 483 444
f 484 470 483
f 485 458 471
f 485 472 458
f 485 442 472
f 485 471 467
f 485 467 442
f 486 472 459
f 486 450 472
f 486 473 450
f 486 459 473
f 487 474 473
f 487 473 459
f 487 459 474
f 488 445 475
f 488 475 452
f 489 452 476
f 489 488 452
f 489 466 488
f 490 478 445
f 490 466 478
f 490 488 466
f 490 445 488
f 491 478 466
f 491 454 478
f 491 466 489
f 491 489 476
f 491 476 454
f 492 445 480
f 492 481 462
f 492 480 468
f 492 468 481
f 493 483 481
f 493 457 483
f 493 448 456
f 493 456 457
f 494 492 462
f 494 462 445
f 494 445 492
f 495 493 481
f 495 481 448
f 495 448 493
o dino012
usemtl Material012
v -1.252645788 2.874022630 -2.129465906
v -1.174856516 1.615690497 -2.291961410
v -1.252645788 2.790278453 -2.631930966
v -1.755110848 2.874022630 -2.715675142
v -1.962114524 2.119776722 -2.120023062
v -1.671366671 1.617859980 -2.715675142
v -1.321219144 2.909657812 -2.614193796
v -1.168901611 1.701604157 -2.380698436
v -1.252645788 1.701604157 -2.129465906
v -2.006343378 2.790278453 -2.129465906
v -1.336389965 2.706534277 -2.715675142
v -1.905872288 2.870833712 -2.128234696
v -1.420134141 1.617859980 -2.631930966
v -1.671366671 1.617859980 -2.380698436
v -2.006343378 2.120325040 -2.296954259
v -1.357827358 2.896237545 -2.692547642
v -1.922599201 2.874022630 -2.548186789
v -1.594081150 1.608213359 -2.633412506
v -1.587622495 1.701604157 -2.129465906
v -1.898487450 1.949966051 -2.368342219
v -2.006343378 2.706534277 -2.296954259
v -1.922599201 2.622790100 -2.548186789
v -1.213778868 1.607256103 -2.333548530
v -1.420134141 1.617859980 -2.296954259
v -2.006343378 2.790278453 -2.213210082
v -1.838855025 2.622790100 -2.631930966
v -1.755110848 2.790278453 -2.715675142
f 502 496 498
f 503 496 497
f 503 498 496
f 504 497 496
f 504 496 500
f 506 501 499
f 506 498 503
f 507 496 502
f 507 505 500
f 507 500 496
f 508 503 497
f 508 506 503
f 508 501 506
f 510 500 505
f 510 509 500
f 511 502 498
f 511 498 506
f 511 506 499
f 511 499 502
f 512 507 502
f 512 502 499
f 512 505 507
f 513 501 508
f 513 509 501
f 514 497 504
f 514 504 500
f 514 500 509
f 515 510 501
f 515 501 509
f 515 509 510
f 516 512 510
f 516 510 505
f 517 512 499
f 517 501 510
f 517 510 512
f 518 513 508
f 518 508 497
f 518 509 513
f 519 514 509
f 519 497 514
f 519 518 497
f 519 509 518
f 520 516 505
f 520 505 512
f 520 512 516
f 521 501 517
f 522 499 501
f 522 501 521
f 522 521 517
f 522 517 499
o dino013
usemtl Material013
v 0.254749392 6.726254757 2.895184695
v 0.422237745 6.223789697 2.643952165
v 0.254749392 6.140045520 0.969068631
v -0.666436551 6.140045520 0.969068631
v -0.963579277 6.044112800 2.789421192
v -0.415204021 6.809998934 1.722766221
v 0.254749392 6.893743111 2.392719635
v 0.199945910 6.053369993 2.848363490
v 0.236778466 6.027721811 0.968971625
v -0.415204021 6.307533874 0.969068631
v -0.917669081 6.893743111 2.727696342
v 0.254749392 6.893743111 2.811440518
v 0.422237745 6.140045520 1.722766221
v -0.163971491 6.809998934 1.722766221
v 0.338493569 6.056301344 2.811440518
v -0.666436551 6.056301344 2.895184695
v -0.893680648 6.013918616 1.236198558
v -0.666436551 6.809998934 1.890254575
v -0.917669081 6.893743111 2.392719635
v -0.718115567 6.902690564 2.930272994
v 0.422237745 6.223789697 2.057742928
v 0.087261039 6.809998934 1.973998751
v -0.080227315 6.307533874 0.969068631
v 0.338493569 6.307533874 2.811440518
v 0.351884938 6.036756791 2.616896541
v -1.019941078 6.030646969 2.692860003
v -0.652994751 6.035208549 0.977025437
v -0.582692375 6.223789697 0.969068631
v -0.917669081 6.140045520 1.220301161
v 0.121061444 6.890446468 2.870991231
v -1.001413258 6.391278050 2.811440518
v 0.376961142 6.015212002 1.732577263
v -1.168901611 6.140045520 2.057742928
v -0.917669081 6.809998934 2.811440518
v -1.085157435 6.223789697 2.727696342
v -1.045393429 6.013864233 1.642711365
v -1.085157435 6.140045520 1.639022045
v -1.168901611 6.056301344 2.476463811
v -1.102131325 6.019133165 2.062363641
v -1.001413258 6.140045520 1.387789515
v -1.168901611 6.140045520 2.476463811
v -0.976239907 6.016637490 1.397749280
f 534 523 524
f 534 524 529
f 535 525 529
f 535 531 525
f 536 528 529
f 536 532 528
f 537 523 530
f 538 530 523
f 540 528 532
f 541 529 528
f 541 528 540
f 542 538 523
f 542 534 529
f 542 541 533
f 542 529 541
f 543 535 529
f 543 529 524
f 543 524 535
f 544 536 529
f 544 529 525
f 544 525 536
f 545 536 525
f 545 532 536
f 545 525 531
f 545 531 532
f 546 537 524
f 546 524 523
f 546 523 537
f 547 524 537
f 547 537 530
f 548 538 527
f 548 530 538
f 548 547 530
f 549 526 531
f 549 531 539
f 550 540 532
f 550 532 531
f 550 531 526
f 551 541 540
f 551 549 539
f 551 526 549
f 551 550 526
f 551 540 550
f 552 542 523
f 552 523 534
f 552 534 542
f 553 527 538
f 553 538 542
f 554 535 524
f 554 524 547
f 554 531 535
f 554 539 531
f 554 547 548
f 555 533 541
f 556 553 542
f 556 542 533
f 557 548 527
f 557 527 553
f 557 556 533
f 557 553 556
f 558 539 554
f 559 555 541
f 559 558 555
f 560 548 557
f 561 558 554
f 561 554 548
f 561 548 560
f 561 560 555
f 561 555 558
f 562 559 541
f 562 541 551
f 563 560 557
f 563 557 533
f 563 533 555
f 563 555 560
f 564 562 551
f 564 551 539
f 564 539 558
f 564 558 559
f 564 559 562
o dino014
usemtl Material014
v 0.505981922 1.199139096 1.973998751
v 0.840958629 0.780418213 1.722766221
v 0.840958629 1.534115803 1.722766221
v 0.288604941 1.538012263 0.842019491
v 0.098531132 0.695805727 1.712544942
v 0.840958629 1.282883273 1.052812808
v 0.115450712 1.530950392 1.703720277
v 0.171005215 0.696674036 1.890254575
v 0.783702483 1.538974505 1.163197789
v 0.254749392 1.031650743 0.801580278
v 0.478266296 1.541688039 1.899630479
v 0.636895753 0.665147874 1.830096228
v 0.554048161 1.542863690 0.862908843
v 0.840958629 1.450371627 1.052812808
v 0.130080291 0.768436961 1.100923398
v 0.840958629 0.780418213 1.220301161
v 0.628511143 1.539604119 1.825678871
v 0.338493569 1.199139096 1.973998751
v 0.135175138 0.686709285 1.750740930
v 0.589726099 1.199139096 0.801580278
v 0.638241930 1.537007899 0.927302316
v 0.171005215 1.199139096 1.136556985
v 0.422237745 1.031650743 0.801580278
v 0.746038875 0.693527716 1.716051889
v 0.709320637 0.678378636 1.761740566
v 0.221954840 1.532136445 1.825166715
v 0.757214452 1.031650743 0.969068631
v 0.705536109 0.784658401 1.168233799
v 0.364650871 1.532293906 1.897506726
v 0.147553580 1.529791863 1.751137017
v 0.840958629 0.947906566 1.136556985
v 0.673470276 1.031650743 0.885324455
f 565 566 567
f 570 567 566
f 572 571 569
f 575 565 567
f 575 568 571
f 576 566 565
f 576 565 572
f 577 575 573
f 577 568 575
f 578 573 567
f 578 567 570
f 579 568 574
f 579 569 571
f 580 570 566
f 581 575 567
f 581 567 573
f 581 573 575
f 582 572 565
f 582 565 575
f 583 576 572
f 583 572 569
f 583 579 576
f 583 569 579
f 584 574 568
f 584 568 577
f 584 577 578
f 585 578 577
f 585 577 573
f 585 573 578
f 586 579 571
f 586 571 568
f 586 568 579
f 587 579 574
f 587 574 584
f 588 580 566
f 589 576 579
f 589 579 580
f 589 580 588
f 589 588 566
f 589 566 576
f 590 575 571
f 590 572 582
f 591 578 570
f 592 580 579
f 592 579 587
f 593 590 582
f 593 582 575
f 593 575 590
f 594 590 571
f 594 571 572
f 594 572 590
f 595 591 570
f 595 570 580
f 595 580 591
f 596 587 584
f 596 584 578
f 596 578 591
f 596 591 580
f 596 592 587
f 596 580 592
o dino015
usemtl Material015
v -0.163971491 7.647440701 3.230161402
v 0.163678032 6.055616597 2.888348030
v 0.066003475 7.646065890 2.886186638
v -0.677006225 7.637150000 2.864335428
v -0.750180728 6.056301344 3.146417225
v -0.927831033 6.214070507 2.774881051
v -0.750180728 7.647440701 2.978928872
v 0.087261039 7.647440701 3.062673048
v -0.080227315 6.391278050 3.230161402
v 0.103962667 7.054589225 2.861405011
v -0.790414402 6.884815518 2.795174654
v -0.963579277 6.044112800 2.789421192
v -0.415204021 7.647440701 3.230161402
v -0.917669081 6.642510580 2.811440518
v 0.003516862 6.056301344 3.146417225
v 0.003516862 7.647440701 3.146417225
v 0.171005215 7.061231464 2.978928872
v -0.666436551 6.056301344 2.811440518
v -0.582692375 7.647440701 3.146417225
v -0.582692375 6.056301344 3.230161402
v -1.001413258 6.223789697 2.895184695
v 0.125083830 6.051025927 2.927695039
v -0.080227315 6.809998934 3.230161402
v -0.582692375 6.558766404 3.230161402
v -1.001413258 6.056301344 2.895184695
v -0.750180728 7.144975641 3.062673048
v -0.750180728 6.307533874 3.146417225
v -0.498948198 7.144975641 3.230161402
v -0.917669081 6.391278050 2.978928872
v -0.833924905 6.391278050 3.062673048
f 603 599 600
f 604 603 597
f 604 599 603
f 606 598 602
f 607 600 599
f 607 606 602
f 607 599 606
f 609 597 603
f 609 605 597
f 610 603 600
f 610 602 608
f 610 607 602
f 610 600 607
f 612 604 597
f 613 598 606
f 613 611 598
f 613 604 605
f 613 605 611
f 613 606 599
f 613 599 604
f 614 608 602
f 614 602 598
f 614 598 608
f 615 609 603
f 616 605 609
f 616 611 605
f 616 601 608
f 617 610 608
f 617 603 610
f 618 608 598
f 618 598 611
f 618 616 608
f 618 611 616
f 619 612 597
f 619 597 605
f 619 605 604
f 619 604 612
f 620 616 609
f 620 601 616
f 621 617 608
f 621 608 601
f 621 601 617
f 622 615 603
f 623 620 615
f 623 601 620
f 623 615 622
f 623 617 601
f 624 620 609
f 624 609 615
f 624 615 620
f 625 622 603
f 625 603 617
f 626 623 622
f 626 622 625
f 626 625 617
f 626 617 623
o dino016
usemtl Material016
v 0.906513191 3.884151201 0.887941604
v 0.924702806 3.627720220 0.885324455
v 1.066509649 3.888189717 -0.291832705
v -1.580037466 3.881623100 -0.286234647
v -1.530210542 3.241305297 0.951849057
v -1.597700628 3.906048528 -0.195807860
v 1.092191159 3.878952750 0.047882688
v 0.720809390 3.131560095 0.924741930
v -1.503878318 3.878952750 0.885324455
v -1.671366671 3.795208573 -0.203349842
v 1.092191159 3.711464397 -0.119605665
v -1.664585029 3.880965997 0.384860978
v -0.666436551 3.041510983 -0.287094019
v 1.092191159 3.795208573 0.047882688
v 0.757214452 3.125255160 0.801580278
v 1.092191159 3.711464397 -0.287094019
v -1.671366671 3.627720220 0.382859395
v -1.085157435 3.041510983 0.885324455
v -1.252645788 3.292743513 -0.287094019
v 0.338493569 3.041510983 -0.287094019
v 1.008446982 3.543976043 -0.287094019
v -1.587622495 3.627720220 -0.287094019
v 0.669622839 3.041817630 0.892722033
v -1.168901611 3.041510983 0.550347748
v 1.008446982 3.543976043 -0.203349842
v 0.673470276 3.208999337 -0.287094019
v -1.671366671 3.627720220 0.299115218
v -1.503878318 3.208999337 0.801580278
v -0.917669081 3.125255160 -0.287094019
v 0.673470276 3.041510983 0.801580278
v -1.503878318 3.460231867 -0.119605665
v -1.336389965 3.125255160 0.550347748
v -1.168901611 3.041510983 0.801580278
v -0.750180728 3.041510983 -0.203349842
v -1.420134141 3.376487690 -0.119605665
f 632 627 629
f 632 629 630
f 633 627 628
f 633 629 627
f 634 628 627
f 634 627 631
f 635 631 627
f 635 627 632
f 636 632 630
f 638 635 632
f 638 632 636
f 638 631 635
f 640 637 633
f 640 633 628
f 640 628 637
f 641 637 628
f 641 628 634
f 642 629 633
f 642 633 637
f 643 638 636
f 643 631 638
f 644 634 631
f 646 639 629
f 646 644 639
f 647 642 637
f 647 629 642
f 648 636 630
f 648 630 629
f 648 629 645
f 649 641 634
f 649 634 644
f 650 639 644
f 651 647 637
f 651 637 641
f 651 641 647
f 652 646 629
f 652 629 647
f 653 643 636
f 653 636 648
f 653 631 643
f 654 653 648
f 654 631 653
f 655 650 645
f 655 645 629
f 655 629 639
f 656 646 652
f 656 649 644
f 656 644 646
f 656 641 649
f 656 652 647
f 656 647 641
f 657 654 648
f 657 648 645
f 658 645 650
f 658 650 654
f 659 654 650
f 659 650 644
f 659 644 631
f 659 631 654
f 660 655 639
f 660 639 650
f 660 650 655
f 661 657 645
f 661 645 658
f 661 658 654
f 661 654 657
o dino017
usemtl Material017
v -0.415204021 3.878952750 2.057742928
v 0.087261039 3.543976043 1.555277868
v 0.087261039 3.878952750 0.885324455
v -2.090087555 3.878952750 0.885324455
v -2.257575908 3.543976043 1.973998751
v 0.087261039 3.543976043 0.885324455
v 0.087261039 3.878952750 1.555277868
v -0.415204021 3.627720220 2.057742928
v -2.173831732 3.878952750 2.057742928
v -2.045910500 3.537819716 0.938620495
v -2.117360306 3.541527030 2.026709569
v -2.257575908 3.878952750 1.220301161
v -1.263566400 3.595935926 2.044957445
v -2.257575908 3.878952750 1.890254575
v -2.257575908 3.543976043 1.052812808
v -2.257575908 3.627720220 1.973998751
v -2.173831732 3.878952750 0.969068631
v -2.257575908 3.627720220 1.052812808
v -2.257575908 3.795208573 1.136556985
f 662 664 665
f 667 664 663
f 667 665 664
f 668 662 663
f 668 663 664
f 668 664 662
f 669 663 662
f 670 662 665
f 670 669 662
f 671 665 667
f 671 667 663
f 672 663 669
f 672 671 663
f 672 666 671
f 672 670 666
f 673 670 665
f 674 672 669
f 674 669 670
f 674 670 672
f 675 673 666
f 675 670 673
f 676 671 666
f 676 666 673
f 676 665 671
f 677 675 666
f 677 666 670
f 677 670 675
f 678 673 665
f 678 665 676
f 679 678 676
f 679 676 673
f 680 679 673
f 680 673 678
f 680 678 679
o dino018
usemtl Material018
v 0.534245759 5.753808097 0.407611438
v 1.175935336 4.130185280 0.047882688
v 1.175935336 5.051371224 -1.459512492
v 0.484856190 5.604059232 -1.628202139
v 0.469297814 3.085492686 -1.132712160
v 0.757214452 5.553836284 -1.627000846
v 1.008446982 4.967627047 0.382859395
v 0.490024993 5.789958686 0.391101599
v 1.092191159 3.711464397 -1.627000846
v 0.673470276 5.721324637 0.382859395
v 1.259679512 4.632650340 -0.454582372
v 0.505981922 3.878952750 0.382859395
v 0.462606854 3.188242850 -0.632904340
v 0.589726099 5.637580460 -1.627000846
v 0.840958629 3.376487690 -0.035861489
v 1.213696952 4.631120560 -1.645359120
v 0.487764517 3.185917099 -1.611535199
v 1.092191159 5.218859577 -1.627000846
v 0.848785267 5.193979957 0.401437648
v 1.175935336 4.465161987 0.131626865
v 1.175935336 4.883882870 -0.454582372
v 1.259679512 3.962696927 -1.124535786
v 1.008446982 3.878952750 0.382859395
v 0.505981922 5.805068814 0.215371041
v 0.673470276 3.125255160 -1.627000846
v 0.673470276 3.208999337 -0.287094019
v 1.259679512 4.716394517 -1.375768316
v 1.111099108 5.018244688 -1.652070960
v 1.092191159 5.218859577 -1.543256669
v 0.589726099 5.805068814 0.215371041
v 1.175935336 4.716394517 -0.035861489
v 1.259679512 4.213929457 -0.370838196
v 1.175935336 4.800138694 -0.203349842
v 1.259679512 4.716394517 -0.705814902
v 1.175935336 4.967627047 -0.789559079
v 1.259679512 4.213929457 -1.627000846
v 1.092191159 3.627720220 -0.454582372
v 1.092191159 4.632650340 0.382859395
v 0.840958629 3.460231867 0.131626865
v 0.589726099 3.041510983 -1.375768316
v 0.840958629 3.292743513 -1.627000846
v 0.589726099 3.125255160 -0.622070726
v 0.493983075 3.229938019 -0.287935573
v 0.673470276 5.721324637 0.299115218
v 1.175935336 4.632650340 0.047882688
v 1.175935336 4.297673634 0.131626865
v 1.259679512 4.465161987 -0.370838196
v 1.175935336 3.878952750 -1.543256669
v 1.092191159 3.627720220 -1.292024139
v 1.092191159 3.878952750 0.131626865
v 1.259679512 4.046441104 -0.538326549
v 1.092191159 4.130185280 0.382859395
v 0.482068217 3.113231474 -1.355568269
v 0.589726099 3.041510983 -1.124535786
v 0.736932908 3.476850888 0.127730975
v 1.259679512 4.130185280 -1.543256669
v 1.175935336 3.795208573 -1.292024139
v 1.008446982 3.543976043 -1.543256669
v 0.924702806 3.460231867 -0.119605665
v 1.175935336 3.795208573 -0.454582372
v 1.259679512 4.046441104 -1.375768316
v 1.175935336 3.878952750 -0.203349842
v 0.757214452 3.208999337 -1.208279962
v 1.259679512 3.962696927 -0.789559079
f 690 688 681
f 692 681 688
f 693 688 684
f 693 684 685
f 693 692 688
f 697 685 684
f 698 683 696
f 699 690 681
f 699 687 690
f 699 681 692
f 703 699 692
f 704 694 684
f 704 684 688
f 705 697 684
f 707 696 683
f 707 691 702
f 708 694 686
f 708 698 696
f 708 686 698
f 708 684 694
f 708 705 684
f 708 696 705
f 709 698 690
f 709 683 698
f 710 698 686
f 710 686 694
f 710 694 704
f 710 704 688
f 710 688 690
f 712 702 691
f 713 701 690
f 713 690 687
f 713 687 711
f 713 711 691
f 714 707 683
f 714 691 707
f 714 713 691
f 714 701 713
f 715 690 701
f 715 709 690
f 715 683 709
f 715 714 683
f 715 701 714
f 716 689 696
f 716 707 702
f 716 696 707
f 718 687 699
f 719 703 692
f 719 706 695
f 720 697 705
f 721 705 696
f 721 696 689
f 721 720 705
f 723 692 693
f 723 722 706
f 723 693 685
f 723 685 722
f 723 706 719
f 724 710 690
f 724 690 698
f 724 698 710
f 725 700 691
f 725 691 711
f 725 718 700
f 725 711 687
f 725 687 718
f 726 712 700
f 726 682 712
f 726 700 718
f 727 712 691
f 727 691 700
f 727 700 712
f 728 689 716
f 729 717 721
f 730 703 719
f 731 702 712
f 731 712 682
f 732 718 699
f 732 699 703
f 732 726 718
f 732 682 726
f 732 730 682
f 732 703 730
f 733 720 685
f 733 685 697
f 733 697 720
f 734 695 706
f 734 706 722
f 734 722 685
f 734 685 720
f 734 720 721
f 735 723 719
f 735 719 692
f 735 692 723
f 736 728 716
f 736 716 702
f 737 728 702
f 737 717 729
f 737 729 689
f 737 689 728
f 738 729 721
f 738 721 689
f 738 689 729
f 739 730 719
f 739 719 695
f 740 737 702
f 740 717 737
f 741 736 702
f 741 702 728
f 741 728 736
f 742 739 717
f 742 730 739
f 742 717 740
f 742 682 730
f 742 731 682
f 743 739 695
f 743 695 734
f 743 734 721
f 743 721 717
f 743 717 739
f 744 740 702
f 744 702 731
f 744 742 740
f 744 731 742
o dino019
usemtl Material019
v -0.163971491 10.829719414 5.323765819
v 0.254749392 10.997207768 4.570068228
v 0.003516862 11.834649534 4.737556582
v -0.750180728 11.667161181 4.067603168
v -0.415204021 10.745975238 4.067603168
v 0.087261039 11.750905358 4.067603168
v -0.750180728 11.667161181 4.653812405
v 0.171005215 11.667161181 4.737556582
v -0.163971491 10.494742708 4.988789112
v -0.415204021 11.918393711 4.318835698
v 0.254749392 11.164696121 4.067603168
v -0.415204021 11.667161181 4.905044935
v -0.833924905 10.913463591 4.737556582
v 0.003516862 10.662231061 5.156277465
v -0.080227315 11.667161181 4.905044935
v 0.171005215 11.750905358 4.653812405
v -0.498948198 11.834649534 4.067603168
v -0.080227315 11.918393711 4.402579875
v -0.666436551 11.834649534 4.318835698
v 0.171005215 10.829719414 4.402579875
v -0.582692375 10.913463591 5.156277465
v -0.415204021 11.918393711 4.653812405
v -0.833924905 11.499672828 4.486324052
v -0.833924905 10.997207768 4.067603168
v -0.582692375 10.578486884 4.821300758
v 0.003516862 10.997207768 5.156277465
v -0.331459845 10.578486884 5.323765819
v 0.003516862 11.750905358 4.821300758
v 0.254749392 11.499672828 4.235091522
v 0.003516862 11.834649534 4.067603168
v -0.080227315 11.918393711 4.570068228
v -0.750180728 11.750905358 4.570068228
v -0.750180728 11.750905358 4.151347345
v -0.582692375 11.834649534 4.151347345
v -0.247715668 10.745975238 4.067603168
v 0.254749392 10.913463591 4.402579875
v -0.498948198 11.583417004 4.905044935
v -0.331459845 10.829719414 5.323765819
v -0.750180728 11.080951944 4.905044935
v -0.498948198 11.834649534 4.737556582
v -0.833924905 11.164696121 4.737556582
v -0.833924905 11.499672828 4.067603168
v -0.331459845 10.494742708 4.988789112
v -0.750180728 10.829719414 4.318835698
v 0.087261039 11.667161181 4.821300758
v 0.171005215 11.164696121 4.821300758
v -0.163971491 10.578486884 5.323765819
v -0.582692375 10.662231061 5.156277465
v 0.254749392 11.415928651 4.067603168
v 0.171005215 11.750905358 4.318835698
v 0.254749392 11.499672828 4.486324052
v -0.163971491 11.918393711 4.318835698
v -0.163971491 11.918393711 4.653812405
v -0.666436551 11.834649534 4.402579875
v -0.666436551 11.750905358 4.067603168
v -0.080227315 10.578486884 4.737556582
v 0.171005215 10.997207768 4.067603168
v 0.171005215 10.829719414 4.821300758
v -0.498948198 10.829719414 5.240021642
v -0.666436551 10.913463591 5.072533288
v -0.582692375 11.750905358 4.737556582
v -0.582692375 11.834649534 4.653812405
v -0.498948198 10.578486884 4.737556582
v -0.582692375 10.578486884 5.072533288
f 750 749 748
f 755 749 750
f 759 756 745
f 759 747 756
f 761 750 748
f 766 754 763
f 766 756 747
f 766 762 754
f 768 748 749
f 768 757 767
f 770 745 758
f 772 747 759
f 773 746 755
f 774 761 754
f 774 750 761
f 775 747 760
f 775 760 762
f 775 762 766
f 776 767 751
f 777 776 763
f 777 767 776
f 778 763 754
f 778 754 761
f 778 777 763
f 778 761 777
f 779 753 749
f 779 749 755
f 780 755 746
f 781 751 765
f 782 745 756
f 782 756 781
f 782 771 745
f 784 756 766
f 784 781 756
f 784 776 751
f 785 767 757
f 785 751 767
f 785 783 751
f 785 757 783
f 786 768 767
f 786 748 768
f 786 777 748
f 786 767 777
f 787 749 753
f 787 753 771
f 788 768 749
f 788 749 769
f 788 769 757
f 788 757 768
f 789 759 745
f 789 745 770
f 789 772 759
f 789 770 752
f 789 747 772
f 789 760 747
f 789 752 760
f 790 770 758
f 790 746 752
f 790 752 770
f 791 758 745
f 791 745 771
f 791 771 753
f 791 753 758
f 793 773 755
f 793 755 750
f 794 760 773
f 794 750 774
f 794 774 762
f 794 762 760
f 794 793 750
f 794 773 793
f 795 773 760
f 795 760 752
f 795 752 746
f 795 746 773
f 796 774 754
f 796 754 762
f 796 762 774
f 797 775 766
f 797 766 747
f 797 747 775
f 798 766 763
f 798 763 776
f 799 777 761
f 799 761 748
f 799 748 777
f 800 779 764
f 800 764 753
f 800 753 779
f 801 779 755
f 801 764 779
f 801 780 764
f 801 755 780
f 802 780 746
f 802 764 780
f 802 758 753
f 802 753 764
f 802 790 758
f 802 746 790
f 803 782 781
f 803 781 765
f 803 771 782
f 803 792 771
f 803 765 792
f 804 765 751
f 804 751 783
f 804 792 765
f 804 783 757
f 804 757 792
f 805 784 751
f 805 751 781
f 805 781 784
f 806 784 766
f 806 776 784
f 806 798 776
f 806 766 798
f 807 787 769
f 807 769 749
f 807 749 787
f 808 787 771
f 808 769 787
f 808 771 792
f 808 792 757
f 808 757 769
o dino020
usemtl Material020
v -0.080227315 3.795208573 2.727696342
v 0.087261039 3.711464397 2.643952165
v 0.087261039 3.878952750 1.555277868
v -0.415204021 3.878952750 1.555277868
v -0.750180728 3.627720220 2.560207988
v -0.095021011 3.909233512 2.662185291
v 0.087261039 3.543976043 1.555277868
v -0.742880676 3.898291302 2.693620247
v 0.079729988 3.895502400 2.612305798
v 0.087261039 3.543976043 2.476463811
v -0.415204021 3.543976043 1.555277868
v -0.750180728 3.795208573 2.727696342
v -0.750180728 3.878952750 2.476463811
v -0.415204021 3.543976043 2.392719635
v -0.733060812 3.678618551 2.440954015
v 0.003516862 3.543976043 2.476463811
f 814 811 812
f 815 811 810
f 815 812 811
f 816 809 814
f 816 814 812
f 817 814 809
f 817 809 810
f 817 810 811
f 817 811 814
f 818 815 810
f 819 812 815
f 819 815 818
f 820 809 816
f 820 810 809
f 821 816 812
f 821 820 816
f 821 813 820
f 821 812 819
f 822 819 818
f 822 813 819
f 823 821 819
f 823 819 813
f 823 813 821
f 824 822 818
f 824 813 822
f 824 820 813
f 824 818 810
f 824 810 820
o dino021
usemtl Material021
v -1.838855025 1.115394920 2.476463811
v -1.435123502 0.440820561 2.226126993
v -1.503878318 2.371557570 1.722766221
v -2.090087555 2.371557570 0.969068631
v -2.341320085 -0.057023554 2.141487105
v -1.503878318 2.204069217 1.136556985
v -2.257575908 2.287813393 1.973998751
v -1.587622495 1.366627450 2.308975458
v -2.131065025 0.498278066 2.595858640
v -1.420134141 1.366627450 1.722766221
v -1.503878318 2.371557570 1.136556985
v -1.587622495 0.194208976 1.722766221
v -2.131638570 2.365138547 1.926070503
v -2.257575908 2.371557570 1.304045338
v -1.671366671 0.947906566 2.476463811
v -1.420134141 0.696674036 2.225231281
v -1.838855025 -0.057023554 2.225231281
v -2.341320085 0.529185683 2.560207988
v -1.755110848 2.287813393 0.969068631
v -1.776187807 2.392920361 1.041345071
v -2.006343378 0.361697330 1.639022045
v -1.420134141 0.194208976 1.890254575
v -1.755110848 2.204069217 2.141487105
v -2.257575908 1.701604157 1.387789515
v -2.183988975 2.365022204 1.851463666
v -1.517609675 0.092436608 2.220576741
v -1.503878318 1.701604157 2.057742928
v -1.420134141 1.282883273 1.890254575
v -1.587622495 1.031650743 2.392719635
v -2.341320085 -0.057023554 2.225231281
v -1.671366671 0.026720623 1.806510398
v -2.341320085 0.696674036 2.057742928
v -2.173831732 0.696674036 2.560207988
v -1.587622495 2.371557570 1.052812808
v -1.671366671 1.450371627 1.220301161
v -1.671366671 2.371557570 1.973998751
v -1.420134141 1.115394920 1.722766221
v -1.671366671 1.869092510 2.225231281
v -2.173831732 2.287813393 2.057742928
v -2.257575908 2.120325040 1.304045338
v -2.173831732 0.194208976 1.806510398
v -1.503878318 2.287813393 1.806510398
v -1.503878318 0.947906566 2.308975458
v -1.420134141 1.366627450 1.806510398
v -2.291552776 0.386800628 2.543339404
v -1.922599201 -0.057023554 2.057742928
v -1.503878318 0.026720623 1.973998751
v -2.341320085 0.696674036 2.225231281
v -1.587622495 2.204069217 1.052812808
v -1.755110848 0.529185683 1.555277868
v -2.006343378 1.450371627 1.220301161
v -1.503878318 1.031650743 1.471533691
v -1.587622495 2.371557570 1.890254575
v -1.671366671 1.282883273 2.392719635
v -1.587622495 1.617859980 2.225231281
v -1.755110848 1.701604157 2.308975458
v -2.090087555 2.204069217 2.141487105
v -2.090087555 2.287813393 0.969068631
v -2.341320085 0.026720623 2.057742928
v -2.006343378 0.026720623 1.806510398
v -1.838855025 -0.057023554 2.141487105
v -1.671366671 2.036580863 1.052812808
v -1.671366671 0.780418213 1.471533691
v -1.838855025 2.204069217 0.969068631
f 835 834 830
f 835 827 834
f 839 825 833
f 840 839 826
f 844 827 835
f 844 828 838
f 846 840 826
f 846 834 840
f 849 838 831
f 849 831 837
f 849 844 838
f 849 837 844
f 850 839 833
f 850 826 839
f 850 833 841
f 850 846 826
f 852 840 834
f 853 832 839
f 853 839 840
f 854 829 841
f 854 842 829
f 855 836 846
f 856 829 842
f 857 842 833
f 857 833 825
f 858 835 830
f 858 844 835
f 858 843 828
f 858 828 844
f 860 844 837
f 861 846 830
f 861 830 834
f 861 834 846
f 862 860 847
f 863 837 831
f 863 831 842
f 863 860 837
f 863 847 860
f 864 838 828
f 864 856 838
f 866 851 840
f 866 852 827
f 866 840 852
f 867 840 851
f 867 853 840
f 867 832 853
f 868 852 834
f 868 834 827
f 868 827 852
f 869 854 841
f 869 841 833
f 869 833 842
f 869 842 854
f 870 841 829
f 871 850 841
f 871 855 846
f 871 846 850
f 872 856 842
f 872 842 831
f 872 831 838
f 872 838 856
f 873 858 830
f 873 843 858
f 874 836 855
f 875 845 865
f 875 874 845
f 875 859 874
f 876 846 836
f 876 836 859
f 876 830 846
f 876 873 830
f 876 859 873
f 877 827 844
f 877 844 860
f 877 866 827
f 877 860 862
f 878 839 832
f 878 832 862
f 878 825 839
f 879 862 832
f 879 877 862
f 879 851 866
f 879 866 877
f 879 867 851
f 879 832 867
f 880 862 847
f 880 878 862
f 880 825 878
f 881 863 842
f 881 842 857
f 881 857 825
f 881 825 880
f 881 880 847
f 881 847 863
f 882 864 828
f 882 848 864
f 882 875 865
f 882 828 843
f 883 864 848
f 883 829 856
f 883 856 864
f 883 882 865
f 883 848 882
f 884 883 865
f 884 829 883
f 884 870 829
f 884 855 870
f 884 865 845
f 884 874 855
f 884 845 874
f 885 871 841
f 885 841 870
f 885 870 855
f 885 855 871
f 886 873 859
f 886 843 873
f 887 874 859
f 887 859 836
f 887 836 874
f 888 859 875
f 888 886 859
f 888 843 886
f 888 882 843
f 888 875 882
o dino022
usemtl Material022
v -1.336389965 5.386347930 0.885324455
v -1.336389965 4.632650340 0.885324455
v -1.215717585 5.364522818 -1.289109302
v -1.420134141 5.135115400 -1.375768316
v -1.671366671 5.135115400 0.382859395
v -1.252645788 4.632650340 -1.208279962
v -1.252645788 4.632650340 -0.287094019
v -1.642535502 5.034512603 0.898752826
v -1.587622495 5.386347930 0.382859395
v -1.252645788 5.051371224 -1.375768316
v -1.587622495 4.632650340 -1.124535786
v -1.466922800 4.628992325 -1.201096609
v -1.523316664 5.264458220 0.907871751
v -1.278871771 5.408515782 -0.286732745
v -1.336389965 5.386347930 -1.292024139
v -1.503878318 5.135115400 -1.040791609
v -1.587622495 5.386347930 0.634091925
v -1.249375076 5.300720877 -1.375880621
v -1.671366671 4.883882870 0.131626865
v -1.503878318 4.632650340 0.885324455
v -1.361131624 5.032646928 -1.373521465
v -1.462910836 5.362302931 0.902384581
v -1.587622495 5.051371224 -0.622070726
v -1.587622495 4.883882870 -1.040791609
v -1.420134141 5.218859577 -1.292024139
v -1.503878318 5.218859577 -0.789559079
v -1.608778780 5.107198595 0.911329011
v -1.264939358 5.269500613 -1.379774317
v -1.652737326 4.879393925 0.721415602
v -1.550348353 4.629148019 -0.865021010
v -1.587622495 4.716394517 -1.124535786
v -1.671366671 4.967627047 0.131626865
v -1.503878318 5.051371224 -1.208279962
f 895 889 890
f 895 891 889
f 895 894 891
f 898 891 894
f 900 895 890
f 900 894 895
f 900 899 892
f 902 889 891
f 903 902 891
f 903 897 902
f 905 897 893
f 905 893 896
f 905 902 897
f 905 889 902
f 906 891 898
f 906 903 891
f 906 892 903
f 909 898 894
f 909 894 900
f 909 900 892
f 909 892 898
f 910 901 890
f 910 890 889
f 910 905 901
f 910 889 905
f 911 893 897
f 911 897 904
f 912 911 904
f 912 893 911
f 913 903 892
f 914 904 897
f 914 897 903
f 914 913 904
f 914 903 913
f 915 905 896
f 915 901 905
f 915 896 908
f 915 908 890
f 915 890 901
f 916 906 898
f 916 898 892
f 916 892 906
f 917 896 893
f 917 893 907
f 917 908 896
f 917 907 899
f 917 899 908
f 918 900 890
f 918 890 908
f 918 908 899
f 918 899 900
f 919 892 899
f 919 899 907
f 920 907 893
f 920 893 912
f 920 919 907
f 920 912 919
f 921 912 904
f 921 904 913
f 921 913 892
f 921 919 912
f 921 892 919
o dino023
usemtl Material023
v -0.080227315 4.632650340 -1.627000846
v -0.078661796 3.138035960 -1.625416432
v -0.079496789 3.128004376 -3.135308556
v -1.336389965 4.632650340 -3.134396026
v -1.922599201 3.795208573 -1.627000846
v -0.080227315 4.632650340 -3.134396026
v -1.755110848 4.548906164 -1.627000846
v -1.877440524 3.112461340 -1.642685214
v -0.782257938 4.048592471 -3.227903120
v -1.755110848 4.632650340 -1.710745022
v -1.838855025 3.125255160 -2.715675142
v -0.580669668 3.296410704 -3.219147542
v -1.622603359 4.612413583 -1.656917300
v -1.838855025 4.297673634 -1.627000846
v -1.908148803 3.123325202 -1.876742524
v -0.415204021 3.125255160 -3.134396026
v -1.671366671 4.632650340 -2.715675142
v -0.582692375 3.460231867 -3.218140203
v -1.587622495 3.292743513 -2.966907672
v -1.922599201 3.878952750 -2.045721729
v -1.671366671 3.125255160 -2.883163496
v -1.587622495 4.046441104 -2.966907672
v -0.917669081 3.460231867 -3.218140203
v -1.922599201 3.627720220 -2.045721729
v -1.838855025 3.460231867 -2.715675142
v -1.922599201 3.962696927 -1.794489199
v -1.587622495 4.632650340 -2.883163496
v -1.336389965 4.213929457 -3.134396026
v -0.917669081 3.962696927 -3.218140203
v -1.503878318 3.208999337 -2.966907672
v -1.838855025 4.381417810 -2.213210082
v -1.671366671 4.465161987 -2.799419319
v -1.420134141 3.460231867 -3.050651849
v -1.755110848 4.548906164 -2.464442612
v -1.838855025 4.465161987 -2.129465906
v -1.755110848 3.711464397 -2.799419319
v -1.755110848 4.632650340 -2.380698436
v -1.922599201 3.962696927 -1.961977552
v -1.838855025 4.465161987 -1.878233376
v -1.838855025 4.381417810 -1.710745022
f 927 925 922
f 927 922 923
f 927 923 924
f 928 923 922
f 929 924 923
f 929 923 926
f 930 925 927
f 931 922 925
f 933 927 924
f 934 931 928
f 934 928 922
f 934 922 931
f 935 928 931
f 935 926 923
f 935 923 928
f 936 932 929
f 936 929 926
f 937 924 929
f 937 933 924
f 938 931 925
f 939 933 930
f 939 930 927
f 939 927 933
f 942 937 929
f 942 929 932
f 942 933 937
f 943 925 940
f 943 940 942
f 944 930 933
f 945 936 926
f 945 926 941
f 945 941 932
f 945 932 936
f 946 932 941
f 947 941 926
f 947 926 935
f 948 938 925
f 948 925 943
f 949 940 925
f 949 925 944
f 950 944 925
f 950 925 930
f 950 930 944
f 951 942 940
f 951 940 944
f 951 944 933
f 951 933 942
f 952 946 941
f 953 946 938
f 953 938 948
f 954 949 944
f 954 944 940
f 954 940 949
f 955 938 946
f 955 946 952
f 956 952 941
f 957 946 953
f 957 943 942
f 957 942 932
f 957 932 946
f 957 953 948
f 957 948 943
f 958 931 938
f 958 938 955
f 958 956 931
f 958 955 952
f 958 952 956
f 959 956 941
f 959 941 947
f 959 947 956
f 960 956 947
f 960 931 956
f 961 960 947
f 961 947 935
f 961 935 931
f 961 931 960
o dino024
usemtl Material024
v -1.252645788 3.125255160 -1.627000846
v -1.252645788 1.701604157 -1.627000846
v -1.252645788 3.125255160 -2.129465906
v -1.857796855 3.115806707 -2.123086939
v -2.006343378 2.120325040 -1.627000846
v -1.587622495 1.701604157 -2.129465906
v -2.006343378 3.125255160 -1.710745022
v -1.638166838 1.683902786 -1.568078072
v -1.252645788 1.701604157 -2.129465906
v -2.006343378 2.874022630 -2.129465906
v -2.006343378 3.125255160 -1.878233376
v -2.006343378 3.041510983 -1.627000846
v -1.962114524 2.119776722 -2.120023062
v -1.877440524 3.112461340 -1.642685214
f 962 963 964
f 968 962 964
f 969 963 962
f 970 967 964
f 970 964 963
f 970 969 967
f 970 963 969
f 971 965 964
f 971 964 967
f 971 966 968
f 972 968 964
f 972 964 965
f 972 971 968
f 972 965 971
f 973 968 966
f 973 969 962
f 973 966 969
f 974 969 966
f 974 967 969
f 974 971 967
f 974 966 971
f 975 973 962
f 975 962 968
f 975 968 973
o dino025
usemtl Material025
v 0.171005215 11.583417004 4.067603168
v 0.171005215 10.410998531 3.230161402
v 0.003516862 11.332184474 3.062673048
v -0.498948198 10.662231061 2.727696342
v -0.833924905 11.080951944 4.067603168
v -0.080227315 10.829719414 2.727696342
v 0.171005215 11.248440298 3.313905578
v -0.080227315 10.829719414 4.067603168
v -0.582692375 10.578486884 3.313905578
v -0.415204021 11.834649534 3.983858992
v -0.114757770 10.563222329 2.777655406
v -0.415204021 11.164696121 2.895184695
v 0.087261039 11.583417004 3.565138108
v 0.087261039 10.829719414 2.895184695
v 0.087261039 10.913463591 3.983858992
v 0.105628010 11.124798416 4.094020561
v -0.582692375 10.578486884 2.811440518
v -0.331459845 10.745975238 4.067603168
v -0.582692375 11.750905358 4.067603168
v -0.498948198 10.578486884 2.727696342
v -0.331459845 10.829719414 2.727696342
v -0.080227315 11.164696121 2.895184695
v -0.331459845 11.583417004 3.313905578
v 0.087261039 11.499672828 3.397649755
v 0.171005215 11.499672828 3.648882285
v -0.080227315 11.834649534 3.900114815
v 0.087261039 11.164696121 3.062673048
v 0.171005215 10.829719414 3.062673048
v 0.171005215 10.410998531 3.062673048
v 0.079130033 10.411658625 3.063935359
v -0.582692375 11.080951944 2.978928872
v -0.498948198 10.829719414 4.067603168
v -0.247715668 10.745975238 4.067603168
v -0.331459845 10.578486884 3.565138108
v -0.117372758 11.765732971 4.079434248
v -0.833924905 11.415928651 4.067603168
v -0.415204021 10.997207768 2.811440518
v 0.003516862 10.913463591 2.811440518
v -0.498948198 11.583417004 3.397649755
v -0.080227315 11.583417004 3.313905578
v 0.087261039 11.667161181 3.816370638
v -0.331459845 11.750905358 3.648882285
v 0.171005215 10.997207768 3.146417225
v 0.066704640 10.414630885 3.222643878
v -0.582692375 10.662231061 2.811440518
v -0.750180728 10.997207768 4.067603168
v -0.415204021 11.834649534 4.067603168
v -0.750180728 11.583417004 4.067603168
v -0.833924905 11.080951944 3.983858992
v -0.498948198 10.913463591 2.811440518
v 0.003516862 11.080951944 2.895184695
v -0.582692375 11.750905358 3.983858992
v -0.498948198 11.332184474 3.062673048
v 0.003516862 11.415928651 3.146417225
v 0.003516862 11.750905358 3.732626462
v 0.171005215 11.583417004 3.983858992
v -0.331459845 11.834649534 3.900114815
v -0.415204021 11.750905358 3.732626462
v -0.080227315 11.750905358 3.648882285
v -0.833924905 11.415928651 3.983858992
v -0.582692375 10.913463591 2.895184695
v -0.750180728 11.583417004 3.983858992
v -0.415204021 11.499672828 3.230161402
v -0.498948198 11.080951944 2.895184695
f 982 976 977
f 990 983 977
f 991 983 990
f 991 990 977
f 991 977 976
f 992 984 980
f 995 979 981
f 995 981 986
f 995 992 979
f 996 987 981
f 996 981 979
f 997 987 978
f 997 981 987
f 998 978 987
f 1000 976 982
f 1000 999 988
f 1000 982 999
f 1002 999 982
f 1002 978 999
f 1003 982 977
f 1003 989 1002
f 1004 986 981
f 1004 981 989
f 1004 995 986
f 1004 1003 977
f 1004 989 1003
f 1005 1004 977
f 1005 992 995
f 1005 995 1004
f 1007 984 993
f 1007 993 991
f 1008 983 991
f 1008 991 993
f 1008 993 977
f 1008 977 983
f 1009 993 984
f 1010 976 1001
f 1010 991 976
f 1011 980 991
f 1012 987 996
f 1013 989 981
f 1013 981 997
f 1013 1002 989
f 1015 978 998
f 1016 1000 988
f 1016 1001 976
f 1017 998 1014
f 1017 1015 998
f 1018 1003 1002
f 1018 1002 982
f 1018 982 1003
f 1019 1005 977
f 1019 984 992
f 1019 992 1005
f 1019 1009 984
f 1019 977 993
f 1019 993 1009
f 1020 979 992
f 1021 980 984
f 1021 984 1007
f 1021 1007 991
f 1021 991 980
f 1022 985 994
f 1022 994 1010
f 1022 1010 1001
f 1022 1001 985
f 1023 1010 994
f 1023 1011 991
f 1023 991 1010
f 1024 992 980
f 1024 980 1011
f 1024 1020 992
f 1025 987 1012
f 1025 979 1020
f 1025 1012 996
f 1025 996 979
f 1026 1013 997
f 1026 997 978
f 1026 978 1002
f 1026 1002 1013
f 1027 994 985
f 1027 1023 994
f 1028 998 987
f 1029 1015 999
f 1029 999 978
f 1029 978 1015
f 1030 988 999
f 1030 999 1015
f 1030 1016 988
f 1030 1001 1016
f 1031 1016 976
f 1031 976 1000
f 1031 1000 1016
f 1032 1017 985
f 1032 985 1001
f 1032 1001 1017
f 1033 1017 1014
f 1033 985 1017
f 1033 1027 985
f 1033 1014 1027
f 1034 1017 1001
f 1034 1015 1017
f 1034 1030 1015
f 1034 1001 1030
f 1035 1028 1006
f 1035 1011 1023
f 1035 1024 1011
f 1035 1020 1024
f 1036 1025 1020
f 1036 1006 1025
f 1036 1035 1006
f 1036 1020 1035
f 1037 1027 1014
f 1037 1023 1027
f 1037 1035 1023
f 1037 1014 1028
f 1037 1028 1035
f 1038 1028 1014
f 1038 1014 998
f 1038 998 1028
f 1039 1025 1006
f 1039 1006 1028
f 1039 1028 987
f 1039 987 1025
o dino026
usemtl Material026
v -0.018697874 1.089368382 -5.262163622
v 0.087261039 0.529185683 -5.311744619
v -0.080227315 0.529185683 -6.567907270
v -0.331459845 0.529185683 -6.651651446
v -0.415204021 0.529185683 -5.311744619
v -0.247715668 0.277953153 -5.897953856
v 0.003516862 1.115394920 -5.395488796
v -0.331459845 0.445441506 -5.311744619
v -0.080227315 0.277953153 -6.400418916
v -0.415204021 0.361697330 -6.484163093
v -0.163971491 0.529185683 -6.651651446
v -0.331459845 1.115394920 -5.395488796
v 0.087261039 1.031650743 -5.395488796
v 0.003516862 0.445441506 -5.311744619
v -0.366152071 0.920001576 -5.283238718
v -0.415204021 0.361697330 -5.981698033
v 0.087261039 0.529185683 -5.814209679
v -0.331459845 0.277953153 -6.484163093
v -0.163971491 0.612929860 -6.484163093
v -0.080227315 0.361697330 -6.567907270
v -0.331459845 1.115394920 -5.311744619
v -0.415204021 0.529185683 -6.567907270
v 0.054068047 1.001814592 -5.269818414
v -0.080227315 0.361697330 -5.562977149
v 0.003516862 0.361697330 -5.646721326
v -0.331459845 0.277953153 -6.065442210
v 0.087261039 0.696674036 -5.814209679
v -0.331459845 0.361697330 -6.651651446
v -0.331459845 0.612929860 -6.484163093
v -0.163971491 0.277953153 -6.484163093
v 0.003516862 0.361697330 -6.232930563
v -0.415204021 0.947906566 -5.395488796
v -0.247715668 0.361697330 -5.562977149
v -0.080227315 0.277953153 -5.897953856
v -0.331459845 0.361697330 -5.646721326
v -0.163971491 0.361697330 -6.651651446
v -0.415204021 0.445441506 -6.567907270
v 0.003516862 0.529185683 -6.232930563
f 1050 1046 1042
f 1052 1046 1040
f 1052 1042 1046
f 1053 1040 1047
f 1054 1047 1040
f 1054 1044 1047
f 1055 1047 1044
f 1055 1044 1049
f 1056 1052 1041
f 1057 1048 1045
f 1057 1055 1049
f 1058 1050 1043
f 1058 1046 1050
f 1058 1051 1046
f 1059 1050 1042
f 1060 1040 1046
f 1060 1046 1051
f 1060 1054 1040
f 1061 1049 1044
f 1062 1052 1040
f 1062 1041 1052
f 1062 1053 1041
f 1062 1040 1053
f 1063 1053 1047
f 1064 1041 1053
f 1064 1056 1041
f 1065 1057 1045
f 1065 1055 1057
f 1066 1042 1052
f 1066 1052 1056
f 1067 1057 1049
f 1067 1043 1050
f 1067 1061 1043
f 1068 1058 1043
f 1068 1051 1058
f 1068 1061 1051
f 1068 1043 1061
f 1069 1059 1048
f 1069 1048 1057
f 1069 1057 1067
f 1070 1048 1059
f 1070 1064 1048
f 1070 1056 1064
f 1070 1059 1042
f 1070 1066 1056
f 1071 1060 1051
f 1071 1054 1060
f 1071 1051 1061
f 1071 1061 1044
f 1071 1044 1054
f 1072 1063 1047
f 1072 1047 1045
f 1072 1045 1063
f 1073 1063 1045
f 1073 1045 1048
f 1073 1048 1064
f 1073 1064 1053
f 1073 1053 1063
f 1074 1065 1045
f 1074 1045 1047
f 1074 1047 1055
f 1074 1055 1065
f 1075 1067 1050
f 1075 1050 1059
f 1075 1069 1067
f 1075 1059 1069
f 1076 1067 1049
f 1076 1049 1061
f 1076 1061 1067
f 1077 1070 1042
f 1077 1042 1066
f 1077 1066 1070
o dino027
usemtl Material027
v -1.671366671 2.957766807 2.225231281
v -1.420134141 2.790278453 1.722766221
v -1.420134141 3.041510983 1.890254575
v -1.769199565 3.046950134 0.909786443
v -2.173831732 2.287813393 2.057742928
v -1.503878318 3.041510983 1.052812808
v -2.257575908 3.041510983 1.973998751
v -1.587622495 2.371557570 1.890254575
v -1.420134141 3.041510983 1.304045338
v -1.691276120 3.068059317 2.170497025
v -1.922599201 2.957766807 2.225231281
v -2.257575908 2.371557570 1.304045338
v -1.503878318 2.455301747 1.806510398
v -1.802131768 2.272488861 1.990969582
v -1.711097031 3.065756028 0.931122469
v -1.564456680 3.064584300 2.026046100
v -2.090087555 3.041510983 2.141487105
v -2.209044875 3.046423749 1.304769418
v -2.257575908 2.790278453 1.973998751
v -1.671366671 2.371557570 0.969068631
v -1.420134141 2.957766807 1.890254575
v -1.587622495 2.874022630 2.141487105
v -2.138383828 2.278381516 1.935447331
v -2.090087555 2.874022630 2.141487105
v -1.898046374 3.064689636 2.154372692
v -1.503878318 2.371557570 1.136556985
v -1.671366671 2.874022630 0.885324455
v -1.503878318 2.874022630 2.057742928
v -1.420134141 2.790278453 1.304045338
v -1.503878318 2.371557570 1.722766221
v -1.587622495 2.790278453 0.969068631
v -1.503878318 2.874022630 1.052812808
v -1.420134141 2.706534277 1.387789515
v -1.420134141 2.706534277 1.555277868
f 1086 1080 1079
f 1087 1078 1080
f 1088 1082 1078
f 1088 1078 1087
f 1091 1078 1082
f 1092 1086 1083
f 1093 1087 1080
f 1093 1080 1086
f 1093 1092 1087
f 1093 1086 1092
f 1094 1084 1082
f 1095 1089 1084
f 1095 1081 1089
f 1095 1092 1081
f 1096 1089 1082
f 1096 1082 1084
f 1096 1084 1089
f 1097 1089 1081
f 1098 1090 1079
f 1098 1079 1080
f 1099 1091 1085
f 1099 1078 1091
f 1100 1091 1082
f 1100 1082 1089
f 1100 1097 1091
f 1100 1089 1097
f 1101 1094 1082
f 1101 1082 1088
f 1101 1088 1094
f 1102 1094 1088
f 1102 1088 1087
f 1102 1084 1094
f 1102 1095 1084
f 1102 1087 1092
f 1102 1092 1095
f 1103 1091 1097
f 1104 1092 1083
f 1104 1097 1081
f 1104 1081 1092
f 1105 1099 1085
f 1105 1085 1090
f 1105 1090 1098
f 1105 1098 1080
f 1105 1080 1078
f 1105 1078 1099
f 1106 1083 1086
f 1106 1086 1079
f 1107 1079 1090
f 1107 1090 1085
f 1107 1085 1091
f 1107 1091 1103
f 1108 1103 1097
f 1108 1097 1104
f 1108 1104 1083
f 1109 1106 1103
f 1109 1083 1106
f 1109 1108 1083
f 1109 1103 1108
f 1110 1106 1079
f 1110 1103 1106
f 1110 1107 1103
f 1111 1110 1079
f 1111 1079 1107
f 1111 1107 1110
o dino028
usemtl Material028
v -0.080227315 5.637580460 -2.296954259
v -0.080227315 4.632650340 -2.296954259
v -0.080227315 5.637580460 -3.134396026
v -0.833924905 5.470092107 -3.134396026
v -1.667177730 4.631417472 -2.296071615
v -0.080227315 4.632650340 -3.134396026
v -0.917669081 5.721324637 -2.464442612
v -0.886891016 5.658479248 -2.277993482
v -1.336389965 4.632650340 -3.134396026
v -0.582692375 5.721324637 -2.799419319
v -1.587622495 5.051371224 -2.548186789
v -1.600134278 4.860056796 -2.278962526
v -0.819432676 5.688759897 -2.288958889
v -0.411310733 5.697580574 -2.623373067
v -0.331459845 5.637580460 -3.134396026
v -0.833924905 5.637580460 -2.799419319
v -1.587622495 5.135115400 -2.296954259
v -1.671366671 4.632650340 -2.631930966
v -1.420134141 4.967627047 -2.966907672
v -1.085157435 5.637580460 -2.296954259
v -1.085157435 5.637580460 -2.464442612
v -0.750180728 5.553836284 -3.050651849
v -1.503878318 4.632650340 -2.966907672
v -1.671366671 4.883882870 -2.464442612
v -1.252645788 4.967627047 -3.134396026
v -1.587622495 4.800138694 -2.799419319
v -1.503878318 5.218859577 -2.464442612
v -0.750180728 5.637580460 -2.883163496
v -1.587622495 5.135115400 -2.380698436
v -1.420134141 4.800138694 -3.050651849
v -1.671366671 4.716394517 -2.631930966
v -1.503878318 5.135115400 -2.631930966
v -0.498948198 5.637580460 -3.050651849
v -1.503878318 4.800138694 -2.966907672
v -1.336389965 4.716394517 -3.134396026
v -1.085157435 5.553836284 -2.631930966
f 1112 1113 1114
f 1117 1114 1113
f 1117 1115 1114
f 1117 1113 1116
f 1119 1113 1112
f 1120 1117 1116
f 1120 1115 1117
f 1123 1116 1113
f 1123 1113 1119
f 1124 1119 1112
f 1124 1112 1118
f 1125 1121 1118
f 1125 1118 1112
f 1125 1112 1114
f 1125 1114 1121
f 1126 1121 1114
f 1126 1114 1115
f 1127 1118 1121
f 1128 1123 1119
f 1128 1116 1123
f 1131 1124 1118
f 1131 1119 1124
f 1131 1128 1119
f 1132 1118 1127
f 1132 1131 1118
f 1132 1128 1131
f 1133 1126 1115
f 1133 1115 1127
f 1134 1120 1116
f 1134 1116 1129
f 1135 1129 1116
f 1135 1116 1128
f 1136 1130 1115
f 1136 1115 1120
f 1138 1128 1132
f 1139 1133 1127
f 1139 1127 1121
f 1140 1135 1128
f 1140 1122 1135
f 1140 1128 1138
f 1141 1130 1136
f 1141 1120 1134
f 1142 1129 1135
f 1142 1135 1122
f 1142 1122 1137
f 1142 1134 1129
f 1143 1140 1138
f 1143 1122 1140
f 1143 1137 1122
f 1143 1115 1130
f 1143 1138 1132
f 1144 1139 1121
f 1144 1121 1126
f 1144 1126 1133
f 1144 1133 1139
f 1145 1130 1141
f 1145 1143 1130
f 1145 1137 1143
f 1145 1141 1134
f 1145 1142 1137
f 1145 1134 1142
f 1146 1141 1136
f 1146 1136 1120
f 1146 1120 1141
f 1147 1143 1132
f 1147 1115 1143
f 1147 1132 1127
f 1147 1127 1115
o dino029
usemtl Material029
v -1.587622495 2.120325040 -1.627000846
v -1.661058291 0.589297903 -1.639424956
v -1.587622495 1.701604157 -2.380698436
v -2.006343378 2.036580863 -2.380698436
v -2.006343378 1.869092510 -1.710745022
v -2.006343378 0.612929860 -2.380698436
v -1.587622495 2.120325040 -2.380698436
v -1.638166838 1.683902786 -1.568078072
v -1.936809396 2.125774493 -1.738314758
v -1.671366671 0.612929860 -2.380698436
v -1.949506310 0.561868285 -1.986167331
v -1.922599201 1.701604157 -1.627000846
v -2.006343378 2.120325040 -2.296954259
v -1.885707412 2.131857096 -1.651756174
v -1.734222930 0.564513393 -1.652372112
v -1.802844604 0.560551060 -1.746908485
v -1.883229213 2.117186248 -2.359982824
f 1148 1149 1150
f 1153 1151 1150
f 1153 1152 1151
f 1154 1148 1150
f 1154 1150 1151
f 1155 1149 1148
f 1157 1153 1150
f 1157 1150 1149
f 1158 1152 1153
f 1158 1153 1157
f 1160 1151 1152
f 1160 1152 1156
f 1161 1148 1154
f 1161 1160 1156
f 1161 1154 1160
f 1161 1156 1152
f 1161 1152 1159
f 1161 1159 1155
f 1161 1155 1148
f 1162 1157 1149
f 1162 1149 1155
f 1162 1155 1159
f 1163 1159 1152
f 1163 1152 1158
f 1163 1162 1159
f 1163 1158 1157
f 1163 1157 1162
f 1164 1160 1154
f 1164 1154 1151
f 1164 1151 1160
o dino030
usemtl Material030
v -1.503878318 5.051371224 0.885324455
v -1.471046351 3.334483624 0.832976985
v -1.420134141 4.632650340 0.382859395
v -1.755110848 4.883882870 0.382859395
v -1.996697672 3.209619493 0.911892710
v -1.503878318 4.883882870 0.382859395
v -1.420134141 4.632650340 0.885324455
v -1.838855025 4.800138694 0.885324455
v -1.587622495 3.460231867 0.382859395
v -1.578613808 5.081056053 0.718259658
v -1.420134141 3.878952750 0.382859395
v -1.499890481 3.305052381 0.890935883
v -1.875102349 4.296724906 0.927228654
v -2.006343378 3.711464397 0.801580278
v -1.642535502 5.034512603 0.898752826
v -1.420134141 3.878952750 0.885324455
v -1.462120299 3.494244873 0.392409136
v -1.755110848 3.041510983 0.801580278
v -1.769199565 3.046950134 0.909786443
v -1.922599201 4.297673634 0.801580278
v -1.983477591 3.705558689 0.924280450
v -2.006343378 3.208999337 0.801580278
v -1.696714988 4.938976863 0.914683638
v -1.755110848 4.967627047 0.801580278
v -1.838855025 4.800138694 0.801580278
v -1.922599201 3.041510983 0.801580278
v -1.755110848 3.795208573 0.382859395
v -1.920733937 3.043099007 0.903105363
f 1170 1165 1167
f 1170 1167 1168
f 1171 1167 1165
f 1173 1168 1167
f 1174 1170 1168
f 1174 1165 1170
f 1175 1167 1171
f 1175 1173 1167
f 1179 1165 1174
f 1180 1175 1171
f 1180 1166 1175
f 1180 1176 1166
f 1181 1175 1166
f 1181 1173 1175
f 1182 1173 1181
f 1182 1181 1166
f 1182 1166 1176
f 1183 1176 1177
f 1183 1182 1176
f 1184 1178 1172
f 1184 1168 1178
f 1185 1177 1172
f 1185 1172 1178
f 1185 1178 1169
f 1185 1183 1177
f 1185 1169 1183
f 1186 1169 1178
f 1186 1178 1168
f 1187 1179 1172
f 1187 1172 1177
f 1187 1171 1165
f 1187 1165 1179
f 1187 1180 1171
f 1187 1177 1176
f 1187 1176 1180
f 1188 1179 1174
f 1188 1174 1168
f 1188 1172 1179
f 1189 1184 1172
f 1189 1168 1184
f 1189 1188 1168
f 1189 1172 1188
f 1190 1173 1182
f 1191 1186 1168
f 1191 1168 1173
f 1191 1190 1186
f 1191 1173 1190
f 1192 1190 1182
f 1192 1182 1183
f 1192 1183 1169
f 1192 1169 1186
f 1192 1186 1190
o dino031
usemtl Material031
v 1.175935336 4.465161987 2.308975458
v 1.175935336 3.376487690 1.973998751
v 1.259679512 4.465161987 1.555277868
v 0.997593034 4.631342944 0.884550153
v 0.898839474 3.067769464 2.020614109
v 1.008446982 3.878952750 0.885324455
v 1.175935336 4.632650340 2.225231281
v 1.259679512 3.962696927 2.057742928
v 1.175935336 3.795208573 2.308975458
v 1.092191159 3.041510983 1.555277868
v 1.092191159 4.632650340 0.969068631
v 0.906513191 3.884151201 0.887941604
v 0.924702806 4.632650340 2.057742928
v 1.259679512 4.297673634 2.057742928
v 1.092191159 3.125255160 2.057742928
v 1.175935336 3.627720220 2.225231281
v 1.175935336 4.213929457 1.220301161
v 1.259679512 3.962696927 1.722766221
v 1.175935336 4.632650340 1.220301161
v 0.974423085 3.031928423 1.543486454
v 1.067936108 4.629445474 2.218279259
v 0.897424807 3.545049012 1.145465924
v 0.996424815 4.640443419 0.888236062
v 1.259679512 4.465161987 1.890254575
v 1.008446982 3.041510983 2.057742928
v 1.092191159 3.041510983 1.973998751
v 1.092191159 4.213929457 0.969068631
v 1.175935336 3.376487690 1.890254575
v 1.259679512 4.213929457 1.555277868
v 1.008446982 3.543976043 1.136556985
v 1.061368721 4.462716989 2.293845146
v 1.054541977 3.806756913 2.282006301
v 1.259679512 4.046441104 1.639022045
v 1.175935336 3.878952750 1.387789515
f 1201 1200 1193
f 1203 1198 1196
f 1204 1196 1198
f 1206 1199 1193
f 1206 1193 1200
f 1206 1200 1195
f 1208 1194 1200
f 1208 1200 1201
f 1208 1201 1207
f 1210 1200 1194
f 1210 1195 1200
f 1211 1199 1195
f 1211 1209 1203
f 1211 1195 1209
f 1213 1193 1199
f 1213 1199 1205
f 1214 1205 1204
f 1214 1197 1205
f 1214 1212 1197
f 1215 1196 1204
f 1215 1204 1205
f 1215 1203 1196
f 1215 1205 1199
f 1215 1211 1203
f 1215 1199 1211
f 1216 1206 1195
f 1216 1195 1199
f 1216 1199 1206
f 1217 1207 1201
f 1217 1197 1212
f 1218 1202 1194
f 1218 1208 1207
f 1218 1194 1208
f 1218 1207 1217
f 1218 1217 1212
f 1218 1212 1202
f 1219 1209 1198
f 1219 1198 1203
f 1219 1203 1209
f 1220 1210 1194
f 1220 1194 1202
f 1220 1202 1210
f 1221 1209 1195
f 1221 1195 1210
f 1222 1198 1202
f 1222 1202 1212
f 1222 1212 1214
f 1222 1214 1204
f 1222 1204 1198
f 1223 1201 1193
f 1223 1193 1213
f 1223 1213 1205
f 1223 1205 1197
f 1224 1217 1201
f 1224 1197 1217
f 1224 1223 1197
f 1224 1201 1223
f 1225 1221 1210
f 1225 1210 1202
f 1226 1225 1202
f 1226 1209 1221
f 1226 1221 1225
f 1226 1202 1198
f 1226 1198 1209
o dino032
usemtl Material032
v -0.587434013 3.134602513 -1.626388135
v -0.582692375 3.041510983 -1.627000846
v -0.666436551 3.041510983 -2.045721729
v -1.256919111 2.876380083 -2.378608015
v -1.207820615 2.122925192 -1.623690396
v -1.252645788 3.125255160 -2.129465906
v -0.582692375 3.041510983 -1.878233376
v -1.168901611 2.120325040 -2.129465906
v -0.688985144 3.163415399 -2.033668510
v -1.252645788 3.125255160 -1.627000846
v -1.268831897 2.114214910 -2.120623330
v -1.168901611 2.706534277 -2.380698436
v -1.206226634 2.116039570 -1.631066373
v -0.762243746 3.146146652 -2.124125758
v -0.603255419 3.166054806 -1.865482814
v -1.302796214 2.729395948 -2.341503318
v -0.750180728 3.041510983 -2.129465906
f 1231 1228 1227
f 1233 1227 1228
f 1234 1229 1233
f 1234 1233 1228
f 1236 1231 1227
f 1236 1235 1232
f 1237 1231 1236
f 1238 1234 1237
f 1239 1234 1228
f 1239 1228 1231
f 1239 1237 1234
f 1239 1231 1237
f 1240 1230 1232
f 1240 1232 1235
f 1240 1238 1230
f 1240 1235 1229
f 1241 1233 1229
f 1241 1229 1235
f 1241 1227 1233
f 1241 1236 1227
f 1241 1235 1236
f 1242 1236 1232
f 1242 1232 1230
f 1242 1237 1236
f 1242 1238 1237
f 1242 1230 1238
f 1243 1229 1234
f 1243 1234 1238
f 1243 1240 1229
f 1243 1238 1240
o dino033
usemtl Material033
v 1.008446982 0.529185683 -2.883163496
v 1.678400396 0.110464800 -3.301884379
v 1.361142963 0.974973096 -3.584821885
v 0.338493569 0.947906566 -4.055581969
v 0.171005215 0.277953153 -3.636861086
v 1.594656219 0.194208976 -4.055581969
v 0.999150359 0.983111883 -3.276616877
v 1.427167866 0.361697330 -2.966907672
v 1.678400396 0.529185683 -3.804349439
v 0.254749392 0.277953153 -4.055581969
v 0.254749392 0.529185683 -3.050651849
v 1.092191159 0.947906566 -3.218140203
v 1.678400396 0.110464800 -3.888093616
v 1.678400396 0.445441506 -3.385628556
v 1.380439988 0.945167319 -4.039153587
v 0.171005215 0.529185683 -3.888093616
v 0.924702806 0.277953153 -2.883163496
v 0.338493569 0.947906566 -3.636861086
v 1.343423689 0.445441506 -2.966907672
v 0.338493569 0.529185683 -2.966907672
v 1.594656219 0.529185683 -4.055581969
v 0.589726099 0.194208976 -4.055581969
v 1.678400396 0.361697330 -3.301884379
v 1.678400396 0.529185683 -3.553116909
v 1.510912042 0.780418213 -4.055581969
v 0.171005215 0.361697330 -3.888093616
v 0.254749392 0.696674036 -4.055581969
v 0.171005215 0.529185683 -3.301884379
v 1.092191159 0.361697330 -2.883163496
v 1.427167866 0.194208976 -2.966907672
v 0.254749392 0.780418213 -3.971837793
v 0.840958629 0.529185683 -2.883163496
v 0.254749392 0.277953153 -3.134396026
v 0.338493569 0.612929860 -3.050651849
v 1.678400396 0.445441506 -3.888093616
v 1.427167866 0.110464800 -3.888093616
v 0.254749392 0.696674036 -3.301884379
v 1.092191159 0.445441506 -2.883163496
v 1.008446982 0.277953153 -2.883163496
v 0.254749392 0.780418213 -3.720605263
v 0.338493569 0.361697330 -2.966907672
v 1.259679512 0.194208976 -2.966907672
v 1.510912042 0.110464800 -3.301884379
v 0.589726099 0.194208976 -3.888093616
v 0.171005215 0.361697330 -3.218140203
v 0.692291534 0.961589856 -3.417248071
v 0.254749392 0.612929860 -3.134396026
v 0.840958629 0.445441506 -2.883163496
v 0.171005215 0.277953153 -3.553116909
v 1.427167866 0.110464800 -3.553116909
v 0.171005215 0.445441506 -3.218140203
v 0.254749392 0.361697330 -3.050651849
f 1250 1246 1247
f 1253 1247 1249
f 1255 1251 1246
f 1255 1246 1250
f 1256 1252 1245
f 1257 1245 1252
f 1257 1246 1251
f 1258 1247 1246
f 1261 1250 1247
f 1262 1255 1244
f 1262 1244 1251
f 1262 1251 1255
f 1264 1256 1249
f 1264 1249 1247
f 1265 1253 1249
f 1265 1249 1256
f 1265 1248 1253
f 1266 1257 1251
f 1266 1251 1245
f 1266 1245 1257
f 1267 1257 1252
f 1267 1246 1257
f 1268 1258 1246
f 1268 1264 1247
f 1268 1247 1258
f 1268 1267 1252
f 1268 1246 1267
f 1269 1259 1253
f 1269 1253 1248
f 1269 1248 1259
f 1270 1247 1253
f 1270 1253 1259
f 1271 1259 1248
f 1272 1244 1260
f 1273 1245 1251
f 1273 1251 1272
f 1274 1261 1247
f 1274 1259 1271
f 1274 1270 1259
f 1274 1247 1270
f 1275 1244 1255
f 1275 1255 1263
f 1275 1260 1244
f 1277 1263 1255
f 1277 1255 1250
f 1278 1252 1256
f 1278 1256 1264
f 1278 1268 1252
f 1278 1264 1268
f 1279 1265 1256
f 1279 1256 1245
f 1280 1261 1271
f 1281 1272 1251
f 1281 1251 1244
f 1281 1244 1272
f 1282 1273 1272
f 1282 1272 1260
f 1282 1260 1273
f 1283 1274 1271
f 1283 1271 1261
f 1283 1261 1274
f 1284 1275 1263
f 1284 1276 1260
f 1284 1263 1254
f 1285 1273 1260
f 1285 1260 1276
f 1285 1245 1273
f 1286 1285 1276
f 1286 1245 1285
f 1286 1279 1245
f 1287 1248 1265
f 1287 1286 1276
f 1287 1265 1279
f 1288 1271 1248
f 1289 1277 1250
f 1289 1250 1261
f 1289 1261 1277
f 1290 1280 1271
f 1290 1271 1254
f 1290 1277 1261
f 1290 1261 1280
f 1290 1254 1263
f 1290 1263 1277
f 1291 1284 1260
f 1291 1260 1275
f 1291 1275 1284
f 1292 1287 1276
f 1292 1248 1287
f 1292 1288 1248
f 1292 1276 1288
f 1293 1287 1279
f 1293 1279 1286
f 1293 1286 1287
f 1294 1288 1254
f 1294 1254 1271
f 1294 1271 1288
f 1295 1284 1254
f 1295 1254 1288
f 1295 1288 1276
f 1295 1276 1284
o dino034
usemtl Material034
v 0.087261039 5.972557167 -1.375768316
v 0.253858320 5.719664517 -1.710562276
v 0.254749392 5.721324637 -2.548186789
v -0.415204021 5.721324637 -2.883163496
v -0.864429629 5.783712901 -1.628377098
v 0.230662356 5.583971990 -2.528998625
v -0.080227315 5.972557167 -2.129465906
v 0.254749392 5.805068814 -2.213210082
v 0.166703677 5.798471322 -1.375691912
v 0.249973382 5.627363271 -2.377357101
v -0.163708883 5.634909032 -2.882095693
v -0.819100212 5.606624796 -2.535738986
v -0.080227315 5.805068814 -2.715675142
v -0.666436551 5.972557167 -1.627000846
v 0.087261039 5.972557167 -1.794489199
v 0.087261039 5.888812990 -2.296954259
v -0.080227315 5.805068814 -1.375768316
v 0.078769142 5.625980228 -2.713354993
v -0.409550228 5.605218929 -2.870931581
v -0.415204021 5.888812990 -2.380698436
v -0.085970408 5.962213477 -1.375979359
v -0.833924905 5.805068814 -2.296954259
v 0.003516862 5.972557167 -2.045721729
v 0.003516862 5.888812990 -2.380698436
v 0.087261039 5.805068814 -2.548186789
v 0.127395172 5.824192773 -1.374610326
v -0.738151498 5.606443956 -2.618398197
v -0.247715668 5.805068814 -2.715675142
v -0.415204021 5.972557167 -2.045721729
v -0.849825277 5.668710512 -2.306317630
v -0.833924905 5.888812990 -1.878233376
v -0.498948198 5.805068814 -2.631930966
v -0.833924905 5.721324637 -2.548186789
v -0.750180728 5.721324637 -2.631930966
v -0.247715668 5.972557167 -2.129465906
v -0.666436551 5.972557167 -1.794489199
v -0.582692375 5.888812990 -2.296954259
v -0.666436551 5.888812990 -2.213210082
f 1303 1296 1297
f 1303 1297 1298
f 1304 1297 1296
f 1305 1301 1298
f 1305 1298 1297
f 1305 1297 1301
f 1307 1301 1297
f 1307 1297 1300
f 1308 1306 1299
f 1308 1298 1306
f 1309 1296 1302
f 1310 1302 1296
f 1310 1296 1303
f 1311 1303 1298
f 1311 1310 1303
f 1312 1300 1297
f 1312 1297 1304
f 1313 1306 1298
f 1313 1298 1301
f 1313 1301 1306
f 1314 1306 1301
f 1314 1299 1306
f 1316 1309 1300
f 1316 1296 1309
f 1316 1300 1312
f 1318 1311 1302
f 1318 1302 1310
f 1318 1310 1311
f 1319 1311 1308
f 1319 1308 1302
f 1319 1302 1311
f 1320 1311 1298
f 1320 1298 1308
f 1320 1308 1311
f 1321 1312 1304
f 1321 1304 1296
f 1321 1316 1312
f 1321 1296 1316
f 1322 1314 1301
f 1322 1301 1307
f 1323 1308 1299
f 1323 1302 1308
f 1324 1309 1302
f 1325 1307 1300
f 1326 1317 1300
f 1326 1300 1309
f 1327 1323 1299
f 1327 1315 1323
f 1328 1307 1325
f 1328 1325 1300
f 1328 1300 1317
f 1328 1322 1307
f 1329 1299 1314
f 1329 1314 1322
f 1329 1322 1328
f 1329 1328 1327
f 1329 1327 1299
f 1330 1323 1315
f 1330 1302 1323
f 1330 1324 1302
f 1331 1317 1326
f 1331 1326 1309
f 1331 1309 1324
f 1332 1315 1327
f 1332 1330 1315
f 1332 1324 1330
f 1333 1317 1331
f 1333 1331 1324
f 1333 1324 1332
f 1333 1328 1317
f 1333 1332 1327
f 1333 1327 1328
o dino035
usemtl Material035
v 0.505981922 2.957766807 2.308975458
v 1.008446982 2.790278453 1.806510398
v 0.960736220 3.071403281 1.944423517
v 0.278360382 3.083049057 0.836306061
v 0.087261039 2.287813393 1.052812808
v 0.840958629 3.041510983 0.885324455
v 0.070281631 3.062268901 1.952339093
v 0.924702806 2.874022630 2.057742928
v 1.008446982 3.041510983 1.304045338
v 0.924702806 3.041510983 1.052812808
v 0.757214452 2.371557570 0.801580278
v 0.338493569 3.041510983 2.308975458
v -0.044135955 3.081030810 1.223911826
v 1.008446982 2.957766807 1.973998751
v 0.589726099 2.371557570 2.057742928
v 0.297236898 2.372119566 0.830649226
v 0.673470276 3.041510983 0.801580278
v 0.924702806 2.874022630 1.052812808
v 0.924702806 2.455301747 1.387789515
v 0.757214452 3.041510983 2.225231281
v 0.493720859 3.062811705 2.232326300
v 0.003516862 2.957766807 1.052812808
v -0.080227315 2.957766807 1.555277868
v 0.840958629 2.371557570 1.806510398
v 0.338493569 2.706534277 2.225231281
v 0.260118400 2.287602708 0.889151588
v 0.757214452 2.706534277 0.801580278
v 0.840958629 2.874022630 0.885324455
v 1.008446982 2.790278453 1.471533691
v 0.840958629 2.455301747 0.969068631
v 0.589726099 2.706534277 2.225231281
v 0.171005215 3.041510983 2.225231281
v -0.006918201 3.073576229 1.545967086
v 0.023629344 3.076713893 1.066780430
v -0.080227315 2.957766807 1.220301161
v 0.673470276 2.455301747 2.057742928
v 0.924702806 2.455301747 1.639022045
v 0.840958629 2.371557570 1.052812808
v 0.338493569 2.957766807 2.308975458
v 0.171005215 2.371557570 1.890254575
v 0.138173658 2.280014238 1.385096692
v 1.008446982 2.957766807 1.304045338
v 0.757214452 2.957766807 2.225231281
v 0.003516862 2.874022630 1.973998751
v 0.087261039 3.041510983 2.141487105
v 0.757214452 2.455301747 1.973998751
v 0.238958661 2.277768646 0.921524003
v 0.171005215 2.957766807 2.225231281
v 0.338493569 2.371557570 2.057742928
v 0.254749392 2.287813393 1.387789515
v 0.087261039 2.371557570 1.722766221
v 0.673470276 2.622790100 2.141487105
v 0.171005215 2.455301747 1.973998751
v 0.087261039 2.957766807 2.141487105
v 0.254749392 2.455301747 2.057742928
v 0.087261039 2.790278453 2.057742928
v 0.254749392 2.622790100 2.141487105
f 1343 1339 1337
f 1343 1337 1336
f 1343 1336 1342
f 1346 1336 1337
f 1347 1342 1336
f 1347 1335 1342
f 1350 1337 1339
f 1350 1349 1337
f 1350 1344 1349
f 1351 1339 1343
f 1351 1343 1342
f 1353 1345 1334
f 1353 1347 1336
f 1353 1341 1347
f 1354 1336 1346
f 1354 1353 1336
f 1354 1345 1353
f 1355 1349 1338
f 1355 1337 1349
f 1357 1347 1341
f 1357 1335 1347
f 1359 1349 1344
f 1359 1338 1349
f 1360 1350 1339
f 1360 1339 1344
f 1360 1344 1350
f 1361 1351 1344
f 1361 1344 1339
f 1361 1339 1351
f 1362 1342 1335
f 1362 1335 1352
f 1363 1344 1351
f 1364 1358 1348
f 1364 1334 1358
f 1365 1354 1340
f 1365 1345 1354
f 1366 1354 1346
f 1366 1340 1354
f 1366 1346 1356
f 1367 1346 1337
f 1367 1337 1355
f 1368 1355 1338
f 1368 1367 1355
f 1368 1346 1367
f 1368 1356 1346
f 1368 1338 1356
f 1369 1348 1357
f 1369 1364 1348
f 1370 1357 1352
f 1370 1352 1335
f 1370 1335 1357
f 1371 1352 1357
f 1371 1363 1352
f 1371 1344 1363
f 1372 1358 1334
f 1372 1334 1345
f 1372 1345 1365
f 1375 1363 1351
f 1375 1351 1342
f 1375 1342 1362
f 1375 1362 1352
f 1375 1352 1363
f 1376 1341 1353
f 1376 1353 1334
f 1376 1334 1364
f 1378 1366 1356
f 1378 1340 1366
f 1378 1356 1377
f 1378 1365 1340
f 1379 1369 1357
f 1379 1357 1341
f 1379 1341 1369
f 1380 1359 1344
f 1380 1344 1371
f 1380 1371 1357
f 1380 1374 1338
f 1380 1338 1359
f 1381 1372 1365
f 1381 1358 1372
f 1381 1365 1378
f 1382 1348 1358
f 1382 1374 1348
f 1382 1373 1374
f 1383 1357 1348
f 1383 1348 1374
f 1383 1380 1357
f 1383 1374 1380
f 1384 1374 1373
f 1384 1338 1374
f 1384 1377 1356
f 1384 1356 1338
f 1385 1369 1341
f 1385 1341 1376
f 1385 1376 1364
f 1385 1364 1369
f 1386 1384 1373
f 1386 1377 1384
f 1387 1381 1378
f 1387 1378 1377
f 1387 1386 1381
f 1388 1382 1358
f 1388 1381 1386
f 1388 1386 1373
f 1388 1373 1382
f 1389 1387 1377
f 1389 1377 1386
f 1389 1386 1387
f 1390 1388 1358
f 1390 1358 1381
f 1390 1381 1388
o dino036
usemtl Material036
v 0.171005215 5.972557167 -0.287094019
v 0.505981922 5.386347930 -0.287094019
v 0.505981922 5.721324637 -1.627000846
v -1.252645788 5.553836284 -1.627000846
v -1.311491358 5.367181799 -0.287291933
v 0.505981922 5.386347930 -1.627000846
v -0.247715668 6.056301344 -1.627000846
v 0.456749117 5.582679181 -0.282454710
v 0.195119226 5.757840649 -1.713402978
v -1.284353336 5.355891450 -1.649976109
v -0.080227315 6.056301344 -1.627000846
v -0.833924905 5.972557167 -0.287094019
v 0.505981922 5.721324637 -1.292024139
v 0.338493569 5.805068814 -1.710745022
v -1.001413258 5.805068814 -1.627000846
v -1.336389965 5.470092107 -1.627000846
v 0.319046468 5.685093566 -1.706756694
v -0.666436551 6.056301344 -0.538326549
v 0.003516862 6.056301344 -1.040791609
v -0.627685748 5.985600059 -0.277746774
v -0.666436551 5.972557167 -1.627000846
v 0.156751952 5.783484999 -1.709173963
v -0.833924905 5.972557167 -0.454582372
v 0.171005215 5.972557167 -0.454582372
v -0.034651720 6.001375946 -0.281143156
v -0.331459845 6.056301344 -1.543256669
f 1396 1393 1392
f 1398 1395 1392
f 1400 1396 1392
f 1400 1392 1395
f 1403 1398 1392
f 1403 1392 1393
f 1403 1393 1391
f 1403 1391 1398
f 1404 1393 1396
f 1404 1401 1393
f 1404 1397 1401
f 1405 1394 1402
f 1405 1400 1394
f 1406 1400 1395
f 1406 1394 1400
f 1406 1402 1394
f 1406 1395 1402
f 1407 1400 1399
f 1407 1396 1400
f 1407 1404 1396
f 1407 1399 1404
f 1408 1401 1397
f 1409 1393 1401
f 1409 1401 1408
f 1410 1408 1402
f 1410 1402 1395
f 1410 1395 1398
f 1411 1405 1408
f 1412 1399 1400
f 1412 1400 1405
f 1412 1405 1411
f 1412 1404 1399
f 1412 1411 1397
f 1412 1397 1404
f 1413 1408 1405
f 1413 1405 1402
f 1413 1402 1408
f 1414 1409 1391
f 1414 1391 1393
f 1414 1393 1409
f 1415 1409 1408
f 1415 1391 1409
f 1415 1408 1410
f 1415 1410 1398
f 1415 1398 1391
f 1416 1411 1408
f 1416 1408 1397
f 1416 1397 1411
o dino037
usemtl Material037
v 0.893182215 3.592522756 -1.623955782
v 1.245664861 3.139780650 -2.001683999
v 1.259679512 3.627720220 -2.380698436
v -0.080227315 3.627720220 -2.380698436
v -0.078661796 3.138035960 -1.625416432
v 1.259679512 3.125255160 -2.380698436
v -0.080227315 3.627720220 -1.627000846
v 1.273010192 3.623704392 -1.941095120
v 0.589726099 3.125255160 -1.627000846
v -0.080760428 3.163125931 -2.382788102
v 0.010371645 3.122382734 -1.607839148
v 0.840958629 3.292743513 -1.627000846
v 0.254749392 3.041510983 -1.627000846
v 0.757214452 3.208999337 -1.627000846
v 0.003516862 3.041510983 -1.710745022
v 0.254749392 3.041510983 -1.710745022
f 1423 1419 1420
f 1424 1423 1417
f 1424 1419 1423
f 1424 1422 1419
f 1424 1418 1422
f 1426 1420 1419
f 1426 1419 1422
f 1426 1423 1420
f 1426 1421 1423
f 1427 1423 1421
f 1427 1417 1423
f 1428 1424 1417
f 1428 1418 1424
f 1428 1417 1427
f 1429 1422 1418
f 1429 1418 1425
f 1429 1425 1427
f 1430 1425 1418
f 1430 1418 1428
f 1430 1428 1427
f 1430 1427 1425
f 1431 1426 1422
f 1431 1421 1426
f 1431 1429 1427
f 1431 1427 1421
f 1432 1431 1422
f 1432 1422 1429
f 1432 1429 1431
o dino038
usemtl Material038
v -1.503878318 3.460231867 2.476463811
v -1.252645788 3.460231867 2.057742928
v -1.671366671 3.543976043 1.304045338
v -1.671366887 3.376503806 0.885420908
v -1.637252946 3.016895854 2.093798898
v -1.252645788 3.376487690 0.885324455
v -1.263566400 3.595935926 2.044957445
v -1.420134141 3.041510983 1.973998751
v -1.671366671 3.543976043 2.476463811
v -1.336389965 3.460231867 2.308975458
v -1.252645788 3.543976043 1.304045338
v -1.252645788 3.208999337 1.304045338
v -1.671366671 3.460231867 2.476463811
v -1.711097031 3.065756028 0.931122469
v -1.517940402 3.577278137 2.410562277
v -1.239751642 3.238604962 0.872077523
v -1.503878318 3.041510983 0.969068631
v -1.371680807 3.583561069 2.292062916
v -1.420134141 3.041510983 1.136556985
v -1.587622495 3.041510983 0.885324455
f 1438 1436 1435
f 1440 1433 1437
f 1442 1434 1439
f 1442 1440 1434
f 1442 1433 1440
f 1443 1438 1435
f 1443 1435 1439
f 1443 1439 1434
f 1444 1434 1440
f 1445 1437 1433
f 1445 1433 1441
f 1446 1441 1435
f 1446 1435 1436
f 1446 1445 1441
f 1446 1437 1445
f 1447 1439 1435
f 1447 1435 1441
f 1447 1441 1433
f 1448 1443 1434
f 1448 1438 1443
f 1448 1434 1444
f 1448 1436 1438
f 1450 1442 1439
f 1450 1439 1447
f 1450 1447 1433
f 1450 1433 1442
f 1451 1448 1444
f 1451 1444 1440
f 1451 1449 1448
f 1451 1440 1437
f 1451 1437 1449
f 1452 1446 1436
f 1452 1436 1448
f 1452 1448 1449
f 1452 1449 1437
f 1452 1437 1446
o dino039
usemtl Material039
v 0.338493569 2.120325040 -4.139326146
v 0.338493569 1.701604157 -4.390558676
v 0.254749392 2.120325040 -4.976767913
v -0.415204021 1.115394920 -5.311744619
v -0.498948198 0.780418213 -4.725535383
v 0.087261039 0.529185683 -5.311744619
v -0.582692375 2.120325040 -4.223070323
v 0.338493569 2.120325040 -4.809279559
v 0.003516862 1.031650743 -4.558047029
v 0.087261039 1.199139096 -5.311744619
v -0.498948198 0.612929860 -5.311744619
v -0.392018562 2.143936957 -4.210955696
v -0.331459845 2.120325040 -4.976767913
v 0.171005215 0.696674036 -5.311744619
v 0.254749392 1.617859980 -4.306814499
v -0.331459845 1.952836687 -4.139326146
v -0.163971491 0.445441506 -5.060512089
v -0.582692375 2.036580863 -4.725535383
v -0.582692375 0.780418213 -4.809279559
v -0.163971491 2.120325040 -5.060512089
v -0.582692375 2.120325040 -4.641791206
v 0.338493569 1.617859980 -4.725535383
v 0.171005215 0.780418213 -4.893023736
v 0.171005215 1.031650743 -5.311744619
v 0.338493569 2.036580863 -4.139326146
v -0.582692375 1.534115803 -4.390558676
v -0.247715668 1.366627450 -4.390558676
v -0.415204021 2.036580863 -4.139326146
v -0.080227315 0.864162390 -4.641791206
v -0.331459845 0.445441506 -5.311744619
v -0.498948198 0.864162390 -5.311744619
v -0.498948198 2.120325040 -4.809279559
v -0.498948198 0.612929860 -4.893023736
v -0.247715668 1.282883273 -5.311744619
v -0.247715668 2.036580863 -5.060512089
v 0.171005215 2.036580863 -5.060512089
v 0.338493569 1.701604157 -4.809279559
v 0.171005215 0.696674036 -5.144256266
v 0.254749392 1.366627450 -4.474302853
v 0.003516862 0.445441506 -5.228000443
v 0.254749392 1.952836687 -4.139326146
v -0.582692375 1.031650743 -4.641791206
v -0.498948198 1.450371627 -4.390558676
v -0.582692375 2.036580863 -4.223070323
v -0.247715668 0.864162390 -4.641791206
v 0.087261039 0.947906566 -4.641791206
v -0.582692375 1.031650743 -5.060512089
v -0.331459845 0.445441506 -5.060512089
v 0.003516862 1.282883273 -5.311744619
v 0.087261039 0.529185683 -5.228000443
v 0.338493569 1.617859980 -4.558047029
v 0.254749392 1.282883273 -4.558047029
v 0.003516862 0.612929860 -4.893023736
v 0.003516862 0.445441506 -5.311744619
v 0.003516862 1.366627450 -4.390558676
v -0.415204021 1.785348333 -4.223070323
v 0.171005215 0.947906566 -4.725535383
v -0.582692375 1.366627450 -4.976767913
v -0.582692375 0.780418213 -5.060512089
v 0.003516862 0.780418213 -4.725535383
v -0.498948198 1.869092510 -4.223070323
v -0.582692375 1.617859980 -4.893023736
f 1460 1453 1454
f 1462 1458 1456
f 1463 1456 1458
f 1464 1460 1455
f 1464 1453 1460
f 1466 1458 1462
f 1471 1459 1470
f 1472 1465 1464
f 1472 1464 1455
f 1473 1459 1464
f 1473 1470 1459
f 1474 1460 1454
f 1476 1466 1462
f 1476 1455 1460
f 1476 1460 1466
f 1477 1454 1453
f 1477 1453 1468
f 1478 1459 1471
f 1480 1464 1459
f 1480 1468 1453
f 1480 1453 1464
f 1482 1463 1458
f 1483 1456 1463
f 1484 1465 1456
f 1484 1483 1470
f 1484 1456 1483
f 1484 1470 1473
f 1484 1473 1464
f 1484 1464 1465
f 1485 1457 1471
f 1485 1471 1463
f 1485 1463 1482
f 1486 1462 1456
f 1487 1456 1465
f 1487 1465 1472
f 1487 1486 1456
f 1487 1472 1486
f 1488 1472 1455
f 1488 1476 1462
f 1488 1455 1476
f 1489 1474 1466
f 1489 1466 1460
f 1489 1460 1474
f 1490 1458 1466
f 1490 1466 1474
f 1491 1477 1467
f 1491 1454 1477
f 1492 1469 1482
f 1493 1477 1468
f 1493 1467 1477
f 1493 1468 1479
f 1493 1461 1467
f 1494 1478 1471
f 1494 1471 1457
f 1495 1494 1457
f 1495 1478 1494
f 1496 1480 1459
f 1496 1459 1478
f 1497 1485 1481
f 1497 1457 1485
f 1497 1495 1457
f 1497 1479 1495
f 1497 1481 1461
f 1497 1461 1479
f 1498 1461 1481
f 1498 1491 1467
f 1498 1467 1461
f 1499 1471 1470
f 1499 1483 1463
f 1500 1485 1482
f 1500 1482 1469
f 1500 1469 1485
f 1501 1486 1472
f 1501 1472 1488
f 1501 1488 1462
f 1501 1462 1486
f 1502 1490 1475
f 1502 1458 1490
f 1502 1492 1458
f 1503 1490 1474
f 1503 1474 1454
f 1503 1454 1475
f 1503 1475 1490
f 1504 1491 1475
f 1504 1475 1454
f 1504 1454 1491
f 1505 1469 1492
f 1505 1485 1469
f 1505 1481 1485
f 1505 1502 1475
f 1505 1492 1502
f 1506 1492 1482
f 1506 1482 1458
f 1506 1458 1492
f 1507 1493 1479
f 1507 1479 1461
f 1507 1461 1493
f 1508 1495 1479
f 1508 1479 1468
f 1509 1475 1491
f 1509 1491 1498
f 1509 1505 1475
f 1509 1498 1505
f 1510 1499 1470
f 1510 1483 1499
f 1511 1499 1463
f 1511 1463 1471
f 1511 1471 1499
f 1512 1505 1498
f 1512 1498 1481
f 1512 1481 1505
f 1513 1496 1478
f 1513 1478 1495
f 1513 1495 1508
f 1513 1480 1496
f 1513 1508 1468
f 1513 1468 1480
f 1514 1510 1470
f 1514 1470 1483
f 1514 1483 1510
o dino040
usemtl Material040
v 0.269627897 2.377910277 1.874211724
v 0.171005215 0.445441506 1.722766221
v 0.296357401 1.376122982 0.854187426
v 0.171005215 2.204069217 0.801580278
v -0.080227315 1.366627450 1.471533691
v 0.296855293 2.200564930 0.831024759
v 0.271251075 1.531994975 1.858312232
v 0.087261039 2.371557570 1.722766221
v -0.080227315 0.529185683 1.220301161
v 0.171005215 1.366627450 0.801580278
v 0.281477132 0.882526374 0.944943520
v 0.003516862 2.120325040 1.220301161
v 0.260118400 2.287602708 0.889151588
v -0.080227315 0.445441506 1.722766221
v 0.087261039 1.366627450 0.885324455
v 0.129342540 0.426971040 1.170117305
v 0.171005215 0.864162390 0.885324455
v 0.087261039 2.287813393 0.969068631
v 0.003516862 2.036580863 1.555277868
v -0.080227315 1.366627450 1.220301161
v 0.254749392 2.371557570 1.387789515
v 0.171005215 2.371557570 1.890254575
v 0.200412763 0.784135520 1.786249822
v 0.262266885 0.785935925 0.985319645
v -0.080227315 0.445441506 1.304045338
v 0.087261039 0.780418213 0.969068631
v 0.087261039 1.952836687 0.885324455
v 0.003516862 2.120325040 1.304045338
v 0.003516862 1.701604157 1.722766221
v 0.003516862 1.869092510 1.052812808
v 0.152362001 2.358579864 1.389964822
v 0.003516862 0.780418213 1.052812808
v 0.003516862 1.952836687 1.639022045
v 0.087261039 2.120325040 1.806510398
v -0.080227315 1.199139096 1.555277868
v 0.003516862 2.036580863 1.136556985
v -0.080227315 0.529185683 1.722766221
f 1521 1520 1515
f 1521 1517 1520
f 1524 1520 1517
f 1524 1518 1520
f 1525 1521 1516
f 1525 1517 1521
f 1527 1520 1518
f 1528 1519 1523
f 1529 1518 1524
f 1530 1516 1528
f 1531 1524 1517
f 1531 1517 1525
f 1532 1526 1522
f 1532 1527 1518
f 1534 1523 1519
f 1534 1519 1526
f 1535 1522 1515
f 1535 1515 1520
f 1535 1520 1527
f 1535 1527 1532
f 1536 1528 1521
f 1536 1521 1515
f 1536 1515 1522
f 1537 1528 1516
f 1537 1516 1521
f 1537 1521 1528
f 1538 1525 1516
f 1538 1516 1530
f 1538 1531 1525
f 1538 1530 1531
f 1539 1530 1528
f 1539 1528 1523
f 1539 1523 1530
f 1540 1531 1530
f 1540 1530 1523
f 1540 1524 1531
f 1541 1532 1518
f 1541 1518 1529
f 1542 1526 1519
f 1542 1519 1533
f 1542 1533 1522
f 1542 1522 1526
f 1544 1532 1541
f 1544 1541 1529
f 1544 1523 1534
f 1545 1535 1532
f 1545 1532 1522
f 1545 1522 1535
f 1546 1540 1523
f 1546 1529 1524
f 1546 1524 1540
f 1546 1544 1529
f 1546 1523 1544
f 1547 1543 1522
f 1547 1522 1533
f 1547 1533 1519
f 1548 1536 1522
f 1548 1522 1543
f 1549 1519 1528
f 1549 1547 1519
f 1549 1543 1547
f 1550 1544 1534
f 1550 1534 1526
f 1550 1526 1532
f 1550 1532 1544
f 1551 1548 1543
f 1551 1528 1536
f 1551 1536 1548
f 1551 1549 1528
f 1551 1543 1549
o dino041
usemtl Material041
v 1.092191159 4.381417810 -3.218140203
v 1.092191159 3.795208573 -3.218140203
v 1.092191159 3.795208573 -3.553116909
v 0.637581749 4.205544813 -4.038399669
v 0.673470276 4.381417810 -3.218140203
v 0.637448350 3.809757478 -3.805480581
v 1.092191159 4.381417810 -3.553116909
v 0.673470276 3.795208573 -3.218140203
v 0.757214452 3.878952750 -3.971837793
v 0.616562933 4.755487349 -3.678418947
v 0.757214452 3.795208573 -3.804349439
v 0.646921303 3.884557511 -3.967772111
v 0.757214452 4.046441104 -4.055581969
v 0.620879043 4.444399135 -3.942133618
v 0.679386118 4.804997722 -3.558276720
v 0.644796448 4.046332034 -4.045481102
v 0.757214452 4.465161987 -3.971837793
v 0.732427288 4.778760039 -3.528386265
v 0.757214452 4.213929457 -4.055581969
v 0.757214452 4.716394517 -3.804349439
v 0.924702806 4.632650340 -3.636861086
v 0.618539876 4.672866174 -3.763201037
v 0.757214452 4.800138694 -3.720605263
v 1.008446982 4.465161987 -3.636861086
f 1552 1553 1554
f 1556 1553 1552
f 1558 1552 1554
f 1559 1554 1553
f 1559 1553 1556
f 1561 1559 1556
f 1561 1557 1559
f 1562 1559 1557
f 1562 1554 1559
f 1562 1560 1554
f 1563 1562 1557
f 1563 1560 1562
f 1564 1558 1554
f 1564 1554 1560
f 1564 1560 1563
f 1565 1555 1557
f 1565 1557 1561
f 1566 1561 1556
f 1567 1563 1557
f 1567 1557 1555
f 1567 1564 1563
f 1568 1555 1565
f 1569 1566 1556
f 1569 1556 1552
f 1570 1567 1555
f 1570 1564 1567
f 1570 1555 1568
f 1570 1568 1558
f 1570 1558 1564
f 1571 1568 1565
f 1572 1569 1552
f 1572 1552 1558
f 1572 1568 1571
f 1573 1571 1565
f 1573 1565 1561
f 1574 1561 1566
f 1574 1566 1569
f 1574 1572 1571
f 1574 1569 1572
f 1574 1573 1561
f 1574 1571 1573
f 1575 1572 1558
f 1575 1558 1568
f 1575 1568 1572
o dino042
usemtl Material042
v 0.176629181 6.065370234 0.885247402
v 0.440540655 5.825033951 0.374198298
v 0.087261039 6.056301344 -0.287094019
v -0.833924905 5.972557167 -0.287094019
v -1.462910836 5.362302931 0.902384581
v -0.917669081 6.056301344 0.382859395
v 0.422237745 5.972557167 0.299115218
v 0.171005215 5.386347930 0.885324455
v -0.750180728 6.056301344 -0.203349842
v -0.833924905 6.056301344 0.885324455
v -1.503878318 5.553836284 0.466603571
v 0.422237745 5.972557167 0.382859395
v 0.171005215 5.386347930 -0.287094019
v 0.254749392 6.056301344 0.131626865
v -1.085157435 5.972557167 0.382859395
v -0.917669081 6.056301344 0.634091925
v -1.336389965 5.721324637 0.885324455
v 0.338493569 5.888812990 -0.119605665
v -1.272493067 5.416082428 -0.287974224
v -1.168901611 5.721324637 -0.203349842
v -1.503878318 5.470092107 0.885324455
v -1.085157435 5.972557167 0.550347748
v 0.422237745 5.888812990 0.131626865
v 0.254749392 5.888812990 -0.287094019
v 0.254749392 5.972557167 -0.119605665
v -1.311491358 5.367181799 -0.287291933
v -1.085157435 5.805068814 -0.203349842
v -1.420134141 5.637580460 0.382859395
v -1.503878318 5.553836284 0.550347748
v -1.503878318 5.386347930 0.299115218
v -1.001413258 5.972557167 0.801580278
v 0.381824751 5.764621984 0.148911191
v -1.503878318 5.470092107 0.299115218
f 1583 1577 1576
f 1583 1576 1580
f 1584 1581 1576
f 1584 1576 1578
f 1584 1578 1579
f 1585 1580 1576
f 1587 1576 1577
f 1587 1577 1582
f 1588 1577 1583
f 1588 1583 1580
f 1589 1582 1578
f 1589 1578 1576
f 1589 1587 1582
f 1589 1576 1587
f 1590 1584 1579
f 1590 1581 1584
f 1591 1585 1576
f 1591 1576 1581
f 1591 1581 1590
f 1592 1580 1585
f 1594 1579 1578
f 1595 1579 1594
f 1596 1580 1592
f 1597 1585 1591
f 1597 1591 1590
f 1597 1590 1586
f 1598 1593 1582
f 1598 1582 1577
f 1598 1588 1593
f 1599 1593 1588
f 1599 1578 1593
f 1599 1594 1578
f 1599 1588 1594
f 1600 1593 1578
f 1600 1578 1582
f 1600 1582 1593
f 1601 1594 1588
f 1601 1588 1580
f 1601 1595 1594
f 1602 1595 1590
f 1602 1590 1579
f 1602 1579 1595
f 1603 1595 1586
f 1603 1586 1590
f 1603 1590 1595
f 1604 1596 1592
f 1604 1586 1596
f 1604 1597 1586
f 1604 1592 1597
f 1605 1596 1586
f 1605 1580 1596
f 1605 1601 1580
f 1606 1597 1592
f 1606 1592 1585
f 1606 1585 1597
f 1607 1598 1577
f 1607 1577 1588
f 1607 1588 1598
f 1608 1586 1595
f 1608 1595 1601
f 1608 1605 1586
f 1608 1601 1605
o dino043
usemtl Material043
v 1.003225021 0.353301441 -3.055945142
v 1.009170069 0.285468513 -3.387017706
v 0.999150359 0.983111883 -3.276616877
v 0.467421741 0.944956819 -3.607198389
v 0.505981922 0.277953153 -3.134396026
v 0.673470276 0.947906566 -3.636861086
v 1.032730151 0.914510031 -3.324925288
v 0.757214452 0.277953153 -3.050651849
v 0.509454760 0.314467284 -3.638520549
v 0.673470276 0.612929860 -3.050651849
v 0.633727856 0.971184512 -3.449408122
v 0.675444696 0.298712619 -3.637804544
v 0.511288266 0.583679158 -3.150295858
v 0.990223870 0.558489858 -3.107130849
v 0.942439108 0.981130458 -3.283775362
v 0.547999101 0.955542140 -3.515594150
f 1615 1609 1610
f 1615 1611 1609
f 1615 1614 1611
f 1615 1610 1614
f 1616 1613 1610
f 1616 1610 1609
f 1617 1613 1612
f 1617 1612 1614
f 1618 1613 1616
f 1618 1616 1609
f 1619 1614 1612
f 1619 1611 1614
f 1620 1610 1613
f 1620 1613 1617
f 1620 1617 1614
f 1620 1614 1610
f 1621 1612 1613
f 1621 1613 1618
f 1621 1618 1619
f 1622 1618 1609
f 1622 1609 1611
f 1622 1611 1618
f 1623 1619 1618
f 1623 1618 1611
f 1623 1611 1619
f 1624 1621 1619
f 1624 1619 1612
f 1624 1612 1621
o dino044
usemtl Material044
v 1.510912042 2.455301747 -3.385628556
v 1.569061519 1.702089689 -3.382969194
v 1.343423689 1.785348333 -4.055581969
v 0.757214452 1.952836687 -4.055581969
v 0.673470276 1.701604157 -3.385628556
v 1.175935336 2.455301747 -3.720605263
v 1.594656219 1.952836687 -3.636861086
v 0.673470276 2.120325040 -3.385628556
v 0.704158404 1.685362041 -4.036751984
v 1.510912042 2.287813393 -3.636861086
v 1.092191159 2.120325040 -3.971837793
v 1.594656219 2.287813393 -3.385628556
v 1.427167866 1.701604157 -3.971837793
v 0.724476555 2.458969268 -3.397690984
v 0.673470276 1.869092510 -4.055581969
v 1.427167866 2.455301747 -3.553116909
v 1.343423689 2.120325040 -3.888093616
v 1.092191159 1.952836687 -4.055581969
v 0.757214452 2.371557570 -3.804349439
v 1.510912042 2.455301747 -3.469372733
v 1.594656219 2.287813393 -3.469372733
v 1.516969510 1.698546796 -3.605854869
v 1.510912042 1.952836687 -3.804349439
v 1.343423689 1.701604157 -4.055581969
v 0.589726099 2.287813393 -3.636861086
v 0.589726099 1.952836687 -3.888093616
v 1.343423689 2.371557570 -3.720605263
v 1.343423689 2.455301747 -3.636861086
v 1.259679512 1.869092510 -4.055581969
v 0.757214452 2.120325040 -3.971837793
v 1.092191159 2.371557570 -3.804349439
v 0.757214452 2.455301747 -3.720605263
v 1.427167866 1.785348333 -3.971837793
v 0.589726099 2.287813393 -3.553116909
v 0.589726099 2.036580863 -3.888093616
v 1.427167866 2.287813393 -3.720605263
v 1.259679512 2.036580863 -3.971837793
v 0.673470276 2.455301747 -3.636861086
v 0.591420944 1.952121813 -3.636101174
v 0.673470276 2.036580863 -3.971837793
v 0.673470276 2.455301747 -3.553116909
v 0.673470276 2.287813393 -3.804349439
f 1632 1629 1626
f 1632 1626 1625
f 1633 1626 1629
f 1636 1625 1626
f 1636 1626 1631
f 1638 1632 1625
f 1639 1628 1627
f 1642 1627 1628
f 1642 1628 1635
f 1644 1625 1636
f 1644 1634 1640
f 1644 1640 1638
f 1644 1638 1625
f 1645 1636 1631
f 1645 1631 1634
f 1645 1644 1636
f 1645 1634 1644
f 1646 1637 1631
f 1646 1631 1626
f 1646 1626 1633
f 1646 1633 1637
f 1647 1634 1631
f 1647 1631 1637
f 1648 1637 1633
f 1648 1627 1637
f 1648 1639 1627
f 1648 1633 1639
f 1650 1639 1633
f 1650 1633 1629
f 1651 1640 1634
f 1652 1630 1638
f 1652 1638 1640
f 1652 1651 1630
f 1652 1640 1651
f 1653 1641 1627
f 1653 1642 1635
f 1653 1627 1642
f 1654 1643 1635
f 1654 1635 1628
f 1654 1628 1639
f 1655 1643 1630
f 1655 1635 1643
f 1656 1638 1630
f 1656 1630 1643
f 1657 1647 1637
f 1657 1637 1627
f 1657 1627 1634
f 1657 1634 1647
f 1658 1632 1638
f 1658 1629 1632
f 1658 1649 1650
f 1659 1650 1649
f 1659 1639 1650
f 1660 1651 1634
f 1660 1641 1651
f 1660 1634 1627
f 1660 1627 1641
f 1661 1653 1635
f 1661 1641 1653
f 1661 1651 1641
f 1661 1630 1651
f 1661 1655 1630
f 1661 1635 1655
f 1662 1638 1656
f 1662 1649 1658
f 1662 1656 1643
f 1663 1658 1650
f 1663 1650 1629
f 1663 1629 1658
f 1664 1654 1639
f 1664 1639 1659
f 1664 1643 1654
f 1665 1662 1658
f 1665 1658 1638
f 1665 1638 1662
f 1666 1662 1643
f 1666 1659 1649
f 1666 1649 1662
f 1666 1664 1659
f 1666 1643 1664
o dino045
usemtl Material045
v 0.087261039 10.578486884 3.481393932
v 0.087261039 9.154835881 3.146417225
v 0.087261039 10.578486884 2.811440518
v -0.415204021 10.159766001 2.560207988
v -0.666436551 9.238580057 3.062673048
v -0.080227315 9.071091704 2.476463811
v -0.582692375 10.578486884 2.811440518
v -0.331459845 9.071091704 3.313905578
v 0.087261039 9.071091704 2.727696342
v -0.080227315 10.076021824 2.560207988
v -0.582692375 9.071091704 2.476463811
v -0.522394223 10.601846392 3.197489880
v -0.163971491 10.578486884 2.643952165
v -0.080227315 9.071091704 3.313905578
v 0.003516862 9.406068411 2.560207988
v -0.592793655 9.066519055 2.673425225
v -0.247715668 9.657300941 2.476463811
v -0.582692375 10.494742708 2.727696342
v -0.666436551 9.908533471 2.978928872
v -0.415204021 10.578486884 3.481393932
v -0.080227315 10.494742708 2.643952165
v 0.003516862 10.578486884 2.727696342
v -0.415204021 10.578486884 2.643952165
v 0.087261039 10.494742708 3.481393932
v 0.087261039 9.071091704 3.062673048
v 0.003516862 9.071091704 2.560207988
v 0.087261039 9.992277648 2.727696342
v -0.080227315 9.322324234 2.476463811
v -0.582692375 9.071091704 3.146417225
v -0.163971491 10.159766001 2.560207988
v -0.415204021 9.573556764 2.476463811
v -0.582692375 9.154835881 2.476463811
v -0.498948198 10.578486884 3.397649755
v -0.666436551 9.992277648 2.811440518
v 0.003516862 10.159766001 2.643952165
v -0.498948198 10.410998531 2.643952165
v 0.003516862 9.071091704 3.230161402
v -0.080227315 10.076021824 3.481393932
v -0.163971491 9.573556764 2.476463811
v -0.415204021 9.322324234 3.313905578
v -0.331459845 9.657300941 2.476463811
v -0.498948198 9.406068411 2.476463811
v -0.666436551 9.992277648 2.895184695
v -0.666436551 9.657300941 3.062673048
v -0.415204021 10.494742708 3.481393932
v -0.498948198 10.494742708 3.397649755
v -0.666436551 9.489812587 2.643952165
v -0.582692375 10.076021824 2.643952165
v -0.498948198 9.154835881 3.230161402
v -0.331459845 9.573556764 3.397649755
v -0.666436551 9.824789294 2.727696342
v -0.331459845 10.159766001 3.481393932
v -0.247715668 10.076021824 3.481393932
f 1667 1668 1669
f 1675 1669 1668
f 1678 1667 1669
f 1682 1677 1672
f 1682 1671 1677
f 1682 1680 1674
f 1683 1672 1677
f 1686 1667 1678
f 1687 1676 1679
f 1688 1679 1678
f 1688 1678 1669
f 1688 1687 1679
f 1688 1676 1687
f 1689 1673 1678
f 1689 1678 1679
f 1689 1684 1673
f 1689 1679 1670
f 1690 1668 1667
f 1690 1667 1686
f 1691 1675 1668
f 1691 1682 1675
f 1692 1681 1675
f 1692 1672 1681
f 1692 1682 1672
f 1692 1675 1682
f 1693 1669 1675
f 1693 1675 1681
f 1694 1681 1672
f 1694 1676 1681
f 1694 1672 1683
f 1695 1682 1674
f 1695 1671 1682
f 1696 1679 1676
f 1696 1683 1670
f 1696 1670 1679
f 1697 1683 1677
f 1698 1697 1677
f 1699 1678 1673
f 1699 1686 1678
f 1700 1673 1684
f 1700 1671 1685
f 1701 1688 1669
f 1701 1676 1688
f 1701 1669 1693
f 1701 1693 1681
f 1701 1681 1676
f 1702 1689 1670
f 1702 1684 1689
f 1702 1670 1698
f 1703 1690 1680
f 1703 1668 1690
f 1703 1691 1668
f 1703 1680 1682
f 1703 1682 1691
f 1704 1674 1680
f 1704 1680 1690
f 1704 1690 1686
f 1705 1694 1683
f 1705 1676 1694
f 1705 1696 1676
f 1705 1683 1696
f 1707 1697 1670
f 1707 1670 1683
f 1707 1683 1697
f 1708 1698 1670
f 1708 1670 1697
f 1708 1697 1698
f 1709 1699 1673
f 1709 1685 1699
f 1709 1700 1685
f 1709 1673 1700
f 1710 1699 1685
f 1710 1685 1671
f 1710 1671 1699
f 1711 1686 1699
f 1711 1704 1686
f 1712 1699 1671
f 1712 1671 1695
f 1712 1711 1699
f 1712 1695 1711
f 1713 1698 1677
f 1713 1677 1671
f 1713 1671 1700
f 1714 1702 1698
f 1714 1684 1702
f 1714 1713 1684
f 1714 1698 1713
f 1715 1695 1674
f 1715 1674 1706
f 1715 1711 1695
f 1715 1706 1711
f 1716 1706 1674
f 1717 1713 1700
f 1717 1700 1684
f 1717 1684 1713
f 1718 1704 1711
f 1718 1711 1706
f 1718 1706 1716
f 1719 1718 1716
f 1719 1704 1718
f 1719 1716 1674
f 1719 1674 1704
o dino046
usemtl Material046
v -1.671366671 1.952836687 -2.380698436
v -1.369250241 0.963442929 -2.522567355
v -1.660822294 1.950365357 -2.585259597
v -1.838855025 1.952836687 -2.631930966
v -1.906373487 0.611818727 -2.374577198
v -1.420134141 1.115394920 -2.715675142
v -1.380965776 1.202779318 -2.507550205
v -1.671366671 0.612929860 -2.380698436
v -1.898487450 1.949966051 -2.368342219
v -1.755110848 1.534115803 -2.715675142
v -1.660229745 0.617291774 -2.683033422
v -1.922599201 1.952836687 -2.548186789
v -1.420134141 0.947906566 -2.715675142
v -1.922599201 0.612929860 -2.548186789
v -1.710629049 0.619225749 -2.657859427
f 1720 1722 1723
f 1726 1722 1720
f 1726 1725 1722
f 1726 1721 1725
f 1727 1726 1720
f 1727 1721 1726
f 1728 1727 1720
f 1728 1724 1727
f 1729 1723 1722
f 1729 1722 1725
f 1730 1721 1727
f 1731 1728 1720
f 1731 1720 1723
f 1731 1724 1728
f 1731 1723 1729
f 1732 1725 1721
f 1732 1721 1730
f 1732 1730 1729
f 1732 1729 1725
f 1733 1730 1727
f 1733 1727 1724
f 1733 1731 1729
f 1733 1724 1731
f 1734 1733 1729
f 1734 1729 1730
f 1734 1730 1733
o dino047
usemtl Material047
v 0.422237745 3.125255160 -3.385628556
v 0.505981922 2.790278453 -3.804349439
v 0.254749392 3.125255160 -4.893023736
v -0.163971491 2.287813393 -5.060512089
v -0.498948198 2.120325040 -4.139326146
v 0.338493569 2.120325040 -4.809279559
v 0.505981922 3.125255160 -4.558047029
v 0.254749392 2.120325040 -4.055581969
v -0.555717400 3.159727010 -3.565126670
v 0.254749392 2.120325040 -4.976767913
v 0.499393544 3.126215409 -3.630461604
v 0.505981922 2.874022630 -4.474302853
v 0.424272972 2.961231652 -3.385579139
v 0.422237745 2.287813393 -4.055581969
v 0.056955461 2.112877503 -4.988976159
v -0.415204021 3.125255160 -4.641791206
v 0.422237745 3.125255160 -4.725535383
v 0.087261039 2.371557570 -5.060512089
v 0.505981922 2.957766807 -3.636861086
v 0.505981922 2.957766807 -4.558047029
v -0.247715668 2.120325040 -4.055581969
v -0.175884763 3.061602569 -3.359308831
v 0.338493569 2.120325040 -4.139326146
v 0.505981922 2.706534277 -4.055581969
v -0.582692375 2.120325040 -4.641791206
v -0.163971491 2.120325040 -5.060512089
v -0.080227315 3.125255160 -4.893023736
v 0.254749392 2.287813393 -4.976767913
v 0.422237745 2.790278453 -4.725535383
v -0.582692375 3.041510983 -3.553116909
v -0.415204021 2.874022630 -3.553116909
v 0.505981922 2.706534277 -3.888093616
v 0.422237745 2.287813393 -4.390558676
v -0.582692375 2.120325040 -4.223070323
v -0.498948198 2.371557570 -4.725535383
v -0.247715668 3.125255160 -4.809279559
v -0.080227315 2.371557570 -5.060512089
v -0.582692375 3.125255160 -4.306814499
v -0.163971491 3.041510983 -4.893023736
v -0.247715668 2.371557570 -4.976767913
v -0.582692375 2.204069217 -4.641791206
f 1745 1743 1735
f 1745 1741 1743
f 1746 1741 1736
f 1748 1747 1742
f 1749 1744 1740
f 1751 1743 1741
f 1751 1737 1743
f 1753 1736 1741
f 1753 1741 1745
f 1753 1747 1736
f 1753 1745 1735
f 1753 1735 1747
f 1754 1746 1740
f 1754 1741 1746
f 1754 1751 1741
f 1755 1742 1747
f 1755 1749 1742
f 1755 1739 1749
f 1756 1747 1735
f 1756 1735 1743
f 1756 1755 1747
f 1757 1748 1742
f 1757 1740 1748
f 1757 1749 1740
f 1757 1742 1749
f 1758 1746 1736
f 1760 1744 1749
f 1760 1752 1744
f 1760 1738 1752
f 1760 1749 1759
f 1761 1743 1737
f 1761 1737 1752
f 1762 1751 1744
f 1762 1737 1751
f 1762 1752 1737
f 1762 1744 1752
f 1763 1754 1740
f 1763 1740 1744
f 1763 1744 1751
f 1763 1751 1754
f 1764 1756 1743
f 1765 1739 1755
f 1765 1755 1756
f 1765 1764 1739
f 1765 1756 1764
f 1766 1758 1736
f 1766 1748 1758
f 1766 1736 1747
f 1766 1747 1748
f 1767 1758 1748
f 1767 1748 1740
f 1767 1740 1746
f 1767 1746 1758
f 1768 1759 1749
f 1768 1749 1739
f 1768 1764 1759
f 1768 1739 1764
f 1770 1750 1743
f 1770 1743 1761
f 1770 1769 1750
f 1771 1761 1752
f 1771 1752 1738
f 1771 1738 1761
f 1772 1764 1743
f 1772 1743 1750
f 1772 1759 1764
f 1773 1770 1761
f 1773 1761 1738
f 1773 1738 1770
f 1774 1770 1738
f 1774 1769 1770
f 1774 1738 1760
f 1774 1760 1759
f 1774 1759 1769
f 1775 1769 1759
f 1775 1759 1772
f 1775 1772 1750
f 1775 1750 1769
o dino048
usemtl Material048
v -1.503878318 4.883882870 0.382859395
v -1.336389965 3.878952750 0.382859395
v -1.336389965 4.883882870 -0.287094019
v -1.542638542 4.868438199 -0.536724261
v -1.755110848 3.878952750 0.382859395
v -1.420134141 3.878952750 -0.538326549
v -1.671366671 4.883882870 -0.035861489
v -1.336389965 4.632650340 0.382859395
v -1.680988145 4.700808161 0.406971133
v -1.336389965 4.130185280 -0.538326549
v -1.671366671 3.962696927 -0.538326549
v -1.420134141 4.883882870 -0.538326549
v -1.336389965 4.883882870 0.131626865
v -1.755110848 4.716394517 0.299115218
v -1.336389965 3.878952750 -0.287094019
v -1.671366671 3.878952750 -0.454582372
v -1.671366671 4.716394517 -0.538326549
v -1.336389965 4.632650340 -0.538326549
v -1.755110848 4.046441104 0.131626865
v -1.635074234 4.877625082 0.391071533
v -1.550722344 3.893355370 -0.537331564
v -1.671366671 4.800138694 -0.370838196
v -1.755110848 3.878952750 0.299115218
v -1.755110848 4.381417810 0.131626865
f 1781 1777 1780
f 1782 1776 1778
f 1783 1777 1778
f 1784 1780 1777
f 1784 1783 1776
f 1784 1777 1783
f 1785 1778 1777
f 1786 1785 1781
f 1787 1782 1778
f 1787 1779 1782
f 1787 1785 1786
f 1788 1783 1778
f 1788 1778 1776
f 1788 1776 1783
f 1789 1780 1784
f 1790 1785 1777
f 1790 1777 1781
f 1790 1781 1785
f 1791 1781 1780
f 1792 1787 1786
f 1792 1779 1787
f 1793 1787 1778
f 1793 1778 1785
f 1793 1785 1787
f 1794 1780 1789
f 1794 1786 1791
f 1794 1792 1786
f 1795 1789 1784
f 1795 1784 1776
f 1795 1776 1782
f 1795 1782 1789
f 1796 1791 1786
f 1796 1786 1781
f 1796 1781 1791
f 1797 1782 1779
f 1797 1779 1792
f 1797 1792 1789
f 1797 1789 1782
f 1798 1794 1791
f 1798 1791 1780
f 1798 1780 1794
f 1799 1794 1789
f 1799 1789 1792
f 1799 1792 1794
o dino049
usemtl Material049
v -0.415204021 5.386347930 2.727696342
v -0.415204021 4.632650340 2.727696342
v -0.415204021 5.386347930 0.885324455
v -1.587622495 5.386347930 0.885324455
v -2.006343378 4.632650340 2.225231281
v -1.173672944 4.632260609 2.736056658
v -1.755110848 5.386347930 2.057742928
v -0.415204021 4.632650340 0.885324455
v -2.090087555 4.883882870 1.471533691
v -1.169123581 5.386379562 2.727890092
v -1.922599201 4.632650340 0.885324455
v -1.922599201 5.218859577 1.387789515
v -2.006343378 5.051371224 1.973998751
v -1.671366671 4.800138694 2.560207988
v -2.090087555 4.632650340 1.220301161
v -1.755110848 5.386347930 1.220301161
v -1.922599201 4.883882870 0.969068631
v -2.090087555 4.716394517 2.057742928
v -1.922599201 5.218859577 1.890254575
v -1.671366671 4.632650340 2.560207988
v -1.838855025 5.051371224 2.308975458
v -1.922599201 4.716394517 0.885324455
v -2.090087555 4.800138694 1.304045338
v -1.755110848 5.302603754 1.052812808
v -2.090087555 4.883882870 1.890254575
v -2.090087555 4.632650340 2.057742928
v -1.838855025 4.883882870 2.392719635
v -2.006343378 4.883882870 2.141487105
v -1.838855025 5.218859577 2.141487105
v -2.090087555 4.716394517 1.220301161
v -2.006343378 4.967627047 1.220301161
v -1.755110848 5.218859577 0.969068631
v -1.503878318 5.218859577 2.560207988
v -2.006343378 4.716394517 2.225231281
v -2.006343378 5.051371224 1.387789515
v -2.006343378 4.883882870 1.136556985
v -1.922599201 5.135115400 1.220301161
v -1.755110848 4.883882870 2.476463811
v -1.420134141 5.386347930 2.560207988
v -1.671366671 5.302603754 2.308975458
f 1800 1801 1802
f 1805 1801 1800
f 1807 1802 1801
f 1807 1801 1805
f 1807 1803 1802
f 1809 1805 1800
f 1809 1800 1802
f 1809 1802 1803
f 1810 1807 1805
f 1810 1803 1807
f 1813 1805 1809
f 1814 1810 1805
f 1815 1811 1806
f 1815 1809 1803
f 1815 1806 1809
f 1817 1808 1814
f 1818 1806 1811
f 1818 1811 1808
f 1819 1804 1805
f 1819 1805 1813
f 1821 1803 1810
f 1821 1810 1814
f 1822 1814 1808
f 1823 1815 1803
f 1823 1811 1815
f 1824 1817 1812
f 1824 1808 1817
f 1824 1818 1808
f 1824 1812 1818
f 1825 1817 1814
f 1825 1804 1817
f 1825 1814 1805
f 1825 1805 1804
f 1827 1812 1817
f 1827 1826 1820
f 1828 1827 1820
f 1828 1812 1827
f 1828 1818 1812
f 1828 1806 1818
f 1829 1821 1814
f 1829 1816 1821
f 1829 1814 1822
f 1830 1822 1808
f 1830 1829 1822
f 1831 1823 1803
f 1831 1821 1816
f 1831 1803 1821
f 1832 1813 1809
f 1832 1820 1826
f 1833 1827 1817
f 1833 1817 1804
f 1833 1826 1827
f 1834 1830 1808
f 1834 1808 1811
f 1834 1811 1830
f 1835 1816 1829
f 1835 1829 1830
f 1836 1830 1811
f 1836 1811 1823
f 1836 1835 1830
f 1836 1816 1835
f 1836 1831 1816
f 1836 1823 1831
f 1837 1832 1826
f 1837 1813 1832
f 1837 1826 1833
f 1837 1833 1804
f 1837 1819 1813
f 1837 1804 1819
f 1838 1820 1832
f 1838 1832 1809
f 1838 1809 1806
f 1839 1828 1820
f 1839 1820 1838
f 1839 1838 1806
f 1839 1806 1828
o dino050
usemtl Material050
v 0.036693871 8.068173765 2.909572660
v 0.254749392 6.977487287 2.727696342
v 0.171005215 8.066161584 2.560207988
v 0.087261039 6.977487287 2.057742928
v 0.003516862 6.893743111 2.895184695
v 0.254749392 6.893743111 2.308975458
v -0.022596554 8.064611928 2.417700939
v 0.171005215 8.066161584 2.811440518
v 0.171005215 7.731184877 2.895184695
v 0.254749392 7.061231464 2.560207988
v 0.171005215 6.893743111 2.141487105
v 0.201075085 6.713260757 2.402845450
v 0.087261039 8.066161584 2.392719635
v -0.043458072 6.957546594 2.099952238
v 0.121061444 6.890446468 2.870991231
v 0.254749392 6.977487287 2.392719635
v 0.254749392 7.061231464 2.643952165
v 0.117583229 6.702073267 2.174328997
v 0.185361113 6.706494426 2.333908967
v 0.087261039 6.726254757 2.392719635
v -0.005167294 6.806478033 2.064208121
v 0.086574483 6.725971814 2.141917154
v 0.003516862 6.809998934 2.392719635
f 1846 1844 1840
f 1847 1842 1840
f 1848 1840 1844
f 1848 1847 1840
f 1848 1841 1847
f 1849 1841 1845
f 1849 1842 1847
f 1850 1842 1845
f 1851 1845 1841
f 1852 1846 1840
f 1852 1840 1842
f 1852 1843 1846
f 1852 1850 1843
f 1852 1842 1850
f 1853 1846 1843
f 1853 1844 1846
f 1854 1848 1844
f 1854 1841 1848
f 1854 1851 1841
f 1854 1844 1851
f 1855 1849 1845
f 1855 1845 1842
f 1855 1842 1849
f 1856 1849 1847
f 1856 1847 1841
f 1856 1841 1849
f 1857 1850 1845
f 1858 1857 1845
f 1858 1845 1851
f 1859 1851 1844
f 1859 1858 1851
f 1859 1857 1858
f 1860 1853 1843
f 1861 1843 1850
f 1861 1850 1857
f 1861 1860 1843
f 1861 1857 1859
f 1861 1859 1860
f 1862 1860 1859
f 1862 1859 1844
f 1862 1844 1853
f 1862 1853 1860
o dino051
usemtl Material051
v 1.259679512 1.617859980 -2.715675142
v 1.427167866 1.115394920 -3.301884379
v 1.343423689 1.701604157 -3.636861086
v 0.488217852 1.686185797 -3.618023584
v 0.422237745 0.947906566 -3.469372733
v 0.868044395 1.743320873 -2.768980162
v 1.327554609 1.722285738 -2.828938611
v 1.175935336 0.947906566 -3.218140203
v 1.259679512 0.947906566 -3.636861086
v 0.840958629 1.617859980 -2.715675142
v 1.343423689 1.534115803 -2.799419319
v 1.231319931 1.737604727 -2.764865281
v 1.343423689 1.199139096 -3.636861086
v 1.259679512 0.947906566 -3.301884379
v 0.444225939 0.948844586 -3.647652729
v 1.008446982 1.450371627 -2.799419319
v 0.422237745 1.701604157 -3.134396026
v 1.175935336 1.450371627 -2.799419319
v 0.757214452 0.947906566 -3.218140203
v 0.673470276 1.701604157 -2.799419319
v 1.259679512 1.282883273 -2.966907672
v 1.092191159 1.031650743 -3.134396026
v 0.840958629 1.031650743 -3.134396026
v 0.673470276 1.617859980 -2.799419319
v 0.505981922 1.701604157 -2.966907672
v 0.505981922 0.947906566 -3.385628556
v 0.422237745 1.534115803 -3.134396026
v 0.505981922 1.450371627 -3.050651849
v 0.505981922 1.617859980 -2.966907672
f 1868 1865 1866
f 1869 1864 1865
f 1871 1870 1867
f 1873 1869 1863
f 1873 1864 1869
f 1874 1863 1869
f 1874 1872 1863
f 1874 1868 1872
f 1874 1869 1865
f 1874 1865 1868
f 1875 1865 1864
f 1875 1864 1871
f 1876 1871 1864
f 1876 1864 1870
f 1876 1870 1871
f 1877 1871 1867
f 1877 1866 1865
f 1877 1875 1871
f 1877 1865 1875
f 1878 1863 1872
f 1879 1868 1866
f 1879 1877 1867
f 1879 1866 1877
f 1880 1873 1863
f 1880 1863 1878
f 1881 1867 1870
f 1882 1872 1868
f 1883 1880 1870
f 1883 1873 1880
f 1883 1870 1864
f 1883 1864 1873
f 1884 1880 1878
f 1884 1870 1880
f 1884 1881 1870
f 1885 1878 1872
f 1885 1872 1881
f 1885 1884 1878
f 1885 1881 1884
f 1886 1881 1872
f 1886 1872 1882
f 1887 1882 1868
f 1887 1868 1879
f 1887 1886 1882
f 1888 1867 1881
f 1888 1881 1886
f 1889 1887 1879
f 1889 1879 1867
f 1890 1888 1886
f 1890 1867 1888
f 1890 1889 1867
f 1891 1890 1886
f 1891 1886 1887
f 1891 1887 1889
f 1891 1889 1890
o dino052
usemtl Material052
v -0.331459845 4.632650340 0.885324455
v -0.331459845 3.878952750 0.885324455
v -0.331459845 4.632650340 -1.627000846
v -1.420134141 4.632650340 -1.627000846
v -1.420134141 3.878952750 0.885324455
v -1.420134141 3.878952750 -1.627000846
v -1.420134141 4.632650340 0.885324455
v -0.331459845 3.878952750 -1.627000846
f 1892 1893 1894
f 1892 1894 1895
f 1896 1893 1892
f 1897 1895 1894
f 1897 1896 1895
f 1897 1893 1896
f 1898 1896 1892
f 1898 1892 1895
f 1898 1895 1896
f 1899 1897 1894
f 1899 1894 1893
f 1899 1893 1897
o dino053
usemtl Material053
v -0.013925904 7.897231108 2.405338061
v 0.003516862 6.809998934 2.392719635
v 0.003516862 6.977487287 1.973998751
v -0.498948198 6.893743111 1.806510398
v -0.820786164 6.807688593 2.396414910
v -0.194903720 6.769109671 1.862063137
v -0.247715668 7.898673231 2.141487105
v 0.087261039 7.647440701 2.308975458
v -0.760537178 7.131058282 2.423833574
v -0.039410492 6.787466226 2.007453711
v -0.833924905 6.809998934 2.141487105
v -0.163971491 6.893743111 1.806510398
v 0.080759679 7.227448334 2.395416328
v -0.080227315 7.898673231 2.225231281
v -0.622294555 7.894944630 2.428678315
v -0.498948198 6.809998934 1.806510398
v 0.024471878 7.637621786 2.426031386
v 0.087261039 7.228719817 2.225231281
v -0.163971491 7.814929054 2.141487105
v 0.003516862 7.731184877 2.225231281
v -0.582692375 7.898673231 2.225231281
v -0.833924905 7.144975641 2.308975458
v -0.683789241 7.553235848 2.426799535
v 0.087261039 7.396208171 2.225231281
v -0.080227315 6.977487287 1.890254575
v -0.331459845 7.898673231 2.141487105
v -0.833924905 6.893743111 2.141487105
v -0.666436551 7.898673231 2.308975458
v -0.750180728 7.563696524 2.308975458
f 1905 1901 1904
f 1908 1904 1901
f 1909 1902 1901
f 1909 1901 1905
f 1910 1905 1904
f 1911 1903 1906
f 1911 1909 1905
f 1911 1902 1909
f 1913 1900 1907
f 1915 1910 1903
f 1915 1905 1910
f 1915 1911 1905
f 1915 1903 1911
f 1916 1912 1907
f 1916 1907 1900
f 1916 1900 1914
f 1916 1908 1901
f 1916 1901 1912
f 1917 1912 1901
f 1917 1901 1902
f 1917 1907 1912
f 1918 1913 1911
f 1918 1911 1906
f 1918 1906 1913
f 1919 1913 1907
f 1920 1913 1906
f 1921 1910 1904
f 1921 1904 1908
f 1921 1908 1914
f 1922 1916 1914
f 1922 1914 1908
f 1922 1908 1916
f 1923 1917 1902
f 1923 1907 1917
f 1923 1919 1907
f 1923 1902 1919
f 1924 1919 1902
f 1924 1902 1911
f 1924 1911 1913
f 1924 1913 1919
f 1925 1920 1906
f 1925 1906 1903
f 1925 1903 1920
f 1926 1920 1903
f 1926 1903 1910
f 1926 1910 1921
f 1927 1914 1900
f 1927 1900 1913
f 1927 1913 1920
f 1927 1920 1926
f 1928 1921 1914
f 1928 1914 1927
f 1928 1927 1926
f 1928 1926 1921
o dino054
usemtl Material054
v 1.092191159 2.790278453 -1.961977552
v 1.259679512 2.455301747 -2.129465906
v 1.259679512 3.125255160 -3.469372733
v 0.475024651 3.113702685 -3.667976774
v 0.505981922 2.455301747 -2.464442612
v 0.437830344 3.153679334 -2.149346727
v 1.259679512 3.125255160 -2.296954259
v 0.840958629 2.455301747 -2.129465906
v 1.237307095 2.406445583 -3.581530039
v 0.173784740 3.164494699 -2.466048133
v 1.259679512 2.706534277 -2.045721729
v 0.840958629 3.125255160 -2.129465906
v 0.422237745 2.957766807 -2.129465906
v 1.259679512 2.539045923 -3.636861086
v 0.789767080 2.405487758 -3.601385990
v 0.673470276 3.125255160 -3.636861086
v 0.267956510 3.166965978 -2.307469845
v 1.238533547 2.891158246 -2.096903447
v 0.840958629 2.874022630 -1.961977552
v 0.589726099 2.622790100 -2.213210082
v 0.171005215 3.041510983 -2.464442612
v 0.171005215 3.125255160 -3.385628556
v 0.254749392 3.041510983 -2.296954259
v 1.069995554 2.895292712 -2.034847718
v 0.840958629 2.790278453 -1.961977552
v 0.757214452 2.539045923 -2.129465906
v 0.410118596 2.972858189 -3.643447565
v 0.505981922 2.455301747 -2.966907672
v 0.757214452 2.706534277 -2.045721729
v 0.172320671 3.003680251 -3.403143651
v 0.673470276 2.455301747 -3.553116909
v 0.171005215 2.957766807 -3.134396026
v 0.422237745 2.539045923 -2.631930966
v 0.422237745 2.539045923 -2.799419319
f 1935 1930 1931
f 1936 1930 1929
f 1939 1929 1930
f 1939 1930 1935
f 1940 1935 1934
f 1942 1931 1930
f 1942 1930 1937
f 1943 1936 1933
f 1943 1942 1937
f 1943 1932 1942
f 1943 1937 1930
f 1943 1930 1936
f 1944 1938 1931
f 1944 1942 1932
f 1944 1931 1942
f 1945 1935 1931
f 1945 1931 1938
f 1945 1934 1935
f 1946 1939 1935
f 1946 1929 1939
f 1946 1935 1940
f 1947 1940 1934
f 1947 1929 1940
f 1947 1934 1941
f 1948 1941 1933
f 1948 1933 1936
f 1950 1944 1932
f 1950 1938 1944
f 1950 1949 1938
f 1951 1941 1934
f 1951 1934 1945
f 1951 1945 1938
f 1951 1938 1949
f 1951 1949 1933
f 1951 1933 1941
f 1952 1946 1940
f 1952 1940 1929
f 1952 1929 1946
f 1953 1947 1941
f 1953 1936 1929
f 1953 1929 1947
f 1954 1948 1936
f 1954 1941 1948
f 1954 1936 1953
f 1955 1950 1932
f 1955 1932 1943
f 1956 1943 1933
f 1957 1954 1953
f 1957 1953 1941
f 1957 1941 1954
f 1958 1950 1955
f 1959 1958 1955
f 1959 1955 1943
f 1959 1943 1956
f 1959 1956 1958
f 1960 1949 1950
f 1960 1950 1958
f 1961 1933 1949
f 1961 1949 1960
f 1961 1956 1933
f 1962 1960 1958
f 1962 1958 1956
f 1962 1961 1960
f 1962 1956 1961
o dino055
usemtl Material055
v -0.086820785 3.078930687 0.954009910
v 0.171005215 2.957766807 0.717836101
v 0.164501446 3.053652588 -0.455753878
v -0.325307003 3.056750020 -0.455798963
v -1.001413258 2.957766807 0.801580278
v -0.977318109 3.089777020 0.565353593
v 0.154859260 3.082549659 0.709376815
v -0.080227315 2.957766807 0.969068631
v -0.415204021 2.874022630 0.382859395
v -0.902499936 3.081986757 0.868683529
v -1.001413258 2.957766807 0.550347748
v 0.171005215 2.957766807 -0.454582372
v -0.331459845 2.874022630 0.717836101
v -0.984333620 3.082708561 0.788530951
v -0.580411396 3.068905142 0.960173896
v -0.498948198 2.874022630 0.634091925
v -0.331459845 2.957766807 -0.454582372
v -0.582692375 2.957766807 0.969068631
v -0.163971491 2.874022630 0.717836101
v -0.917669081 2.957766807 0.885324455
v -0.498948198 2.874022630 0.466603571
v -0.080227315 2.874022630 0.634091925
v -0.163971491 2.874022630 0.382859395
v -0.080227315 2.874022630 0.466603571
f 1968 1965 1966
f 1969 1963 1964
f 1969 1964 1965
f 1969 1968 1963
f 1969 1965 1968
f 1970 1964 1963
f 1972 1963 1968
f 1973 1968 1966
f 1974 1965 1964
f 1974 1966 1965
f 1976 1972 1968
f 1976 1973 1967
f 1976 1968 1973
f 1977 1970 1963
f 1977 1963 1972
f 1978 1967 1973
f 1978 1971 1975
f 1979 1973 1966
f 1979 1974 1971
f 1979 1966 1974
f 1980 1975 1970
f 1980 1970 1977
f 1981 1964 1970
f 1981 1970 1975
f 1981 1975 1971
f 1982 1976 1967
f 1982 1972 1976
f 1982 1975 1980
f 1982 1978 1975
f 1982 1967 1978
f 1982 1980 1977
f 1982 1977 1972
f 1983 1978 1973
f 1983 1971 1978
f 1983 1979 1971
f 1983 1973 1979
f 1984 1974 1964
f 1984 1964 1981
f 1984 1981 1971
f 1985 1984 1971
f 1985 1971 1974
f 1986 1985 1974
f 1986 1974 1984
f 1986 1984 1985
o dino056
usemtl Material056
v 0.254749392 6.140045520 0.969068631
v 0.236778466 6.027721811 0.968971625
v -0.080227315 6.140045520 -0.538326549
v -0.247715668 6.140045520 -0.622070726
v -0.666436551 6.140045520 0.969068631
v -0.103935711 6.019520375 -0.534061582
v 0.003516862 6.223789697 0.382859395
v 0.254749392 6.140045520 0.550347748
v -0.460091357 6.161495392 0.983083876
v -0.167621367 6.038521064 -0.619288712
v -0.728779007 6.014259827 0.620182989
v -0.163971491 6.223789697 0.215371041
v 0.087261039 6.223789697 0.550347748
v 0.234707910 6.020039908 0.556445484
v -0.652994751 6.035208549 0.977025437
v -0.163971491 6.140045520 -0.622070726
v -0.567815077 6.022369126 -0.198655920
v -0.582692375 6.223789697 0.382859395
v 0.087261039 6.223789697 0.969068631
v -0.750180728 6.140045520 0.634091925
v -0.246392046 6.044829431 -0.620763561
v -0.331459845 6.223789697 0.215371041
v -0.582692375 6.223789697 0.634091925
v -0.582692375 6.140045520 -0.203349842
v -0.750180728 6.140045520 0.382859395
v -0.490826020 6.025971654 -0.366348274
v -0.498948198 6.223789697 0.299115218
v -0.498948198 6.140045520 -0.370838196
v -0.734138426 6.020419320 0.396012932
f 1994 1987 1988
f 1995 1988 1987
f 1996 1989 1992
f 1998 1993 1989
f 1999 1987 1994
f 1999 1993 1998
f 1999 1994 1989
f 1999 1989 1993
f 2000 1992 1989
f 2000 1989 1994
f 2000 1994 1988
f 2000 1997 1992
f 2000 1988 1997
f 2001 1995 1991
f 2001 1988 1995
f 2001 1997 1988
f 2002 1989 1996
f 2002 1998 1989
f 2002 1990 1998
f 2003 1992 1997
f 2004 1999 1998
f 2005 1995 1987
f 2005 1987 1999
f 2005 1999 2004
f 2006 2001 1991
f 2006 1997 2001
f 2007 2002 1996
f 2007 1990 2002
f 2007 1996 1992
f 2008 2004 1998
f 2008 1998 1990
f 2009 1991 1995
f 2009 2005 2004
f 2009 1995 2005
f 2009 2006 1991
f 2009 2004 2006
f 2011 2010 2003
f 2011 2006 2004
f 2011 2004 2010
f 2012 2007 1992
f 2012 1992 2003
f 2012 2003 2010
f 2013 2008 1990
f 2013 2004 2008
f 2014 2010 2004
f 2014 2012 2010
f 2014 1990 2007
f 2014 2007 2012
f 2014 2013 1990
f 2014 2004 2013
f 2015 2011 2003
f 2015 2003 1997
f 2015 1997 2006
f 2015 2006 2011
o dino057
usemtl Material057
v 0.642421308 4.370828276 -3.953252275
v 0.630661133 3.803752592 -3.965501740
v 0.505981922 3.795208573 -4.558047029
v -0.080227315 3.962696927 -4.725535383
v -0.509994096 4.040316305 -4.194081249
v 0.338493569 4.381417810 -4.474302853
v 0.673470276 3.795208573 -4.223070323
v -0.080227315 3.795208573 -3.971837793
v 0.673470276 4.381417810 -4.139326146
v 0.254749392 3.878952750 -4.725535383
v -0.498948198 4.381417810 -4.306814499
v 0.227166106 3.774358830 -4.653102156
v 0.422237745 4.130185280 -4.558047029
v 0.673470276 4.213929457 -4.223070323
v 0.254749392 4.130185280 -4.641791206
v -0.080227315 4.381417810 -3.971837793
v -0.247715668 4.381417810 -4.474302853
v -0.498948198 3.795208573 -4.474302853
v 0.422237745 3.795208573 -4.641791206
v -0.163971491 3.795208573 -4.725535383
v 0.422237745 4.297673634 -4.474302853
v 0.589726099 4.297673634 -4.306814499
v 0.171005215 3.962696927 -4.725535383
v 0.338493569 4.046441104 -4.641791206
v -0.442322881 4.356658817 -4.184688546
v -0.163971491 4.297673634 -4.558047029
v -0.582692375 4.046441104 -4.306814499
v -0.582692375 3.795208573 -4.306814499
v 0.422237745 3.878952750 -4.641791206
v -0.331459845 3.795208573 -4.641791206
v 0.254749392 4.297673634 -4.558047029
v -0.498948198 3.962696927 -4.474302853
v -0.518837489 3.797206369 -4.205006376
v 0.505981922 4.130185280 -4.474302853
v -0.331459845 3.878952750 -4.641791206
v -0.498948198 4.213929457 -4.390558676
v 0.505981922 3.878952750 -4.558047029
v -0.163971491 3.878952750 -4.725535383
v -0.247715668 4.046441104 -4.641791206
v -0.415204021 4.213929457 -4.474302853
v -0.163971491 4.130185280 -4.641791206
v -0.415204021 3.962696927 -4.558047029
v -0.415204021 4.381417810 -4.390558676
f 2022 2016 2017
f 2023 2017 2016
f 2024 2016 2022
f 2026 2024 2021
f 2027 2022 2017
f 2027 2017 2023
f 2027 2018 2022
f 2029 2024 2022
f 2029 2022 2018
f 2030 2021 2028
f 2031 2016 2024
f 2031 2024 2026
f 2031 2023 2016
f 2031 2020 2023
f 2032 2026 2021
f 2034 2018 2027
f 2035 2019 2025
f 2035 2034 2027
f 2035 2025 2034
f 2036 2028 2021
f 2036 2021 2024
f 2037 2024 2029
f 2037 2036 2024
f 2038 2030 2025
f 2038 2025 2019
f 2038 2019 2030
f 2039 2030 2028
f 2039 2025 2030
f 2040 2031 2026
f 2040 2020 2031
f 2041 2032 2021
f 2042 2040 2026
f 2042 2020 2040
f 2043 2033 2027
f 2043 2027 2023
f 2043 2042 2033
f 2044 2018 2034
f 2044 2039 2028
f 2044 2034 2025
f 2044 2025 2039
f 2045 2035 2027
f 2045 2027 2033
f 2046 2041 2021
f 2046 2021 2030
f 2046 2030 2041
f 2047 2033 2042
f 2047 2045 2033
f 2048 2043 2023
f 2048 2023 2020
f 2048 2020 2042
f 2048 2042 2043
f 2049 2044 2028
f 2049 2037 2029
f 2049 2028 2036
f 2049 2036 2037
f 2050 2035 2045
f 2050 2045 2047
f 2051 2047 2042
f 2051 2042 2026
f 2052 2049 2029
f 2052 2029 2018
f 2052 2018 2044
f 2052 2044 2049
f 2053 2019 2035
f 2053 2035 2050
f 2054 2053 2050
f 2055 2047 2051
f 2055 2054 2050
f 2056 2019 2053
f 2056 2053 2054
f 2056 2041 2030
f 2056 2030 2019
f 2056 2032 2041
f 2056 2055 2032
f 2056 2054 2055
f 2057 2055 2050
f 2057 2050 2047
f 2057 2047 2055
f 2058 2026 2032
f 2058 2032 2055
f 2058 2055 2051
f 2058 2051 2026
o dino058
usemtl Material058
v 0.789756105 5.356953394 -2.391673641
v 0.840958629 3.125255160 -2.380698436
v 0.840958629 4.632650340 -3.218140203
v -0.080227315 5.302603754 -3.218140203
v -0.080760428 3.163125931 -2.382788102
v 0.757214452 5.218859577 -3.218140203
v 0.840958629 4.632650340 -2.380698436
v -0.080227315 5.302603754 -2.380698436
v -0.084960748 3.103430645 -3.209392699
v 0.757214452 5.302603754 -3.050651849
v 0.840958629 3.125255160 -3.218140203
v 0.589726099 5.302603754 -3.218140203
f 2064 2061 2062
f 2065 2060 2061
f 2065 2061 2059
f 2066 2059 2062
f 2066 2065 2059
f 2066 2063 2060
f 2066 2060 2065
f 2067 2060 2063
f 2067 2066 2062
f 2067 2063 2066
f 2068 2059 2061
f 2068 2061 2064
f 2069 2061 2060
f 2069 2060 2067
f 2069 2067 2062
f 2069 2062 2061
f 2070 2068 2064
f 2070 2064 2062
f 2070 2062 2059
f 2070 2059 2068
o dino059
usemtl Material059
v 1.343423689 1.701604157 -3.636861086
v 1.367458949 0.939528198 -3.627137978
v 1.371000217 0.949523138 -4.065277204
v 0.589726099 1.785348333 -4.055581969
v 0.338493569 0.947906566 -3.636861086
v 1.343423689 1.701604157 -4.055581969
v 0.568407537 1.926506027 -3.608871532
v 0.338493569 0.947906566 -4.055581969
v 0.704293450 1.947513350 -3.869344833
v 0.338493569 1.031650743 -4.055581969
v 0.589726099 1.952836687 -3.888093616
v 0.616347396 1.978285849 -3.664319123
v 0.422237745 1.785348333 -3.636861086
v 0.338493569 1.115394920 -3.636861086
v 0.505981922 1.952836687 -3.720605263
v 0.338493569 1.115394920 -3.971837793
v 0.422237745 1.701604157 -3.804349439
v 0.422237745 1.785348333 -3.720605263
f 2071 2072 2073
f 2076 2071 2073
f 2076 2073 2074
f 2077 2075 2072
f 2077 2072 2071
f 2078 2073 2072
f 2078 2072 2075
f 2079 2071 2076
f 2080 2074 2073
f 2080 2073 2078
f 2080 2078 2075
f 2081 2079 2076
f 2081 2076 2074
f 2082 2077 2071
f 2082 2071 2079
f 2082 2079 2081
f 2084 2080 2075
f 2084 2075 2077
f 2084 2077 2083
f 2085 2082 2081
f 2085 2081 2074
f 2085 2083 2077
f 2085 2077 2082
f 2086 2084 2083
f 2086 2080 2084
f 2087 2085 2074
f 2087 2074 2080
f 2087 2080 2086
f 2088 2083 2085
f 2088 2085 2087
f 2088 2087 2086
f 2088 2086 2083
o dino060
usemtl Material060
v -1.420134141 4.883882870 -0.538326549
v -1.420134141 3.878952750 -0.538326549
v -1.379791511 3.813724082 -1.202893528
v -1.463119162 4.636905182 -1.216635320
v -1.671366671 4.716394517 -0.538326549
v -1.435444979 5.057906004 -0.875434301
v -1.378510686 3.733831931 -1.029401210
v -1.542638542 4.868438199 -0.536724261
v -1.587622495 4.130185280 -1.124535786
v -1.587622495 4.967627047 -0.873303256
v -1.550722344 3.893355370 -0.537331564
v -1.461364535 5.067630702 -0.626714745
v -1.503878318 3.795208573 -1.208279962
v -1.671366671 4.548906164 -0.789559079
v -1.587622495 4.632650340 -1.124535786
v -1.671366671 3.962696927 -0.538326549
v -1.503878318 3.711464397 -0.873303256
v -1.503878318 3.711464397 -1.040791609
v -1.671366671 4.716394517 -0.622070726
v -1.671366671 4.130185280 -0.789559079
v -1.406806851 3.718740228 -0.869942063
v -1.671366671 3.962696927 -0.705814902
v -1.587622495 3.962696927 -1.040791609
f 2094 2089 2091
f 2094 2091 2092
f 2095 2089 2090
f 2095 2091 2089
f 2096 2090 2089
f 2098 2094 2092
f 2099 2090 2096
f 2100 2096 2089
f 2100 2089 2094
f 2100 2094 2098
f 2100 2098 2093
f 2100 2093 2096
f 2101 2092 2091
f 2103 2098 2092
f 2103 2102 2098
f 2103 2097 2102
f 2103 2101 2097
f 2103 2092 2101
f 2104 2099 2096
f 2104 2096 2093
f 2104 2093 2102
f 2105 2090 2099
f 2105 2099 2104
f 2106 2101 2091
f 2106 2091 2095
f 2106 2105 2104
f 2107 2102 2093
f 2107 2093 2098
f 2107 2098 2102
f 2108 2104 2102
f 2108 2102 2097
f 2109 2095 2090
f 2109 2090 2105
f 2109 2106 2095
f 2109 2105 2106
f 2110 2106 2104
f 2110 2101 2106
f 2110 2104 2108
f 2110 2108 2097
f 2111 2110 2097
f 2111 2097 2101
f 2111 2101 2110
o dino061
usemtl Material061
v -1.252645788 5.721324637 2.727696342
v -1.137082458 5.628175755 2.699579245
v -1.136725367 5.955552257 2.389605871
v -1.252645788 5.805068814 0.885324455
v -1.695633341 5.343398459 1.401246799
v -1.129446007 5.752021672 0.898104349
v -1.123437665 5.708222101 2.691759197
v -1.587622495 5.386347930 2.225231281
v -1.755110848 5.470092107 1.387789515
v -1.252645788 5.972557167 1.387789515
v -1.462910836 5.362302931 0.902384581
v -1.140093416 5.875403712 2.547962148
v -1.127331857 5.914232581 1.399445009
v -1.168901611 5.386347930 0.885324455
v -1.304327193 5.378613045 2.543557159
v -1.755110848 5.470092107 1.890254575
v -1.252645788 5.888812990 1.052812808
v -1.587622495 5.470092107 0.969068631
v -1.252645788 5.972557167 2.392719635
v -1.124598999 5.823481371 1.077534829
v -1.168901611 5.386347930 2.560207988
v -1.503878318 5.470092107 0.885324455
v -1.252645788 5.637580460 2.727696342
v -1.695556501 5.339032123 1.870034429
v -1.587622495 5.470092107 2.225231281
v -1.503878318 5.721324637 1.304045338
v -1.503878318 5.637580460 1.052812808
v -1.587622495 5.386347930 0.969068631
v -1.252645788 5.888812990 2.560207988
v -1.420134141 5.637580460 0.885324455
v -1.360121788 5.364122697 2.442589696
v -1.609725696 5.346421455 1.172152868
v -1.336389965 5.888812990 1.304045338
v -1.671366671 5.470092107 1.136556985
v -1.671366671 5.553836284 1.304045338
v -1.336389965 5.721324637 2.560207988
f 2118 2112 2113
f 2123 2118 2114
f 2123 2112 2118
f 2124 2114 2118
f 2124 2121 2114
f 2125 2117 2118
f 2125 2115 2117
f 2128 2117 2115
f 2128 2121 2124
f 2130 2114 2121
f 2131 2124 2118
f 2131 2118 2117
f 2131 2128 2124
f 2131 2117 2128
f 2132 2125 2118
f 2132 2118 2113
f 2133 2125 2122
f 2133 2115 2125
f 2134 2113 2112
f 2134 2112 2119
f 2134 2119 2126
f 2134 2132 2113
f 2134 2126 2132
f 2135 2119 2127
f 2135 2127 2120
f 2135 2120 2116
f 2136 2127 2119
f 2136 2119 2112
f 2136 2112 2127
f 2137 2130 2121
f 2138 2128 2115
f 2138 2137 2128
f 2139 2116 2120
f 2139 2133 2122
f 2139 2129 2133
f 2140 2123 2114
f 2140 2114 2130
f 2140 2112 2123
f 2140 2130 2127
f 2141 2133 2129
f 2141 2115 2133
f 2141 2138 2115
f 2141 2129 2138
f 2142 2126 2119
f 2142 2119 2135
f 2142 2132 2126
f 2142 2125 2132
f 2143 2135 2116
f 2143 2122 2125
f 2143 2142 2135
f 2143 2125 2142
f 2143 2139 2122
f 2143 2116 2139
f 2144 2137 2121
f 2144 2121 2128
f 2144 2128 2137
f 2145 2138 2129
f 2145 2139 2120
f 2145 2129 2139
f 2146 2137 2138
f 2146 2120 2127
f 2146 2127 2130
f 2146 2130 2137
f 2146 2145 2120
f 2146 2138 2145
f 2147 2140 2127
f 2147 2127 2112
f 2147 2112 2140
o dino062
usemtl Material062
v -0.080227315 5.972557167 3.230161402
v 0.422237745 4.632650340 2.978928872
v 0.304091601 6.048381035 2.709733955
v -1.019941078 6.030646969 2.692860003
v -1.001413258 4.632650340 2.978928872
v 0.422237745 4.632650340 2.727696342
v -0.582692375 6.056301344 3.230161402
v 0.422237745 5.637580460 2.895184695
v -0.498948198 4.800138694 3.230161402
v 0.353653848 5.872829105 2.685263966
v -1.173672944 4.632260609 2.736056658
v 0.003516862 6.056301344 3.146417225
v -1.085157435 6.056301344 2.811440518
v 0.422237745 5.302603754 2.978928872
v -0.666436551 4.632650340 3.146417225
v -0.080227315 5.051371224 3.230161402
v 0.422237745 5.888812990 2.811440518
v -0.080227315 4.632650340 2.727696342
v -1.168901611 5.386347930 2.895184695
v -1.169123581 5.386379562 2.727890092
v 0.338493569 6.056301344 2.811440518
v -0.195150964 6.058682472 3.155844830
v 0.171005215 5.051371224 3.146417225
v 0.171005215 5.972557167 3.062673048
v 0.087261039 4.632650340 3.146417225
v -0.582692375 4.967627047 3.230161402
v -0.750180728 6.056301344 3.146417225
v -1.168901611 4.800138694 2.895184695
v 0.171005215 5.218859577 3.146417225
v 0.254749392 5.637580460 3.062673048
v 0.254749392 5.972557167 2.978928872
v -0.247715668 4.800138694 3.230161402
v -0.917669081 4.883882870 3.062673048
v -0.163971491 4.883882870 3.230161402
v -0.750180728 4.883882870 3.146417225
v -0.917669081 5.386347930 3.062673048
f 2155 2149 2153
f 2156 2148 2154
f 2157 2151 2150
f 2158 2151 2157
f 2158 2153 2149
f 2159 2154 2148
f 2160 2150 2151
f 2161 2149 2155
f 2162 2152 2158
f 2163 2148 2156
f 2164 2155 2153
f 2164 2153 2157
f 2164 2157 2150
f 2165 2158 2157
f 2165 2157 2153
f 2165 2153 2158
f 2167 2160 2151
f 2167 2151 2158
f 2167 2166 2160
f 2167 2158 2166
f 2168 2150 2160
f 2168 2164 2150
f 2169 2154 2159
f 2169 2168 2160
f 2169 2159 2168
f 2170 2149 2161
f 2170 2148 2163
f 2171 2159 2148
f 2171 2161 2155
f 2171 2168 2159
f 2172 2156 2162
f 2172 2170 2163
f 2172 2149 2170
f 2172 2162 2158
f 2172 2158 2149
f 2173 2162 2156
f 2173 2156 2154
f 2174 2160 2166
f 2174 2169 2160
f 2174 2154 2169
f 2174 2173 2154
f 2175 2166 2158
f 2175 2158 2152
f 2176 2170 2161
f 2176 2148 2170
f 2177 2171 2148
f 2177 2161 2171
f 2177 2176 2161
f 2177 2148 2176
f 2178 2171 2155
f 2178 2155 2164
f 2178 2164 2168
f 2178 2168 2171
f 2179 2163 2156
f 2179 2156 2172
f 2180 2175 2152
f 2180 2166 2175
f 2181 2179 2172
f 2181 2172 2163
f 2181 2163 2179
f 2182 2162 2173
f 2182 2173 2174
f 2182 2174 2180
f 2182 2180 2152
f 2182 2152 2162
f 2183 2180 2174
f 2183 2174 2166
f 2183 2166 2180
o dino063
usemtl Material063
v -0.080554014 5.200071616 -3.705579914
v 0.709708334 4.391827794 -3.825701183
v 0.338493569 4.716394517 -4.223070323
v -0.163971491 4.465161987 -4.474302853
v -0.651495285 4.382627184 -3.715065337
v 0.589726099 4.381417810 -4.223070323
v -0.331459845 5.218859577 -3.804349439
v 0.673470276 4.716394517 -3.888093616
v -0.080227315 4.381417810 -3.720605263
v 0.171005215 4.465161987 -4.474302853
v -0.291696424 4.344097988 -4.335944318
v 0.171005215 5.135115400 -3.888093616
v -0.615399667 4.858308709 -3.678963166
v 0.618539876 4.672866174 -3.763201037
v 0.589726099 4.465161987 -4.223070323
v 0.143802841 4.345709714 -4.414143733
v 0.608706739 4.359888681 -4.012794369
v 0.171005215 4.716394517 -4.306814499
v 0.338493569 5.051371224 -3.888093616
v -0.498948198 5.135115400 -3.720605263
v -0.312395786 5.165924422 -3.677411409
v -0.582692375 4.465161987 -4.139326146
v 0.422237745 4.548906164 -4.306814499
v 0.338493569 4.465161987 -4.390558676
v 0.673470276 4.548906164 -4.055581969
v -0.141275311 4.347181342 -4.411622597
v 0.303840055 4.344568913 -4.332653611
v 0.087261039 4.632650340 -4.390558676
v 0.338493569 5.051371224 -3.804349439
v -0.582692375 5.051371224 -3.720605263
v -0.666436551 4.381417810 -3.971837793
v -0.331459845 4.465161987 -4.390558676
v 0.254749392 4.548906164 -4.390558676
v -0.247715668 4.800138694 -4.223070323
v -0.498948198 5.051371224 -3.888093616
v -0.582692375 4.381417810 -4.139326146
v -0.666436551 4.883882870 -3.804349439
v -0.080227315 4.632650340 -4.390558676
v -0.331459845 4.632650340 -4.306814499
v -0.582692375 5.051371224 -3.804349439
v -0.331459845 4.967627047 -4.055581969
v -0.666436551 4.465161987 -3.971837793
v -0.498948198 4.548906164 -4.223070323
v -0.498948198 5.135115400 -3.804349439
v -0.666436551 4.716394517 -3.888093616
v -0.415204021 4.548906164 -4.306814499
v -0.582692375 4.800138694 -3.971837793
f 2195 2190 2184
f 2196 2188 2192
f 2197 2185 2191
f 2197 2192 2185
f 2198 2186 2191
f 2199 2193 2189
f 2199 2187 2193
f 2200 2192 2188
f 2200 2188 2194
f 2200 2185 2192
f 2200 2189 2185
f 2201 2195 2186
f 2202 2191 2186
f 2202 2186 2195
f 2204 2196 2192
f 2204 2184 2190
f 2204 2190 2203
f 2204 2197 2184
f 2204 2192 2197
f 2206 2186 2198
f 2207 2198 2189
f 2207 2189 2193
f 2207 2206 2198
f 2208 2198 2191
f 2208 2191 2185
f 2208 2185 2189
f 2208 2189 2198
f 2209 2199 2194
f 2209 2194 2187
f 2209 2187 2199
f 2210 2200 2194
f 2210 2194 2199
f 2210 2199 2189
f 2210 2189 2200
f 2211 2193 2187
f 2211 2190 2195
f 2211 2195 2201
f 2212 2197 2191
f 2212 2191 2202
f 2212 2184 2197
f 2212 2202 2195
f 2212 2195 2184
f 2213 2204 2203
f 2213 2196 2204
f 2214 2194 2188
f 2215 2187 2194
f 2216 2201 2186
f 2216 2186 2206
f 2216 2211 2201
f 2216 2193 2211
f 2216 2207 2193
f 2216 2206 2207
f 2219 2214 2205
f 2219 2194 2214
f 2219 2215 2194
f 2219 2205 2215
f 2220 2214 2188
f 2220 2188 2196
f 2220 2196 2213
f 2221 2211 2187
f 2221 2217 2190
f 2221 2190 2211
f 2222 2187 2215
f 2222 2221 2187
f 2222 2217 2221
f 2223 2213 2203
f 2223 2220 2213
f 2224 2190 2217
f 2224 2222 2218
f 2224 2217 2222
f 2225 2205 2214
f 2225 2214 2220
f 2226 2215 2205
f 2226 2205 2220
f 2226 2223 2218
f 2227 2223 2203
f 2227 2203 2190
f 2227 2218 2223
f 2227 2224 2218
f 2227 2190 2224
f 2228 2225 2220
f 2228 2220 2205
f 2228 2205 2225
f 2229 2222 2215
f 2229 2215 2226
f 2229 2226 2218
f 2229 2218 2222
f 2230 2226 2220
f 2230 2220 2223
f 2230 2223 2226
o dino064
usemtl Material064
v 1.310109406 3.952794989 -1.904854761
v 1.544635946 3.631454476 -2.376634605
v 1.455235835 3.960372076 -2.697767910
v 0.840958629 3.962696927 -3.218140203
v 0.840958629 3.627720220 -1.961977552
v 1.279029561 3.630708700 -3.227187578
v 0.840958629 3.962696927 -1.961977552
v 1.516054486 3.962947607 -2.380934692
v 1.273010192 3.623704392 -1.941095120
v 1.466279029 3.624525316 -2.695623467
v 1.267553514 3.962161154 -3.221751470
v 0.840958629 3.627720220 -3.218140203
f 2237 2235 2231
f 2237 2234 2235
f 2238 2231 2232
f 2238 2232 2233
f 2238 2237 2231
f 2238 2234 2237
f 2239 2232 2231
f 2239 2231 2235
f 2240 2236 2233
f 2240 2233 2232
f 2240 2232 2239
f 2241 2236 2234
f 2241 2233 2236
f 2241 2238 2233
f 2241 2234 2238
f 2242 2235 2234
f 2242 2234 2236
f 2242 2236 2240
f 2242 2240 2239
f 2242 2239 2235
o dino065
usemtl Material065
v -0.571274435 3.058222364 -0.797009954
v -0.582692375 2.957766807 -0.789559079
v -0.666436551 2.957766807 -1.627000846
v -1.001413258 3.041510983 -1.627000846
v -1.041306484 2.986420404 -1.176624833
v -0.688731296 3.079077177 -1.623366866
v -0.582692375 2.957766807 -1.208279962
v -0.666436551 2.957766807 -0.789559079
v -1.011448261 3.057753038 -1.142183669
v -1.007414793 2.709509783 -1.629016479
v -0.983296867 2.742266652 -1.649911350
v -0.581710554 3.054944155 -1.203741028
v -0.632777841 3.092413080 -0.811299730
v -1.047987607 2.727347910 -1.474170443
v -0.917669081 2.706534277 -1.459512492
v -1.051075797 2.896696317 -1.225724378
f 2249 2243 2244
f 2250 2244 2243
f 2251 2246 2247
f 2251 2248 2246
f 2251 2247 2250
f 2253 2248 2245
f 2253 2246 2248
f 2253 2252 2246
f 2253 2245 2252
f 2254 2243 2249
f 2254 2249 2245
f 2254 2245 2248
f 2255 2248 2251
f 2255 2254 2248
f 2255 2243 2254
f 2255 2251 2250
f 2255 2250 2243
f 2256 2246 2252
f 2257 2249 2244
f 2257 2256 2252
f 2257 2244 2250
f 2257 2250 2256
f 2257 2252 2245
f 2257 2245 2249
f 2258 2247 2246
f 2258 2246 2256
f 2258 2256 2250
f 2258 2250 2247
o dino066
usemtl Material066
v 1.175935336 2.455301747 -2.129465906
v 1.678400396 1.869092510 -3.050651849
v 1.594656219 2.455301747 -3.218140203
v 0.840958629 2.455301747 -3.385628556
v 0.840958629 1.701604157 -2.631930966
v 1.569061519 1.702089689 -3.382969194
v 0.868091726 2.476907669 -2.256263812
v 1.549193698 2.450061867 -2.796680660
v 1.427167866 1.701604157 -2.715675142
v 1.678400396 2.036580863 -3.218140203
v 1.594656219 2.371557570 -3.385628556
v 0.840958629 1.701604157 -3.385628556
v 1.510912042 2.455301747 -3.385628556
v 0.924702806 2.371557570 -2.129465906
v 0.840958629 2.287813393 -2.213210082
v 1.427167866 2.036580863 -2.464442612
v 1.236682832 2.468894406 -2.251248684
v 1.594656219 1.701604157 -2.966907672
v 1.678400396 1.952836687 -3.218140203
v 1.678400396 2.036580863 -3.050651849
v 0.924702806 2.455301747 -2.129465906
v 1.175935336 2.036580863 -2.296954259
v 1.427167866 2.120325040 -2.464442612
v 1.678400396 1.869092510 -3.134396026
v 1.510912042 1.701604157 -2.799419319
v 1.594656219 1.869092510 -2.799419319
v 1.259679512 1.701604157 -2.631930966
v 1.343423689 1.952836687 -2.464442612
v 1.259679512 2.287813393 -2.213210082
v 1.175935336 2.371557570 -2.129465906
v 1.008446982 2.036580863 -2.296954259
v 1.259679512 1.785348333 -2.548186789
v 1.259679512 2.120325040 -2.296954259
v 0.840958629 2.036580863 -2.380698436
v 0.924702806 2.204069217 -2.213210082
f 2269 2261 2268
f 2270 2263 2262
f 2270 2269 2264
f 2270 2262 2269
f 2270 2267 2263
f 2271 2265 2261
f 2271 2262 2265
f 2271 2269 2262
f 2271 2261 2269
f 2273 2265 2262
f 2273 2262 2263
f 2275 2265 2259
f 2275 2259 2266
f 2275 2266 2261
f 2275 2261 2265
f 2276 2270 2264
f 2276 2267 2270
f 2277 2268 2260
f 2277 2269 2268
f 2277 2264 2269
f 2278 2260 2268
f 2278 2268 2261
f 2278 2261 2266
f 2279 2272 2259
f 2279 2259 2265
f 2279 2273 2272
f 2279 2265 2273
f 2282 2276 2264
f 2282 2260 2276
f 2282 2277 2260
f 2282 2264 2277
f 2283 2274 2267
f 2283 2267 2276
f 2284 2260 2278
f 2284 2274 2283
f 2284 2283 2276
f 2284 2276 2260
f 2284 2281 2274
f 2284 2278 2266
f 2284 2266 2281
f 2285 2280 2263
f 2285 2263 2267
f 2286 2280 2267
f 2286 2267 2274
f 2286 2274 2280
f 2287 2274 2281
f 2287 2281 2266
f 2287 2266 2259
f 2288 2259 2272
f 2288 2287 2259
f 2289 2263 2280
f 2290 2285 2267
f 2290 2267 2280
f 2290 2280 2285
f 2291 2280 2274
f 2291 2274 2287
f 2291 2288 2280
f 2291 2287 2288
f 2292 2273 2263
f 2292 2263 2289
f 2293 2272 2273
f 2293 2292 2289
f 2293 2273 2292
f 2293 2289 2280
f 2293 2288 2272
f 2293 2280 2288
o dino067
usemtl Material067
v 0.924702806 5.051371224 -3.218140203
v 1.238305067 4.376581347 -3.209226466
v 0.673470276 4.800138694 -3.804349439
v -0.079671719 5.084486104 -3.836624462
v -0.080227315 4.381417810 -3.218140203
v 0.254749392 5.302603754 -3.636861086
v 1.259679512 4.632650340 -3.301884379
v 0.472596882 5.245473724 -3.190679467
v 0.709708334 4.391827794 -3.825701183
v 0.757214452 5.135115400 -3.385628556
v 0.254749392 5.135115400 -3.804349439
v 1.259679512 4.632650340 -3.218140203
v -0.080227315 5.051371224 -3.218140203
v -0.080227315 4.381417810 -3.804349439
v 1.259679512 4.381417810 -3.385628556
v 0.422237745 5.135115400 -3.720605263
v 1.092191159 4.800138694 -3.385628556
v 0.673470276 5.218859577 -3.218140203
v 0.422237745 5.051371224 -3.804349439
v 0.171005215 5.302603754 -3.636861086
v 1.092191159 4.883882870 -3.301884379
v 1.092191159 4.883882870 -3.218140203
v 1.092191159 4.381417810 -3.553116909
v 1.092191159 4.548906164 -3.553116909
v 0.673470276 5.218859577 -3.301884379
v 0.505981922 5.302603754 -3.385628556
v 0.171005215 5.302603754 -3.218140203
v 0.924702806 5.051371224 -3.301884379
v 1.175935336 4.548906164 -3.469372733
v 1.259679512 4.465161987 -3.385628556
f 2301 2298 2295
f 2302 2297 2296
f 2305 2301 2295
f 2306 2298 2301
f 2307 2295 2298
f 2307 2297 2302
f 2307 2306 2297
f 2307 2298 2306
f 2308 2305 2295
f 2308 2300 2305
f 2309 2303 2296
f 2309 2299 2303
f 2309 2304 2299
f 2310 2296 2303
f 2311 2301 2294
f 2312 2296 2297
f 2312 2297 2304
f 2312 2309 2296
f 2312 2304 2309
f 2313 2304 2297
f 2313 2299 2304
f 2314 2305 2300
f 2314 2300 2310
f 2314 2310 2303
f 2315 2294 2301
f 2315 2301 2305
f 2315 2314 2294
f 2315 2305 2314
f 2316 2307 2302
f 2316 2308 2295
f 2316 2295 2307
f 2317 2308 2316
f 2317 2316 2302
f 2317 2302 2296
f 2318 2311 2294
f 2319 2301 2311
f 2319 2299 2313
f 2319 2311 2318
f 2319 2318 2303
f 2319 2303 2299
f 2320 2313 2297
f 2320 2297 2306
f 2320 2306 2301
f 2320 2319 2313
f 2320 2301 2319
f 2321 2314 2303
f 2321 2294 2314
f 2321 2318 2294
f 2321 2303 2318
f 2322 2310 2300
f 2322 2308 2317
f 2322 2317 2296
f 2322 2296 2310
f 2323 2322 2300
f 2323 2300 2308
f 2323 2308 2322
o dino068
usemtl Material068
v -0.080227315 3.543976043 1.555277868
v -0.049336276 3.074712711 1.310296182
v -0.080227315 3.543976043 0.885324455
v -1.676072190 3.525671000 0.835807545
v -1.168901611 3.292743513 1.555277868
v -0.082047699 3.050486819 0.881605768
v -1.671366671 3.543976043 1.304045338
v -0.247715668 3.208999337 1.555277868
v -1.001413258 3.041510983 0.969068631
v -1.252645788 3.543976043 1.555277868
v -0.917669081 3.208999337 1.555277868
v -0.121194341 3.336551324 1.564384404
v -0.973669361 3.105587575 0.859276864
v -1.671366671 3.376487690 1.304045338
v -0.163971491 3.041510983 1.304045338
v -1.001413258 3.125255160 1.304045338
v -1.671366887 3.376503806 0.885420908
v -1.262184032 3.413742196 1.533769391
v -0.833924905 3.125255160 1.387789515
v -1.085157435 3.125255160 1.220301161
v -0.833924905 3.041510983 1.136556985
v -0.582692375 3.041510983 1.220301161
f 2324 2325 2326
f 2329 2326 2325
f 2329 2327 2326
f 2330 2324 2326
f 2330 2326 2327
f 2333 2324 2330
f 2335 2331 2325
f 2335 2325 2324
f 2335 2334 2331
f 2335 2328 2334
f 2335 2333 2328
f 2335 2324 2333
f 2336 2327 2329
f 2336 2329 2332
f 2337 2330 2327
f 2337 2333 2330
f 2338 2332 2329
f 2338 2329 2325
f 2338 2325 2331
f 2338 2331 2334
f 2339 2334 2328
f 2339 2328 2337
f 2340 2336 2332
f 2340 2327 2336
f 2340 2337 2327
f 2340 2332 2337
f 2341 2337 2328
f 2341 2328 2333
f 2341 2333 2337
f 2342 2338 2334
f 2342 2334 2339
f 2343 2339 2337
f 2343 2337 2332
f 2343 2332 2339
f 2344 2342 2339
f 2344 2339 2332
f 2344 2332 2338
f 2345 2344 2338
f 2345 2338 2342
f 2345 2342 2344
o dino069
usemtl Material069
v 1.544635946 3.631454476 -2.376634605
v 1.554901620 3.129451539 -2.391298312
v 1.313202325 3.133746141 -3.264347588
v 0.840958629 3.627720220 -3.218140203
v 0.840958629 3.125255160 -2.380698436
v 1.279029561 3.630708700 -3.227187578
v 1.594656219 3.460231867 -2.715675142
v 0.840958629 3.627720220 -2.380698436
v 1.517361197 3.119264181 -2.688243062
v 0.840958629 3.125255160 -3.218140203
v 1.552923387 3.457547957 -2.386316089
v 1.510912042 3.627720220 -2.883163496
v 1.510912042 3.125255160 -2.966907672
v 1.510912042 3.208999337 -2.966907672
f 2350 2347 2346
f 2351 2348 2349
f 2353 2350 2346
f 2353 2349 2350
f 2353 2351 2349
f 2353 2346 2351
f 2354 2347 2350
f 2355 2350 2349
f 2355 2349 2348
f 2355 2354 2350
f 2356 2352 2346
f 2356 2346 2347
f 2356 2347 2352
f 2357 2351 2346
f 2357 2346 2352
f 2358 2352 2347
f 2358 2347 2354
f 2358 2355 2348
f 2358 2354 2355
f 2359 2348 2351
f 2359 2351 2357
f 2359 2358 2348
f 2359 2357 2352
f 2359 2352 2358
o dino070
usemtl Material070
v 0.505981922 5.972557167 0.885324455
v 0.505981922 5.386347930 0.885324455
v 0.505981922 5.386347930 -0.287094019
v 0.184961547 5.820873693 -0.289028333
v 0.171005215 5.386347930 0.885324455
v 0.505981922 5.888812990 0.215371041
v 0.176629181 6.065370234 0.885247402
v 0.171005215 5.386347930 -0.287094019
v 0.338493569 5.805068814 -0.287094019
v 0.338493569 6.056301344 0.382859395
v 0.154955860 6.025701143 0.389115712
v 0.456749117 5.582679181 -0.282454710
v 0.505981922 5.972557167 0.466603571
f 2360 2361 2362
f 2364 2361 2360
f 2364 2362 2361
f 2365 2360 2362
f 2366 2364 2360
f 2367 2363 2362
f 2367 2362 2364
f 2368 2362 2363
f 2369 2366 2360
f 2369 2365 2368
f 2369 2368 2363
f 2370 2363 2367
f 2370 2369 2363
f 2370 2366 2369
f 2370 2367 2364
f 2370 2364 2366
f 2371 2368 2365
f 2371 2365 2362
f 2371 2362 2368
f 2372 2369 2360
f 2372 2360 2365
f 2372 2365 2369
o dino071
usemtl Material071
v -1.236739168 4.633897576 2.700073164
v -1.252645788 3.543976043 2.392719635
v -1.252645788 4.632650340 2.057742928
v -2.090087555 4.632650340 2.057742928
v -2.090087555 3.208999337 2.225231281
v -1.503878318 3.711464397 2.560207988
v -1.587622495 4.632650340 2.643952165
v -1.564456680 3.064584300 2.026046100
v -1.587622495 3.125255160 2.308975458
v -1.252645788 4.297673634 2.727696342
v -2.090087555 4.632650340 2.141487105
v -1.755110848 3.627720220 2.476463811
v -1.263566400 3.595935926 2.044957445
v -2.122476477 3.215727518 2.017554662
v -1.587622495 3.292743513 2.392719635
v -1.503878318 3.041510983 2.141487105
v -1.258578886 3.760791971 2.493500736
v -1.420134141 4.632650340 2.727696342
v -1.922599201 4.548906164 2.392719635
v -1.922599201 3.627720220 2.392719635
v -1.336389965 4.297673634 2.727696342
v -2.107146978 3.705863247 2.027401536
v -2.173831732 3.711464397 2.141487105
v -1.755110848 3.292743513 2.392719635
v -2.006343378 3.041510983 2.225231281
v -1.838855025 3.376487690 2.392719635
v -1.587622495 4.381417810 2.643952165
v -2.173831732 3.208999337 2.141487105
v -2.006343378 4.465161987 2.308975458
v -1.587622495 3.041510983 2.225231281
v -2.076160147 3.042578154 2.040690818
v -1.838855025 3.125255160 2.308975458
v -2.006343378 3.376487690 2.308975458
v -1.420134141 4.465161987 2.727696342
v -2.090087555 3.041510983 2.141487105
f 2373 2374 2375
f 2373 2375 2376
f 2382 2374 2373
f 2383 2379 2373
f 2383 2373 2376
f 2385 2380 2375
f 2385 2375 2374
f 2386 2375 2380
f 2387 2381 2374
f 2387 2374 2378
f 2388 2385 2374
f 2388 2380 2385
f 2389 2382 2378
f 2389 2378 2374
f 2389 2374 2382
f 2390 2382 2373
f 2390 2373 2379
f 2391 2379 2383
f 2392 2379 2391
f 2393 2384 2378
f 2393 2378 2382
f 2393 2382 2390
f 2394 2386 2376
f 2394 2376 2375
f 2394 2375 2386
f 2395 2383 2376
f 2395 2376 2386
f 2395 2392 2391
f 2396 2387 2378
f 2396 2381 2387
f 2398 2384 2392
f 2398 2397 2396
f 2398 2396 2378
f 2398 2378 2384
f 2399 2390 2379
f 2399 2379 2392
f 2399 2392 2384
f 2400 2395 2386
f 2400 2392 2395
f 2400 2397 2377
f 2401 2395 2391
f 2401 2391 2383
f 2401 2383 2395
f 2402 2397 2388
f 2402 2381 2397
f 2402 2388 2374
f 2402 2374 2381
f 2403 2386 2380
f 2403 2380 2388
f 2403 2400 2386
f 2404 2397 2381
f 2404 2381 2396
f 2404 2396 2397
f 2405 2398 2392
f 2405 2377 2397
f 2405 2397 2398
f 2405 2400 2377
f 2405 2392 2400
f 2406 2393 2390
f 2406 2390 2399
f 2406 2399 2384
f 2406 2384 2393
f 2407 2403 2388
f 2407 2388 2397
f 2407 2397 2400
f 2407 2400 2403
o dino072
usemtl Material072
v 0.840958629 2.371557570 -2.213210082
v 0.868044395 1.743320873 -2.768980162
v 0.840958629 2.455301747 -3.385628556
v 0.505981922 2.036580863 -3.636861086
v 0.422237745 1.701604157 -3.050651849
v 0.840958629 1.701604157 -3.385628556
v 0.505981922 2.455301747 -2.883163496
v 0.868091726 2.476907669 -2.256263812
v 0.757214452 1.869092510 -2.548186789
v 0.673470276 1.701604157 -3.636861086
v 0.757214452 1.701604157 -2.715675142
v 0.673470276 2.455301747 -3.553116909
v 0.505981922 2.371557570 -2.631930966
v 0.422237745 2.036580863 -3.469372733
v 0.840958629 1.869092510 -2.548186789
v 0.773768975 2.438435513 -3.540440715
v 0.488217852 1.686185797 -3.618023584
v 0.589726099 1.701604157 -2.799419319
v 0.573068631 2.489865634 -2.648613000
v 0.673470276 2.455301747 -2.296954259
v 0.422237745 2.036580863 -3.050651849
v 0.589726099 2.455301747 -3.385628556
v 0.757214452 2.120325040 -3.553116909
v 0.666578419 2.122913587 -3.640125160
v 0.422237745 1.869092510 -3.636861086
v 0.757214452 2.455301747 -2.213210082
v 0.505981922 1.869092510 -2.799419319
v 0.505981922 2.287813393 -3.385628556
v 0.757214452 2.371557570 -2.213210082
v 0.673470276 2.371557570 -2.296954259
f 2413 2410 2409
f 2415 2409 2410
f 2418 2413 2409
f 2422 2415 2408
f 2422 2409 2415
f 2422 2408 2416
f 2422 2418 2409
f 2422 2416 2418
f 2423 2410 2413
f 2423 2419 2410
f 2424 2417 2413
f 2424 2413 2418
f 2425 2418 2416
f 2425 2424 2418
f 2425 2412 2424
f 2426 2415 2410
f 2426 2410 2419
f 2426 2414 2420
f 2427 2426 2420
f 2427 2415 2426
f 2428 2420 2414
f 2428 2414 2421
f 2428 2421 2412
f 2428 2412 2420
f 2429 2419 2411
f 2429 2426 2419
f 2429 2414 2426
f 2430 2423 2413
f 2430 2413 2417
f 2430 2417 2423
f 2431 2423 2417
f 2431 2411 2419
f 2431 2419 2423
f 2432 2424 2412
f 2432 2412 2421
f 2432 2417 2424
f 2432 2431 2417
f 2432 2411 2431
f 2432 2429 2411
f 2433 2408 2415
f 2433 2415 2427
f 2434 2420 2412
f 2434 2412 2425
f 2435 2421 2414
f 2435 2414 2429
f 2435 2432 2421
f 2435 2429 2432
f 2436 2416 2408
f 2436 2408 2433
f 2436 2425 2416
f 2436 2433 2427
f 2437 2427 2420
f 2437 2420 2434
f 2437 2436 2427
f 2437 2434 2425
f 2437 2425 2436
o dino073
usemtl Material073
v 0.505981922 5.386347930 2.895184695
v 1.157414331 3.864685201 2.064639394
v 1.008446982 5.302603754 2.141487105
v 0.422237745 5.386347930 2.141487105
v 0.422237745 3.878952750 2.643952165
v 1.107267436 4.635108752 2.060634174
v 0.840958629 5.553836284 2.141487105
v 1.092191159 4.548906164 2.476463811
v 0.379616597 5.374999689 2.839394324
v 0.422237745 3.878952750 2.057742928
v 0.840958629 5.470092107 2.392719635
v 0.422237745 4.632650340 2.057742928
v 0.924702806 5.470092107 2.141487105
v 1.092191159 5.051371224 2.225231281
v 0.924702806 3.878952750 2.560207988
v 0.422237745 4.381417810 2.895184695
v 0.735952164 5.540362838 2.134531090
v 0.840958629 5.553836284 2.225231281
v 0.924702806 5.051371224 2.560207988
v 0.924702806 5.470092107 2.225231281
v 1.092191159 4.800138694 2.392719635
v 0.589726099 3.878952750 2.643952165
v 1.092191159 4.213929457 2.476463811
v 0.422237745 3.962696927 2.727696342
v 0.717397598 5.529108753 2.211872602
v 0.673470276 5.386347930 2.727696342
v 0.840958629 4.800138694 2.727696342
v 0.924702806 5.218859577 2.476463811
v 1.008446982 5.302603754 2.225231281
v 1.092191159 4.967627047 2.308975458
v 1.008446982 4.967627047 2.476463811
v 0.422237745 4.130185280 2.811440518
v 0.505981922 4.381417810 2.895184695
v 0.840958629 4.381417810 2.727696342
v 0.757214452 5.135115400 2.727696342
v 0.840958629 5.386347930 2.476463811
v 1.008446982 5.218859577 2.308975458
v 0.924702806 4.800138694 2.643952165
v 0.505981922 4.130185280 2.811440518
v 1.008446982 4.130185280 2.560207988
v 0.757214452 4.130185280 2.727696342
v 1.008446982 4.716394517 2.560207988
v 0.505981922 3.962696927 2.727696342
v 0.924702806 4.213929457 2.643952165
v 0.673470276 4.297673634 2.811440518
v 0.673470276 4.046441104 2.727696342
f 2447 2439 2442
f 2447 2443 2439
f 2447 2442 2446
f 2449 2443 2447
f 2449 2447 2446
f 2449 2446 2441
f 2450 2440 2443
f 2450 2443 2444
f 2451 2443 2440
f 2451 2439 2443
f 2453 2438 2446
f 2454 2441 2446
f 2454 2449 2441
f 2454 2444 2443
f 2454 2443 2449
f 2455 2444 2454
f 2455 2446 2438
f 2455 2450 2444
f 2457 2440 2450
f 2457 2455 2448
f 2457 2450 2455
f 2458 2445 2439
f 2459 2442 2439
f 2459 2439 2452
f 2460 2452 2439
f 2460 2439 2445
f 2461 2446 2442
f 2461 2442 2459
f 2462 2455 2454
f 2462 2454 2446
f 2462 2446 2455
f 2463 2455 2438
f 2463 2448 2455
f 2465 2463 2456
f 2465 2457 2448
f 2466 2451 2440
f 2466 2440 2457
f 2466 2457 2465
f 2467 2458 2439
f 2467 2439 2451
f 2467 2451 2466
f 2468 2465 2456
f 2468 2467 2465
f 2468 2458 2467
f 2469 2453 2446
f 2469 2446 2461
f 2470 2438 2453
f 2470 2453 2469
f 2472 2463 2438
f 2472 2438 2464
f 2472 2456 2463
f 2473 2465 2448
f 2473 2448 2463
f 2473 2463 2465
f 2474 2467 2466
f 2474 2466 2465
f 2474 2465 2467
f 2475 2460 2445
f 2475 2464 2471
f 2475 2468 2456
f 2475 2472 2464
f 2475 2456 2472
f 2476 2469 2461
f 2476 2470 2469
f 2477 2452 2460
f 2479 2475 2445
f 2479 2468 2475
f 2479 2445 2458
f 2479 2458 2468
f 2480 2476 2461
f 2480 2461 2459
f 2480 2459 2452
f 2481 2452 2477
f 2481 2478 2452
f 2481 2471 2478
f 2481 2477 2460
f 2481 2475 2471
f 2481 2460 2475
f 2482 2478 2471
f 2482 2471 2464
f 2482 2464 2438
f 2482 2438 2470
f 2483 2452 2478
f 2483 2480 2452
f 2483 2476 2480
f 2483 2478 2482
f 2483 2482 2470
f 2483 2470 2476
o dino074
usemtl Material074
v 0.589726099 2.371557570 2.057742928
v 0.924702806 1.701604157 1.471533691
v 0.840958629 2.371557570 1.052812808
v 0.297236898 2.372119566 0.830649226
v 0.271251075 1.531994975 1.858312232
v 0.673470276 1.534115803 0.801580278
v 0.305332047 2.390427468 1.910797490
v 0.840958629 2.371557570 1.722766221
v 0.589726099 1.534115803 1.973998751
v 0.840958629 1.450371627 1.052812808
v 0.635388627 2.379695743 0.839585733
v 0.288604941 1.538012263 0.842019491
v 0.338493569 2.287813393 2.057742928
v 0.254749392 2.120325040 1.973998751
v 0.924702806 1.869092510 1.471533691
v 0.757214452 2.371557570 1.890254575
v 0.840958629 1.785348333 0.969068631
v 0.840958629 1.534115803 1.722766221
v 0.748537049 1.444110157 1.102892428
v 0.757214452 1.450371627 0.885324455
v 0.338493569 2.371557570 2.057742928
v 0.589726099 2.287813393 2.057742928
v 0.364650871 1.532293906 1.897506726
v 0.840958629 1.952836687 1.806510398
v 0.924702806 1.701604157 1.387789515
v 0.840958629 2.036580863 0.969068631
v 0.633669838 1.456357442 0.931634016
v 0.840958629 1.701604157 1.806510398
v 0.924702806 1.869092510 1.387789515
v 0.757214452 1.701604157 1.890254575
f 2494 2489 2487
f 2494 2487 2490
f 2494 2491 2486
f 2494 2490 2491
f 2495 2487 2489
f 2497 2490 2487
f 2497 2488 2496
f 2497 2495 2488
f 2497 2487 2495
f 2498 2486 2491
f 2499 2491 2490
f 2499 2490 2484
f 2501 2493 2485
f 2502 2501 2492
f 2502 2493 2501
f 2503 2495 2489
f 2503 2493 2502
f 2503 2500 2493
f 2503 2489 2500
f 2504 2496 2484
f 2504 2484 2490
f 2504 2497 2496
f 2504 2490 2497
f 2505 2496 2492
f 2505 2484 2496
f 2505 2499 2484
f 2506 2496 2488
f 2506 2492 2496
f 2506 2502 2492
f 2506 2488 2502
f 2507 2498 2491
f 2507 2485 2498
f 2507 2491 2499
f 2508 2485 2493
f 2508 2493 2500
f 2508 2498 2485
f 2509 2494 2486
f 2509 2508 2500
f 2509 2500 2489
f 2509 2489 2494
f 2510 2502 2488
f 2510 2488 2495
f 2510 2503 2502
f 2510 2495 2503
f 2511 2501 2485
f 2511 2485 2507
f 2511 2507 2499
f 2512 2486 2498
f 2512 2498 2508
f 2512 2509 2486
f 2512 2508 2509
f 2513 2505 2492
f 2513 2492 2501
f 2513 2501 2511
f 2513 2511 2499
f 2513 2499 2505
o dino075
usemtl Material075
v -0.415204021 4.548906164 3.146417225
v -0.415204021 3.878952750 2.811440518
v -0.415204021 4.632650340 2.057742928
v -1.252645788 4.632650340 2.057742928
v -1.252645788 3.627720220 2.476463811
v -0.415752915 4.651526081 3.094762110
v -0.917669081 3.795208573 2.727696342
v -1.252645788 4.632650340 2.811440518
v -0.415204021 3.627720220 2.057742928
v -0.750180728 3.627720220 2.560207988
v -0.498948198 4.297673634 3.062673048
v -1.276586716 3.612018293 2.119354185
v -0.582692375 4.632650340 3.146417225
v -1.168901611 3.795208573 2.643952165
v -0.974158172 3.518421525 2.026209188
v -0.917669081 3.711464397 2.643952165
v -0.426000074 3.679104056 2.444406125
v -0.666436551 3.878952750 2.811440518
v -0.415204021 4.297673634 3.062673048
v -1.258578886 3.760791971 2.493500736
v -1.001413258 4.632650340 2.978928872
v -0.582692375 4.548906164 3.146417225
v -1.252645788 4.465161987 2.811440518
v -1.263566400 3.595935926 2.044957445
v -1.001413258 3.460231867 2.141487105
v -0.833924905 3.627720220 2.560207988
v -0.666436551 4.381417810 3.062673048
v -0.902745793 3.493743626 2.039318139
v -1.001413258 4.548906164 2.978928872
v -0.750180728 4.465161987 3.062673048
v -1.001413258 4.297673634 2.895184695
f 2514 2515 2516
f 2519 2514 2516
f 2519 2516 2517
f 2521 2519 2517
f 2522 2516 2515
f 2525 2521 2517
f 2526 2514 2519
f 2527 2518 2520
f 2528 2517 2516
f 2528 2516 2522
f 2529 2520 2518
f 2529 2523 2515
f 2529 2515 2520
f 2530 2522 2515
f 2530 2515 2523
f 2531 2524 2520
f 2531 2520 2515
f 2531 2515 2524
f 2532 2524 2515
f 2532 2515 2514
f 2532 2514 2524
f 2533 2525 2518
f 2534 2526 2519
f 2534 2519 2521
f 2535 2524 2514
f 2535 2514 2526
f 2535 2526 2534
f 2536 2518 2527
f 2536 2533 2518
f 2536 2521 2525
f 2536 2525 2533
f 2536 2534 2521
f 2537 2525 2517
f 2537 2517 2528
f 2537 2518 2525
f 2538 2537 2528
f 2538 2518 2537
f 2538 2530 2523
f 2538 2522 2530
f 2539 2529 2518
f 2539 2523 2529
f 2539 2538 2523
f 2539 2518 2538
f 2540 2527 2520
f 2540 2520 2524
f 2540 2524 2535
f 2541 2538 2528
f 2541 2528 2522
f 2541 2522 2538
f 2542 2536 2527
f 2542 2534 2536
f 2542 2535 2534
f 2543 2527 2540
f 2543 2540 2535
f 2543 2535 2542
f 2544 2543 2542
f 2544 2542 2527
f 2544 2527 2543
o dino076
usemtl Material076
v 0.673470276 5.805068814 0.885324455
v 1.008446982 3.878952750 0.885324455
v 1.092191159 4.548906164 0.382859395
v 0.505981922 5.888812990 0.382859395
v 0.505981922 3.878952750 0.885324455
v 0.924702806 5.302603754 0.382859395
v 1.008446982 5.135115400 0.885324455
v 0.469554602 5.854103813 0.888062536
v 1.008446982 3.878952750 0.382859395
v 1.011528102 4.302815129 0.366637774
v 0.673470276 5.805068814 0.466603571
v 1.092191159 4.548906164 0.801580278
v 1.008446982 5.135115400 0.550347748
v 0.589726099 5.888812990 0.885324455
v 0.505981922 3.878952750 0.382859395
v 1.092191159 4.297673634 0.466603571
v 0.589726099 5.888812990 0.382859395
v 1.092191159 4.716394517 0.550347748
v 0.757214452 5.637580460 0.382859395
v 1.092191159 4.716394517 0.801580278
f 2552 2549 2546
f 2552 2551 2545
f 2552 2546 2551
f 2553 2546 2549
f 2554 2550 2547
f 2554 2547 2553
f 2556 2551 2546
f 2557 2547 2550
f 2558 2552 2545
f 2558 2548 2552
f 2558 2545 2555
f 2559 2552 2548
f 2559 2549 2552
f 2559 2553 2549
f 2559 2554 2553
f 2559 2548 2554
f 2560 2553 2547
f 2560 2546 2553
f 2560 2556 2546
f 2560 2547 2556
f 2561 2554 2548
f 2561 2558 2555
f 2561 2548 2558
f 2562 2556 2547
f 2562 2557 2551
f 2562 2547 2557
f 2563 2550 2554
f 2563 2554 2561
f 2563 2561 2555
f 2563 2557 2550
f 2563 2551 2557
f 2563 2555 2545
f 2563 2545 2551
f 2564 2562 2551
f 2564 2551 2556
f 2564 2556 2562
o dino077
usemtl Material077
v -0.732747943 5.808069392 3.037382850
v -0.732484500 5.385023272 3.034792764
v -0.750180728 6.056301344 2.141487105
v -1.106609145 6.021313289 2.145392314
v -1.168901611 5.805068814 2.811440518
v -0.750180728 5.386347930 2.141487105
v -1.168901611 6.056301344 2.643952165
v -1.001413258 5.386347930 2.978928872
v -1.168901611 5.386347930 2.141487105
v -0.750180728 6.056301344 2.727696342
v -1.001413258 5.805068814 2.978928872
v -1.129976848 5.378450339 2.768406290
v -1.168901611 5.972557167 2.727696342
v -0.795979806 5.382491142 2.997172320
f 2565 2566 2567
f 2570 2567 2566
f 2571 2567 2568
f 2572 2566 2565
f 2573 2568 2567
f 2573 2567 2570
f 2573 2571 2568
f 2573 2569 2571
f 2574 2571 2565
f 2574 2565 2567
f 2574 2567 2571
f 2575 2565 2571
f 2575 2572 2565
f 2575 2569 2572
f 2576 2573 2570
f 2576 2572 2569
f 2576 2569 2573
f 2577 2575 2571
f 2577 2571 2569
f 2577 2569 2575
f 2578 2576 2570
f 2578 2570 2566
f 2578 2566 2572
f 2578 2572 2576
o dino078
usemtl Material078
v -1.420134141 0.612929860 -1.627000846
v -1.415715135 0.157094966 -1.624618257
v -1.420134141 0.612929860 -2.715675142
v -1.710629049 0.619225749 -2.657859427
v -2.173831732 0.194208976 -1.710745022
v -2.090087555 0.361697330 -1.627000846
v -1.755110848 0.194208976 -2.631930966
v -2.090087555 0.110464800 -1.627000846
v -1.838855025 0.612929860 -1.627000846
v -2.006343378 0.612929860 -2.380698436
v -1.420134141 0.194208976 -2.631930966
v -1.755110848 0.277953153 -2.715675142
v -2.090087555 0.110464800 -2.213210082
v -2.173831732 0.361697330 -1.794489199
v -2.006343378 0.612929860 -1.794489199
v -1.420134141 0.277953153 -2.715675142
v -1.922599201 0.612929860 -2.548186789
v -2.173831732 0.110464800 -1.961977552
v -1.420134141 0.110464800 -2.380698436
v -2.173831732 0.277953153 -1.710745022
v -2.090087555 0.529185683 -1.794489199
v -2.090087555 0.445441506 -2.296954259
v -2.173831732 0.110464800 -1.878233376
v -1.503878318 0.110464800 -2.380698436
v -2.090087555 0.529185683 -2.213210082
v -2.006343378 0.529185683 -2.464442612
v -2.090087555 0.194208976 -2.296954259
v -2.173831732 0.361697330 -2.045721729
v -2.006343378 0.277953153 -2.464442612
v -2.173831732 0.194208976 -2.045721729
f 2579 2580 2581
f 2579 2581 2582
f 2586 2584 2583
f 2586 2580 2584
f 2587 2584 2580
f 2587 2580 2579
f 2587 2579 2582
f 2590 2582 2581
f 2590 2589 2585
f 2593 2587 2582
f 2593 2582 2588
f 2593 2584 2587
f 2594 2581 2580
f 2594 2580 2589
f 2594 2590 2581
f 2594 2589 2590
f 2595 2588 2582
f 2595 2582 2590
f 2596 2591 2586
f 2596 2583 2592
f 2597 2585 2589
f 2597 2589 2580
f 2597 2580 2586
f 2597 2586 2591
f 2598 2592 2583
f 2598 2583 2584
f 2598 2584 2592
f 2599 2593 2588
f 2599 2592 2584
f 2599 2584 2593
f 2601 2596 2586
f 2601 2586 2583
f 2601 2583 2596
f 2602 2597 2591
f 2602 2591 2585
f 2602 2585 2597
f 2603 2599 2588
f 2603 2592 2599
f 2603 2588 2600
f 2604 2600 2588
f 2604 2588 2595
f 2605 2600 2604
f 2605 2590 2585
f 2605 2585 2591
f 2606 2596 2592
f 2606 2603 2600
f 2606 2592 2603
f 2606 2600 2605
f 2607 2605 2604
f 2607 2590 2605
f 2607 2604 2595
f 2607 2595 2590
f 2608 2606 2605
f 2608 2596 2606
f 2608 2605 2591
f 2608 2591 2596
o dino079
usemtl Material079
v -1.001413258 1.534115803 -1.627000846
v -0.862563886 0.222461642 -2.034375108
v -1.001413258 1.617859980 -2.213210082
v -1.336389965 1.450371627 -2.631930966
v -1.415715135 0.157094966 -1.624618257
v -0.833924905 0.194208976 -2.296954259
v -1.420134141 1.701604157 -1.627000846
v -1.001192209 0.135133428 -1.624033230
v -1.001413258 0.696674036 -2.464442612
v -1.420134141 0.194208976 -2.631930966
v -0.833924905 0.612929860 -2.045721729
v -1.001413258 1.701604157 -1.710745022
v -1.420134141 1.701604157 -2.296954259
v -0.917669081 0.110464800 -2.045721729
v -1.085157435 1.617859980 -2.380698436
v -1.001413258 0.194208976 -2.464442612
v -1.460516399 1.443973692 -2.597193247
v -0.917669081 0.696674036 -1.710745022
v -0.833924905 0.529185683 -2.213210082
v -1.132558225 1.694082100 -1.646550529
v -1.001413258 1.701604157 -2.129465906
v -1.420134141 0.110464800 -2.464442612
v -0.917669081 0.612929860 -2.380698436
v -1.336389965 1.617859980 -2.548186789
v -0.917669081 0.110464800 -2.213210082
v -1.336389965 0.194208976 -2.631930966
v -1.438900375 1.613956751 -2.529982739
v -0.833924905 0.612929860 -2.129465906
v -0.833924905 0.361697330 -2.296954259
v -1.085157435 1.701604157 -2.296954259
v -1.168901611 0.110464800 -2.464442612
f 2616 2615 2613
f 2616 2609 2615
f 2619 2610 2614
f 2620 2609 2619
f 2621 2615 2620
f 2622 2614 2610
f 2622 2610 2616
f 2623 2617 2612
f 2624 2612 2617
f 2625 2613 2615
f 2625 2612 2618
f 2626 2616 2610
f 2626 2610 2619
f 2626 2619 2609
f 2626 2609 2616
f 2627 2619 2614
f 2628 2620 2615
f 2628 2615 2609
f 2628 2609 2620
f 2629 2620 2619
f 2629 2611 2623
f 2629 2621 2620
f 2629 2627 2611
f 2630 2622 2616
f 2630 2616 2613
f 2630 2625 2618
f 2630 2613 2625
f 2631 2617 2623
f 2631 2624 2617
f 2631 2614 2624
f 2631 2623 2611
f 2632 2623 2612
f 2633 2624 2614
f 2633 2614 2622
f 2633 2622 2630
f 2634 2618 2612
f 2634 2612 2624
f 2634 2630 2618
f 2635 2625 2615
f 2635 2615 2621
f 2635 2621 2632
f 2635 2632 2612
f 2635 2612 2625
f 2636 2629 2619
f 2636 2619 2627
f 2636 2627 2629
f 2637 2627 2614
f 2637 2614 2631
f 2637 2631 2611
f 2637 2611 2627
f 2638 2629 2623
f 2638 2623 2632
f 2638 2632 2621
f 2638 2621 2629
f 2639 2633 2630
f 2639 2630 2634
f 2639 2634 2624
f 2639 2624 2633
o dino080
usemtl Material080
v 0.505981922 5.637580460 2.811440518
v 0.757214452 5.386347930 2.560207988
v 0.505981922 6.056301344 2.560207988
v 0.383651722 5.926325810 0.884773485
v 0.422237745 5.386347930 0.885324455
v 0.840958629 5.721324637 1.471533691
v 0.369837332 5.618076024 2.766191572
v 0.757214452 5.470092107 2.560207988
v 0.505981922 5.972557167 0.885324455
v 0.799706952 5.400615326 0.886450218
v 0.379142008 6.043767029 2.542747216
v 0.415947738 5.384058244 2.805014327
v 0.505981922 5.805068814 2.727696342
v 0.757214452 5.721324637 2.225231281
v 0.840958629 5.721324637 1.722766221
v 0.505981922 6.056301344 1.722766221
v 0.461644958 5.370043484 2.765691585
v 0.757214452 5.721324637 0.969068631
v 0.689379127 5.595552743 0.885083203
v 0.376961142 6.015212002 1.732577263
v 0.373430572 5.789592557 2.688955730
v 0.757214452 5.553836284 2.476463811
v 0.757214452 5.805068814 1.387789515
v 0.673470276 5.805068814 0.885324455
f 2646 2643 2644
f 2647 2640 2641
f 2651 2646 2644
f 2651 2641 2640
f 2651 2640 2646
f 2652 2647 2642
f 2652 2640 2647
f 2652 2642 2650
f 2654 2647 2641
f 2654 2642 2653
f 2654 2649 2645
f 2654 2641 2649
f 2655 2650 2642
f 2656 2649 2641
f 2656 2644 2649
f 2656 2651 2644
f 2656 2641 2651
f 2657 2645 2649
f 2658 2649 2644
f 2658 2644 2643
f 2659 2643 2646
f 2659 2650 2655
f 2659 2655 2648
f 2659 2648 2643
f 2660 2652 2650
f 2660 2646 2640
f 2660 2640 2652
f 2660 2659 2646
f 2660 2650 2659
f 2661 2653 2642
f 2661 2642 2647
f 2661 2654 2653
f 2661 2647 2654
f 2662 2648 2655
f 2662 2645 2657
f 2662 2655 2642
f 2662 2654 2645
f 2662 2642 2654
f 2663 2657 2649
f 2663 2662 2657
f 2663 2648 2662
f 2663 2649 2658
f 2663 2658 2643
f 2663 2643 2648
o dino081
usemtl Material081
v -1.252645788 0.361697330 -1.124535786
v -0.833924905 0.529185683 -1.543256669
v -1.503878318 0.864162390 -1.543256669
v -1.973574731 0.259048324 -1.672479787
v -1.001192209 0.135133428 -1.624033230
v -1.922599201 0.361697330 -1.375768316
v -1.208769297 0.868526776 -1.614890215
v -0.995848768 0.141593165 -1.227796401
v -1.503878318 0.361697330 -1.124535786
v -1.922599201 0.529185683 -1.627000846
v -1.001413258 0.361697330 -1.208279962
v -0.833924905 0.529185683 -1.627000846
v -1.922599201 0.110464800 -1.375768316
v -1.838855025 0.445441506 -1.375768316
v -1.168901611 0.110464800 -1.124535786
v -2.006343378 0.277953153 -1.543256669
v -1.487122243 0.867445106 -1.644496865
v -1.175107937 0.864779885 -1.635021115
v -0.859535796 0.421319765 -1.633077734
v -1.892474096 0.166049476 -1.663866408
v -1.587622495 0.612929860 -1.375768316
v -1.922599201 0.529185683 -1.543256669
v -1.168901611 0.277953153 -1.124535786
v -1.503878318 0.110464800 -1.124535786
v -2.006343378 0.194208976 -1.543256669
v -1.838855025 0.612929860 -1.627000846
v -1.981282150 0.203587384 -1.674848536
v -0.871349198 0.409912462 -1.555398915
v -1.838855025 0.612929860 -1.543256669
f 2670 2666 2664
f 2672 2664 2666
f 2674 2670 2664
f 2674 2671 2665
f 2676 2672 2669
f 2677 2669 2672
f 2678 2664 2672
f 2678 2671 2674
f 2678 2676 2668
f 2678 2668 2671
f 2679 2673 2667
f 2679 2676 2669
f 2680 2666 2670
f 2681 2674 2665
f 2681 2670 2674
f 2681 2665 2675
f 2681 2680 2670
f 2682 2681 2675
f 2682 2671 2668
f 2682 2675 2665
f 2683 2668 2676
f 2684 2677 2672
f 2684 2672 2666
f 2684 2666 2677
f 2685 2669 2677
f 2685 2679 2669
f 2685 2673 2679
f 2686 2678 2674
f 2686 2674 2664
f 2686 2664 2678
f 2687 2678 2672
f 2687 2672 2676
f 2687 2676 2678
f 2688 2676 2679
f 2689 2680 2667
f 2689 2667 2673
f 2689 2666 2680
f 2689 2673 2685
f 2690 2667 2680
f 2690 2680 2681
f 2690 2681 2682
f 2690 2682 2668
f 2690 2668 2683
f 2690 2683 2676
f 2690 2676 2688
f 2690 2688 2679
f 2690 2679 2667
f 2691 2682 2665
f 2691 2665 2671
f 2691 2671 2682
f 2692 2685 2677
f 2692 2677 2666
f 2692 2689 2685
f 2692 2666 2689
o dino082
usemtl Material082
v -1.085157435 3.878952750 -0.287094019
v -1.075068561 3.309326089 -0.283973996
v -1.085157435 3.878952750 -1.208279962
v -1.410699012 3.883182300 -1.206970920
v -1.580037466 3.881623100 -0.286234647
v -1.139362472 3.303996651 -1.260714111
v -1.519982128 3.748654740 -0.279663868
v -1.085201363 3.292733083 -1.208243008
v -1.228212540 3.388901289 -1.284680757
v -1.252645788 3.292743513 -0.287094019
v -1.587622495 3.795208573 -0.873303256
v -1.252645788 3.292743513 -0.370838196
v -1.587622495 3.878952750 -0.873303256
v -1.420134141 3.627720220 -1.208279962
v -1.503878318 3.543976043 -0.287094019
v -1.336389965 3.376487690 -0.454582372
v -1.587622495 3.711464397 -0.622070726
v -1.503878318 3.543976043 -0.454582372
v -1.420134141 3.543976043 -0.957047432
f 2693 2694 2695
f 2693 2695 2696
f 2697 2693 2696
f 2699 2694 2693
f 2699 2693 2697
f 2700 2698 2695
f 2700 2695 2694
f 2701 2696 2695
f 2701 2695 2698
f 2702 2700 2694
f 2702 2694 2699
f 2704 2698 2700
f 2704 2700 2702
f 2705 2697 2696
f 2706 2696 2701
f 2706 2705 2696
f 2706 2703 2705
f 2707 2699 2697
f 2707 2702 2699
f 2707 2704 2702
f 2708 2701 2698
f 2708 2698 2704
f 2709 2705 2703
f 2709 2697 2705
f 2709 2707 2697
f 2710 2701 2708
f 2710 2707 2709
f 2710 2708 2704
f 2710 2704 2707
f 2711 2710 2709
f 2711 2706 2701
f 2711 2701 2710
f 2711 2709 2703
f 2711 2703 2706
o dino083
usemtl Material083
v 0.720793604 5.402652983 -2.362635037
v 0.789756105 5.356953394 -2.391673641
v 0.757214452 5.470092107 -2.548186789
v 0.254749392 5.386347930 -3.469372733
v -0.080227315 5.302603754 -2.380698436
v 0.736021007 5.265036327 -2.785564149
v -0.080227315 5.637580460 -2.380698436
v 0.757214452 5.386347930 -2.799419319
v 0.229761205 5.266076326 -3.448713954
v 0.392120419 5.569681909 -2.359276615
v 0.422237745 5.386347930 -3.301884379
v 0.391294940 5.254539337 -3.277488385
v -0.163971491 5.721324637 -2.966907672
v 0.673470276 5.386347930 -2.966907672
v 0.643638714 5.254633428 -2.945635206
v -0.080227315 5.302603754 -3.218140203
v 0.422237745 5.637580460 -2.548186789
v 0.171005215 5.637580460 -3.050651849
v -0.169750260 5.689292452 -2.732531822
v -0.077786192 5.518508312 -3.201629758
v 0.167351102 5.296863155 -3.465628289
v 0.087261039 5.721324637 -2.883163496
v 0.087261039 5.637580460 -3.134396026
v 0.673470276 5.470092107 -2.715675142
v -0.161255433 5.606374668 -2.955274846
v -0.080227315 5.637580460 -3.134396026
v 0.138544909 5.331562134 -3.437482562
v -0.161817216 5.698107599 -2.708208790
v 0.003516862 5.721324637 -2.966907672
f 2712 2713 2714
f 2716 2713 2712
f 2717 2713 2716
f 2719 2714 2713
f 2719 2713 2717
f 2721 2718 2716
f 2721 2716 2712
f 2721 2712 2714
f 2722 2720 2715
f 2723 2716 2720
f 2723 2720 2722
f 2725 2719 2717
f 2725 2714 2719
f 2726 2717 2716
f 2726 2716 2723
f 2726 2725 2717
f 2726 2723 2722
f 2726 2722 2725
f 2727 2720 2716
f 2728 2718 2721
f 2728 2721 2714
f 2729 2725 2722
f 2729 2728 2714
f 2730 2716 2718
f 2731 2727 2724
f 2732 2715 2720
f 2732 2720 2727
f 2733 2718 2728
f 2733 2728 2729
f 2734 2733 2729
f 2734 2729 2722
f 2734 2722 2715
f 2735 2729 2714
f 2735 2714 2725
f 2735 2725 2729
f 2736 2727 2716
f 2736 2716 2730
f 2736 2730 2724
f 2736 2724 2727
f 2737 2731 2724
f 2737 2734 2715
f 2737 2724 2734
f 2738 2715 2732
f 2738 2737 2715
f 2738 2731 2737
f 2738 2732 2727
f 2738 2727 2731
f 2739 2730 2718
f 2739 2718 2733
f 2739 2733 2724
f 2739 2724 2730
f 2740 2734 2724
f 2740 2724 2733
f 2740 2733 2734
o dino084
usemtl Material084
v 0.840958629 5.553836284 2.141487105
v 1.008446982 5.386347930 2.057742928
v 0.840958629 5.553836284 0.466603571
v 0.716462411 5.359054793 0.139902062
v 0.900046509 5.290408308 2.131583749
v 0.924702806 5.302603754 0.466603571
v 0.707496022 5.602814376 1.066234699
v 0.924702806 5.553836284 1.973998751
v 0.924702806 5.470092107 2.141487105
v 1.008446982 5.470092107 1.471533691
v 0.840958629 5.386347930 0.131626865
v 0.771141313 5.265863234 0.137508072
v 0.940807335 5.271541938 2.038196243
v 0.718546422 5.535138320 0.479597422
v 0.735952164 5.540362838 2.134531090
v 0.840958629 5.637580460 2.057742928
v 0.808742454 5.424526900 2.162144902
v 0.924702806 5.386347930 0.466603571
v 1.008446982 5.386347930 1.304045338
v 1.008446982 5.470092107 1.806510398
v 0.750816576 5.298692700 0.132332951
v 0.934845447 5.279572494 1.319039647
v 0.840958629 5.637580460 1.052812808
v 0.716089612 5.608914429 2.047016305
v 0.875932285 5.319916537 2.155378732
v 0.924702806 5.553836284 1.220301161
f 2749 2745 2742
f 2749 2742 2748
f 2752 2751 2746
f 2753 2742 2745
f 2753 2745 2752
f 2754 2744 2747
f 2754 2751 2744
f 2754 2743 2751
f 2756 2749 2748
f 2756 2741 2749
f 2756 2755 2741
f 2757 2749 2741
f 2757 2741 2755
f 2757 2755 2752
f 2758 2743 2750
f 2758 2751 2743
f 2758 2746 2751
f 2759 2750 2742
f 2759 2758 2750
f 2759 2746 2758
f 2759 2742 2753
f 2760 2750 2748
f 2760 2748 2742
f 2760 2742 2750
f 2761 2744 2751
f 2761 2751 2752
f 2761 2755 2744
f 2761 2752 2755
f 2762 2753 2752
f 2762 2752 2746
f 2762 2759 2753
f 2762 2746 2759
f 2763 2754 2747
f 2763 2743 2754
f 2763 2756 2748
f 2764 2747 2744
f 2764 2744 2755
f 2764 2755 2756
f 2764 2763 2747
f 2764 2756 2763
f 2765 2745 2749
f 2765 2749 2757
f 2765 2757 2752
f 2765 2752 2745
f 2766 2750 2743
f 2766 2743 2763
f 2766 2763 2748
f 2766 2748 2750
o dino085
usemtl Material085
v 0.003516862 4.632650340 3.146417225
v 0.422237745 3.878952750 2.643952165
v 0.422237745 4.632650340 2.057742928
v -0.415204021 4.632650340 2.057742928
v -0.415204021 3.878952750 2.811440518
v 0.422237745 3.878952750 2.057742928
v -0.415752915 4.651526081 3.094762110
v 0.422237745 4.632650340 2.978928872
v 0.087261039 4.381417810 3.062673048
v -0.415204021 3.878952750 2.057742928
v -0.415204021 4.297673634 3.062673048
v 0.254749392 4.632650340 3.062673048
v 0.171005215 3.878952750 2.727696342
v 0.422237745 4.297673634 2.895184695
v -0.415204021 4.548906164 3.146417225
v -0.247715668 3.878952750 2.811440518
v 0.254749392 4.548906164 3.062673048
v 0.422237745 3.962696927 2.727696342
v 0.003516862 4.548906164 3.146417225
v -0.331459845 4.297673634 3.062673048
v 0.171005215 4.130185280 2.895184695
v 0.254749392 4.297673634 2.978928872
v 0.422237745 4.548906164 2.978928872
v 0.003516862 4.213929457 2.978928872
v 0.338493569 4.381417810 2.978928872
f 2772 2769 2768
f 2772 2770 2769
f 2772 2768 2771
f 2773 2769 2770
f 2774 2768 2769
f 2774 2769 2773
f 2776 2772 2771
f 2776 2770 2772
f 2776 2773 2770
f 2776 2771 2773
f 2777 2773 2771
f 2778 2774 2773
f 2778 2773 2767
f 2779 2771 2768
f 2780 2768 2774
f 2781 2767 2773
f 2781 2773 2777
f 2782 2777 2771
f 2782 2771 2779
f 2783 2778 2767
f 2783 2774 2778
f 2784 2779 2768
f 2784 2768 2780
f 2785 2781 2777
f 2785 2767 2781
f 2785 2783 2767
f 2785 2775 2783
f 2786 2777 2782
f 2786 2785 2777
f 2786 2775 2785
f 2787 2782 2779
f 2787 2779 2784
f 2788 2787 2784
f 2788 2775 2787
f 2789 2780 2774
f 2789 2774 2783
f 2790 2786 2782
f 2790 2775 2786
f 2790 2787 2775
f 2790 2782 2787
f 2791 2783 2775
f 2791 2775 2788
f 2791 2789 2783
f 2791 2780 2789
f 2791 2788 2784
f 2791 2784 2780
o dino086
usemtl Material086
v -0.418341680 3.642653914 2.383402704
v -0.116056276 3.334174113 1.872576742
v -0.163971491 3.543976043 1.555277868
v -1.252645788 3.627720220 1.555277868
v -1.001413258 3.292743513 1.806510398
v -0.415204021 3.627720220 1.555277868
v -0.158854319 3.573081528 2.204145770
v -0.498948198 3.460231867 2.308975458
v -0.415204021 3.208999337 1.555277868
v -1.262184032 3.413742196 1.533769391
v -0.820779410 3.664660397 2.370534967
v -0.163971491 3.460231867 2.225231281
v -0.171380300 3.341763823 1.540429584
v -0.415204021 3.376487690 2.141487105
v -0.750180728 3.208999337 1.555277868
v -0.833924905 3.543976043 2.392719635
v -0.415204021 3.543976043 2.392719635
v -0.833924905 3.376487690 2.141487105
v -0.415204021 3.208999337 1.639022045
v -1.085157435 3.292743513 1.555277868
v -1.252645788 3.460231867 1.973998751
v -0.750180728 3.460231867 2.308975458
v -0.750180728 3.208999337 1.639022045
v -1.168901611 3.460231867 2.057742928
v -1.252645788 3.376487690 1.722766221
v -1.263566400 3.595935926 2.044957445
v -0.833924905 3.292743513 1.890254575
v -1.085157435 3.292743513 1.639022045
v -0.917669081 3.460231867 2.225231281
v -1.246715012 3.605434558 2.065405089
f 2798 2793 2794
f 2798 2797 2792
f 2798 2794 2797
f 2801 2795 2797
f 2802 2797 2795
f 2802 2792 2797
f 2803 2798 2792
f 2803 2793 2798
f 2804 2794 2793
f 2804 2793 2800
f 2804 2801 2797
f 2804 2797 2794
f 2805 2803 2799
f 2805 2793 2803
f 2806 2804 2800
f 2806 2801 2804
f 2807 2792 2802
f 2808 2803 2792
f 2808 2799 2803
f 2808 2807 2799
f 2808 2792 2807
f 2809 2805 2799
f 2810 2800 2793
f 2810 2793 2805
f 2810 2806 2800
f 2810 2805 2809
f 2811 2801 2806
f 2813 2809 2799
f 2813 2799 2807
f 2813 2807 2809
f 2814 2810 2809
f 2814 2806 2810
f 2814 2811 2806
f 2815 2812 2796
f 2815 2796 2809
f 2816 2796 2812
f 2816 2801 2811
f 2817 2795 2801
f 2817 2816 2812
f 2817 2801 2816
f 2817 2812 2815
f 2818 2814 2809
f 2818 2809 2796
f 2818 2796 2814
f 2819 2814 2796
f 2819 2811 2814
f 2819 2816 2811
f 2819 2796 2816
f 2820 2815 2809
f 2820 2809 2807
f 2820 2807 2815
f 2821 2802 2795
f 2821 2795 2817
f 2821 2807 2802
f 2821 2817 2815
f 2821 2815 2807
o dino087
usemtl Material087
v -1.428943834 4.867828024 -1.187988367
v -1.470630293 4.125794509 -1.213820570
v -1.420134141 4.130185280 -1.627000846
v -1.622603359 4.612413583 -1.656917300
v -1.838855025 4.213929457 -1.543256669
v -1.420134141 4.632650340 -1.627000846
v -1.394309685 4.878511155 -1.373098027
v -1.472240123 4.132936303 -1.204808513
v -1.671366671 4.632650340 -1.543256669
v -1.771181003 4.117605791 -1.653337100
v -1.420022573 4.883858966 -1.208249750
v -1.503878318 4.883882870 -1.375768316
v -1.838855025 4.130185280 -1.543256669
v -1.838855025 4.213929457 -1.627000846
v -1.681294099 4.442566123 -1.657970791
v -1.755110848 4.465161987 -1.543256669
f 2827 2824 2825
f 2828 2823 2824
f 2828 2824 2827
f 2829 2822 2826
f 2831 2824 2823
f 2832 2823 2828
f 2832 2829 2823
f 2832 2822 2829
f 2833 2828 2827
f 2833 2827 2825
f 2833 2825 2830
f 2833 2832 2828
f 2833 2822 2832
f 2834 2829 2826
f 2834 2823 2829
f 2834 2831 2823
f 2835 2830 2825
f 2835 2834 2826
f 2835 2831 2834
f 2836 2825 2824
f 2836 2824 2831
f 2836 2835 2825
f 2836 2831 2835
f 2837 2833 2830
f 2837 2826 2822
f 2837 2822 2833
f 2837 2835 2826
f 2837 2830 2835
o dino088
usemtl Material088
v -1.420134141 1.701604157 -1.627000846
v -1.420134141 0.612929860 -1.627000846
v -1.420134141 1.534115803 -2.715675142
v -1.671366671 1.617859980 -2.715675142
v -1.687118493 1.695467282 -1.606449290
v -1.660229745 0.617291774 -2.683033422
v -1.365909979 1.716054718 -2.432578334
v -1.420134141 0.612929860 -2.715675142
v -1.661058291 0.589297903 -1.639424956
v -1.503878318 1.617859980 -2.715675142
v -1.671366671 1.701604157 -2.380698436
v -1.420134141 1.617859980 -2.631930966
f 2842 2839 2838
f 2843 2842 2841
f 2844 2842 2838
f 2844 2838 2839
f 2845 2844 2839
f 2845 2840 2844
f 2845 2843 2841
f 2845 2841 2840
f 2846 2839 2842
f 2846 2842 2843
f 2846 2845 2839
f 2846 2843 2845
f 2847 2840 2841
f 2847 2841 2844
f 2848 2844 2841
f 2848 2841 2842
f 2848 2842 2844
f 2849 2847 2844
f 2849 2844 2840
f 2849 2840 2847
o dino089
usemtl Material089
v 0.164501446 3.053652588 -0.455753878
v 0.422237745 2.957766807 -0.789559079
v 0.412421124 3.072408870 -1.286140413
v 0.006233752 3.070786878 -1.448526298
v -0.415204021 2.874022630 -0.705814902
v 0.254749392 2.957766807 -1.459512492
v -0.402785968 3.082553623 -0.452704859
v 0.380849512 3.087094701 -0.797543170
v 0.003516862 2.874022630 -0.454582372
v 0.422237745 2.957766807 -1.292024139
v 0.248914281 3.074456616 -1.448112271
v -0.498948198 2.957766807 -1.292024139
v 0.309096135 3.084001970 -0.636390846
v 0.171005215 2.957766807 -0.454582372
v -0.415204021 2.957766807 -0.454582372
v -0.080227315 2.874022630 -1.040791609
v 0.171005215 2.874022630 -0.789559079
v -0.323047474 3.080890324 -1.356222435
v 0.003516862 2.957766807 -1.459512492
v 0.338493569 2.957766807 -0.622070726
v -0.247715668 2.874022630 -0.454582372
v -0.582692375 2.957766807 -0.705814902
v -0.331459845 2.874022630 -1.040791609
v -0.331459845 2.957766807 -1.375768316
v 0.171005215 2.874022630 -0.622070726
v -0.582692375 2.957766807 -1.208279962
v -0.331459845 2.874022630 -0.538326549
v -0.490941613 3.072245745 -1.275740288
v -0.415204021 2.874022630 -0.873303256
v -0.581710554 3.054944155 -1.203741028
v -0.555260981 3.079266723 -0.723890814
f 2857 2851 2852
f 2859 2855 2852
f 2859 2852 2851
f 2860 2855 2853
f 2860 2852 2855
f 2860 2857 2852
f 2862 2851 2857
f 2862 2857 2856
f 2862 2856 2850
f 2863 2850 2856
f 2863 2856 2858
f 2865 2858 2854
f 2865 2855 2859
f 2866 2859 2851
f 2866 2865 2859
f 2866 2858 2865
f 2867 2860 2853
f 2867 2856 2857
f 2867 2857 2860
f 2868 2853 2855
f 2868 2855 2865
f 2869 2863 2858
f 2869 2851 2862
f 2869 2862 2850
f 2869 2850 2863
f 2870 2858 2856
f 2870 2856 2864
f 2870 2854 2858
f 2871 2864 2856
f 2872 2865 2854
f 2872 2868 2865
f 2873 2867 2853
f 2873 2853 2868
f 2873 2872 2861
f 2873 2868 2872
f 2874 2866 2851
f 2874 2851 2869
f 2874 2869 2858
f 2874 2858 2866
f 2875 2854 2871
f 2875 2861 2872
f 2876 2870 2864
f 2876 2864 2871
f 2876 2871 2854
f 2876 2854 2870
f 2877 2873 2861
f 2877 2867 2873
f 2878 2875 2872
f 2878 2872 2854
f 2878 2854 2875
f 2879 2877 2861
f 2879 2861 2875
f 2879 2875 2871
f 2880 2856 2867
f 2880 2867 2877
f 2880 2877 2879
f 2880 2879 2871
f 2880 2871 2856
o dino090
usemtl Material090
v -1.587622495 3.627720220 -1.878233376
v -1.587622495 3.125255160 -1.878233376
v -1.587622495 3.627720220 -2.631930966
v -1.838855025 3.627720220 -2.631930966
v -1.908148803 3.123325202 -1.876742524
v -1.870403854 3.623999865 -1.870041601
v -1.587622495 3.125255160 -2.631930966
v -1.922599201 3.627720220 -2.045721729
v -1.786539823 3.122062435 -2.599886970
v -1.922599201 3.125255160 -2.548186789
v -1.922599201 3.208999337 -2.548186789
f 2881 2882 2883
f 2881 2883 2884
f 2886 2885 2882
f 2886 2882 2881
f 2887 2883 2882
f 2887 2884 2883
f 2888 2886 2881
f 2888 2881 2884
f 2888 2885 2886
f 2889 2887 2882
f 2889 2882 2885
f 2889 2884 2887
f 2890 2885 2888
f 2890 2889 2885
f 2890 2884 2889
f 2891 2890 2888
f 2891 2888 2884
f 2891 2884 2890
o dino091
usemtl Material091
v -1.252884246 2.036612827 -1.459652370
v -1.001413258 1.701604157 -1.710745022
v -1.085157435 2.036580863 -2.045721729
v -1.168901611 1.869092510 -2.380698436
v -1.265285801 1.618923233 -1.484379143
v -1.001413258 1.701604157 -2.129465906
v -1.298223061 2.101143196 -2.183567235
v -1.085157435 2.036580863 -1.627000846
v -1.085157435 1.952836687 -1.543256669
v -1.001413258 1.785348333 -1.710745022
v -1.085157435 1.952836687 -2.213210082
v -1.273355385 1.693146050 -2.356540039
v -1.122364425 1.612726565 -1.643905729
v -1.207820615 2.122925192 -1.623690396
v -1.204568303 1.611329961 -1.521712993
v -1.001413258 1.785348333 -2.129465906
v -1.168901611 2.120325040 -2.213210082
v -1.168901611 1.701604157 -2.380698436
v -1.306589601 1.848302366 -2.332324324
v -1.152952149 1.609009666 -1.582817934
v -1.252645788 1.617859980 -1.627000846
v -1.085157435 1.701604157 -2.296954259
v -1.085157435 1.785348333 -2.296954259
f 2898 2896 2892
f 2900 2892 2896
f 2900 2899 2892
f 2901 2893 2897
f 2901 2894 2899
f 2901 2900 2893
f 2901 2899 2900
f 2904 2897 2893
f 2905 2898 2892
f 2905 2892 2899
f 2906 2900 2896
f 2906 2893 2900
f 2907 2901 2897
f 2907 2894 2901
f 2907 2902 2894
f 2908 2894 2902
f 2908 2898 2905
f 2908 2905 2899
f 2908 2899 2894
f 2908 2902 2895
f 2908 2895 2898
f 2909 2903 2895
f 2909 2904 2903
f 2910 2898 2895
f 2910 2895 2903
f 2910 2903 2896
f 2910 2896 2898
f 2911 2904 2893
f 2911 2893 2906
f 2912 2906 2896
f 2912 2896 2903
f 2912 2911 2906
f 2912 2903 2904
f 2912 2904 2911
f 2913 2907 2897
f 2913 2909 2895
f 2913 2897 2904
f 2913 2904 2909
f 2914 2913 2895
f 2914 2895 2902
f 2914 2902 2907
f 2914 2907 2913
o dino092
usemtl Material092
v 1.008446982 5.302603754 2.141487105
v 1.175935336 4.800138694 2.141487105
v 0.849768605 5.272067984 0.881249863
v -0.415204021 5.386347930 0.885324455
v -0.415204021 4.632650340 2.141487105
v 0.808238911 5.375361870 0.884457604
v 1.092191159 5.218859577 1.471533691
v -0.415204021 5.386347930 2.141487105
v 0.997593034 4.631342944 0.884550153
v 1.175935336 4.967627047 2.057742928
v 1.008446982 5.302603754 1.220301161
v 0.841365303 5.386601039 2.141642235
v 1.097342659 4.622300187 2.118976119
v -0.415204021 4.632650340 0.885324455
v 1.092191159 5.218859577 2.057742928
v 1.092191159 5.135115400 2.141487105
v 1.175935336 4.632650340 1.304045338
v 1.092191159 4.800138694 1.052812808
v 0.958663110 4.874129434 0.878853686
v 1.175935336 4.967627047 1.639022045
v 1.092191159 4.632650340 1.052812808
v 1.175935336 4.716394517 1.304045338
v 1.175935336 4.883882870 1.471533691
f 2920 2917 2918
f 2922 2918 2919
f 2925 2915 2921
f 2925 2917 2920
f 2926 2920 2918
f 2926 2918 2922
f 2926 2925 2920
f 2926 2915 2925
f 2926 2922 2919
f 2926 2919 2916
f 2927 2916 2919
f 2928 2919 2918
f 2928 2927 2919
f 2928 2923 2927
f 2929 2924 2921
f 2929 2921 2915
f 2930 2916 2924
f 2930 2926 2916
f 2930 2915 2926
f 2930 2929 2915
f 2930 2924 2929
f 2931 2924 2916
f 2931 2927 2923
f 2931 2916 2927
f 2932 2917 2925
f 2933 2928 2918
f 2933 2918 2917
f 2933 2923 2928
f 2933 2932 2923
f 2933 2917 2932
f 2934 2921 2924
f 2934 2924 2931
f 2935 2932 2931
f 2935 2931 2923
f 2935 2923 2932
f 2936 2931 2932
f 2936 2934 2931
f 2936 2932 2925
f 2937 2921 2934
f 2937 2934 2936
f 2937 2936 2925
f 2937 2925 2921
o dino093
usemtl Material093
v 1.232095940 1.678735918 -4.003985895
v 1.510912042 0.194208976 -4.139326146
v 1.259679512 1.031650743 -4.390558676
v 0.673470276 0.696674036 -4.641791206
v 0.254749392 0.361697330 -4.055581969
v 1.175935336 0.361697330 -4.474302853
v 0.924702806 1.701604157 -4.223070323
v 1.427167866 1.199139096 -4.139326146
v 1.461219315 0.245060423 -4.015651640
v 0.840958629 0.696674036 -4.641791206
v 0.589726099 0.277953153 -4.558047029
v 1.259679512 1.701604157 -4.139326146
v 0.721149081 1.751902905 -4.005367093
v 1.510912042 0.696674036 -4.139326146
v 0.589726099 0.194208976 -4.055581969
v 1.175935336 0.864162390 -4.474302853
v 0.924702806 1.199139096 -4.474302853
v 0.422237745 0.612929860 -4.390558676
v 0.840958629 0.361697330 -4.641791206
v 1.343423689 1.534115803 -4.139326146
v 1.092191159 1.785348333 -4.139326146
v 0.383093205 0.337697550 -4.037811109
v 0.673470276 1.534115803 -4.306814499
v 1.427167866 0.947906566 -4.223070323
v 1.510912042 0.696674036 -4.055581969
v 0.673470276 0.194208976 -4.474302853
v 1.259679512 1.282883273 -4.306814499
v 1.008446982 0.864162390 -4.558047029
v 0.254749392 0.361697330 -4.139326146
v 1.175935336 0.194208976 -4.390558676
v 0.673470276 0.361697330 -4.641791206
v 0.673470276 1.785348333 -4.139326146
v 1.083892081 1.768067815 -4.019943853
v 0.254749392 0.612929860 -4.055581969
v 0.589726099 0.864162390 -4.558047029
v 0.673470276 1.199139096 -4.474302853
v 1.343423689 1.031650743 -4.306814499
v 1.296846826 1.519189559 -4.013458988
v 0.924702806 0.947906566 -4.558047029
v 1.092191159 1.031650743 -4.474302853
v 0.422237745 0.361697330 -4.390558676
v 0.338493569 0.277953153 -4.223070323
v 1.259679512 0.277953153 -4.390558676
v 0.840958629 0.194208976 -4.474302853
v 0.757214452 1.701604157 -4.223070323
v 0.589726099 1.617859980 -4.139326146
v 0.254749392 0.612929860 -4.139326146
v 0.589726099 0.194208976 -4.306814499
v 0.924702806 0.277953153 -4.558047029
v 0.589726099 1.534115803 -4.223070323
v 0.338493569 0.780418213 -4.223070323
f 2950 2946 2938
f 2951 2939 2940
f 2952 2939 2946
f 2953 2940 2943
f 2953 2943 2947
f 2954 2947 2941
f 2954 2944 2949
f 2956 2947 2943
f 2956 2941 2947
f 2957 2949 2938
f 2958 2949 2944
f 2959 2946 2950
f 2959 2952 2946
f 2959 2942 2952
f 2960 2944 2954
f 2961 2951 2940
f 2961 2945 2951
f 2961 2957 2945
f 2962 2946 2939
f 2962 2939 2951
f 2962 2951 2945
f 2963 2939 2952
f 2964 2957 2940
f 2964 2949 2957
f 2965 2953 2947
f 2965 2940 2953
f 2967 2956 2943
f 2967 2939 2963
f 2968 2948 2941
f 2968 2941 2956
f 2968 2963 2948
f 2968 2956 2963
f 2969 2958 2944
f 2970 2950 2938
f 2970 2938 2949
f 2970 2949 2958
f 2970 2969 2950
f 2970 2958 2969
f 2971 2959 2950
f 2971 2942 2959
f 2971 2966 2942
f 2972 2941 2948
f 2972 2948 2955
f 2973 2960 2954
f 2973 2954 2941
f 2973 2972 2960
f 2973 2941 2972
f 2974 2961 2940
f 2974 2940 2957
f 2974 2957 2961
f 2975 2938 2946
f 2975 2946 2962
f 2975 2957 2938
f 2975 2962 2945
f 2975 2945 2957
f 2976 2965 2947
f 2976 2947 2954
f 2976 2954 2965
f 2977 2964 2940
f 2977 2940 2965
f 2977 2965 2954
f 2977 2954 2949
f 2977 2949 2964
f 2978 2966 2955
f 2978 2955 2948
f 2979 2948 2963
f 2979 2952 2942
f 2979 2942 2966
f 2979 2978 2948
f 2979 2966 2978
f 2980 2967 2943
f 2980 2939 2967
f 2980 2943 2940
f 2980 2940 2939
f 2981 2967 2963
f 2981 2963 2956
f 2982 2969 2944
f 2982 2944 2960
f 2982 2960 2969
f 2983 2971 2950
f 2983 2950 2969
f 2984 2955 2966
f 2984 2966 2971
f 2984 2971 2983
f 2985 2979 2963
f 2985 2963 2952
f 2985 2952 2979
f 2986 2981 2956
f 2986 2956 2967
f 2986 2967 2981
f 2987 2983 2969
f 2987 2969 2960
f 2987 2960 2972
f 2987 2984 2983
f 2988 2972 2955
f 2988 2955 2984
f 2988 2987 2972
f 2988 2984 2987
o dino094
usemtl Material094
v -1.671366671 3.543976043 1.304045338
v -1.755110848 2.371557570 1.304045338
v -1.676072190 3.525671000 0.835807545
v -2.173831732 3.376487690 0.885324455
v -2.208778525 3.541255594 1.304353751
v -1.838855025 2.539045923 0.885324455
v -1.671366671 3.041510983 1.304045338
v -2.173831732 2.371557570 1.136556985
v -2.257575908 3.543976043 1.052812808
v -1.755110848 2.622790100 0.885324455
v -2.006343378 2.539045923 0.885324455
v -2.176935942 2.713982320 1.325208475
v -1.776187807 2.392920361 1.041345071
v -2.045910500 3.537819716 0.938620495
v -2.257575908 2.874022630 1.052812808
v -2.173831732 3.208999337 0.885324455
v -2.156825637 2.371536125 1.310096078
v -2.090087555 2.371557570 0.969068631
v -2.257575908 2.706534277 1.220301161
v -2.090087555 2.790278453 0.885324455
v -2.173831732 2.455301747 1.052812808
v -2.173831732 2.790278453 0.969068631
f 2995 2991 2989
f 2997 2993 2989
f 2998 2994 2991
f 2998 2995 2990
f 2998 2991 2995
f 2999 2991 2994
f 3000 2990 2995
f 3000 2995 2989
f 3000 2989 2993
f 3001 2998 2990
f 3001 2994 2998
f 3002 2997 2989
f 3002 2989 2991
f 3002 2991 2992
f 3002 2992 2997
f 3003 2997 2992
f 3004 2992 2991
f 3004 3003 2992
f 3005 2990 3000
f 3006 3001 2990
f 3006 2999 2994
f 3006 2994 3001
f 3006 3005 2996
f 3006 2990 3005
f 3007 3000 2993
f 3007 2993 2997
f 3007 2997 3003
f 3007 3005 3000
f 3007 3003 2996
f 3007 2996 3005
f 3008 3004 2991
f 3008 2991 2999
f 3008 3006 3004
f 3008 2999 3006
f 3009 3006 2996
f 3009 2996 3003
f 3010 3003 3004
f 3010 3004 3006
f 3010 3009 3003
f 3010 3006 3009
o dino095
usemtl Material095
v 1.092191159 3.795208573 -3.218140203
v 1.092191159 3.125255160 -3.218140203
v 1.008446982 3.292743513 -3.553116909
v 0.338493569 3.795208573 -3.720605263
v 0.338493569 3.795208573 -3.218140203
v 0.338493569 3.125255160 -3.720605263
v 1.074990820 3.796057669 -3.436692573
v 0.924702806 3.125255160 -3.553116909
v 0.673470276 3.627720220 -3.720605263
v 0.338493569 3.125255160 -3.218140203
v 0.640468068 3.813339022 -3.715533652
v 1.074884099 3.121742702 -3.425024399
v 0.589726099 3.208999337 -3.720605263
v 0.982606685 3.802796392 -3.480101081
v 0.464926961 3.128527429 -3.710789034
f 3015 3012 3011
f 3016 3015 3014
f 3017 3011 3012
f 3019 3016 3014
f 3020 3012 3015
f 3020 3015 3016
f 3021 3015 3011
f 3021 3014 3015
f 3021 3019 3014
f 3021 3017 3013
f 3021 3013 3019
f 3022 3017 3012
f 3022 3013 3017
f 3022 3018 3013
f 3022 3016 3018
f 3022 3020 3016
f 3022 3012 3020
f 3023 3016 3019
f 3023 3019 3013
f 3023 3013 3018
f 3024 3021 3011
f 3024 3011 3017
f 3024 3017 3021
f 3025 3023 3018
f 3025 3018 3016
f 3025 3016 3023
o dino096
usemtl Material096
v -0.831396340 5.799897394 -1.626886767
v -0.833924905 5.302603754 -1.627000846
v -0.819432676 5.688759897 -2.288958889
v -1.252645788 5.553836284 -2.296954259
v -1.336389965 5.386347930 -1.459512492
v -0.833924905 5.302603754 -2.296954259
v -0.917669081 5.805068814 -2.213210082
v -1.219246912 5.365945795 -1.464941083
v -0.849825277 5.668710512 -2.306317630
v -1.364542377 5.254635667 -2.282284540
v -0.833924905 5.805068814 -2.213210082
v -1.252645788 5.637580460 -1.710745022
v -1.420134141 5.386347930 -2.296954259
v -1.001413258 5.721324637 -2.296954259
v -1.274059743 5.264814421 -1.471419954
v -1.001413258 5.805068814 -1.627000846
v -1.252645788 5.637580460 -1.961977552
v -1.420134141 5.302603754 -1.627000846
v -1.251575841 5.302019460 -1.459679875
v -1.085157435 5.721324637 -2.129465906
v -1.336389965 5.553836284 -1.961977552
v -1.420134141 5.386347930 -1.627000846
v -1.001413258 5.805068814 -1.961977552
v -1.336389965 5.553836284 -1.794489199
f 3026 3027 3028
f 3031 3028 3027
f 3033 3027 3026
f 3033 3026 3030
f 3034 3028 3031
f 3035 3031 3027
f 3036 3026 3028
f 3038 3034 3031
f 3038 3029 3034
f 3038 3031 3035
f 3039 3034 3029
f 3039 3032 3036
f 3039 3036 3028
f 3039 3028 3034
f 3040 3035 3027
f 3041 3036 3032
f 3041 3026 3036
f 3041 3037 3030
f 3041 3030 3026
f 3042 3037 3041
f 3043 3038 3035
f 3043 3040 3030
f 3043 3035 3040
f 3044 3033 3030
f 3044 3030 3040
f 3044 3040 3027
f 3044 3027 3033
f 3045 3029 3042
f 3045 3039 3029
f 3045 3032 3039
f 3046 3037 3042
f 3046 3042 3029
f 3046 3029 3038
f 3047 3043 3030
f 3047 3030 3037
f 3047 3046 3038
f 3047 3038 3043
f 3048 3045 3042
f 3048 3042 3041
f 3048 3041 3032
f 3048 3032 3045
f 3049 3047 3037
f 3049 3037 3046
f 3049 3046 3047
o dino097
usemtl Material097
v 1.092191159 3.125255160 -1.878233376
v 1.594656219 2.957766807 -2.213210082
v 1.535571554 3.132276310 -2.320095202
v 0.840958629 3.125255160 -2.296954259
v 0.840958629 2.874022630 -1.961977552
v 0.840958629 2.874022630 -2.296954259
v 0.777745974 3.179307448 -1.929312507
v 1.594656219 3.125255160 -2.213210082
v 1.427167866 2.874022630 -2.045721729
v 1.486044539 2.882209100 -2.311072562
v 0.524781561 3.164772747 -2.073808024
v 0.757214452 3.041510983 -1.878233376
v 1.594656219 2.957766807 -2.296954259
v 1.305733955 3.153576729 -2.025912441
v 1.175935336 2.874022630 -1.961977552
v 1.510912042 2.874022630 -2.129465906
v 0.530938344 3.072150155 -2.164133892
v 0.589726099 3.041510983 -1.961977552
v 1.343423689 2.957766807 -1.961977552
v 1.092191159 3.041510983 -1.878233376
v 0.506889208 3.126440725 -2.130599816
v 0.589726099 2.957766807 -2.045721729
v 0.613414116 3.164171062 -2.005915941
v 0.505981922 3.041510983 -2.045721729
v 0.618980296 2.993682386 -2.170104106
f 3055 3053 3052
f 3058 3054 3055
f 3059 3055 3052
f 3060 3056 3052
f 3060 3052 3053
f 3061 3050 3056
f 3062 3057 3051
f 3062 3052 3057
f 3062 3059 3052
f 3063 3056 3050
f 3063 3057 3052
f 3063 3052 3056
f 3064 3054 3058
f 3064 3061 3054
f 3065 3058 3055
f 3065 3055 3059
f 3065 3062 3051
f 3065 3059 3062
f 3066 3053 3055
f 3067 3061 3056
f 3067 3054 3061
f 3068 3057 3063
f 3068 3051 3057
f 3068 3065 3051
f 3068 3058 3065
f 3068 3063 3050
f 3068 3064 3058
f 3069 3050 3061
f 3069 3061 3064
f 3069 3068 3050
f 3069 3064 3068
f 3070 3060 3053
f 3070 3053 3066
f 3071 3055 3054
f 3071 3054 3067
f 3072 3067 3056
f 3072 3056 3060
f 3072 3060 3067
f 3073 3067 3060
f 3073 3060 3070
f 3073 3071 3067
f 3073 3070 3066
f 3073 3066 3071
f 3074 3071 3066
f 3074 3066 3055
f 3074 3055 3071
o dino098
usemtl Material098
v -0.833924905 0.277953153 -1.208279962
v -0.750180728 0.110464800 -1.375768316
v -0.750180728 0.445441506 -1.543256669
v -0.945835254 0.631439543 -2.050353278
v -1.010024723 0.180480052 -2.038083688
v -1.001413258 0.445441506 -1.292024139
v -0.750180728 0.361697330 -1.375768316
v -0.750180728 0.194208976 -2.045721729
v -0.833924905 0.612929860 -1.710745022
v -1.029307385 0.575189406 -1.665167290
v -0.995848768 0.141593165 -1.227796401
v -0.917669081 0.445441506 -1.292024139
v -0.833924905 0.110464800 -2.045721729
v -0.750180728 0.445441506 -2.045721729
v -0.917669081 0.612929860 -1.627000846
v -0.833924905 0.110464800 -1.208279962
v -1.001413258 0.361697330 -1.208279962
v -0.833924905 0.445441506 -1.375768316
v -0.750180728 0.110464800 -1.794489199
v -0.833924905 0.612929860 -2.045721729
v -0.917669081 0.361697330 -1.208279962
f 3081 3075 3076
f 3081 3076 3077
f 3082 3077 3076
f 3083 3081 3077
f 3084 3078 3079
f 3085 3084 3079
f 3086 3075 3081
f 3087 3079 3078
f 3087 3078 3082
f 3087 3085 3079
f 3088 3082 3078
f 3088 3083 3077
f 3088 3077 3082
f 3089 3083 3078
f 3089 3078 3084
f 3089 3084 3080
f 3089 3086 3083
f 3089 3080 3086
f 3090 3076 3075
f 3090 3087 3076
f 3090 3085 3087
f 3091 3080 3084
f 3091 3084 3085
f 3091 3086 3080
f 3091 3090 3075
f 3091 3085 3090
f 3092 3086 3081
f 3092 3081 3083
f 3092 3083 3086
f 3093 3087 3082
f 3093 3082 3076
f 3093 3076 3087
f 3094 3088 3078
f 3094 3078 3083
f 3094 3083 3088
f 3095 3091 3075
f 3095 3075 3086
f 3095 3086 3091
o dino099
usemtl Material099
v -0.080227315 4.381417810 -3.134396026
v -0.080227315 3.795208573 -3.134396026
v -0.080227315 4.381417810 -4.223070323
v -0.582692375 4.297673634 -4.223070323
v -0.833924905 4.381417810 -3.134396026
v -0.080227315 3.795208573 -4.223070323
v -0.820382636 4.046235256 -3.128422703
v -0.761562088 4.397045119 -3.438567563
v -0.833924905 3.795208573 -3.469372733
v -0.582692375 4.381417810 -4.139326146
v -0.824149773 3.793789920 -3.214275066
v -0.518837489 3.797206369 -4.205006376
v -0.666436551 4.381417810 -3.971837793
v -0.750180728 3.795208573 -3.134396026
f 3096 3097 3098
f 3101 3098 3097
f 3101 3099 3098
f 3102 3097 3096
f 3102 3096 3100
f 3103 3100 3096
f 3103 3096 3098
f 3105 3103 3098
f 3105 3098 3099
f 3106 3101 3097
f 3106 3102 3100
f 3106 3100 3104
f 3107 3104 3099
f 3107 3099 3101
f 3107 3106 3104
f 3107 3101 3106
f 3108 3099 3104
f 3108 3105 3099
f 3108 3103 3105
f 3108 3104 3100
f 3108 3100 3103
f 3109 3106 3097
f 3109 3097 3102
f 3109 3102 3106
o dino100
usemtl Material100
v -1.252645788 5.051371224 -1.208279962
v -1.252645788 4.632650340 -1.208279962
v -1.252645788 5.051371224 -2.296954259
v -1.587622495 5.135115400 -2.296954259
v -1.755110848 4.632650340 -1.794489199
v -1.282895732 5.331525829 -2.308320100
v -1.249375076 5.300720877 -1.375880621
v -1.463119162 4.636905182 -1.216635320
v -1.252645788 4.632650340 -2.296954259
v -1.503878318 5.302603754 -1.710745022
v -1.675531863 4.614310577 -2.278981575
v -1.379292846 5.039268813 -1.199378693
v -1.755110848 4.716394517 -2.296954259
v -1.503878318 5.302603754 -2.213210082
v -1.671366671 4.632650340 -1.543256669
v -1.671366671 4.967627047 -2.296954259
v -1.671366671 4.716394517 -1.543256669
v -1.755110848 4.800138694 -2.045721729
v -1.587622495 5.051371224 -1.627000846
v -1.755110848 4.800138694 -2.129465906
v -1.671366671 4.967627047 -1.794489199
v -1.587622495 5.135115400 -1.710745022
v -1.755110848 4.716394517 -1.794489199
f 3116 3110 3111
f 3116 3112 3115
f 3118 3116 3111
f 3118 3112 3116
f 3118 3115 3112
f 3119 3116 3115
f 3120 3118 3111
f 3121 3117 3111
f 3121 3111 3110
f 3121 3110 3116
f 3121 3116 3119
f 3122 3115 3118
f 3122 3118 3120
f 3122 3120 3114
f 3123 3119 3115
f 3123 3115 3113
f 3123 3113 3119
f 3124 3114 3120
f 3124 3120 3111
f 3124 3111 3117
f 3125 3113 3115
f 3125 3115 3122
f 3126 3124 3117
f 3126 3117 3121
f 3126 3114 3124
f 3127 3122 3114
f 3127 3119 3113
f 3128 3126 3121
f 3128 3121 3119
f 3129 3125 3122
f 3129 3122 3127
f 3129 3127 3113
f 3129 3113 3125
f 3131 3128 3119
f 3131 3119 3127
f 3131 3127 3130
f 3131 3126 3128
f 3132 3130 3127
f 3132 3127 3114
f 3132 3114 3126
f 3132 3131 3130
f 3132 3126 3131
o dino101
usemtl Material101
v 1.427167866 1.617859980 -2.799419319
v 1.594656219 1.534115803 -3.050651849
v 1.510912042 1.701604157 -3.888093616
v 1.427167866 1.534115803 -4.055581969
v 1.305095273 0.968438541 -3.497971134
v 1.510912042 1.031650743 -3.888093616
v 1.311001603 1.687141493 -3.938801123
v 1.594656219 1.701604157 -2.966907672
v 1.427167866 0.947906566 -3.469372733
v 1.594656219 1.366627450 -3.636861086
v 1.371000217 0.949523138 -4.065277204
v 1.427167866 1.701604157 -3.971837793
v 1.327554609 1.722285738 -2.828938611
v 1.594656219 1.617859980 -2.966907672
v 1.343423689 1.617859980 -2.799419319
v 1.510912042 1.031650743 -3.553116909
v 1.296846826 1.519189559 -4.013458988
v 1.380439988 0.945167319 -4.039153587
v 1.386704882 1.742605001 -2.853752720
v 1.510912042 1.199139096 -3.301884379
v 1.594656219 1.366627450 -3.385628556
f 3138 3136 3135
f 3142 3138 3135
f 3142 3140 3134
f 3142 3135 3140
f 3143 3136 3138
f 3144 3135 3136
f 3144 3136 3139
f 3146 3140 3133
f 3146 3134 3140
f 3147 3141 3133
f 3147 3137 3141
f 3147 3145 3137
f 3147 3133 3145
f 3148 3141 3138
f 3148 3138 3142
f 3149 3139 3136
f 3149 3136 3143
f 3149 3143 3137
f 3149 3145 3139
f 3149 3137 3145
f 3150 3141 3137
f 3150 3137 3143
f 3150 3143 3138
f 3150 3138 3141
f 3151 3145 3133
f 3151 3133 3140
f 3151 3140 3135
f 3151 3135 3144
f 3151 3144 3139
f 3151 3139 3145
f 3152 3148 3134
f 3152 3141 3148
f 3152 3134 3146
f 3152 3146 3133
f 3152 3133 3141
f 3153 3148 3142
f 3153 3142 3134
f 3153 3134 3148
o dino102
usemtl Material102
v 1.213696952 4.631120560 -1.645359120
v 1.259679512 3.125255160 -1.878233376
v 1.259679512 4.632650340 -1.961977552
v 0.840958629 4.632650340 -1.961977552
v 0.822859660 3.470495813 -1.628009678
v 1.245664861 3.139780650 -2.001683999
v 0.840958629 4.632650340 -1.627000846
v 1.259679512 4.130185280 -1.627000846
v 0.840897605 3.125008929 -1.961437621
v 0.817542242 3.257007120 -1.856440930
v 1.008446982 3.543976043 -1.627000846
v 0.924702806 3.208999337 -1.794489199
v 0.842243770 3.166641424 -1.912584189
v 0.924702806 3.460231867 -1.627000846
v 1.175935336 3.878952750 -1.627000846
f 3159 3156 3155
f 3159 3157 3156
f 3160 3154 3156
f 3160 3156 3157
f 3161 3155 3156
f 3161 3156 3154
f 3161 3154 3160
f 3162 3157 3159
f 3162 3159 3155
f 3163 3160 3157
f 3163 3158 3160
f 3163 3157 3162
f 3164 3161 3160
f 3165 3162 3155
f 3166 3163 3162
f 3166 3158 3163
f 3166 3165 3158
f 3166 3162 3165
f 3167 3155 3164
f 3167 3165 3155
f 3167 3158 3165
f 3167 3164 3160
f 3167 3160 3158
f 3168 3164 3155
f 3168 3155 3161
f 3168 3161 3164
o dino103
usemtl Material103
v 0.176195861 3.144339703 -2.974443192
v 0.171005215 3.041510983 -2.966907672
v 0.172320671 3.003680251 -3.403143651
v -0.555717400 3.159727010 -3.565126670
v -0.247715668 3.041510983 -3.134396026
v 0.171005215 3.125255160 -3.385628556
v 0.171005215 2.957766807 -3.218140203
v 0.087261039 3.041510983 -2.966907672
v -0.232964811 3.165010875 -3.148906402
v -0.163971491 3.125255160 -3.553116909
v -0.415204021 2.957766807 -3.553116909
v -0.331459845 2.957766807 -3.385628556
v -0.582692375 3.041510983 -3.469372733
v -0.542102601 3.179606403 -3.494960333
v 0.089908698 3.158121043 -2.978080856
v -0.160884526 2.974045733 -3.561004087
v -0.163971491 2.957766807 -3.301884379
v -0.582692375 3.041510983 -3.553116909
v -0.415204021 2.957766807 -3.469372733
v 0.087261039 2.957766807 -3.218140203
f 3174 3169 3171
f 3175 3169 3170
f 3175 3171 3169
f 3176 3170 3169
f 3176 3175 3170
f 3178 3174 3171
f 3180 3176 3173
f 3180 3179 3175
f 3181 3173 3177
f 3181 3180 3173
f 3182 3181 3177
f 3182 3172 3181
f 3182 3178 3172
f 3182 3174 3178
f 3183 3176 3169
f 3183 3182 3177
f 3183 3169 3174
f 3183 3174 3182
f 3183 3177 3173
f 3183 3173 3176
f 3184 3171 3175
f 3184 3175 3179
f 3184 3178 3171
f 3184 3179 3172
f 3184 3172 3178
f 3185 3180 3175
f 3185 3176 3180
f 3186 3181 3172
f 3186 3172 3179
f 3186 3179 3181
f 3187 3181 3179
f 3187 3179 3180
f 3187 3180 3181
f 3188 3185 3175
f 3188 3175 3176
f 3188 3176 3185
o dino104
usemtl Material104
v -0.762243746 3.146146652 -2.124125758
v -0.750180728 3.041510983 -2.129465906
v -1.168901611 3.125255160 -2.883163496
v -1.587622495 3.125255160 -2.883163496
v -1.905872288 2.870833712 -2.128234696
v -1.016162901 3.169561947 -2.619572329
v -1.035671735 2.881832207 -2.104912869
v -1.857796855 3.115806707 -2.123086939
v -1.671366671 2.874022630 -2.799419319
v -0.750180728 3.041510983 -2.213210082
v -1.922599201 3.125255160 -2.548186789
v -0.763884925 3.163850901 -2.205605471
v -1.587622495 3.041510983 -2.883163496
v -1.001413258 2.874022630 -2.213210082
v -1.838855025 3.125255160 -2.715675142
v -1.922599201 2.874022630 -2.548186789
v -1.001413258 3.041510983 -2.631930966
v -1.252645788 2.874022630 -2.799419319
v -1.755110848 3.125255160 -2.799419319
v -1.168901611 3.041510983 -2.883163496
v -1.755110848 3.041510983 -2.799419319
v -1.838855025 2.957766807 -2.715675142
f 3194 3191 3192
f 3195 3190 3189
f 3196 3195 3189
f 3196 3193 3195
f 3199 3196 3194
f 3199 3193 3196
f 3200 3196 3189
f 3200 3194 3196
f 3200 3189 3190
f 3200 3190 3198
f 3201 3192 3191
f 3202 3195 3193
f 3202 3198 3190
f 3202 3190 3195
f 3203 3199 3194
f 3204 3197 3193
f 3204 3193 3199
f 3204 3199 3203
f 3205 3200 3198
f 3205 3191 3194
f 3205 3194 3200
f 3206 3197 3201
f 3206 3202 3193
f 3206 3193 3197
f 3206 3205 3198
f 3206 3198 3202
f 3207 3203 3194
f 3207 3194 3192
f 3207 3192 3201
f 3208 3206 3201
f 3208 3201 3191
f 3208 3191 3205
f 3208 3205 3206
f 3209 3207 3201
f 3209 3201 3197
f 3209 3203 3207
f 3210 3209 3197
f 3210 3197 3204
f 3210 3204 3203
f 3210 3203 3209
o dino105
usemtl Material105
v -1.252645788 5.470092107 2.811440518
v -1.135374849 4.637478648 2.761464614
v -1.137082458 5.628175755 2.699579245
v -1.336389965 5.637580460 2.560207988
v -1.503336741 4.632498454 2.559222744
v -1.168901611 4.632650340 2.560207988
v -1.252645788 5.637580460 2.727696342
v -1.120922244 5.459349325 2.763527962
v -1.420134141 4.632650340 2.727696342
v -1.503878318 4.883882870 2.643952165
v -1.213920381 5.651254329 2.579503864
v -1.476353054 4.871389063 2.521250666
v -1.252645788 4.632650340 2.811440518
v -1.336389965 5.637580460 2.643952165
v -1.420134141 4.716394517 2.727696342
v -1.468140227 4.622860603 2.580242866
f 3217 3211 3213
f 3218 3213 3211
f 3218 3216 3213
f 3218 3212 3216
f 3220 3215 3219
f 3221 3216 3214
f 3221 3213 3216
f 3221 3217 3213
f 3222 3216 3215
f 3222 3214 3216
f 3222 3220 3214
f 3222 3215 3220
f 3223 3218 3211
f 3223 3212 3218
f 3223 3211 3219
f 3223 3216 3212
f 3224 3214 3220
f 3224 3221 3214
f 3224 3217 3221
f 3224 3220 3211
f 3224 3211 3217
f 3225 3220 3219
f 3225 3219 3211
f 3225 3211 3220
f 3226 3223 3219
f 3226 3219 3215
f 3226 3215 3216
f 3226 3216 3223
o dino106
usemtl Material106
v 1.259679512 4.716394517 -1.375768316
v 1.427167866 4.632650340 -1.878233376
v 1.259679512 5.135115400 -1.878233376
v 1.132150725 4.933777729 -2.700402660
v 1.175935336 4.632650340 -2.715675142
v 1.427167866 4.716394517 -2.631930966
v 1.135746089 5.032992400 -1.727058641
v 1.427167866 4.800138694 -1.961977552
v 1.181971571 4.615040321 -1.371228459
v 1.259679512 5.051371224 -2.548186789
v 1.343423689 4.800138694 -2.715675142
v 1.354524726 4.604350841 -2.618801073
v 1.259679512 5.051371224 -1.710745022
v 1.132762467 5.095994556 -2.204320392
v 1.427167866 4.716394517 -1.878233376
v 1.427167866 4.800138694 -2.464442612
v 1.160618498 4.711838789 -1.376639070
v 1.259679512 4.967627047 -2.715675142
v 1.324303725 4.623947014 -2.710471040
v 1.343423689 4.967627047 -1.878233376
v 1.132266280 5.101212332 -1.883829545
v 1.127619534 5.010074259 -2.534255486
v 1.259679512 5.135115400 -2.213210082
v 1.343423689 4.883882870 -2.631930966
v 1.177623156 4.633032831 -1.375866922
v 1.343423689 4.967627047 -2.380698436
f 3234 3228 3232
f 3235 3228 3227
f 3238 3232 3228
f 3238 3235 3231
f 3238 3228 3235
f 3239 3229 3233
f 3241 3234 3227
f 3241 3227 3228
f 3241 3228 3234
f 3242 3234 3232
f 3242 3229 3234
f 3243 3235 3227
f 3243 3230 3231
f 3243 3239 3233
f 3243 3227 3239
f 3244 3237 3231
f 3244 3231 3230
f 3244 3230 3236
f 3244 3232 3237
f 3245 3237 3232
f 3245 3232 3238
f 3245 3238 3231
f 3245 3231 3237
f 3246 3234 3229
f 3246 3229 3239
f 3246 3239 3227
f 3246 3227 3234
f 3247 3233 3229
f 3248 3240 3236
f 3248 3236 3230
f 3248 3247 3240
f 3248 3233 3247
f 3248 3243 3233
f 3248 3230 3243
f 3249 3236 3240
f 3249 3229 3242
f 3249 3247 3229
f 3249 3240 3247
f 3250 3242 3232
f 3250 3236 3242
f 3250 3244 3236
f 3250 3232 3244
f 3251 3243 3231
f 3251 3231 3235
f 3251 3235 3243
f 3252 3249 3242
f 3252 3242 3236
f 3252 3236 3249
o dino107
usemtl Material107
v 1.269133429 4.284305745 -3.187248332
v 1.341971960 3.125038873 -3.217414153
v 1.343423689 4.297673634 -3.301884379
v 1.175935336 4.381417810 -3.469372733
v 1.092191159 3.125255160 -3.218140203
v 1.343423689 3.125255160 -3.385628556
v 1.238305067 4.376581347 -3.209226466
v 1.343423689 3.460231867 -3.385628556
v 1.074884099 3.121742702 -3.425024399
v 1.259679512 4.381417810 -3.385628556
v 1.092191159 4.381417810 -3.218140203
v 1.141628413 3.118503542 -3.398810886
v 1.065996876 4.375281526 -3.444743566
f 3253 3254 3255
f 3257 3254 3253
f 3258 3255 3254
f 3259 3253 3255
f 3260 3258 3256
f 3260 3255 3258
f 3261 3256 3258
f 3262 3259 3255
f 3262 3260 3256
f 3262 3255 3260
f 3263 3257 3253
f 3263 3253 3259
f 3263 3262 3256
f 3263 3259 3262
f 3264 3261 3258
f 3264 3258 3254
f 3264 3254 3257
f 3264 3257 3261
f 3265 3261 3257
f 3265 3257 3263
f 3265 3263 3256
f 3265 3256 3261
o dino108
usemtl Material108
v -0.804779429 5.583770695 -2.605435917
v -0.833924905 4.967627047 -2.631930966
v -0.796720021 5.332817313 -3.097110123
v -1.168901611 5.135115400 -3.134396026
v -1.503878318 5.051371224 -2.631930966
v -0.833924905 4.967627047 -3.134396026
v -0.917669081 5.553836284 -2.883163496
v -1.462095938 4.946373873 -2.614348207
v -0.917669081 5.386347930 -3.134396026
v -0.833924905 5.637580460 -2.715675142
v -1.336389965 5.302603754 -2.715675142
v -1.336389965 5.302603754 -2.631930966
v -1.438540085 4.932564836 -2.688501703
v -0.833924905 5.553836284 -2.883163496
v -1.420134141 5.051371224 -2.883163496
v -0.917669081 5.637580460 -2.715675142
v -1.252645788 5.218859577 -2.966907672
v -1.503878318 5.051371224 -2.715675142
v -1.129478474 4.950397720 -3.088618549
v -1.085157435 5.470092107 -2.799419319
v -0.917669081 5.637580460 -2.631930966
v -1.420134141 5.135115400 -2.799419319
v -1.252645788 5.135115400 -3.050651849
v -1.085157435 5.386347930 -2.966907672
v -1.420134141 4.967627047 -2.883163496
f 3266 3267 3268
f 3271 3268 3267
f 3273 3267 3266
f 3274 3271 3269
f 3274 3268 3271
f 3275 3266 3268
f 3277 3273 3266
f 3277 3270 3273
f 3277 3276 3270
f 3278 3267 3273
f 3279 3274 3272
f 3279 3272 3275
f 3279 3275 3268
f 3279 3268 3274
f 3281 3275 3272
f 3281 3276 3277
f 3283 3273 3270
f 3283 3270 3276
f 3284 3269 3271
f 3284 3271 3267
f 3284 3267 3278
f 3285 3281 3272
f 3285 3276 3281
f 3286 3281 3277
f 3286 3277 3266
f 3286 3266 3275
f 3286 3275 3281
f 3287 3276 3282
f 3287 3283 3276
f 3287 3280 3283
f 3288 3287 3282
f 3288 3280 3287
f 3288 3274 3269
f 3289 3272 3274
f 3289 3288 3282
f 3289 3274 3288
f 3289 3285 3272
f 3289 3282 3276
f 3289 3276 3285
f 3290 3278 3273
f 3290 3273 3283
f 3290 3283 3280
f 3290 3284 3278
f 3290 3269 3284
f 3290 3288 3269
f 3290 3280 3288
o dino109
usemtl Material109
v 0.576777037 2.870706638 0.827569194
v 0.673470276 2.371557570 0.717836101
v 0.589726099 2.874022630 0.717836101
v 0.422237745 2.874022630 0.717836101
v 0.345304195 1.450389277 0.811100954
v 0.427520622 2.871701655 0.813527679
v 0.673470276 2.539045923 0.717836101
v 0.635388627 2.379695743 0.839585733
v 0.338493569 1.450371627 0.717836101
v 0.500367499 1.702832571 0.819660952
v 0.309586681 2.531319531 0.846777086
v 0.637387268 2.529331289 0.842239439
v 0.422237745 1.450371627 0.717836101
v 0.283106774 1.868785116 0.837775937
v 0.338493569 2.790278453 0.717836101
v 0.367807888 2.789746800 0.828561359
v 0.505981922 1.701604157 0.717836101
v 0.416616364 1.454105197 0.819467812
v 0.254749392 1.869092510 0.717836101
v 0.254749392 2.539045923 0.717836101
f 3293 3292 3294
f 3296 3291 3293
f 3296 3293 3294
f 3297 3292 3293
f 3297 3293 3291
f 3299 3294 3292
f 3300 3292 3298
f 3302 3297 3291
f 3302 3291 3301
f 3302 3298 3292
f 3302 3292 3297
f 3303 3299 3292
f 3303 3295 3299
f 3304 3302 3301
f 3304 3298 3302
f 3305 3296 3294
f 3305 3294 3299
f 3306 3301 3291
f 3306 3291 3296
f 3306 3296 3305
f 3307 3303 3292
f 3307 3292 3300
f 3307 3300 3303
f 3308 3303 3300
f 3308 3295 3303
f 3308 3304 3295
f 3308 3300 3298
f 3308 3298 3304
f 3309 3299 3295
f 3309 3295 3304
f 3309 3305 3299
f 3310 3306 3305
f 3310 3301 3306
f 3310 3305 3309
f 3310 3309 3304
f 3310 3304 3301
o dino110
usemtl Material110
v 1.315516745 1.160027552 -3.341606333
v 1.343423689 0.696674036 -3.301884379
v 1.394754656 0.652313763 -3.608706395
v 1.259679512 1.199139096 -3.636861086
v 1.251886406 0.593362378 -3.313552975
v 1.343423689 1.199139096 -3.636861086
v 1.358662920 1.190633841 -3.376173736
v 1.259679512 0.696674036 -3.301884379
v 1.316967679 0.569320742 -3.321264713
v 1.259679512 0.612929860 -3.636861086
f 3317 3311 3312
f 3317 3312 3313
f 3317 3313 3316
f 3317 3316 3314
f 3317 3314 3311
f 3318 3315 3312
f 3318 3312 3311
f 3318 3311 3314
f 3318 3314 3315
f 3319 3313 3312
f 3319 3312 3315
f 3320 3315 3314
f 3320 3319 3315
f 3320 3313 3319
f 3320 3316 3313
f 3320 3314 3316
o dino111
usemtl Material111
v 0.049113999 7.649012583 2.921238193
v 0.003516862 6.893743111 2.895184695
v 0.003516862 6.893743111 2.392719635
v -0.750180728 7.647440701 2.392719635
v -0.833924905 7.312463994 2.895184695
v -0.000041466 7.646885315 2.395531476
v -0.677006225 7.637150000 2.864335428
v -0.806197994 6.885259520 2.400106577
v -0.833924905 7.563696524 2.727696342
v -0.761755312 6.886373916 2.859331226
v -0.833924905 7.312463994 2.392719635
v -0.833924905 7.479952347 2.811440518
v -0.833924905 7.563696524 2.560207988
v -0.833924905 7.479952347 2.476463811
f 3321 3322 3323
f 3325 3322 3321
f 3326 3321 3323
f 3326 3323 3324
f 3326 3324 3321
f 3327 3325 3321
f 3327 3321 3324
f 3328 3323 3322
f 3329 3327 3324
f 3330 3328 3322
f 3330 3322 3325
f 3330 3325 3328
f 3331 3324 3323
f 3331 3323 3328
f 3331 3328 3325
f 3331 3325 3329
f 3332 3329 3325
f 3332 3325 3327
f 3332 3327 3329
f 3333 3331 3329
f 3333 3329 3324
f 3334 3333 3324
f 3334 3324 3331
f 3334 3331 3333
o dino112
usemtl Material112
v 0.505981922 3.878952750 -0.287094019
v 0.505981922 3.125255160 -0.287094019
v 0.505981922 3.041510983 -0.873303256
v -0.331459845 3.878952750 -0.873303256
v -0.331459845 3.878952750 -0.287094019
v 0.505981922 3.878952750 -0.873303256
v -0.328291043 3.053173162 -0.286358168
v -0.341968261 2.962703816 -0.879331350
v 0.338493569 3.041510983 -0.287094019
v 0.422237745 3.041510983 -0.454582372
v 0.505981922 3.041510983 -0.789559079
f 3335 3336 3337
f 3339 3335 3338
f 3340 3335 3337
f 3340 3338 3335
f 3341 3336 3335
f 3341 3335 3339
f 3342 3340 3337
f 3342 3338 3340
f 3342 3341 3339
f 3342 3339 3338
f 3343 3336 3341
f 3343 3341 3342
f 3344 3343 3342
f 3344 3336 3343
f 3345 3344 3342
f 3345 3342 3337
f 3345 3337 3336
f 3345 3336 3344
o dino113
usemtl Material113
v 0.505981922 5.386347930 0.885324455
v 0.505981922 4.632650340 0.885324455
v 0.505981922 5.386347930 -0.287094019
v -1.311491358 5.367181799 -0.287291933
v -1.336389965 4.632650340 0.885324455
v 0.505981922 4.632650340 -0.287094019
v -1.336389965 5.386347930 0.885324455
v -1.336389965 4.632650340 -0.287094019
f 3346 3347 3348
f 3350 3347 3346
f 3351 3348 3347
f 3351 3349 3348
f 3351 3347 3350
f 3352 3346 3348
f 3352 3348 3349
f 3352 3350 3346
f 3353 3351 3350
f 3353 3349 3351
f 3353 3352 3349
f 3353 3350 3352
o dino114
usemtl Material114
v 0.840958629 4.632650340 -1.627000846
v 0.893182215 3.592522756 -1.623955782
v 0.840958629 4.632650340 -2.380698436
v -0.080227315 4.632650340 -2.380698436
v -0.080227315 3.627720220 -1.627000846
v -0.080227315 3.627720220 -2.380698436
v -0.080227315 4.632650340 -1.627000846
v 0.840958629 3.627720220 -2.380698436
f 3354 3355 3356
f 3354 3356 3357
f 3359 3357 3356
f 3359 3358 3357
f 3359 3355 3358
f 3360 3358 3355
f 3360 3355 3354
f 3360 3354 3357
f 3360 3357 3358
f 3361 3359 3356
f 3361 3356 3355
f 3361 3355 3359
o dino115
usemtl Material115
v 1.259679512 4.632650340 -1.961977552
v 1.310109406 3.952794989 -1.904854761
v 1.259679512 4.632650340 -3.218140203
v 0.840958629 4.632650340 -3.218140203
v 0.840958629 3.962696927 -1.961977552
v 0.840958629 4.632650340 -1.961977552
v 1.267553514 3.962161154 -3.221751470
v 0.840958629 3.962696927 -3.218140203
f 3362 3363 3364
f 3362 3364 3365
f 3367 3366 3363
f 3367 3363 3362
f 3367 3362 3365
f 3367 3365 3366
f 3368 3364 3363
f 3368 3365 3364
f 3369 3368 3363
f 3369 3363 3366
f 3369 3366 3365
f 3369 3365 3368
o dino116
usemtl Material116
v -0.666436551 3.543976043 0.885324455
v -0.666436551 3.376487690 0.885324455
v -0.666436551 3.543976043 0.382859395
v -1.501876501 3.545606576 0.383317195
v -1.503878318 3.543976043 0.885324455
v -1.503878318 3.376487690 0.382859395
v -0.666436551 3.376487690 0.382859395
v -1.518378115 3.350944743 0.856743750
f 3370 3371 3372
f 3370 3372 3373
f 3374 3371 3370
f 3374 3370 3373
f 3375 3373 3372
f 3376 3375 3372
f 3376 3372 3371
f 3377 3374 3373
f 3377 3373 3375
f 3377 3371 3374
f 3377 3376 3371
f 3377 3375 3376
o dino117
usemtl Material117
v -0.331459845 3.878952750 -0.287094019
v -0.331459845 3.543976043 -0.287094019
v -0.331459845 3.878952750 -1.627000846
v -1.085157435 3.878952750 -1.627000846
v -1.085157435 3.543976043 -0.287094019
v -1.085157435 3.543976043 -1.627000846
v -1.085157435 3.878952750 -0.287094019
v -0.331459845 3.543976043 -1.627000846
f 3378 3379 3380
f 3378 3380 3381
f 3382 3379 3378
f 3383 3381 3380
f 3383 3382 3381
f 3383 3379 3382
f 3384 3382 3378
f 3384 3378 3381
f 3384 3381 3382
f 3385 3383 3380
f 3385 3380 3379
f 3385 3379 3383
o dino118
usemtl Material118
v 0.422237745 6.056301344 2.727696342
v 0.455246241 5.398486453 2.761756036
v 0.422237745 5.386347930 2.141487105
v -0.750180728 6.056301344 2.141487105
v -0.750180728 6.056301344 2.727696342
v 0.408466592 6.048206990 2.144052383
v -0.750180728 5.386347930 2.727696342
v -0.750180728 5.386347930 2.141487105
f 3390 3387 3386
f 3390 3386 3389
f 3391 3388 3389
f 3391 3389 3386
f 3391 3386 3387
f 3391 3387 3388
f 3392 3388 3387
f 3392 3387 3390
f 3392 3390 3389
f 3393 3392 3389
f 3393 3389 3388
f 3393 3388 3392
o dino119
usemtl Material119
v 0.505981922 5.386347930 -0.287094019
v 0.505981922 3.878952750 -0.287094019
v 0.505981922 5.386347930 -1.627000846
v -0.331459845 5.386347930 -1.627000846
v -0.331459845 3.878952750 -0.287094019
v -0.331459845 3.878952750 -1.627000846
v -0.331459845 5.386347930 -0.287094019
v 0.505981922 3.878952750 -1.627000846
f 3394 3395 3396
f 3394 3396 3397
f 3398 3395 3394
f 3399 3397 3396
f 3399 3398 3397
f 3399 3395 3398
f 3400 3398 3394
f 3400 3394 3397
f 3400 3397 3398
f 3401 3399 3396
f 3401 3396 3395
f 3401 3395 3399
o dino120
usemtl Material120
v -0.331459845 5.386347930 -0.287094019
v -0.331459845 4.632650340 -0.287094019
v -0.331459845 5.386347930 -1.627000846
v -1.254728119 5.387591360 -1.626068143
v -1.278871771 5.408515782 -0.286732745
v -1.252645788 4.632650340 -1.627000846
v -0.331459845 4.632650340 -1.627000846
v -1.252645788 4.632650340 -0.287094019
f 3402 3403 3404
f 3406 3403 3402
f 3406 3402 3404
f 3406 3404 3405
f 3407 3405 3404
f 3407 3406 3405
f 3408 3407 3404
f 3408 3404 3403
f 3408 3403 3407
f 3409 3407 3403
f 3409 3403 3406
f 3409 3406 3407
o dino121
usemtl Material121
v 0.505981922 3.878952750 -0.873303256
v 0.505981922 3.543976043 -0.873303256
v 0.505981922 3.878952750 -1.627000846
v -0.331459845 3.878952750 -1.627000846
v -0.331459845 3.543976043 -0.873303256
v -0.331459845 3.543976043 -1.627000846
v -0.331459845 3.878952750 -0.873303256
v 0.505981922 3.543976043 -1.627000846
f 3410 3411 3412
f 3410 3412 3413
f 3414 3411 3410
f 3415 3413 3412
f 3415 3414 3413
f 3415 3411 3414
f 3416 3414 3410
f 3416 3410 3413
f 3416 3413 3414
f 3417 3415 3412
f 3417 3412 3411
f 3417 3411 3415
o dino122
usemtl Material122
v -1.671366671 3.543976043 2.057742928
v -1.637252946 3.016895854 2.093798898
v -1.671366671 3.543976043 1.304045338
v -2.208778525 3.541255594 1.304353751
v -2.257575908 3.041510983 1.973998751
v -2.257575908 3.543976043 1.973998751
v -1.671366671 3.041510983 1.304045338
v -2.209044875 3.046423749 1.304769418
v -2.117360306 3.541527030 2.026709569
v -2.113208889 3.048477461 2.008335261
f 3418 3419 3420
f 3423 3418 3420
f 3423 3420 3421
f 3424 3420 3419
f 3424 3421 3420
f 3425 3423 3421
f 3425 3422 3423
f 3425 3421 3424
f 3425 3424 3419
f 3425 3419 3422
f 3426 3423 3422
f 3426 3419 3418
f 3426 3418 3423
f 3427 3426 3422
f 3427 3422 3419
f 3427 3419 3426
o dino123
usemtl Material123
v 0.455246241 5.398486453 2.761756036
v 0.422237745 4.632650340 2.727696342
v 0.422237745 5.386347930 2.141487105
v -0.415204021 5.386347930 2.141487105
v -0.415204021 4.632650340 2.727696342
v -0.415204021 4.632650340 2.141487105
v 0.422237745 4.632650340 2.141487105
v -0.415204021 5.386347930 2.727696342
f 3428 3430 3431
f 3432 3429 3428
f 3433 3431 3430
f 3433 3432 3431
f 3433 3429 3432
f 3434 3428 3429
f 3434 3430 3428
f 3434 3433 3430
f 3434 3429 3433
f 3435 3432 3428
f 3435 3428 3431
f 3435 3431 3432
o dino124
usemtl Material124
v 0.941140105 5.038451775 1.157722998
v 0.977361930 4.875839177 1.146402343
v 1.008446982 5.051371224 0.382859395
v 0.887462910 5.068304478 0.373755059
v 0.840958629 4.883882870 1.136556985
v 0.840958629 5.051371224 1.136556985
v 0.943690894 4.867184992 0.391746852
v 0.840958629 4.883882870 0.382859395
f 3436 3437 3438
f 3436 3438 3439
f 3440 3437 3436
f 3441 3440 3436
f 3441 3436 3439
f 3442 3438 3437
f 3442 3437 3440
f 3443 3441 3439
f 3443 3440 3441
f 3443 3442 3440
f 3443 3439 3438
f 3443 3438 3442
o dino125
usemtl Material125
v 0.505981922 4.632650340 0.885324455
v 0.505981922 3.878952750 0.885324455
v 0.505981922 4.632650340 -0.287094019
v -0.331459845 4.632650340 -0.287094019
v -0.331459845 3.878952750 0.885324455
v -0.331459845 3.878952750 -0.287094019
v -0.331459845 4.632650340 0.885324455
v 0.505981922 3.878952750 -0.287094019
f 3444 3445 3446
f 3444 3446 3447
f 3448 3445 3444
f 3449 3447 3446
f 3449 3448 3447
f 3449 3445 3448
f 3450 3448 3444
f 3450 3444 3447
f 3450 3447 3448
f 3451 3449 3446
f 3451 3446 3445
f 3451 3445 3449
o dino126
usemtl Material126
v 0.673470276 4.381417810 -3.218140203
v 0.673470276 3.795208573 -3.218140203
v 0.630661133 3.803752592 -3.965501740
v -0.080227315 4.381417810 -3.971837793
v -0.080227315 3.795208573 -3.218140203
v 0.642421308 4.370828276 -3.953252275
v -0.080227315 4.381417810 -3.218140203
v -0.080227315 3.795208573 -3.971837793
f 3456 3453 3452
f 3457 3454 3455
f 3457 3455 3452
f 3457 3452 3453
f 3457 3453 3454
f 3458 3456 3452
f 3458 3452 3455
f 3458 3455 3456
f 3459 3454 3453
f 3459 3453 3456
f 3459 3456 3455
f 3459 3455 3454
o dino127
usemtl Material127
v 0.408466592 6.048206990 2.144052383
v 0.422237745 5.386347930 2.141487105
v 0.422237745 5.386347930 0.885324455
v -1.168901611 5.888812990 0.885324455
v -1.168901611 5.386347930 2.141487105
v 0.293982558 5.990407590 0.884327124
v 0.422237745 6.056301344 1.220301161
v -1.106609145 6.021313289 2.145392314
v -1.168901611 5.386347930 0.885324455
v 0.383651722 5.926325810 0.884773485
v -0.833924905 6.056301344 0.885324455
v -1.168901611 6.056301344 1.555277868
v -1.085157435 6.056301344 1.220301161
v -1.168901611 5.972557167 1.136556985
f 3464 3462 3461
f 3466 3460 3461
f 3466 3461 3462
f 3467 3464 3461
f 3467 3461 3460
f 3468 3464 3463
f 3468 3462 3464
f 3468 3465 3462
f 3468 3463 3465
f 3469 3466 3462
f 3469 3462 3465
f 3469 3465 3466
f 3470 3466 3465
f 3470 3465 3463
f 3471 3463 3464
f 3471 3464 3467
f 3471 3467 3460
f 3471 3460 3466
f 3471 3466 3470
f 3472 3471 3470
f 3472 3470 3463
f 3473 3472 3463
f 3473 3463 3471
f 3473 3471 3472
