mtllib decomp.mtl
o teddy000
usemtl Material000
v 0.434957142 -9.858153612 7.284210004
v 0.434957142 -16.332164939 6.989936761
v 0.434957142 -9.858153612 0.221652192
v -4.861961217 -9.858153612 0.221652192
v -4.861961217 -16.626438181 7.284210004
v -2.931339844 -16.591879422 7.263620135
v -4.861961217 -9.858153612 7.284210004
v 0.434957142 -18.980624118 0.221652192
v 0.434840525 -15.604192538 7.027013051
v -4.898009579 -18.566893986 5.272759686
v -4.861961217 -16.332164939 0.221652192
v -4.273414733 -18.686350876 5.224297309
v -3.094968814 -18.974414677 0.221105519
v 0.434957142 -18.097804392 4.635750824
v -4.861961217 -18.686350876 4.341477582
v -2.802048522 -18.980624118 2.575838129
v 0.434957142 -18.686350876 2.575838129
v -3.096321764 -18.980624118 2.281564887
v -1.330682311 -18.980624118 2.281564887
v 0.434957142 -18.980624118 0.515925434
v -2.213502038 -18.980624118 2.575838129
f 1 2 3
f 1 3 4
f 6 1 5
f 7 5 1
f 7 1 4
f 8 3 2
f 9 6 2
f 9 2 1
f 9 1 6
f 10 7 4
f 10 5 7
f 11 10 4
f 12 6 5
f 12 5 10
f 12 2 6
f 13 11 4
f 13 4 3
f 13 3 8
f 14 8 2
f 14 2 12
f 15 10 11
f 15 11 13
f 15 12 10
f 17 14 12
f 17 8 14
f 18 15 13
f 18 13 8
f 18 8 16
f 18 16 12
f 18 12 15
f 19 16 8
f 19 17 12
f 20 19 8
f 20 8 17
f 20 17 19
f 21 19 12
f 21 12 16
f 21 16 19
o teddy001
usemtl Material001
v -3.979141491 -11.918066307 12.581128362
v -2.507775280 -14.860798728 10.521215667
v -2.213502038 -12.800886033 7.284210004
v -4.861961217 -12.800886033 7.284210004
v -4.861961217 -16.626438181 10.815488909
v -4.567687975 -11.329519823 8.167029730
v -2.209132957 -12.798411644 8.149440027
v -3.096321764 -16.626438181 10.815488909
v -4.861961217 -16.626438181 7.284210004
v -4.903019977 -11.686426482 12.596206690
v -2.507775280 -14.272252244 10.521215667
v -2.169919741 -15.057288831 7.099497868
v -3.347597949 -11.893715014 7.993924353
v -3.684868248 -12.506612791 12.581128362
v -4.273414733 -11.623793065 12.581128362
v -4.954308774 -11.512925908 8.105037209
v -2.213502038 -13.977979002 8.755576214
v -2.507775280 -16.332164939 7.578483246
v -2.802048522 -15.743618455 10.815488909
v -3.810640226 -12.880540857 12.596378220
v -4.861961217 -11.329519823 8.461302972
v -4.567687975 -11.329519823 8.461302972
v -2.213502038 -14.566525486 8.755576214
v -2.931339844 -16.591879422 7.263620135
v -2.802048522 -16.626438181 9.049849456
v -4.861961217 -12.800886033 12.581128362
v -2.213502038 -15.155071970 7.578483246
v -2.507775280 -16.332164939 7.284210004
f 27 24 25
f 30 29 26
f 33 24 28
f 33 30 25
f 33 25 24
f 34 28 24
f 34 24 27
f 35 23 32
f 35 32 28
f 35 28 22
f 36 31 22
f 36 22 28
f 36 28 34
f 37 27 25
f 37 25 30
f 37 30 26
f 37 26 31
f 38 32 23
f 38 28 32
f 38 33 28
f 40 23 35
f 41 26 29
f 41 40 35
f 41 29 40
f 41 35 22
f 41 22 31
f 42 31 36
f 42 37 31
f 42 27 37
f 43 36 34
f 43 34 27
f 43 42 36
f 43 27 42
f 44 38 23
f 44 33 38
f 44 23 39
f 45 30 33
f 46 40 29
f 46 39 23
f 46 23 40
f 46 29 30
f 46 30 45
f 47 41 31
f 47 31 26
f 47 26 41
f 48 44 39
f 48 39 33
f 48 33 44
f 49 45 33
f 49 33 39
f 49 46 45
f 49 39 46
o teddy002
usemtl Material002
v 5.731875500 -16.037891697 13.758221331
v 5.731875500 -18.392077634 11.992581878
v 5.731875500 -15.449345213 7.284210004
v 3.377689563 -15.449345213 7.284210004
v 2.494869837 -16.332164939 13.463948089
v 3.966236047 -21.040536813 7.284210004
v 5.718315925 -15.395255703 13.621029509
v 3.083416321 -17.214984665 13.463948089
v 5.705641889 -20.595191901 7.191523645
v 2.335451946 -20.353433176 7.342029735
v 3.083416321 -15.449345213 13.758221331
v 4.260509289 -18.392077634 12.581128362
v 5.731875500 -20.746263571 7.872756488
v 2.200596594 -18.097804392 7.284210004
v 2.200596594 -20.451990329 9.344122699
v 3.377689563 -16.626438181 13.758221331
v 2.789143079 -15.449345213 12.581128362
v 5.731875500 -16.626438181 13.463948089
v 4.554782532 -21.040536813 7.578483246
v 3.671962805 -20.157717087 10.521215667
v 2.581787068 -20.486402040 7.246958196
v 2.789143079 -16.920711423 13.463948089
v 2.200596594 -18.097804392 9.344122699
v 3.083416321 -16.332164939 13.758221331
v 2.789143079 -15.449345213 12.875401604
v 2.494869837 -16.037891697 13.463948089
v 5.437602258 -17.509257908 12.875401604
v 3.966236047 -17.214984665 13.463948089
v 3.083416321 -20.746263571 9.344122699
v 5.731875500 -18.980624118 11.404035394
v 3.671962805 -18.980624118 11.992581878
v 2.494869837 -20.746263571 8.167029730
v 5.143329016 -16.920711423 13.463948089
v 5.143329016 -18.686350876 11.992581878
v 4.260509289 -21.040536813 8.167029730
v 3.377689563 -20.157717087 10.521215667
v 4.260509289 -20.746263571 9.049849456
v 3.671962805 -18.392077634 12.581128362
v 3.377689563 -21.040536813 7.578483246
v 2.789143079 -20.746263571 9.049849456
v 4.554782532 -17.509257908 13.169674846
v 4.260509289 -16.626438181 13.758221331
v 3.966236047 -18.980624118 11.992581878
v 4.554782532 -21.040536813 8.167029730
v 5.437602258 -19.569170603 10.521215667
v 3.671962805 -20.746263571 9.344122699
v 4.260509289 -18.686350876 12.286855120
f 50 51 52
f 56 50 52
f 56 52 53
f 58 53 52
f 60 50 56
f 62 58 52
f 62 52 51
f 64 63 59
f 65 50 60
f 66 56 53
f 66 53 63
f 67 51 50
f 68 55 58
f 68 58 62
f 70 63 53
f 70 53 58
f 70 58 55
f 70 59 63
f 71 64 57
f 71 54 64
f 71 57 65
f 72 64 54
f 72 63 64
f 73 65 60
f 73 60 54
f 73 71 65
f 73 54 71
f 74 60 56
f 74 56 66
f 75 66 63
f 75 74 66
f 75 54 60
f 75 60 74
f 75 72 54
f 75 63 72
f 76 51 67
f 77 57 61
f 77 65 57
f 79 62 51
f 81 64 59
f 81 59 70
f 82 76 67
f 82 61 76
f 82 67 50
f 83 76 61
f 83 51 76
f 83 79 51
f 83 69 79
f 84 55 68
f 85 78 69
f 85 64 78
f 85 69 80
f 85 80 57
f 85 57 64
f 87 61 57
f 87 57 80
f 88 81 70
f 88 70 55
f 88 55 84
f 88 84 78
f 89 78 64
f 89 64 81
f 89 88 78
f 89 81 88
f 90 82 77
f 90 77 61
f 90 61 82
f 91 82 50
f 91 50 65
f 91 65 77
f 91 77 82
f 92 80 69
f 92 69 83
f 93 84 68
f 93 68 62
f 93 62 86
f 93 78 84
f 94 79 69
f 94 69 86
f 94 86 62
f 94 62 79
f 95 86 69
f 95 69 78
f 95 93 86
f 95 78 93
f 96 92 83
f 96 83 61
f 96 80 92
f 96 87 80
f 96 61 87
o teddy003
usemtl Material003
v 8.968881164 -1.912776074 0.221652192
v 8.968881164 -9.269607128 0.221652192
v 8.968881164 -2.795595800 -5.663812651
v 5.437602258 -1.618502832 -6.546632377
v 4.849055774 -1.912776074 0.221652192
v 4.849055774 -9.269607128 -6.546632377
v 8.968881164 -1.324229590 -3.603899956
v 8.971724219 -1.490045090 -2.972037365
v 8.968881164 -9.269607128 -5.663812651
v 4.773164858 -1.770127740 -6.407662832
v 4.849055774 -9.269607128 0.221652192
v 8.380334680 -1.912776074 -5.663812651
v 5.437602258 -0.441409863 -3.015353471
v 8.968881164 -1.618502832 -4.780992924
v 8.086061437 -9.269607128 -6.546632377
v 4.754514273 -0.976743139 -5.245210376
v 7.497514953 -2.795595800 -6.546632377
v 8.968881164 -2.207049316 -5.369539409
v 5.731875500 -1.029956348 -5.663812651
v 4.805143276 -0.522998211 -3.007764797
v 4.849055774 -1.029956348 -5.958085893
v 8.674607922 -2.207049316 -5.663812651
v 7.497514953 -2.207049316 -6.252359135
v 8.086061437 -8.681060643 -6.546632377
v 5.437602258 -1.324229590 -6.252359135
v 5.143329016 -0.441409863 -4.486719682
v 8.380334680 -2.501322558 -5.958085893
v 7.203241711 -2.501322558 -6.546632377
v 5.143329016 -1.029956348 -5.958085893
v 5.437602258 -0.441409863 -3.603899956
v 5.143329016 -0.735683105 -5.369539409
v 4.849055774 -0.441409863 -4.486719682
f 101 98 97
f 104 97 98
f 104 103 97
f 105 98 102
f 105 104 98
f 105 99 104
f 106 100 102
f 107 102 98
f 107 98 101
f 109 101 97
f 109 97 103
f 110 103 104
f 111 105 102
f 111 102 100
f 111 99 105
f 112 106 102
f 112 102 107
f 112 107 101
f 113 111 100
f 114 110 104
f 114 104 99
f 115 110 108
f 116 112 101
f 116 101 109
f 117 100 106
f 117 106 112
f 118 114 99
f 118 108 110
f 118 110 114
f 119 100 108
f 119 108 118
f 120 113 99
f 120 99 111
f 120 111 113
f 121 115 108
f 121 108 100
f 121 100 117
f 122 103 110
f 123 118 99
f 123 99 113
f 123 113 118
f 124 113 100
f 124 100 119
f 124 119 118
f 124 118 113
f 125 121 117
f 125 115 121
f 126 122 109
f 126 109 103
f 126 103 122
f 127 122 110
f 127 110 115
f 127 115 125
f 127 125 117
f 128 116 109
f 128 109 122
f 128 112 116
f 128 117 112
f 128 127 117
f 128 122 127
o teddy004
usemtl Material004
v 2.789143079 0.147136621 0.221652192
v 2.789143079 -4.266962011 0.221652192
v 2.789143079 -4.266962011 -3.015353471
v -7.804693638 -1.912776074 -3.015353471
v -7.804693638 -4.266962011 0.221652192
v 2.789143079 0.147136621 -3.015353471
v -5.545087460 0.218820019 0.235435280
v -7.804693638 -4.266962011 -3.015353471
v -7.804693638 -1.912776074 0.221652192
v -5.386477772 -0.011275828 -2.926421306
f 129 130 131
f 133 131 130
f 134 129 131
f 134 131 132
f 135 133 130
f 135 130 129
f 135 129 134
f 136 133 132
f 136 132 131
f 136 131 133
f 137 135 132
f 137 132 133
f 137 133 135
f 138 135 134
f 138 134 132
f 138 132 135
o teddy005
usemtl Material005
v -3.979141491 -0.735683105 4.635750824
v -3.684868248 -1.912776074 4.047204340
v -3.684868248 0.147136621 0.221652192
v -12.218792271 0.147136621 0.221652192
v -12.218382428 -1.911221737 3.352545552
v -3.979141491 0.147136621 4.047204340
v -5.673206058 -2.021191632 3.970213690
v -3.684868248 -1.912776074 0.221652192
v -6.921873912 0.441409863 1.693018403
v -12.218792271 -0.147136621 3.458657856
v -3.514457991 -0.006261997 3.863841825
v -3.658087554 -1.054063590 4.606934628
v -12.218792271 -1.912776074 0.221652192
v -6.627600670 0.441409863 1.398745161
v -3.979141491 -0.147136621 4.341477582
v -12.267483741 0.102067629 3.026104928
v -3.568839665 -0.840128838 4.510903335
v -3.684868248 -0.147136621 4.341477582
f 146 142 141
f 146 140 145
f 148 143 139
f 149 141 144
f 149 146 141
f 150 145 140
f 150 139 143
f 150 143 145
f 151 142 146
f 151 146 145
f 151 145 143
f 152 147 144
f 152 144 141
f 152 141 142
f 152 142 147
f 153 148 139
f 153 144 148
f 154 147 142
f 154 142 151
f 154 151 143
f 154 143 148
f 154 148 144
f 154 144 147
f 155 140 146
f 155 146 149
f 155 150 140
f 155 139 150
f 156 149 144
f 156 144 153
f 156 155 149
f 156 153 139
f 156 139 155
o teddy006
usemtl Material006
v -4.861961217 -12.212339549 7.284210004
v -4.017361056 -18.065033541 5.836086068
v -4.861961217 -12.212339549 4.047204340
v -9.444557814 -9.868636709 3.980002652
v -9.570333091 -17.803531150 7.284210004
v -6.627600670 -18.686350876 4.047204340
v -7.216147154 -9.858153612 5.812843793
v -5.450507701 -20.157717087 7.284210004
v -4.861961217 -18.686350876 4.047204340
v -9.276059849 -15.155071970 4.047204340
v -7.216147154 -9.858153612 4.047204340
v -9.276059849 -12.800886033 7.284210004
v -5.040540891 -19.403464533 7.289669650
v -8.098966881 -19.863443845 6.989936761
v -3.979141491 -18.392077634 5.224297309
v -6.921873912 -20.157717087 6.695663519
v -9.339116576 -13.304991014 3.891056390
v -9.276059849 -9.858153612 4.930024066
v -8.574849149 -12.347946157 7.289775695
v -9.864606333 -14.272252244 7.284210004
v -7.374833847 -19.935823220 7.416559740
v -8.393240123 -17.214984665 4.047204340
v -4.567687975 -18.980624118 5.224297309
v -4.861961217 -19.569170603 6.401390277
v -5.450507701 -19.863443845 6.107117035
v -7.804693638 -18.980624118 5.224297309
v -8.981786607 -9.858153612 5.224297309
v -9.864606333 -16.332164939 6.695663519
v -9.570333091 -10.152426854 4.635750824
v -8.687513365 -19.274897360 7.284210004
v -7.510420396 -20.157717087 6.989936761
v -9.864606333 -16.920711423 7.284210004
v -9.570333091 -13.389432518 7.284210004
v -7.510420396 -18.097804392 4.047204340
v -9.570333091 -17.803531150 6.989936761
v -5.744780943 -20.157717087 6.695663519
v -5.450507701 -20.157717087 6.989936761
v -6.333327428 -19.274897360 4.930024066
v -7.925991504 -9.862303319 5.622931062
v -9.864606333 -15.155071970 6.695663519
v -9.276059849 -18.392077634 7.284210004
v -8.098966881 -19.863443845 7.284210004
v -8.687513365 -19.274897360 6.989936761
v -7.804693638 -19.863443845 6.695663519
v -7.216147154 -19.569170603 5.812843793
v -9.864606333 -16.920711423 6.989936761
v -6.627600670 -19.569170603 5.518570551
v -5.450507701 -19.569170603 5.518570551
v -9.864606333 -14.272252244 6.989936761
v -9.276059849 -18.392077634 6.989936761
v -6.039054186 -19.274897360 4.930024066
v -8.981786607 -18.392077634 6.401390277
f 157 158 159
f 163 157 159
f 167 163 159
f 167 159 160
f 169 158 157
f 171 165 159
f 171 159 158
f 171 158 169
f 173 165 162
f 173 160 159
f 173 159 165
f 174 167 160
f 174 163 167
f 175 157 163
f 177 164 169
f 177 169 157
f 177 157 175
f 177 175 168
f 178 166 173
f 179 165 171
f 180 171 169
f 180 169 164
f 180 179 171
f 181 165 179
f 183 174 168
f 183 168 175
f 183 163 174
f 184 160 173
f 184 173 166
f 185 174 160
f 185 160 184
f 187 172 164
f 187 164 177
f 188 177 176
f 188 161 177
f 188 176 184
f 189 177 168
f 189 176 177
f 189 185 176
f 189 168 174
f 189 174 185
f 190 178 173
f 190 173 162
f 190 182 178
f 190 162 182
f 191 166 178
f 191 161 188
f 192 164 172
f 193 180 164
f 193 192 181
f 193 164 192
f 193 181 179
f 193 179 180
f 194 162 165
f 194 192 172
f 195 183 175
f 195 175 163
f 195 163 183
f 196 185 184
f 196 184 176
f 197 186 177
f 197 177 161
f 197 161 191
f 198 186 170
f 198 177 186
f 198 187 177
f 198 170 187
f 199 182 170
f 199 170 186
f 199 186 197
f 199 178 182
f 200 187 170
f 200 170 182
f 200 182 187
f 201 187 182
f 201 182 162
f 202 184 166
f 202 166 191
f 202 191 188
f 202 188 184
f 203 194 172
f 203 162 194
f 203 201 162
f 203 172 187
f 203 187 201
f 204 165 181
f 204 181 192
f 205 196 176
f 205 176 185
f 205 185 196
f 206 199 197
f 206 197 191
f 206 191 178
f 207 194 165
f 207 165 204
f 207 204 192
f 207 192 194
f 208 206 178
f 208 178 199
f 208 199 206
o teddy007
usemtl Material007
v 12.500160070 -1.618502832 6.989936761
v 13.382979796 -4.855508495 6.695663519
v 13.448130755 0.326613132 0.218491927
v 5.731875500 -0.735683105 -0.366894292
v 4.849055774 -4.855508495 4.047204340
v 7.791788195 0.147136621 4.930024066
v 13.382979796 -0.441409863 5.518570551
v 11.323067101 -3.678415527 6.989936761
v 13.382979796 -4.855508495 0.221652192
v 5.143329016 0.147136621 0.810198676
v 13.382979796 -2.207049316 6.695663519
v 12.500160070 0.147136621 5.518570551
v 11.911613585 -4.855508495 6.695663519
v 13.088706554 -4.266962011 6.989936761
v 8.968881164 -2.207049316 6.107117035
v 4.849055774 -4.855508495 0.221652192
v 6.320421984 -0.735683105 -0.366894292
v 5.143329016 0.147136621 2.575838129
v 6.026148742 0.147136621 0.221652192
v 13.382979796 -1.029956348 6.107117035
v 10.145974132 -0.147136621 5.812843793
v 13.382979796 0.147136621 4.341477582
v 10.145974132 0.147136621 5.518570551
v 11.911613585 -4.266962011 6.989936761
v 13.088706554 -3.089869043 6.989936761
v 4.675973735 -1.459740374 3.957475235
v 8.968881164 -2.795595800 6.107117035
v 11.617340343 -1.618502832 6.989936761
v 4.765006623 -0.311613895 0.221191879
v 6.343352103 -0.377699210 -0.316115179
v 6.320421984 0.147136621 4.047204340
v 4.849055774 0.147136621 1.398745161
v 12.794433312 -1.912776074 6.989936761
v 12.794433312 -0.441409863 6.107117035
v 13.088706554 -0.147136621 5.518570551
v 13.088706554 0.147136621 4.930024066
v 8.380334680 0.147136621 5.224297309
v 11.323067101 -2.795595800 6.989936761
v 5.746742918 -0.414393863 -0.301078770
v 5.731875500 0.147136621 3.458657856
v 4.849055774 -0.735683105 3.752931098
v 4.849055774 0.147136621 1.987291645
v 10.734520617 -0.441409863 6.107117035
v 12.794433312 -0.147136621 5.812843793
v 10.145974132 -1.029956348 6.401390277
v 8.380334680 -0.441409863 5.518570551
v 10.734520617 -1.618502832 6.695663519
v 5.437602258 -0.147136621 3.752931098
v 4.849055774 -0.147136621 2.870111371
v 9.263154406 -1.029956348 6.107117035
v 4.849055774 -0.441409863 3.458657856
v 5.143329016 -0.147136621 3.458657856
f 217 211 210
f 217 210 213
f 219 210 211
f 221 213 210
f 222 209 216
f 222 210 219
f 222 221 210
f 224 217 213
f 224 212 217
f 225 217 212
f 225 211 217
f 227 218 211
f 228 219 211
f 228 211 215
f 230 215 211
f 231 220 211
f 231 229 220
f 232 216 213
f 232 213 221
f 232 222 216
f 232 221 222
f 233 222 219
f 233 209 222
f 234 213 223
f 234 224 213
f 235 223 213
f 235 213 216
f 235 216 223
f 236 216 209
f 237 212 224
f 237 218 227
f 237 224 234
f 238 225 212
f 238 211 225
f 238 227 211
f 239 214 211
f 240 211 218
f 240 218 237
f 241 228 209
f 241 219 228
f 241 233 219
f 241 209 233
f 242 209 228
f 242 220 229
f 242 236 209
f 242 228 215
f 243 215 230
f 243 242 215
f 244 230 211
f 244 211 220
f 244 243 230
f 244 220 243
f 245 231 211
f 245 211 214
f 245 229 231
f 246 223 216
f 246 216 236
f 247 237 227
f 247 227 238
f 247 238 212
f 247 212 237
f 248 239 211
f 248 211 226
f 250 226 211
f 250 211 240
f 250 240 237
f 250 237 234
f 251 242 229
f 251 236 242
f 252 243 220
f 252 220 242
f 252 242 243
f 253 229 245
f 253 251 229
f 253 236 251
f 254 245 214
f 254 253 245
f 254 249 234
f 254 214 249
f 255 246 236
f 255 223 246
f 255 236 253
f 256 249 214
f 256 214 239
f 257 250 234
f 257 226 250
f 258 254 234
f 258 234 223
f 258 253 254
f 258 255 253
f 258 223 255
f 259 257 234
f 259 234 249
f 259 249 256
f 260 248 226
f 260 226 257
f 260 256 239
f 260 239 248
f 260 259 256
f 260 257 259
o teddy008
usemtl Material008
v -3.096321764 -16.332164939 4.047204340
v -3.093012890 -18.291955363 3.422484178
v -3.096321764 -16.332164939 -3.015353471
v -7.510420396 -17.214984665 -4.486719682
v -7.510420396 -18.097804392 4.047204340
v -3.690641599 -18.878586790 -1.225602528
v -7.510420396 -16.332164939 0.221652192
v -3.084477369 -18.419257775 3.068755471
v -3.096321764 -17.214984665 4.047204340
v -4.861961217 -18.097804392 -3.898173198
v -6.627600670 -18.686350876 -0.661167534
v -7.510420396 -16.332164939 -3.015353471
v -4.861961217 -16.332164939 4.047204340
v -7.564606718 -17.558865869 4.028598169
v -3.094968814 -18.974414677 0.221105519
v -3.979141491 -18.686350876 3.458657856
v -6.540928892 -18.287968820 4.049005493
v -6.059088691 -17.002553829 -4.535520143
v -3.096321764 -17.509257908 -3.015353471
v -7.510420396 -18.097804392 -1.838260503
v -5.156234459 -18.980624118 -1.543987261
v -3.096321764 -18.980624118 2.281564887
v -5.744780943 -18.980624118 0.810198676
v -5.744780943 -17.803531150 -4.192446440
v -7.474160577 -16.807276038 -4.390027812
v -4.860201191 -17.502365537 -4.188319352
v -7.216147154 -18.392077634 1.987291645
v -7.510420396 -17.803531150 -3.015353471
v -4.861961217 -18.392077634 -3.309626714
v -4.861961217 -18.980624118 -1.543987261
v -6.921873912 -18.392077634 -1.838260503
v -6.921873912 -18.392077634 4.047204340
v -5.744780943 -18.980624118 -0.661167534
v -7.216147154 -18.392077634 -0.955440776
v -6.627600670 -18.686350876 1.693018403
v -5.156234459 -18.097804392 -3.898173198
v -5.450507701 -18.686350876 -2.426806987
v -4.861961217 -18.980624118 1.987291645
v -6.039054186 -18.686350876 -1.838260503
v -6.921873912 -17.803531150 -3.603899956
v -5.156234459 -18.392077634 -3.309626714
v -5.450507701 -18.980624118 1.398745161
v -4.273414733 -18.980624118 2.281564887
v -5.450507701 -18.980624118 -1.249714019
v -5.744780943 -18.392077634 -3.015353471
f 267 261 263
f 268 263 261
f 269 268 261
f 269 262 268
f 272 267 263
f 273 261 267
f 274 273 267
f 274 265 273
f 274 272 264
f 274 267 272
f 276 262 269
f 277 269 261
f 277 276 269
f 277 273 265
f 277 261 273
f 279 266 270
f 279 275 266
f 279 263 268
f 279 268 275
f 280 265 274
f 282 268 262
f 282 262 276
f 282 275 268
f 283 281 282
f 284 264 278
f 285 272 263
f 285 263 278
f 285 278 264
f 285 264 272
f 286 278 263
f 286 263 279
f 286 279 270
f 286 284 278
f 286 270 284
f 287 265 280
f 288 280 274
f 288 274 264
f 289 270 266
f 290 266 275
f 290 282 281
f 290 275 282
f 290 289 266
f 291 280 288
f 292 277 265
f 292 265 287
f 292 276 277
f 293 283 271
f 293 281 283
f 294 287 280
f 294 271 287
f 294 291 271
f 294 280 291
f 295 287 271
f 295 271 283
f 295 292 287
f 295 283 292
f 296 284 270
f 296 270 289
f 296 264 284
f 297 290 281
f 297 289 290
f 298 283 282
f 299 297 281
f 299 291 288
f 299 271 291
f 300 288 264
f 300 299 288
f 300 297 299
f 301 296 289
f 301 289 297
f 301 300 264
f 301 264 296
f 302 298 292
f 302 292 283
f 302 283 298
f 303 298 282
f 303 282 276
f 303 276 292
f 303 292 298
f 304 299 281
f 304 281 293
f 304 293 271
f 304 271 299
f 305 301 297
f 305 297 300
f 305 300 301
o teddy009
usemtl Material009
v -14.278704966 2.207049316 3.458657856
v -9.570333091 0.441409863 2.575838129
v -13.984431723 4.855508495 0.515925434
v -13.690158481 1.618502832 -2.132533745
v -16.927164145 0.147136621 1.398745161
v -9.570333091 0.441409863 -2.132533745
v -13.984431723 4.561235253 1.987291645
v -15.161524692 0.147136621 3.458657856
v -17.221437387 3.384142285 -0.366894292
v -9.570333091 1.324229590 0.810198676
v -13.984431723 3.678415527 -1.249714019
v -12.783633702 -0.755734776 -2.247221076
v -14.572978208 3.972688769 2.870111371
v -12.513065513 0.147136621 3.458657856
v -16.338617661 5.149781738 1.398745161
v -9.570333091 1.324229590 -0.955440776
v -9.570333091 0.735683105 2.281564887
v -13.395885239 4.561235253 0.810198676
v -10.158879576 0.441409863 -2.426806987
v -15.455797934 3.384142285 -1.249714019
v -16.044344418 0.147136621 -1.543987261
v -12.807338755 -0.735683105 -0.955440776
v -9.644956837 0.003934216 2.355748462
v -13.101611997 2.795595800 2.870111371
v -13.101611997 3.384142285 2.575838129
v -16.338617661 3.678415527 2.870111371
v -12.513065513 0.441409863 3.458657856
v -15.455797934 5.149781738 1.693018403
v -15.750071176 4.855508495 -0.072621050
v -13.395885239 4.266962011 -0.366894292
v -13.984431723 4.855508495 1.104471919
v -13.690158481 4.561235253 1.693018403
v -9.864606333 1.618502832 0.221652192
v -9.864606333 0.735683105 -2.132533745
v -13.395885239 3.089869043 -1.543987261
v -12.807338755 0.441409863 -2.426806987
v -11.915653006 -0.743071136 -2.360473906
v -15.455797934 1.029956348 -1.838260503
v -16.927164145 0.147136621 -0.661167534
v -16.338617661 0.147136621 2.575838129
v -9.591086144 0.070203154 -2.047635360
v -11.924519028 -0.735683105 -0.955440776
v -13.984431723 2.795595800 3.164384614
v -13.984431723 3.972688769 2.575838129
v -15.750071176 1.618502832 3.458657856
v -15.750071176 3.384142285 3.164384614
v -17.221437387 3.678415527 1.398745161
v -14.572978208 4.561235253 2.281564887
v -16.044344418 4.266962011 2.575838129
v -15.455797934 3.972688769 -0.955440776
v -16.338617661 5.149781738 0.515925434
v -13.395885239 4.561235253 0.515925434
v -14.572978208 4.855508495 -0.072621050
v -14.867251450 5.149781738 1.104471919
v -9.570333091 1.029956348 1.693018403
v -13.101611997 3.678415527 2.281564887
v -9.864606333 1.324229590 -1.543987261
v -12.513065513 1.618502832 -2.132533745
v -14.572978208 3.089869043 -1.543987261
v -12.513065513 0.735683105 -2.426806987
v -14.572978208 0.441409863 -2.132533745
v -16.044344418 1.324229590 -1.543987261
v -17.221437387 0.735683105 -0.072621050
v -17.221437387 1.029956348 -0.661167534
f 315 307 311
f 319 306 313
f 321 315 311
f 322 307 315
f 327 310 317
f 327 319 313
f 328 307 319
f 330 307 322
f 330 329 307
f 330 318 329
f 332 319 307
f 332 307 306
f 332 306 319
f 336 323 308
f 336 333 312
f 337 315 323
f 337 336 312
f 337 323 336
f 338 323 315
f 338 315 321
f 339 311 324
f 340 339 324
f 340 316 335
f 342 341 324
f 342 317 341
f 344 326 317
f 344 317 310
f 345 327 313
f 345 310 327
f 346 311 307
f 346 307 328
f 346 328 342
f 346 342 324
f 346 324 311
f 347 328 319
f 347 319 327
f 347 342 328
f 347 327 317
f 347 317 342
f 348 329 318
f 348 318 306
f 348 306 307
f 348 307 329
f 349 318 330
f 350 313 306
f 350 345 313
f 350 331 345
f 351 306 318
f 351 350 306
f 351 331 350
f 352 331 320
f 352 345 331
f 352 310 345
f 353 333 318
f 353 312 333
f 353 349 312
f 353 318 349
f 354 318 333
f 354 351 318
f 354 331 351
f 354 333 320
f 354 320 331
f 355 334 316
f 355 325 314
f 355 314 334
f 356 334 314
f 356 320 333
f 356 352 320
f 356 314 352
f 357 321 335
f 357 338 321
f 357 323 338
f 357 335 308
f 357 308 323
f 358 308 335
f 358 334 356
f 358 335 316
f 358 316 334
f 359 336 308
f 359 333 336
f 359 356 333
f 359 358 356
f 359 308 358
f 360 337 322
f 360 322 315
f 360 315 337
f 361 330 322
f 361 322 337
f 361 337 312
f 361 349 330
f 361 312 349
f 362 335 321
f 362 321 311
f 362 311 339
f 362 340 335
f 362 339 340
f 363 340 324
f 363 309 340
f 364 316 340
f 364 355 316
f 364 325 355
f 364 340 309
f 364 343 325
f 364 309 343
f 365 341 309
f 365 324 341
f 365 363 324
f 365 309 363
f 366 343 309
f 366 309 341
f 366 341 317
f 366 317 326
f 366 326 343
f 367 343 326
f 367 314 325
f 367 325 343
f 368 344 310
f 368 352 314
f 368 310 352
f 369 326 344
f 369 367 326
f 369 314 367
f 369 368 314
f 369 344 368
o teddy010
usemtl Material010
v -3.979141491 -13.095159275 14.052494573
v -3.096321764 -15.155071970 13.463948089
v -3.096321764 -13.095159275 10.815488909
v -7.510420396 -11.035246580 10.226942425
v -7.510420396 -18.686350876 11.404035394
v -5.156234459 -11.035246580 13.169674846
v -3.096321764 -13.389432518 13.758221331
v -5.156234459 -16.332164939 13.758221331
v -4.861961217 -19.274897360 10.815488909
v -5.156234459 -11.329519823 11.109762151
v -7.510420396 -11.918066307 13.463948089
v -3.684868248 -14.860798728 14.052494573
v -2.802048522 -13.683705760 11.109762151
v -4.273414733 -11.623793065 13.463948089
v -5.450507701 -19.569170603 11.698308636
v -7.135896174 -19.114051504 10.623589285
v -3.061664144 -15.366579864 10.727684063
v -4.861961217 -11.623793065 10.815488909
v -5.744780943 -10.740973338 12.286855120
v -7.525776335 -11.404011612 10.252057210
v -7.510420396 -14.566525486 13.463948089
v -3.684868248 -13.389432518 14.052494573
v -3.096321764 -14.566525486 13.758221331
v -3.684868248 -12.212339549 13.463948089
v -6.039054186 -12.800886033 14.052494573
v -6.333327428 -18.686350876 12.286855120
v -3.684868248 -17.509257908 12.875401604
v -6.333327428 -19.863443845 11.109762151
v -7.216147154 -11.035246580 10.226942425
v -2.802048522 -13.683705760 10.815488909
v -2.802048522 -15.449345213 11.109762151
v -6.203459227 -19.714352360 10.660292372
v -4.273414733 -11.623793065 12.581128362
v -7.510420396 -10.740973338 12.875401604
v -7.458857506 -18.874970741 10.693791205
v -3.684868248 -12.506612791 13.758221331
v -2.802048522 -14.272252244 11.698308636
v -3.096321764 -13.095159275 11.109762151
v -4.861961217 -12.800886033 14.052494573
v -7.216147154 -13.095159275 13.758221331
v -5.450507701 -15.155071970 14.052494573
v -3.979141491 -17.509257908 13.169674846
v -7.216147154 -16.626438181 12.875401604
v -5.156234459 -19.569170603 11.404035394
v -6.039054186 -19.569170603 11.698308636
v -3.390595006 -12.800886033 10.815488909
v -5.450507701 -11.329519823 10.815488909
v -7.216147154 -10.740973338 11.109762151
v -7.212706361 -11.449242934 10.233255856
v -3.390595006 -16.626438181 12.875401604
v -3.390595006 -17.509257908 10.815488909
v -3.684868248 -12.212339549 12.875401604
v -4.567687975 -11.329519823 12.875401604
v -5.744780943 -10.740973338 12.875401604
v -7.216147154 -11.623793065 13.463948089
v -7.510420396 -10.740973338 11.109762151
v -7.510420396 -18.980624118 11.109762151
v -3.390595006 -12.800886033 13.758221331
v -2.802048522 -14.860798728 11.698308636
v -4.273414733 -12.212339549 13.758221331
v -7.216147154 -12.212339549 13.758221331
v -4.273414733 -15.449345213 14.052494573
v -6.039054186 -13.683705760 14.052494573
v -5.744780943 -14.860798728 14.052494573
f 389 373 385
f 390 389 374
f 390 380 389
f 391 381 376
f 391 370 381
f 392 376 381
f 394 381 370
f 396 371 392
f 399 372 382
f 399 398 372
f 399 386 398
f 400 399 382
f 400 386 399
f 401 397 385
f 402 383 393
f 402 387 379
f 403 389 380
f 404 389 385
f 405 370 391
f 406 382 376
f 406 376 392
f 406 400 382
f 407 382 372
f 407 372 393
f 408 394 370
f 408 383 394
f 409 380 390
f 410 381 394
f 411 377 395
f 411 384 396
f 411 396 392
f 411 392 381
f 412 390 374
f 412 374 395
f 412 395 377
f 413 396 384
f 413 384 397
f 413 401 378
f 413 397 401
f 414 395 374
f 414 397 384
f 414 411 395
f 414 384 411
f 415 398 387
f 415 372 398
f 415 402 372
f 415 387 402
f 416 379 387
f 416 387 398
f 416 398 388
f 416 388 379
f 417 398 373
f 417 388 398
f 417 403 388
f 418 385 373
f 418 373 398
f 418 401 385
f 418 398 386
f 418 386 401
f 419 400 371
f 419 371 396
f 420 386 400
f 420 401 386
f 420 378 401
f 420 413 378
f 420 396 413
f 420 419 396
f 420 400 419
f 421 402 393
f 421 393 372
f 421 372 402
f 422 402 379
f 422 379 388
f 422 388 375
f 422 375 383
f 422 383 402
f 423 403 375
f 423 375 388
f 423 388 403
f 424 375 403
f 424 394 383
f 424 383 375
f 424 403 380
f 425 373 389
f 425 389 403
f 425 417 373
f 425 403 417
f 426 374 389
f 426 389 404
f 426 414 374
f 426 397 414
f 426 404 385
f 426 385 397
f 427 405 391
f 427 391 376
f 427 393 383
f 427 383 405
f 427 407 393
f 427 376 382
f 427 382 407
f 428 406 392
f 428 392 371
f 428 371 400
f 428 400 406
f 429 405 383
f 429 383 408
f 429 408 370
f 429 370 405
f 430 409 394
f 430 380 409
f 430 424 380
f 430 394 424
f 431 410 377
f 431 381 410
f 431 411 381
f 431 377 411
f 432 410 394
f 432 394 409
f 433 409 390
f 433 390 412
f 433 412 377
f 433 377 410
f 433 432 409
f 433 410 432
o teddy011
usemtl Material011
v -4.861961217 5.738328222 2.870111371
v -4.788012821 0.099685020 2.543785386
v -4.861961217 5.738328222 -2.721080229
v -8.985482073 5.737778673 -2.723544745
v -10.747426060 5.149781738 2.870111371
v -4.861961217 0.147136621 -1.249714019
v -10.463434443 5.742957667 0.572123732
v -5.744780943 0.735683105 2.870111371
v -4.861961217 3.089869043 -2.721080229
v -10.457229316 5.741824492 2.822366009
v -10.158879576 3.384142285 -0.661167534
v -4.840050919 0.817435710 2.850056635
v -7.804693638 3.089869043 -2.721080229
v -10.747426060 5.149781738 0.515925434
v -9.276059849 2.207049316 2.870111371
v -6.921873912 2.795595800 -2.721080229
v -9.276059849 4.561235253 -2.721080229
v -6.626800591 0.185827286 -1.266627022
v -10.747426060 3.972688769 1.398745161
v -10.453152818 5.738328222 -1.249714019
v -5.156234459 0.147136621 2.575838129
v -6.627600670 2.795595800 -2.721080229
v -9.276059849 3.972688769 -2.426806987
v -9.276059849 1.912776074 1.398745161
v -6.629494697 0.122861190 1.390679056
v -10.453152818 3.384142285 2.870111371
v -9.570333091 5.444054980 -2.426806987
v -10.158879576 3.678415527 -1.249714019
v -8.098966881 1.618502832 2.870111371
v -8.981786607 3.678415527 -2.426806987
v -9.570333091 2.501322558 0.221652192
v -9.276059849 1.912776074 1.987291645
v -10.747426060 3.972688769 1.987291645
v -10.453152818 3.089869043 1.104471919
v -9.570333091 4.855508495 -2.426806987
v -10.453152818 3.384142285 0.221652192
v -9.570333091 3.972688769 -2.132533745
v -8.981786607 2.207049316 -0.661167534
v -6.627600670 1.029956348 2.870111371
v -8.981786607 1.912776074 2.575838129
v -10.747426060 4.266962011 2.281564887
v -10.453152818 3.089869043 1.987291645
v -10.453152818 5.444054980 -1.249714019
v -10.747426060 4.561235253 0.810198676
v -10.453152818 4.561235253 -0.661167534
f 434 435 436
f 440 434 436
f 440 436 437
f 441 434 438
f 442 436 435
f 442 435 439
f 442 437 436
f 443 440 438
f 443 438 434
f 443 434 440
f 445 441 435
f 445 435 434
f 445 434 441
f 447 438 440
f 448 441 438
f 449 446 437
f 450 437 446
f 451 449 439
f 451 446 449
f 452 438 447
f 453 447 440
f 453 440 437
f 454 435 441
f 455 442 439
f 455 439 449
f 455 449 437
f 455 437 442
f 456 450 446
f 458 451 439
f 458 439 435
f 458 435 454
f 458 457 451
f 459 448 438
f 460 453 437
f 460 437 450
f 462 441 448
f 462 458 454
f 462 448 458
f 463 456 446
f 463 446 451
f 463 461 456
f 463 451 461
f 464 451 457
f 465 457 458
f 465 448 459
f 466 438 452
f 467 457 465
f 467 464 457
f 467 466 452
f 468 460 450
f 468 453 460
f 468 450 461
f 469 467 452
f 469 461 444
f 469 444 464
f 469 464 467
f 470 461 450
f 470 450 456
f 470 456 461
f 471 461 451
f 471 444 461
f 471 464 444
f 471 451 464
f 472 462 454
f 472 454 441
f 472 441 462
f 473 465 458
f 473 458 448
f 473 448 465
f 474 466 459
f 474 459 438
f 474 438 466
f 475 467 465
f 475 465 459
f 475 459 466
f 475 466 467
f 476 468 461
f 476 453 468
f 476 447 453
f 477 469 452
f 477 452 447
f 477 447 476
f 478 476 461
f 478 461 469
f 478 477 476
f 478 469 477
o teddy012
usemtl Material012
v -5.450507701 11.329519823 7.872756488
v -5.436626165 10.721840814 7.771740900
v -5.450507701 13.389432518 -3.603899956
v -6.333327428 11.035246580 -4.486719682
v -10.158879576 11.035246580 2.870111371
v -5.440537818 10.726004479 -4.460722144
v -5.448656948 16.033770803 3.958894421
v -8.981786607 10.740973338 5.812843793
v -8.981786607 12.506612791 -1.249714019
v -5.450507701 11.329519823 -4.486719682
v -9.570333091 10.740973338 -1.543987261
v -5.450507701 13.683705760 6.695663519
v -5.450507701 15.449345213 -1.249714019
v -6.921873912 10.740973338 7.578483246
v -6.921873912 16.037891697 4.047204340
v -7.804693638 11.918066307 -3.309626714
v -6.333327428 10.740973338 -4.486719682
v -5.744780943 13.389432518 -3.603899956
v -10.158879576 11.329519823 1.104471919
v -9.912945922 10.608822064 2.826688418
v -6.039054186 11.035246580 7.872756488
v -9.276059849 12.212339549 4.341477582
v -6.039054186 15.449345213 -1.249714019
v -5.450507701 14.272252244 6.107117035
v -8.098966881 11.918066307 6.401390277
v -8.981786607 11.035246580 -2.426806987
v -5.744780943 11.329519823 -4.486719682
v -5.744780943 14.860798728 -2.132533745
v -9.864606333 11.035246580 -0.955440776
v -8.981786607 13.389432518 1.104471919
v -9.864606333 10.740973338 4.341477582
v -5.956284570 10.621806498 7.678936983
v -9.924452176 10.615265126 0.568172978
v -5.744780943 13.683705760 6.695663519
v -7.804693638 13.389432518 -1.838260503
v -6.908571240 16.041777363 3.723931254
v -5.454808077 16.047466930 3.958126393
v -8.098966881 11.329519823 6.695663519
v -8.981786607 11.035246580 5.812843793
v -8.098966881 11.918066307 -3.015353471
v -7.510420396 10.740973338 -3.898173198
v -5.450507701 14.860798728 -2.132533745
v -6.039054186 13.683705760 -3.309626714
v -9.570333091 12.212339549 0.515925434
v -9.570333091 11.035246580 -1.543987261
v -8.098966881 13.683705760 -0.955440776
v -9.276059849 12.800886033 2.575838129
v -9.864606333 11.035246580 4.341477582
v -7.804693638 10.740973338 6.989936761
v -9.864606333 10.740973338 -0.955440776
v -10.158879576 11.035246580 0.515925434
v -5.744780943 11.329519823 7.872756488
v -6.039054186 13.977979002 6.401390277
v -6.921873912 11.035246580 7.578483246
v -8.687513365 11.918066307 5.518570551
v -8.393240123 11.329519823 6.401390277
v -8.981786607 12.212339549 -1.543987261
v -8.393240123 11.329519823 -3.015353471
v -8.393240123 12.800886033 -1.838260503
v -8.981786607 10.740973338 -2.426806987
v -7.510420396 11.035246580 -3.898173198
v -6.333327428 14.272252244 -2.426806987
v -6.039054186 14.272252244 -2.721080229
v -8.981786607 12.800886033 -0.661167534
f 485 480 484
f 488 481 484
f 490 479 480
f 491 485 484
f 495 488 484
f 495 482 488
f 496 481 488
f 496 482 494
f 499 480 479
f 502 490 480
f 502 480 485
f 505 496 488
f 505 488 482
f 505 482 496
f 506 501 491
f 509 498 486
f 509 483 498
f 510 486 498
f 510 499 492
f 510 480 499
f 510 484 480
f 511 495 484
f 511 510 498
f 511 484 510
f 511 498 483
f 512 479 490
f 512 490 502
f 514 491 501
f 514 508 493
f 515 502 485
f 515 493 502
f 515 514 493
f 515 485 491
f 515 491 514
f 517 509 486
f 519 495 511
f 519 482 495
f 520 506 491
f 520 491 484
f 520 484 481
f 521 496 494
f 521 481 496
f 521 520 481
f 521 506 520
f 522 507 497
f 522 497 508
f 523 504 489
f 523 489 507
f 524 501 513
f 524 514 501
f 524 508 514
f 525 500 493
f 525 493 508
f 525 483 500
f 525 508 497
f 525 497 483
f 526 500 483
f 526 483 509
f 526 517 500
f 526 509 517
f 527 510 492
f 527 486 510
f 528 507 489
f 528 489 511
f 529 511 483
f 529 483 497
f 529 528 511
f 529 497 507
f 529 507 528
f 530 499 479
f 530 479 512
f 531 493 503
f 531 512 502
f 531 502 493
f 532 503 516
f 532 492 499
f 532 499 530
f 532 530 512
f 532 531 503
f 532 512 531
f 532 527 492
f 532 516 527
f 533 517 503
f 533 500 517
f 533 503 493
f 533 493 500
f 534 516 503
f 534 503 517
f 534 527 516
f 534 517 486
f 534 486 527
f 535 518 504
f 535 504 523
f 535 523 507
f 535 507 487
f 536 518 494
f 536 504 518
f 537 494 518
f 537 524 513
f 537 487 524
f 537 535 487
f 537 518 535
f 538 489 504
f 538 504 519
f 538 519 511
f 538 511 489
f 539 494 482
f 539 482 519
f 539 536 494
f 539 519 504
f 539 504 536
f 540 513 501
f 540 521 494
f 540 537 513
f 540 494 537
f 541 501 506
f 541 506 521
f 541 540 501
f 541 521 540
f 542 487 507
f 542 507 522
f 542 522 508
f 542 524 487
f 542 508 524
o teddy013
usemtl Material013
v 4.554782532 11.623793065 7.284210004
v 8.968881164 10.446700096 2.870111371
v 7.791788195 15.743618455 1.987291645
v 3.966236047 11.035246580 -4.192446440
v 4.035368527 10.547493630 7.490858557
v 8.380334680 10.740973338 -1.249714019
v 3.979253082 15.768995260 3.964199920
v 7.203241711 11.035246580 6.107117035
v 3.925793424 10.395504986 -4.082348427
v 8.968881164 10.740973338 0.810198676
v 5.143329016 12.800886033 -3.015353471
v 6.614695227 15.743618455 4.047204340
v 3.966236047 12.506612791 6.989936761
v 7.791788195 15.743618455 3.164384614
v 6.514685592 10.346985814 6.473304506
v 8.380334680 10.446700096 -1.249714019
v 3.874947121 14.669205980 -0.804773832
v 8.674607922 10.740973338 -0.661167534
v 6.908968469 10.740973338 -3.015353471
v 6.908968469 11.035246580 6.401390277
v 4.260509289 12.506612791 6.989936761
v 3.893075189 11.517126249 7.065519952
v 8.380334680 11.035246580 4.635750824
v 8.968881164 11.035246580 2.281564887
v 8.178517339 10.349357254 4.481551176
v 8.968881164 10.446700096 0.810198676
v 3.966236047 12.800886033 -3.309626714
v 3.966236047 15.743618455 0.810198676
v 6.015631139 15.741195718 0.260924598
v 4.554782532 10.740973338 -4.192446440
v 7.497514953 10.740973338 -2.426806987
v 6.908968469 10.446700096 -3.015353471
v 7.791788195 10.446700096 5.518570551
v 5.437602258 10.740973338 7.284210004
v 5.143329016 12.800886033 6.401390277
v 7.791788195 10.740973338 5.518570551
v 8.674607922 10.740973338 4.047204340
v 8.968881164 11.035246580 1.398745161
v 8.674607922 10.446700096 -0.661167534
v 3.966236047 14.272252244 -1.838260503
v 7.203241711 15.743618455 0.810198676
v 6.393076023 15.745908020 0.399836126
v 5.143329016 12.212339549 -3.309626714
v 4.554782532 10.446700096 -4.192446440
v 7.497514953 10.446700096 -2.426806987
v 6.614695227 10.740973338 6.695663519
v 5.437602258 10.446700096 7.284210004
v 4.554782532 12.800886033 6.695663519
v 8.968881164 10.740973338 2.870111371
v 8.674607922 10.446700096 4.047204340
v 4.554782532 13.095159275 -3.015353471
v 5.437602258 12.506612791 -3.015353471
v 8.086061437 11.329519823 -1.249714019
v 4.260509289 12.800886033 -3.309626714
v 4.260509289 14.272252244 -1.838260503
v 4.260509289 11.035246580 -4.192446440
f 555 547 543
f 555 554 549
f 556 545 549
f 556 549 554
f 557 547 551
f 560 545 552
f 560 558 548
f 562 556 554
f 562 550 556
f 563 555 543
f 563 554 555
f 564 551 547
f 564 547 555
f 564 559 551
f 564 555 549
f 564 549 559
f 566 545 556
f 566 544 552
f 567 557 551
f 567 551 558
f 568 552 544
f 568 544 567
f 568 560 552
f 569 546 551
f 569 551 559
f 570 559 549
f 573 548 558
f 574 572 561
f 574 561 573
f 575 550 562
f 575 557 567
f 576 543 547
f 577 562 554
f 577 563 543
f 577 543 576
f 578 565 556
f 578 556 550
f 578 575 565
f 578 550 575
f 579 556 565
f 580 566 552
f 580 552 545
f 580 545 566
f 581 568 567
f 581 567 558
f 581 558 560
f 581 560 568
f 582 569 559
f 582 559 570
f 582 570 571
f 583 573 561
f 583 560 548
f 583 545 560
f 583 549 545
f 584 571 570
f 584 570 549
f 584 549 583
f 584 583 553
f 585 561 572
f 586 551 546
f 586 546 572
f 586 574 551
f 586 572 574
f 587 558 551
f 587 551 574
f 587 574 573
f 587 573 558
f 588 575 562
f 588 557 575
f 588 577 576
f 588 562 577
f 589 576 547
f 589 547 557
f 589 588 576
f 589 557 588
f 590 577 554
f 590 554 563
f 590 563 577
f 591 566 556
f 591 556 579
f 591 579 544
f 591 544 566
f 592 579 565
f 592 565 575
f 592 575 567
f 592 567 544
f 592 544 579
f 593 584 553
f 593 571 584
f 594 583 561
f 594 553 583
f 594 585 553
f 594 561 585
f 595 583 548
f 595 548 573
f 595 573 583
f 596 553 585
f 596 593 553
f 596 569 582
f 596 546 569
f 597 582 571
f 597 571 593
f 597 596 582
f 597 593 596
f 598 596 585
f 598 585 572
f 598 572 546
f 598 546 596
o teddy014
usemtl Material014
v 3.083416321 10.446700096 8.167029730
v 7.791788195 4.266962011 6.401390277
v 6.320421984 10.446700096 2.870111371
v 2.789143079 10.446700096 2.870111371
v 3.015450612 3.012628691 6.968820365
v 4.554782532 11.035246580 7.578483246
v 4.849055774 6.032601464 8.167029730
v 2.734252750 10.400576708 7.889039225
v 6.320421984 3.089869043 2.870111371
v 3.964221858 11.032309940 7.278189254
v 6.320421984 10.446700096 6.989936761
v 5.143329016 3.678415527 7.284210004
v 2.789143079 6.915421190 8.461302972
v 5.731875500 8.975333885 7.872756488
v 7.791788195 4.561235253 5.224297309
v 2.789143079 3.089869043 2.870111371
v 6.026148742 5.738328222 7.872756488
v 7.203241711 3.089869043 5.518570551
v 2.886323488 5.505096636 8.266511789
v 2.789143079 8.386787401 8.461302972
v 4.260509289 10.446700096 7.872756488
v 5.731875500 9.858153612 7.578483246
v 6.320421984 8.681060643 7.578483246
v 7.497514953 4.266962011 6.695663519
v 4.554782532 4.561235253 7.872756488
v 4.849055774 8.386787401 8.167029730
v 7.791788195 3.384142285 5.224297309
v 6.026148742 3.089869043 6.695663519
v 3.083416321 6.915421190 8.461302972
v 6.026148742 7.798240917 7.872756488
v 5.437602258 5.149781738 7.872756488
v 7.497514953 4.561235253 6.695663519
v 7.791788195 3.384142285 5.518570551
v 3.671962805 3.384142285 7.284210004
v 3.671962805 9.858153612 8.167029730
v 3.377689563 7.798240917 8.461302972
v 6.320421984 4.561235253 7.284210004
v 5.143329016 4.266962011 7.578483246
v 7.497514953 3.972688769 6.401390277
v 3.671962805 4.561235253 7.872756488
v 4.260509289 3.384142285 7.284210004
v 3.083416321 8.386787401 8.461302972
v 3.377689563 7.209694433 8.461302972
v 4.849055774 3.089869043 6.989936761
f 607 602 601
f 608 604 601
f 608 601 602
f 608 602 606
f 608 606 599
f 608 599 604
f 609 601 604
f 613 607 601
f 613 609 600
f 613 601 609
f 614 607 603
f 614 602 607
f 614 611 606
f 614 606 602
f 616 603 607
f 617 614 603
f 617 611 614
f 618 599 606
f 618 606 611
f 619 604 599
f 619 599 612
f 620 612 609
f 620 609 604
f 620 619 612
f 620 604 619
f 621 600 609
f 621 609 612
f 623 605 617
f 624 605 615
f 625 613 600
f 625 616 607
f 625 607 613
f 626 603 616
f 627 617 605
f 627 611 617
f 627 618 611
f 628 621 612
f 628 615 622
f 628 624 615
f 628 612 624
f 629 615 605
f 629 605 623
f 630 622 600
f 630 600 621
f 630 628 622
f 630 621 628
f 631 600 622
f 631 625 600
f 631 616 625
f 631 626 616
f 632 617 603
f 633 624 612
f 633 612 599
f 634 618 627
f 634 605 624
f 635 626 622
f 635 622 615
f 635 615 629
f 636 629 623
f 636 623 610
f 636 635 629
f 636 610 626
f 636 626 635
f 637 631 622
f 637 622 626
f 637 626 631
f 638 632 623
f 638 623 617
f 638 617 632
f 639 610 623
f 639 623 632
f 639 632 603
f 640 633 599
f 640 599 618
f 640 618 634
f 640 634 624
f 640 624 633
f 641 634 627
f 641 627 605
f 641 605 634
f 642 626 610
f 642 610 639
f 642 639 603
f 642 603 626
o teddy015
usemtl Material015
v 0.434957142 -5.149781738 8.755576214
v 0.427854335 -6.926508992 8.680852367
v 0.435649486 -2.183455054 6.435318084
v -0.152731852 -2.177827053 6.443410972
v -3.684868248 -5.738328222 8.167029730
v 0.434957142 -2.795595800 7.284210004
v 0.434957142 -6.915421190 6.989936761
v -1.919228796 -6.915421190 8.755576214
v -2.507775280 -4.561235253 8.167029730
v -3.684868248 -6.915421190 6.989936761
v -0.153589343 -3.972688769 8.167029730
v -0.153589343 -5.149781738 8.755576214
v -2.507775280 -5.738328222 8.461302972
v -0.153589343 -2.795595800 7.284210004
v -3.684868248 -4.561235253 7.872756488
v -0.153589343 -4.561235253 6.401390277
v -3.327332304 -7.268265684 8.182548614
v 0.434957142 -3.972688769 8.167029730
v -0.742135827 -4.561235253 8.461302972
v -3.390595006 -6.915421190 8.461302972
v -1.919228796 -6.621147948 8.755576214
v -3.684868248 -4.561235253 6.989936761
v 0.434957142 -4.561235253 6.401390277
v -2.205572965 -7.217035499 8.426365110
v -2.802048522 -6.032601464 8.461302972
v -3.655918717 -6.942223876 8.039469448
v -1.330682311 -6.032601464 8.755576214
v -3.388286428 -7.211831811 8.156857446
f 648 645 646
f 649 643 644
f 649 645 643
f 650 644 643
f 654 650 643
f 656 648 646
f 656 653 648
f 656 651 653
f 657 647 651
f 657 652 647
f 657 656 646
f 657 651 656
f 658 646 645
f 658 649 652
f 659 652 649
f 660 648 653
f 660 643 645
f 660 645 648
f 661 653 651
f 661 651 654
f 661 654 643
f 661 660 653
f 661 643 660
f 662 659 650
f 663 650 654
f 663 662 650
f 664 657 646
f 664 652 657
f 664 658 652
f 664 646 658
f 665 658 645
f 665 645 649
f 665 649 658
f 666 644 650
f 666 650 659
f 666 659 649
f 666 649 644
f 667 647 662
f 667 655 651
f 667 651 647
f 667 662 663
f 668 662 647
f 668 647 652
f 669 663 654
f 669 667 663
f 669 655 667
f 669 654 651
f 669 651 655
f 670 668 652
f 670 652 659
f 670 659 662
f 670 662 668
o teddy016
usemtl Material016
v 10.744073276 -4.812737847 4.906794537
v 13.519911034 -6.991152294 3.743269552
v 13.382979796 -4.855508495 0.221652192
v 8.610785350 -5.008822742 0.183911099
v 8.316991078 -5.779607281 2.552985597
v 13.088706554 -6.621147948 0.515925434
v 9.671616146 -4.688208591 4.557883852
v 13.382979796 -4.855508495 3.752931098
v 13.502580410 -6.406094025 0.594064393
v 12.794433312 -6.326874706 0.221652192
v 8.380334680 -5.738328222 0.221652192
v 8.384162168 -4.764133794 3.363371768
v 9.557427648 -5.149781738 4.635750824
v 10.734520617 -5.149781738 4.930024066
v 10.194117230 -4.705734228 4.841156874
v 13.382979796 -7.209694433 1.987291645
v 13.429671932 -6.242009755 0.251978141
v 13.088706554 -7.209694433 3.752931098
v 8.380334680 -5.149781738 3.458657856
v 10.145974132 -5.149781738 4.930024066
v 13.382979796 -6.915421190 1.104471919
v 13.088706554 -7.209694433 1.987291645
v 8.380334680 -5.444054980 3.164384614
v 13.088706554 -6.915421190 1.104471919
f 679 678 672
f 679 673 678
f 680 674 673
f 681 680 676
f 681 674 680
f 682 677 673
f 682 673 674
f 682 681 675
f 682 674 681
f 683 677 682
f 684 678 671
f 684 672 678
f 685 671 678
f 685 677 683
f 685 678 673
f 685 673 677
f 686 679 672
f 687 676 680
f 687 680 673
f 687 673 679
f 688 683 675
f 688 672 684
f 688 686 672
f 689 683 682
f 689 682 675
f 690 684 671
f 690 671 685
f 690 685 683
f 690 688 684
f 690 683 688
f 691 679 686
f 691 687 679
f 691 676 687
f 692 688 675
f 692 675 681
f 692 686 688
f 692 691 686
f 693 689 675
f 693 675 683
f 693 683 689
f 694 681 676
f 694 676 691
f 694 692 681
f 694 691 692
o teddy017
usemtl Material017
v 3.377689563 -13.977979002 -3.015353471
v 5.437602258 -15.449345213 -6.840905619
v 4.538507060 -13.909127421 -7.897096013
v -4.861961217 -14.272252244 -8.312271830
v -4.861961217 -16.037891697 -3.015353471
v 3.377689563 -14.272252244 -8.312271830
v -4.779486518 -13.832109453 -8.091685252
v 5.493911839 -14.978140169 -6.660636529
v 3.377689563 -16.037891697 -3.015353471
v -4.567687975 -16.037891697 -6.840905619
v 4.554782532 -14.566525486 -8.017998588
v 3.347794580 -13.851511588 -8.090196523
v -4.861961217 -13.977979002 -3.015353471
v -1.919228796 -14.272252244 -8.606545072
v 4.554782532 -13.977979002 -6.546632377
v 5.364011545 -15.295992264 -6.397640916
v -4.861961217 -15.743618455 -7.135178861
v 3.966236047 -16.037891697 -6.840905619
v 5.437602258 -15.155071970 -7.135178861
v -3.096321764 -14.272252244 -8.606545072
v -1.330682311 -15.155071970 -8.017998588
v -1.951680545 -13.862513000 -8.368255849
v 5.367706019 -14.715144556 -6.993667217
v -4.816898466 -15.842950197 -6.375496460
v 4.849055774 -15.743618455 -6.840905619
v -3.979141491 -15.155071970 -8.017998588
v 0.434957142 -14.566525486 -8.312271830
v 3.377689563 -15.155071970 -7.723725346
v -2.802048522 -15.743618455 -7.429452104
v -3.081284256 -13.855405879 -8.362262173
v 4.849055774 -15.155071970 -7.429452104
v -4.861961217 -15.155071970 -7.723725346
v -4.273414733 -14.566525486 -8.312271830
v -3.684868248 -15.743618455 -7.429452104
v -1.919228796 -15.449345213 -7.723725346
v -3.979141491 -15.449345213 -7.723725346
f 703 695 699
f 704 703 699
f 705 700 697
f 706 701 695
f 706 695 697
f 706 697 700
f 707 699 695
f 707 695 701
f 707 701 698
f 707 698 699
f 708 706 700
f 709 697 695
f 709 695 702
f 710 702 695
f 710 695 703
f 710 703 696
f 710 696 702
f 711 699 698
f 712 703 704
f 713 702 696
f 713 705 697
f 714 698 701
f 715 714 708
f 716 706 708
f 716 708 714
f 717 709 702
f 717 697 709
f 717 713 697
f 717 702 713
f 718 711 704
f 718 704 699
f 718 699 711
f 719 696 703
f 719 703 712
f 719 713 696
f 720 714 715
f 721 715 708
f 721 708 700
f 722 700 705
f 722 705 712
f 722 712 715
f 722 721 700
f 722 715 721
f 723 712 704
f 723 720 715
f 724 701 706
f 724 706 716
f 724 716 714
f 724 714 701
f 725 719 712
f 725 712 705
f 725 705 713
f 725 713 719
f 726 720 711
f 726 711 698
f 726 698 720
f 727 720 698
f 727 698 714
f 727 714 720
f 728 704 711
f 728 723 704
f 728 720 723
f 729 723 715
f 729 715 712
f 729 712 723
f 730 728 711
f 730 711 720
f 730 720 728
o teddy018
usemtl Material018
v -7.510420396 -11.918066307 13.463948089
v -7.423642524 -19.690701781 10.020199254
v -7.479412697 -11.676108577 7.282872419
v -8.981786607 -12.212339549 7.284210004
v -10.747426060 -16.626438181 10.815488909
v -7.804693638 -20.157717087 7.284210004
v -8.687513365 -10.740973338 11.698308636
v -7.384052226 -10.848018054 12.434456735
v -7.804693638 -15.155071970 13.169674846
v -7.374833847 -19.935823220 7.416559740
v -9.864606333 -17.214984665 7.284210004
v -8.393240123 -19.863443845 9.932669183
v -8.098966881 -11.623793065 7.284210004
v -9.864606333 -13.095159275 11.992581878
v -7.510420396 -15.155071970 13.169674846
v -7.804693638 -10.740973338 12.581128362
v -7.804693638 -20.157717087 9.638395941
v -10.747426060 -13.095159275 9.932669183
v -10.158879576 -18.097804392 9.344122699
v -9.570333091 -17.509257908 11.404035394
v -7.510420396 -10.740973338 11.109762151
v -9.570333091 -11.329519823 10.521215667
v -8.098966881 -13.095159275 13.463948089
v -7.510420396 -13.977979002 13.463948089
v -7.510420396 -18.980624118 11.109762151
v -7.510420396 -11.329519823 13.169674846
v -8.393240123 -11.623793065 12.875401604
v -7.449710457 -19.875401903 9.604816576
v -8.098966881 -20.157717087 7.578483246
v -10.747426060 -16.626438181 9.344122699
v -9.864606333 -13.683705760 7.284210004
v -10.747426060 -13.095159275 10.521215667
v -10.158879576 -18.097804392 10.226942425
v -9.276059849 -16.037891697 12.286855120
v -8.393240123 -10.740973338 11.109762151
v -9.864606333 -11.623793065 10.226942425
v -7.804693638 -13.977979002 13.463948089
v -7.510420396 -18.097804392 11.698308636
v -7.510420396 -19.569170603 10.521215667
v -8.393240123 -18.686350876 11.109762151
v -9.570333091 -11.623793065 11.404035394
v -7.804693638 -11.329519823 13.169674846
v -8.098966881 -12.212339549 13.463948089
v -8.098966881 -20.157717087 8.461302972
v -9.276059849 -18.686350876 7.284210004
v -10.747426060 -16.920711423 9.638395941
v -10.747426060 -14.272252244 9.344122699
v -10.158879576 -14.860798728 7.578483246
v -10.453152818 -13.977979002 11.404035394
v -10.453152818 -17.214984665 10.815488909
v -8.981786607 -19.274897360 10.226942425
v -9.864606333 -14.860798728 11.992581878
v -8.687513365 -10.740973338 11.404035394
v -10.158879576 -11.918066307 10.226942425
v -8.098966881 -14.860798728 13.169674846
v -7.804693638 -18.097804392 11.698308636
v -8.098966881 -19.863443845 10.226942425
v -8.981786607 -11.035246580 11.698308636
v -9.864606333 -12.506612791 11.698308636
v -8.981786607 -12.212339549 12.581128362
v -7.804693638 -11.918066307 13.463948089
v -8.981786607 -19.274897360 7.578483246
v -8.393240123 -19.863443845 7.284210004
v -10.747426060 -16.920711423 10.521215667
f 740 736 733
f 740 738 732
f 740 733 738
f 743 733 734
f 745 732 738
f 747 736 740
f 751 733 743
f 751 737 746
f 751 746 738
f 751 738 733
f 754 745 738
f 754 738 731
f 754 731 753
f 754 739 745
f 756 731 738
f 756 738 746
f 757 746 737
f 758 747 740
f 758 740 732
f 759 736 747
f 760 735 748
f 761 748 734
f 761 734 733
f 761 733 741
f 762 748 735
f 763 749 759
f 765 751 743
f 765 737 751
f 766 752 743
f 766 743 734
f 767 754 753
f 767 739 754
f 768 755 732
f 768 732 745
f 768 745 739
f 769 732 755
f 769 758 732
f 769 747 758
f 772 756 746
f 772 746 757
f 772 731 756
f 773 744 753
f 773 772 757
f 773 753 731
f 774 759 747
f 774 747 742
f 774 763 759
f 775 741 733
f 776 735 760
f 776 749 763
f 776 775 749
f 776 760 741
f 776 741 775
f 777 760 748
f 777 748 761
f 778 761 741
f 778 741 760
f 778 777 761
f 778 760 777
f 779 762 735
f 779 744 762
f 780 764 735
f 780 750 764
f 781 780 763
f 781 750 780
f 781 770 750
f 781 774 742
f 781 763 774
f 782 764 753
f 782 753 744
f 782 744 779
f 782 779 735
f 782 735 764
f 783 752 737
f 783 737 765
f 783 765 743
f 783 743 752
f 784 766 734
f 784 734 748
f 784 748 762
f 784 762 771
f 784 752 766
f 785 764 739
f 785 739 767
f 785 767 753
f 785 753 764
f 786 764 750
f 786 750 770
f 786 770 755
f 786 755 768
f 786 768 739
f 786 739 764
f 787 769 755
f 787 742 747
f 787 747 769
f 787 755 770
f 787 781 742
f 787 770 781
f 788 757 737
f 788 737 752
f 788 784 771
f 788 752 784
f 789 788 771
f 789 757 788
f 789 771 762
f 789 762 744
f 790 773 757
f 790 744 773
f 790 789 744
f 790 757 789
f 791 773 731
f 791 731 772
f 791 772 773
f 792 759 749
f 792 749 775
f 793 736 759
f 793 792 775
f 793 759 792
f 793 775 733
f 793 733 736
f 794 776 763
f 794 735 776
f 794 780 735
f 794 763 780
o teddy019
usemtl Material019
v 7.791788195 -18.097804392 7.284210004
v 7.791788195 -19.274897360 7.284210004
v 5.437602258 -20.157717087 4.047204340
v 0.744097953 -18.009542829 4.008606816
v 0.729230384 -18.392077634 7.284210004
v 5.437602258 -18.097804392 4.047204340
v 7.833748972 -19.296881160 5.772158900
v 0.954546296 -18.031056776 7.273625817
v 3.083416321 -21.040536813 7.284210004
v 7.791788195 -18.097804392 5.812843793
v 5.437602258 -21.040536813 6.401390277
v 2.200596594 -20.746263571 6.989936761
v 4.554782532 -21.040536813 7.284210004
v 4.260509289 -21.040536813 4.930024066
v 5.437602258 -21.040536813 4.930024066
v 2.200596594 -20.746263571 7.284210004
v 0.729230384 -18.392077634 4.047204340
v 5.408476965 -20.669396142 7.239829186
v 2.789143079 -21.040536813 6.107117035
v 1.317776868 -19.569170603 7.284210004
v 4.554782532 -20.157717087 4.047204340
v 3.671962805 -21.040536813 5.224297309
v 2.789143079 -21.040536813 6.401390277
v 1.317776868 -19.569170603 6.989936761
v 1.317776868 -18.686350876 4.047204340
f 799 796 795
f 800 797 798
f 801 795 796
f 801 797 800
f 802 799 795
f 802 795 798
f 802 798 799
f 803 796 799
f 804 800 798
f 804 798 795
f 804 801 800
f 804 795 801
f 805 801 796
f 807 796 803
f 807 803 805
f 808 805 803
f 809 797 801
f 809 801 805
f 809 808 797
f 809 805 808
f 810 803 799
f 811 799 798
f 812 807 805
f 812 805 796
f 812 796 807
f 813 808 803
f 813 806 811
f 813 810 806
f 814 810 799
f 814 806 810
f 814 799 811
f 815 798 797
f 815 797 808
f 816 813 811
f 816 808 813
f 817 813 803
f 817 803 810
f 817 810 813
f 818 814 811
f 818 811 806
f 818 806 814
f 819 811 798
f 819 798 815
f 819 815 808
f 819 816 811
f 819 808 816
o teddy020
usemtl Material020
v 13.677253038 -2.501322558 6.695663519
v 17.208531944 -7.503967675 2.281564887
v 16.325712217 -2.795595800 3.164384614
v 13.448130755 0.326613132 0.218491927
v 13.382979796 -6.915421190 0.810198676
v 16.914258702 -3.972688769 0.221652192
v 13.677253038 0.147136621 3.752931098
v 16.325712217 -4.266962011 4.635750824
v 13.382979796 -6.621147948 5.812843793
v 17.208531944 -4.855508495 2.575838129
v 15.442892491 -1.029956348 0.221652192
v 13.382979796 -6.621147948 0.221652192
v 14.560072765 -1.618502832 5.518570551
v 13.210432095 -0.913280548 5.428489023
v 14.854346007 -8.386787401 2.575838129
v 14.854346007 -4.855508495 6.107117035
v 16.914258702 -3.678415527 1.398745161
v 17.208531944 -4.855508495 0.515925434
v 16.914258702 -6.915421190 3.458657856
v 15.148619249 -1.029956348 3.164384614
v 14.265799522 0.147136621 1.104471919
v 16.031438975 -7.798240917 0.221652192
v 15.442892491 -2.795595800 5.224297309
v 13.203181114 -0.046079333 3.661086940
v 13.677253038 -0.735683105 5.518570551
v 13.382979796 -4.855508495 6.695663519
v 13.382979796 -7.209694433 4.341477582
v 16.914258702 -3.972688769 2.575838129
v 16.325712217 -2.501322558 2.281564887
v 16.031438975 -1.912776074 0.221652192
v 17.208531944 -4.561235253 1.693018403
v 16.914258702 -4.855508495 3.458657856
v 17.208531944 -7.209694433 2.575838129
v 16.325712217 -4.855508495 4.635750824
v 14.265799522 -6.621147948 5.812843793
v 15.737165733 -8.092514159 3.752931098
v 15.442892491 -1.618502832 3.458657856
v 14.265799522 0.147136621 0.221652192
v 13.971526280 0.147136621 3.164384614
v 15.148619249 -0.735683105 1.398745161
v 16.914258702 -6.915421190 0.221652192
v 15.737165733 -8.386787401 1.104471919
v 16.031438975 -3.089869043 4.341477582
v 14.265799522 -2.795595800 6.401390277
v 13.382979796 -1.912776074 6.401390277
v 13.677253038 -1.029956348 5.812843793
v 13.971526280 -4.266962011 6.695663519
v 13.382979796 -7.209694433 1.693018403
v 13.382979796 -6.915421190 5.224297309
v 16.619985460 -3.089869043 1.987291645
v 15.442892491 -1.324229590 2.870111371
v 16.619985460 -3.089869043 0.221652192
v 15.442892491 -1.029956348 1.104471919
v 17.208531944 -4.561235253 0.810198676
v 16.031438975 -7.503967675 4.047204340
v 13.677253038 -6.915421190 5.518570551
v 14.560072765 -0.147136621 1.398745161
v 17.208531944 -6.621147948 0.810198676
v 17.208531944 -7.503967675 1.693018403
v 15.148619249 -8.386787401 1.398745161
v 15.737165733 -8.386787401 2.870111371
v 15.737165733 -3.089869043 4.930024066
v 16.031438975 -2.501322558 3.458657856
v 14.265799522 -1.618502832 5.812843793
f 837 829 821
f 841 831 823
f 843 833 826
f 843 826 823
f 843 823 831
f 843 831 824
f 844 826 833
f 844 832 839
f 845 833 828
f 847 822 827
f 847 827 829
f 848 822 847
f 849 848 836
f 849 823 830
f 850 829 837
f 850 847 829
f 850 836 847
f 851 838 829
f 851 829 827
f 851 827 838
f 852 838 821
f 852 821 829
f 852 829 838
f 853 838 827
f 853 827 835
f 853 835 838
f 854 845 828
f 856 839 832
f 857 840 830
f 857 830 823
f 857 823 840
f 858 840 823
f 858 823 826
f 858 844 839
f 858 826 844
f 859 858 839
f 860 825 837
f 860 841 823
f 860 823 825
f 862 827 822
f 862 832 842
f 863 835 827
f 863 827 842
f 864 845 820
f 864 833 845
f 865 832 844
f 865 864 820
f 865 844 833
f 865 833 864
f 866 820 845
f 866 863 820
f 866 835 863
f 866 854 835
f 866 845 854
f 867 846 833
f 867 834 846
f 867 843 824
f 867 833 843
f 868 828 833
f 868 833 846
f 868 846 834
f 869 848 847
f 869 847 836
f 869 836 848
f 870 822 848
f 870 839 856
f 870 859 839
f 871 849 836
f 871 825 823
f 871 823 849
f 872 849 830
f 872 848 849
f 872 830 840
f 872 870 848
f 872 859 870
f 873 850 837
f 873 837 825
f 873 836 850
f 873 871 836
f 873 825 871
f 874 838 835
f 874 835 854
f 874 854 855
f 874 855 821
f 874 821 838
f 875 855 854
f 875 854 828
f 875 828 868
f 875 868 834
f 875 834 855
f 876 840 858
f 876 858 859
f 876 872 840
f 876 859 872
f 877 860 837
f 877 837 821
f 878 841 860
f 878 861 841
f 878 821 861
f 878 877 821
f 878 860 877
f 879 861 834
f 879 824 831
f 879 831 841
f 879 841 861
f 879 867 824
f 879 834 867
f 880 855 834
f 880 834 861
f 880 861 821
f 880 821 855
f 881 862 842
f 881 842 827
f 881 827 862
f 882 862 822
f 882 856 832
f 882 832 862
f 882 870 856
f 882 822 870
f 883 820 863
f 883 865 820
f 883 832 865
f 883 863 842
f 883 842 832
o teddy021
usemtl Material021
v 0.436512113 0.272961373 4.480147739
v 0.434957142 -9.858153612 4.930024066
v 0.434957142 -9.858153612 0.221652192
v -3.684868248 0.147136621 0.221652192
v -3.684868248 -4.561235253 4.930024066
v 0.434957142 0.147136621 0.221652192
v 0.434957142 -4.561235253 4.930024066
v -3.684868248 0.147136621 4.341477582
v -3.684868248 -9.858153612 0.221652192
v -3.684868248 -9.858153612 4.930024066
f 884 885 886
f 889 884 886
f 889 886 887
f 889 887 884
f 890 888 885
f 890 885 884
f 890 884 888
f 891 888 884
f 891 884 887
f 891 887 888
f 892 886 885
f 892 888 887
f 892 887 886
f 893 892 885
f 893 885 888
f 893 888 892
o teddy022
usemtl Material022
v 1.023503626 -4.561235253 8.461302972
v 7.203241711 -4.561235253 4.930024066
v 3.083416321 0.147136621 4.341477582
v 0.434957142 0.147136621 0.221652192
v 0.434957142 -4.855508495 0.221652192
v 4.849055774 -0.735683105 0.221652192
v 0.432892781 -0.019906772 4.745927272
v 4.849055774 -4.266962011 7.284210004
v 4.455719794 -5.010068063 7.366982039
v 5.731875500 -1.618502832 4.341477582
v 3.947238165 0.117616759 0.218601226
v 4.849055774 -4.855508495 0.221652192
v 1.906323352 -1.029956348 6.107117035
v 1.906323352 0.147136621 4.930024066
v 0.406161568 -4.928229179 8.341892687
v 3.671962805 -4.855508495 7.872756488
v 6.614695227 -4.855508495 6.107117035
v 7.204376565 -3.383777434 4.338186067
v 4.260509289 -0.735683105 4.930024066
v 3.966236047 0.147136621 2.575838129
v 6.980704193 -5.000529104 4.849740839
v 0.434957142 -1.029956348 6.107117035
v 3.671962805 -4.561235253 7.872756488
v 0.970757975 -4.988712990 8.242575840
v 5.143329016 -4.855508495 7.284210004
v 6.614695227 -4.561235253 6.107117035
v 4.878058189 -0.502169956 2.555728870
v 7.185543453 -4.867041886 4.040819469
v 3.083416321 -0.735683105 5.518570551
v 4.849055774 -0.441409863 3.458657856
v 0.729230384 -3.972688769 8.167029730
v 1.612050110 -2.795595800 7.284210004
v 4.554782532 -4.561235253 7.578483246
v 5.143329016 -4.561235253 7.284210004
v 2.494869837 -0.441409863 5.518570551
v 3.671962805 0.147136621 3.458657856
v 4.260509289 -0.441409863 4.341477582
v 0.434957142 -3.972688769 8.167029730
v 1.612050110 -4.266962011 8.167029730
v 3.671962805 -0.441409863 4.930024066
v 3.377689563 0.147136621 4.047204340
v 0.434957142 -4.561235253 8.461302972
v 1.906323352 -3.384142285 7.578483246
f 904 898 897
f 905 904 899
f 905 898 904
f 907 896 897
f 907 897 900
f 908 900 897
f 908 897 898
f 913 904 897
f 913 897 896
f 914 898 905
f 914 910 902
f 914 895 910
f 915 900 908
f 915 907 900
f 916 894 909
f 917 908 898
f 917 902 909
f 917 909 894
f 917 894 908
f 917 914 902
f 917 898 914
f 918 909 902
f 918 902 910
f 919 918 910
f 919 903 912
f 919 911 903
f 919 910 895
f 919 895 911
f 920 911 899
f 920 899 904
f 921 905 899
f 921 899 911
f 921 911 895
f 921 914 905
f 921 895 914
f 922 901 912
f 922 906 916
f 923 912 903
f 923 903 911
f 923 911 920
f 923 920 904
f 923 904 913
f 924 906 915
f 925 916 906
f 925 906 924
f 926 916 909
f 926 909 918
f 926 922 916
f 926 901 922
f 927 918 919
f 927 926 918
f 927 901 926
f 927 919 912
f 927 912 901
f 928 906 922
f 928 915 906
f 928 907 915
f 928 896 907
f 928 922 912
f 929 923 913
f 929 913 896
f 930 896 912
f 930 912 923
f 931 924 915
f 931 915 908
f 931 894 924
f 932 894 916
f 932 925 924
f 932 924 894
f 933 928 912
f 933 912 896
f 933 896 928
f 934 929 896
f 934 923 929
f 934 930 923
f 934 896 930
f 935 931 908
f 935 908 894
f 935 894 931
f 936 932 916
f 936 916 925
f 936 925 932
o teddy023
usemtl Material023
v 4.554782532 -7.798240917 8.755576214
v 8.968881164 -9.858153612 5.518570551
v 6.908968469 -4.855508495 5.812843793
v 2.789143079 -4.855508495 4.930024066
v 2.789143079 -10.152426854 4.930024066
v 7.497514953 -5.149781738 4.930024066
v 2.789143079 -4.855508495 6.989936761
v 7.497514953 -6.621147948 6.989936761
v 4.260509289 -10.152426854 8.755576214
v 7.203241711 -4.855508495 5.224297309
v 8.740284383 -8.725674920 4.798760553
v 5.143329016 -5.738328222 8.167029730
v 2.765435740 -7.246702659 8.506167251
v 8.674607922 -6.915421190 5.224297309
v 8.862975437 -10.137385397 4.859336714
v 7.203241711 -9.269607128 7.578483246
v 6.980704193 -5.000529104 4.849740839
v 5.437602258 -4.855508495 7.284210004
v 2.774678815 -10.129364107 8.515573204
v 3.671962805 -7.209694433 8.755576214
v 8.086061437 -7.798240917 6.695663519
v 7.497514953 -5.149781738 5.224297309
v 8.674607922 -6.915421190 4.930024066
v 8.674607922 -10.152426854 5.812843793
v 4.849055774 -8.975333885 8.755576214
v 5.143329016 -7.209694433 8.461302972
v 4.849055774 -5.738328222 8.167029730
v 7.203241711 -5.444054980 6.401390277
v 8.086061437 -6.915421190 6.401390277
v 8.674607922 -7.209694433 5.518570551
v 8.380334680 -9.858153612 6.401390277
v 7.791788195 -7.503967675 6.989936761
v 8.968881164 -8.681060643 5.224297309
v 5.143329016 -10.152426854 8.461302972
v 5.437602258 -8.386787401 8.461302972
v 4.849055774 -8.386787401 8.755576214
v 5.437602258 -6.326874706 8.167029730
v 6.908968469 -6.326874706 7.284210004
v 6.908968469 -5.149781738 6.401390277
v 7.791788195 -6.032601464 6.107117035
v 8.968881164 -9.563880370 5.518570551
v 7.791788195 -6.621147948 6.695663519
v 4.554782532 -9.858153612 8.755576214
v 6.026148742 -9.269607128 8.167029730
v 7.497514953 -10.152426854 7.284210004
v 7.497514953 -8.092514159 7.284210004
v 7.497514953 -5.444054980 5.812843793
v 8.380334680 -8.975333885 6.401390277
v 8.086061437 -10.152426854 6.695663519
v 6.614695227 -8.681060643 7.872756488
v 7.203241711 -8.975333885 7.578483246
f 943 939 940
f 946 940 939
f 947 941 940
f 949 943 940
f 949 940 941
f 951 941 947
f 953 946 942
f 953 940 946
f 953 947 940
f 954 939 943
f 955 949 941
f 955 941 945
f 956 945 937
f 956 937 948
f 956 943 949
f 956 955 945
f 956 949 955
f 958 950 942
f 958 942 946
f 958 946 939
f 959 942 950
f 959 953 942
f 959 947 953
f 960 945 941
f 960 941 951
f 960 951 938
f 961 937 945
f 962 948 937
f 963 954 943
f 963 948 954
f 963 956 948
f 963 943 956
f 966 965 957
f 967 957 952
f 967 960 938
f 968 952 957
f 968 957 965
f 969 959 950
f 969 938 951
f 969 951 947
f 969 947 959
f 969 950 966
f 970 945 960
f 972 962 937
f 972 937 961
f 972 971 962
f 972 961 971
f 973 948 962
f 973 968 944
f 974 964 948
f 974 944 964
f 974 973 944
f 974 948 973
f 975 964 939
f 975 939 954
f 975 954 948
f 975 948 964
f 976 966 950
f 977 966 957
f 977 969 966
f 977 938 969
f 977 967 938
f 978 968 965
f 978 944 968
f 978 965 966
f 978 966 976
f 978 976 964
f 978 964 944
f 979 970 961
f 979 961 945
f 979 945 970
f 980 961 970
f 980 971 961
f 981 967 952
f 981 980 970
f 981 952 980
f 981 970 960
f 982 952 968
f 982 968 973
f 983 964 976
f 983 958 939
f 983 939 964
f 983 976 950
f 983 950 958
f 984 977 957
f 984 957 967
f 984 967 977
f 985 981 960
f 985 960 967
f 985 967 981
f 986 962 971
f 986 982 973
f 986 973 962
f 987 952 982
f 987 982 986
f 987 986 971
f 987 980 952
f 987 971 980
o teddy024
usemtl Material024
v 4.013789971 13.487086298 5.603326479
v 3.966236047 10.446700096 5.518570551
v 3.966236047 14.860798728 -1.249714019
v -1.323634408 15.645097812 -1.171972298
v -1.330682311 10.446700096 5.518570551
v 3.979253082 15.768995260 3.964199920
v 3.966236047 10.446700096 -1.249714019
v 4.001282398 15.773936503 -0.169962038
v -1.339054018 15.865276541 4.073895021
v -1.330682311 10.446700096 -1.249714019
v 2.200596594 15.743618455 -1.249714019
v -1.330682311 13.389432518 5.518570551
f 992 989 988
f 994 988 989
f 994 989 992
f 995 993 988
f 995 994 990
f 995 988 994
f 996 988 993
f 996 993 995
f 997 994 992
f 997 990 994
f 997 996 991
f 997 992 996
f 998 995 990
f 998 996 995
f 998 991 996
f 998 997 991
f 998 990 997
f 999 996 992
f 999 992 988
f 999 988 996
o teddy025
usemtl Material025
v -4.292646642 5.721682306 7.972242308
v -4.273414733 3.384142285 7.284210004
v -4.567687975 8.386787401 2.870111371
v -8.393240123 8.386787401 2.870111371
v -8.393240123 5.149781738 6.989936761
v -5.744780943 0.735683105 2.870111371
v -4.567687975 8.386787401 6.989936761
v -4.273414733 5.738328222 6.989936761
v -6.627600670 5.444054980 7.872756488
v -4.564449891 0.747765177 2.867147518
v -8.308132620 2.129965305 2.816870185
v -8.393240123 2.501322558 4.930024066
v -8.393240123 8.386787401 6.989936761
v -4.246588891 3.449691153 6.876514625
v -8.098966881 3.972688769 6.695663519
v -4.567687975 4.561235253 7.872756488
v -5.450507701 1.029956348 4.635750824
v -8.393240123 1.912776074 3.752931098
v -4.273414733 4.561235253 7.872756488
v -4.496086361 1.002845987 3.981666599
v -8.393240123 4.266962011 6.695663519
v -6.039054186 5.149781738 7.872756488
v -4.861961217 0.735683105 4.047204340
v -6.333327428 3.089869043 6.695663519
v -7.216147154 1.324229590 2.870111371
v -6.921873912 1.618502832 4.635750824
v -5.744780943 0.735683105 3.164384614
v -4.567687975 1.618502832 5.518570551
v -8.098966881 3.089869043 5.812843793
v -4.567687975 3.384142285 7.284210004
v -6.627600670 4.855508495 7.578483246
v -5.744780943 1.029956348 4.341477582
v -6.333327428 1.618502832 4.930024066
v -7.216147154 1.324229590 3.164384614
v -4.506593290 1.220783963 4.474991764
v -5.450507701 2.501322558 6.401390277
v -7.216147154 1.618502832 4.341477582
v -5.156234459 1.912776074 5.812843793
v -5.450507701 2.795595800 6.695663519
v -4.861961217 1.618502832 5.518570551
f 1006 1002 1003
f 1007 1006 1000
f 1007 1002 1006
f 1010 1009 1005
f 1010 1003 1002
f 1010 1002 1009
f 1011 1004 1003
f 1012 1006 1003
f 1012 1003 1004
f 1012 1004 1008
f 1012 1008 1000
f 1012 1000 1006
f 1013 1009 1002
f 1013 1002 1007
f 1017 1011 1003
f 1017 1003 1010
f 1018 1013 1007
f 1018 1007 1000
f 1018 1001 1013
f 1018 1015 1001
f 1018 1000 1015
f 1019 1013 1001
f 1019 1009 1013
f 1020 1014 1008
f 1020 1008 1004
f 1020 1004 1011
f 1021 1015 1000
f 1021 1000 1008
f 1022 1005 1009
f 1022 1009 1019
f 1024 1017 1010
f 1024 1010 1005
f 1026 1005 1022
f 1026 1024 1005
f 1027 1022 1019
f 1027 1016 1022
f 1028 1023 1014
f 1028 1011 1025
f 1028 1020 1011
f 1028 1014 1020
f 1029 1001 1015
f 1029 1015 1021
f 1029 1027 1001
f 1030 1021 1008
f 1030 1008 1014
f 1030 1014 1023
f 1030 1029 1021
f 1030 1023 1029
f 1031 1016 1025
f 1031 1017 1026
f 1031 1026 1022
f 1031 1022 1016
f 1032 1025 1016
f 1032 1016 1023
f 1032 1028 1025
f 1032 1023 1028
f 1033 1026 1017
f 1033 1017 1024
f 1033 1024 1026
f 1034 1027 1019
f 1034 1019 1001
f 1034 1001 1027
f 1035 1023 1016
f 1035 1027 1029
f 1036 1031 1025
f 1036 1017 1031
f 1036 1025 1011
f 1036 1011 1017
f 1037 1035 1016
f 1037 1027 1035
f 1038 1035 1029
f 1038 1029 1023
f 1038 1023 1035
f 1039 1037 1016
f 1039 1016 1027
f 1039 1027 1037
o teddy026
usemtl Material026
v 2.789143079 0.147136621 -3.015353471
v 3.966236047 -0.735683105 -4.486719682
v 1.612050110 0.735683105 -5.369539409
v -2.213502038 -0.441409863 -6.840905619
v -5.450507701 -1.912776074 -3.015353471
v 2.789143079 -0.735683105 -6.546632377
v 3.671962805 0.147136621 -4.780992924
v 2.789143079 -1.912776074 -3.015353471
v -5.386477772 -0.011275828 -2.926421306
v 0.434957142 -0.441409863 -6.840905619
v -2.213502038 -1.912776074 -6.840905619
v 3.883923582 -0.279668342 -4.426939291
v 2.200596594 0.735683105 -5.075266166
v 3.966236047 -0.441409863 -5.663812651
v -2.802048522 0.735683105 -5.075266166
v -5.450507701 -0.735683105 -4.780992924
v 0.729230384 -0.147136621 -6.546632377
v 0.434957142 -1.912776074 -6.840905619
v 3.083416321 -0.441409863 -6.252359135
v 2.789143079 -1.912776074 -6.546632377
v 3.966236047 -0.147136621 -5.075266166
v -1.919228796 0.735683105 -5.369539409
v -5.450507701 0.147136621 -3.603899956
v -5.450507701 -1.912776074 -4.780992924
v -3.684868248 -0.441409863 -5.958085893
v 1.906323352 -0.441409863 -6.546632377
v 3.671962805 -0.441409863 -5.958085893
v 2.789143079 0.147136621 -5.663812651
v 1.906323352 0.147136621 -5.958085893
v 3.927736499 -0.822475913 -5.618444720
v -2.507775280 0.441409863 -5.663812651
v -1.919228796 -0.147136621 -6.546632377
v -3.684868248 0.147136621 -5.369539409
v -5.156234459 -0.441409863 -4.780992924
v -5.450507701 -0.441409863 -4.486719682
f 1047 1041 1040
f 1048 1047 1040
f 1048 1044 1047
f 1050 1043 1049
f 1050 1047 1044
f 1051 1046 1040
f 1051 1040 1041
f 1052 1040 1046
f 1054 1052 1042
f 1054 1048 1040
f 1054 1040 1052
f 1056 1049 1043
f 1057 1050 1049
f 1057 1049 1045
f 1057 1047 1050
f 1059 1047 1057
f 1059 1057 1045
f 1060 1051 1041
f 1060 1041 1053
f 1060 1053 1046
f 1060 1046 1051
f 1061 1054 1042
f 1061 1042 1056
f 1062 1055 1044
f 1062 1044 1048
f 1062 1048 1054
f 1063 1050 1044
f 1063 1044 1055
f 1064 1043 1050
f 1064 1063 1055
f 1064 1050 1063
f 1065 1045 1049
f 1065 1049 1056
f 1065 1058 1045
f 1065 1056 1058
f 1066 1045 1058
f 1066 1059 1045
f 1066 1053 1059
f 1067 1058 1042
f 1067 1042 1052
f 1067 1066 1058
f 1067 1052 1046
f 1067 1046 1053
f 1067 1053 1066
f 1068 1058 1056
f 1068 1056 1042
f 1068 1042 1058
f 1069 1059 1053
f 1069 1053 1041
f 1069 1041 1047
f 1069 1047 1059
f 1070 1054 1061
f 1071 1061 1056
f 1071 1056 1043
f 1071 1070 1061
f 1071 1043 1070
f 1072 1062 1054
f 1072 1054 1070
f 1072 1070 1043
f 1072 1043 1064
f 1073 1072 1064
f 1073 1064 1055
f 1073 1062 1072
f 1074 1073 1055
f 1074 1055 1062
f 1074 1062 1073
o teddy027
usemtl Material027
v -3.684868248 -6.032601464 8.167029730
v -3.655918717 -6.942223876 8.039469448
v -3.684868248 -4.561235253 0.221652192
v -8.098966881 -4.561235253 0.221652192
v -8.264964786 -6.827580867 5.132131634
v -3.979141491 -4.561235253 7.872756488
v -3.684868248 -4.561235253 7.872756488
v -5.450507701 -6.915421190 7.872756488
v -3.684868248 -6.915421190 0.221652192
v -8.098966881 -4.561235253 4.635750824
v -4.567687975 -6.915421190 8.167029730
v -8.098966881 -6.915421190 0.221652192
v -5.450507701 -5.738328222 7.578483246
v -5.600807645 -7.000360552 7.390944259
v -3.979141491 -6.032601464 8.167029730
v -4.861961217 -5.444054980 7.872756488
v -8.098966881 -4.855508495 4.930024066
v -5.450507701 -6.621147948 7.872756488
v -4.567687975 -6.621147948 8.167029730
v -5.450507701 -4.561235253 6.989936761
v -5.744780943 -6.326874706 7.578483246
v -4.567687975 -4.561235253 7.578483246
v -7.804693638 -4.561235253 4.930024066
v -4.861961217 -4.855508495 7.578483246
f 1080 1077 1078
f 1081 1075 1076
f 1081 1076 1077
f 1081 1080 1075
f 1081 1077 1080
f 1083 1077 1076
f 1083 1078 1077
f 1084 1080 1078
f 1084 1078 1079
f 1085 1076 1075
f 1086 1079 1078
f 1086 1078 1083
f 1088 1085 1082
f 1088 1076 1085
f 1088 1082 1079
f 1088 1079 1086
f 1088 1086 1083
f 1088 1083 1076
f 1089 1085 1075
f 1089 1075 1080
f 1090 1089 1080
f 1091 1084 1079
f 1092 1082 1085
f 1092 1079 1082
f 1093 1085 1089
f 1093 1089 1090
f 1093 1092 1085
f 1093 1090 1092
f 1094 1091 1087
f 1094 1087 1090
f 1094 1080 1084
f 1095 1087 1091
f 1095 1091 1079
f 1095 1079 1092
f 1095 1092 1090
f 1095 1090 1087
f 1096 1090 1080
f 1096 1080 1094
f 1097 1094 1084
f 1097 1084 1091
f 1097 1091 1094
f 1098 1096 1094
f 1098 1094 1090
f 1098 1090 1096
o teddy028
usemtl Material028
v -1.313923413 14.978993042 5.386554656
v -1.330682311 13.683705760 5.518570551
v -1.330682311 13.683705760 -1.249714019
v -5.450507701 15.449345213 -1.249714019
v -7.804693638 13.977979002 3.752931098
v -1.330682311 16.037891697 -1.249714019
v -5.156234459 14.860798728 5.518570551
v -8.230024179 13.515127827 1.152995637
v -5.450507701 13.683705760 5.518570551
v -3.979141491 15.155071970 5.518570551
v -6.664706873 16.027053099 3.833822675
v -7.630397079 13.503685209 -0.903621107
v -7.946398231 13.526557341 3.127982861
v -7.510420396 15.155071970 3.752931098
v -6.525348978 16.098312247 0.105582475
v -1.330682311 16.037891697 4.635750824
v -5.450507701 13.683705760 -1.249714019
v -7.724787543 13.601403259 3.733862398
v -8.393240123 13.977979002 1.987291645
v -4.861961217 15.743618455 -1.249714019
v -7.804693638 13.977979002 -0.955440776
v -7.852648989 15.265567063 1.148228992
v -4.567687975 15.743618455 4.635750824
v -5.448656948 16.033770803 3.958894421
v -8.098966881 13.977979002 3.164384614
v -8.234331363 13.520028861 1.949375575
v -1.919228796 16.037891697 -1.249714019
v -6.039054186 15.449345213 -0.955440776
v -8.393240123 13.977979002 1.104471919
v -7.699349983 15.186760319 3.247720142
v -1.624955553 16.037891697 4.635750824
v -7.846311125 15.260770377 1.383906276
v -2.507775280 15.743618455 4.930024066
f 1099 1100 1101
f 1104 1099 1101
f 1104 1101 1102
f 1107 1100 1105
f 1108 1105 1100
f 1108 1100 1099
f 1109 1105 1108
f 1110 1101 1100
f 1111 1100 1107
f 1111 1110 1100
f 1111 1106 1110
f 1112 1105 1109
f 1112 1107 1105
f 1112 1103 1107
f 1114 1108 1099
f 1114 1099 1104
f 1114 1104 1113
f 1115 1102 1101
f 1115 1101 1110
f 1116 1111 1107
f 1116 1107 1103
f 1118 1104 1102
f 1119 1110 1106
f 1119 1115 1110
f 1119 1102 1115
f 1120 1109 1113
f 1120 1113 1119
f 1121 1109 1108
f 1122 1113 1109
f 1123 1116 1103
f 1123 1111 1116
f 1123 1117 1111
f 1123 1103 1112
f 1124 1106 1111
f 1124 1111 1117
f 1125 1118 1113
f 1125 1113 1104
f 1125 1104 1118
f 1126 1118 1102
f 1126 1113 1118
f 1126 1119 1113
f 1126 1102 1119
f 1127 1119 1106
f 1127 1120 1119
f 1127 1117 1120
f 1127 1124 1117
f 1127 1106 1124
f 1128 1112 1109
f 1128 1123 1112
f 1128 1117 1123
f 1129 1109 1121
f 1129 1122 1109
f 1129 1114 1113
f 1129 1113 1122
f 1129 1108 1114
f 1130 1128 1109
f 1130 1109 1120
f 1130 1120 1117
f 1130 1117 1128
f 1131 1129 1121
f 1131 1121 1108
f 1131 1108 1129
o teddy029
usemtl Material029
v 1.612050110 -7.798240917 9.049849456
v 2.774678815 -10.129364107 8.515573204
v 2.789143079 -7.209694433 4.930024066
v -5.744780943 -6.915421190 4.930024066
v -4.861961217 -9.858153612 8.167029730
v 0.140683899 -6.915421190 9.049849456
v 2.765435740 -7.246702659 8.506167251
v -1.330682311 -9.858153612 9.049849456
v 2.789143079 -10.152426854 4.930024066
v 0.434957142 -6.915421190 4.930024066
v -5.744780943 -6.915421190 7.872756488
v 1.906323352 -8.092514159 9.049849456
v 0.729230384 -7.209694433 9.049849456
v 0.427854335 -6.926508992 8.680852367
v 0.428919410 -10.143878541 8.661862784
v -5.744780943 -9.858153612 4.930024066
v -1.624955553 -7.798240917 9.049849456
v 0.434957142 -9.563880370 9.049849456
v -0.153589343 -9.858153612 9.049849456
v -5.673926624 -9.841877043 7.590546728
v 0.434957142 -10.152426854 4.930024066
v -2.213502038 -6.915421190 8.755576214
v -5.156234459 -7.209694433 8.167029730
v -3.979141491 -8.681060643 8.461302972
v 1.906323352 -8.386787401 9.049849456
v -5.156234459 -8.681060643 8.167029730
v -0.742135827 -6.915421190 9.049849456
v -4.861961217 -6.915421190 8.167029730
v -2.802048522 -7.503967675 8.755576214
v -1.624955553 -8.386787401 9.049849456
v 1.317776868 -8.975333885 9.049849456
f 1138 1133 1134
f 1139 1132 1137
f 1140 1134 1133
f 1140 1135 1134
f 1141 1134 1135
f 1141 1135 1137
f 1142 1137 1135
f 1143 1138 1132
f 1143 1133 1138
f 1143 1132 1139
f 1144 1138 1137
f 1144 1137 1132
f 1144 1132 1138
f 1145 1138 1134
f 1145 1137 1138
f 1145 1141 1137
f 1145 1134 1141
f 1146 1139 1136
f 1146 1140 1133
f 1147 1135 1140
f 1147 1142 1135
f 1148 1139 1137
f 1149 1143 1139
f 1150 1146 1133
f 1150 1139 1146
f 1150 1149 1139
f 1150 1133 1149
f 1151 1142 1147
f 1151 1147 1146
f 1151 1146 1136
f 1152 1147 1140
f 1152 1140 1146
f 1152 1146 1147
f 1153 1137 1142
f 1156 1133 1143
f 1156 1143 1149
f 1157 1151 1136
f 1157 1142 1151
f 1157 1154 1142
f 1157 1136 1139
f 1157 1139 1155
f 1158 1148 1137
f 1158 1137 1153
f 1159 1153 1142
f 1159 1142 1154
f 1160 1159 1154
f 1160 1153 1159
f 1160 1158 1153
f 1160 1148 1158
f 1160 1154 1157
f 1161 1155 1139
f 1161 1139 1148
f 1161 1157 1155
f 1161 1160 1157
f 1161 1148 1160
f 1162 1156 1149
f 1162 1149 1133
f 1162 1133 1156
o teddy030
usemtl Material030
v 6.614695227 10.446700096 -0.955440776
v 6.614695227 2.207049316 -1.543987261
v 6.026148742 8.681060643 -4.192446440
v -1.330682311 9.858153612 -5.369539409
v -1.330682311 5.444054980 -0.955440776
v 1.612050110 4.855508495 -4.780992924
v 4.849055774 10.446700096 -4.192446440
v 6.614695227 8.092514159 -3.898173198
v 6.219255981 2.125155386 -1.086155589
v -1.330682311 10.446700096 -0.955440776
v 1.612050110 7.798240917 -5.369539409
v -1.330682311 3.089869043 -3.898173198
v 6.614695227 10.446700096 -3.309626714
v 6.026148742 5.444054980 -4.192446440
v 6.614695227 5.444054980 -0.955440776
v -1.319023466 10.421148937 -4.930614114
v -1.330682311 6.915421190 -5.369539409
v 5.143329016 8.975333885 -4.486719682
v 1.317776868 10.446700096 -5.075266166
v -1.330682311 3.089869043 -1.249714019
v 5.143329016 2.501322558 -3.015353471
v 6.320421984 9.269607128 -3.898173198
v 6.614695227 5.444054980 -3.898173198
v 4.849055774 5.444054980 -4.486719682
v 6.486719271 2.359993308 -1.112943339
v -0.742135827 6.915421190 -5.369539409
v -1.330682311 4.561235253 -4.780992924
v 5.437602258 6.032601464 -4.486719682
v 0.729230384 9.269607128 -5.369539409
v 3.966236047 10.446700096 -4.486719682
v 4.849055774 1.324229590 -1.543987261
v 4.777290685 1.474886791 -1.133689124
v 1.023503626 3.089869043 -3.898173198
v 6.614695227 9.563880370 -3.603899956
v 6.026148742 9.858153612 -3.898173198
v 5.731875500 2.795595800 -3.015353471
v 4.260509289 4.266962011 -4.192446440
v 6.320421984 1.912776074 -1.543987261
v 1.023503626 6.032601464 -5.075266166
v -0.742135827 5.444054980 -5.075266166
v 5.437602258 8.092514159 -4.486719682
v -0.742135827 9.858153612 -5.369539409
v 1.612050110 8.386787401 -5.369539409
v 5.143329016 10.152426854 -4.192446440
v 3.083416321 10.152426854 -4.780992924
v 5.143329016 1.324229590 -1.249714019
v 0.140683899 4.561235253 -4.780992924
v -0.447862585 3.972688769 -4.486719682
v 5.143329016 1.324229590 -1.543987261
v 5.731875500 9.269607128 -4.192446440
v 6.614695227 3.678415527 -3.015353471
v 4.260509289 5.149781738 -4.486719682
v 3.966236047 3.678415527 -3.898173198
v 5.437602258 3.678415527 -3.603899956
v 5.437602258 4.855508495 -4.192446440
v 5.731875500 2.501322558 -2.721080229
v 1.023503626 7.503967675 -5.369539409
v -1.330682311 5.444054980 -5.075266166
v 0.140683899 9.563880370 -5.369539409
v 4.260509289 10.152426854 -4.486719682
v 2.789143079 10.446700096 -4.780992924
v 1.906323352 9.858153612 -5.075266166
v 1.612050110 4.266962011 -4.486719682
v -1.330682311 3.972688769 -4.486719682
f 1170 1163 1164
f 1172 1167 1163
f 1172 1166 1167
f 1172 1163 1169
f 1174 1167 1166
f 1175 1169 1163
f 1175 1163 1170
f 1177 1164 1163
f 1177 1163 1167
f 1177 1167 1171
f 1178 1166 1172
f 1179 1166 1173
f 1179 1174 1166
f 1181 1166 1178
f 1181 1178 1172
f 1181 1172 1169
f 1182 1167 1174
f 1184 1170 1165
f 1185 1170 1164
f 1186 1168 1173
f 1187 1177 1171
f 1187 1164 1177
f 1188 1179 1173
f 1189 1174 1179
f 1190 1186 1173
f 1190 1185 1176
f 1190 1170 1185
f 1191 1173 1166
f 1192 1181 1169
f 1193 1182 1174
f 1194 1171 1167
f 1194 1167 1182
f 1195 1193 1174
f 1196 1184 1175
f 1196 1175 1170
f 1196 1170 1184
f 1197 1175 1184
f 1197 1184 1165
f 1200 1187 1171
f 1200 1164 1187
f 1200 1198 1164
f 1202 1201 1168
f 1202 1188 1201
f 1202 1179 1188
f 1203 1190 1173
f 1203 1180 1165
f 1203 1165 1170
f 1203 1170 1190
f 1204 1191 1166
f 1204 1166 1181
f 1205 1191 1181
f 1205 1173 1191
f 1205 1203 1173
f 1205 1180 1203
f 1206 1192 1169
f 1206 1169 1175
f 1206 1175 1197
f 1207 1180 1205
f 1208 1194 1182
f 1208 1182 1193
f 1208 1200 1171
f 1208 1171 1194
f 1209 1202 1168
f 1209 1189 1202
f 1210 1195 1174
f 1210 1209 1195
f 1210 1189 1209
f 1211 1195 1183
f 1211 1193 1195
f 1211 1208 1193
f 1211 1200 1208
f 1212 1197 1165
f 1212 1165 1180
f 1212 1206 1197
f 1212 1180 1206
f 1213 1185 1164
f 1213 1164 1198
f 1214 1199 1168
f 1214 1168 1186
f 1214 1186 1199
f 1215 1199 1183
f 1215 1183 1195
f 1216 1198 1183
f 1216 1183 1199
f 1216 1176 1185
f 1216 1213 1198
f 1216 1185 1213
f 1217 1199 1186
f 1217 1216 1199
f 1217 1176 1216
f 1217 1190 1176
f 1217 1186 1190
f 1218 1183 1198
f 1218 1198 1200
f 1218 1211 1183
f 1218 1200 1211
f 1219 1201 1188
f 1219 1188 1173
f 1219 1173 1168
f 1219 1168 1201
f 1220 1202 1189
f 1220 1189 1179
f 1220 1179 1202
f 1221 1204 1181
f 1221 1181 1191
f 1221 1191 1204
f 1222 1206 1180
f 1222 1192 1206
f 1222 1207 1192
f 1222 1180 1207
f 1223 1207 1181
f 1223 1181 1192
f 1223 1192 1207
f 1224 1207 1205
f 1224 1205 1181
f 1224 1181 1207
f 1225 1195 1209
f 1225 1215 1195
f 1225 1199 1215
f 1225 1209 1168
f 1225 1168 1199
f 1226 1210 1174
f 1226 1174 1189
f 1226 1189 1210
o teddy031
usemtl Material031
v 6.614695227 -15.449345213 13.758221331
v 10.440247375 -17.803531150 9.932669183
v 10.145974132 -15.743618455 11.404035394
v 7.387502434 -13.518600798 7.232366832
v 5.705641889 -20.595191901 7.191523645
v 9.263154406 -15.155071970 7.284210004
v 6.908968469 -14.272252244 13.463948089
v 9.557427648 -16.920711423 11.992581878
v 5.731875500 -15.449345213 7.284210004
v 10.440247375 -16.332164939 9.932669183
v 7.791788195 -13.389432518 7.284210004
v 9.557427648 -18.392077634 7.284210004
v 10.440247375 -16.920711423 10.815488909
v 8.380334680 -15.449345213 12.875401604
v 8.674607922 -20.157717087 8.461302972
v 5.731875500 -16.037891697 13.758221331
v 6.689790578 -13.761141435 9.405133253
v 10.145974132 -15.743618455 10.815488909
v 8.380334680 -13.977979002 7.284210004
v 8.086061437 -14.566525486 12.875401604
v 9.557427648 -16.037891697 7.284210004
v 10.440247375 -17.803531150 8.461302972
v 10.145974132 -18.097804392 10.226942425
v 10.145974132 -16.626438181 11.404035394
v 10.440247375 -16.332164939 10.815488909
v 7.203241711 -14.566525486 13.463948089
v 7.203241711 -16.037891697 13.463948089
v 9.263154406 -15.449345213 12.286855120
v 8.086061437 -20.451990329 7.284210004
v 5.718315925 -15.395255703 13.621029509
v 5.731875500 -19.274897360 10.815488909
v 7.791788195 -13.389432518 7.578483246
v 9.557427648 -15.449345213 7.872756488
v 9.851700890 -19.274897360 8.755576214
v 9.851700890 -17.803531150 7.578483246
v 10.145974132 -17.214984665 11.109762151
v 9.557427648 -19.274897360 9.344122699
v 7.791788195 -14.566525486 13.169674846
v 9.263154406 -16.332164939 12.286855120
v 6.614695227 -15.743618455 13.758221331
v 8.674607922 -14.860798728 12.581128362
v 7.203241711 -20.746263571 7.578483246
v 9.263154406 -19.274897360 7.284210004
v 6.614695227 -14.272252244 13.463948089
v 6.614695227 -18.686350876 11.404035394
v 5.731875500 -17.509257908 12.581128362
v 10.440247375 -18.392077634 9.049849456
v 8.674607922 -20.157717087 7.578483246
v 10.440247375 -18.097804392 8.461302972
v 9.851700890 -16.920711423 11.698308636
v 9.557427648 -17.214984665 11.698308636
v 9.851700890 -19.274897360 9.049849456
v 8.674607922 -16.626438181 12.581128362
v 6.908968469 -16.332164939 13.463948089
v 9.557427648 -15.449345213 11.992581878
v 9.263154406 -15.155071970 11.992581878
v 8.086061437 -20.451990329 8.167029730
v 7.203241711 -20.746263571 7.284210004
v 5.731875500 -20.746263571 7.578483246
v 6.614695227 -13.977979002 11.109762151
v 6.614695227 -18.980624118 11.109762151
v 10.440247375 -18.097804392 9.638395941
v 9.557427648 -19.569170603 8.755576214
v 9.263154406 -19.569170603 7.578483246
f 1235 1230 1231
f 1239 1228 1236
f 1243 1230 1235
f 1244 1229 1236
f 1244 1237 1229
f 1245 1232 1230
f 1245 1230 1237
f 1245 1244 1232
f 1245 1237 1244
f 1247 1230 1232
f 1247 1238 1231
f 1247 1231 1230
f 1248 1236 1228
f 1249 1228 1239
f 1250 1239 1229
f 1251 1239 1236
f 1251 1236 1229
f 1251 1229 1239
f 1252 1233 1227
f 1252 1227 1240
f 1253 1240 1227
f 1256 1235 1231
f 1256 1243 1235
f 1256 1242 1227
f 1257 1256 1231
f 1258 1237 1230
f 1258 1230 1243
f 1258 1233 1246
f 1258 1229 1237
f 1259 1244 1236
f 1259 1232 1244
f 1259 1247 1232
f 1259 1248 1247
f 1259 1236 1248
f 1261 1238 1247
f 1261 1247 1248
f 1262 1249 1239
f 1264 1246 1233
f 1264 1233 1252
f 1264 1252 1240
f 1264 1240 1254
f 1265 1254 1240
f 1265 1234 1254
f 1266 1253 1227
f 1266 1227 1242
f 1267 1264 1254
f 1267 1246 1264
f 1267 1258 1246
f 1269 1255 1231
f 1269 1231 1238
f 1270 1233 1258
f 1270 1256 1227
f 1270 1227 1233
f 1272 1242 1256
f 1272 1256 1257
f 1273 1248 1228
f 1274 1241 1255
f 1274 1255 1269
f 1275 1261 1248
f 1275 1238 1261
f 1275 1269 1238
f 1275 1248 1273
f 1275 1273 1260
f 1276 1249 1262
f 1276 1250 1229
f 1276 1254 1234
f 1276 1262 1239
f 1276 1239 1250
f 1277 1263 1249
f 1277 1234 1271
f 1277 1276 1234
f 1277 1249 1276
f 1278 1249 1263
f 1278 1260 1273
f 1278 1263 1241
f 1279 1234 1265
f 1279 1271 1234
f 1279 1265 1240
f 1279 1240 1253
f 1280 1266 1242
f 1280 1253 1266
f 1280 1242 1272
f 1280 1272 1271
f 1280 1279 1253
f 1280 1271 1279
f 1281 1267 1254
f 1281 1276 1229
f 1281 1254 1276
f 1282 1229 1258
f 1282 1258 1267
f 1282 1281 1229
f 1282 1267 1281
f 1283 1268 1255
f 1283 1255 1241
f 1283 1257 1268
f 1284 1231 1255
f 1284 1255 1268
f 1285 1268 1257
f 1285 1257 1231
f 1285 1284 1268
f 1285 1231 1284
f 1286 1243 1256
f 1286 1256 1270
f 1286 1270 1258
f 1286 1258 1243
f 1287 1241 1263
f 1287 1277 1271
f 1287 1263 1277
f 1287 1283 1241
f 1287 1257 1283
f 1287 1272 1257
f 1287 1271 1272
f 1288 1273 1228
f 1288 1228 1249
f 1288 1278 1273
f 1288 1249 1278
f 1289 1274 1260
f 1289 1241 1274
f 1289 1278 1241
f 1289 1260 1278
f 1290 1274 1269
f 1290 1260 1274
f 1290 1275 1260
f 1290 1269 1275
o teddy032
usemtl Material032
v 7.497514953 -10.152426854 7.284210004
v 9.557427648 -18.392077634 7.284210004
v 9.451997017 -10.137452874 3.976834093
v 5.731875500 -10.152426854 4.047204340
v 5.408476965 -20.669396142 7.239829186
v 9.317986980 -10.118419850 4.181661609
v 9.557427648 -16.332164939 7.284210004
v 6.843347265 -20.473768875 7.305807512
v 5.731875500 -10.152426854 7.284210004
v 5.437602258 -19.863443845 4.047204340
v 9.263154406 -10.152426854 4.930024066
v 9.557427648 -17.803531150 6.401390277
v 5.437602258 -15.449345213 7.284210004
v 9.059239926 -13.949857505 3.904605315
v 5.731875500 -21.040536813 5.518570551
v 8.086061437 -10.152426854 6.695663519
v 5.437602258 -15.449345213 4.047204340
v 9.349368560 -11.607371584 3.904358303
v 8.086061437 -17.214984665 4.047204340
v 5.731875500 -21.040536813 6.401390277
v 5.437602258 -21.040536813 5.518570551
v 8.086061437 -20.451990329 6.989936761
v 8.674607922 -15.743618455 4.047204340
v 6.614695227 -19.274897360 4.047204340
v 8.086061437 -20.451990329 7.284210004
v 5.437602258 -20.746263571 4.635750824
v 5.437602258 -21.040536813 6.401390277
v 9.263154406 -18.980624118 6.695663519
v 8.968881164 -18.980624118 6.107117035
v 5.731875500 -19.863443845 4.047204340
v 8.674607922 -19.863443845 7.284210004
v 7.497514953 -20.451990329 5.518570551
v 9.557427648 -18.392077634 6.989936761
v 9.263154406 -18.686350876 6.401390277
v 5.731875500 -20.451990329 4.341477582
v 9.263154406 -18.980624118 7.284210004
v 8.674607922 -19.863443845 6.989936761
v 6.908968469 -20.746263571 5.812843793
v 6.320421984 -20.746263571 4.930024066
v 7.497514953 -20.157717087 5.224297309
v 7.791788195 -20.157717087 5.518570551
v 5.437602258 -20.451990329 4.341477582
v 5.731875500 -20.746263571 4.635750824
v 6.614695227 -20.746263571 5.224297309
v 7.203241711 -20.451990329 5.224297309
v 8.674607922 -19.569170603 6.401390277
v 6.614695227 -20.157717087 4.635750824
f 1296 1293 1294
f 1298 1297 1291
f 1298 1292 1297
f 1299 1296 1294
f 1299 1291 1296
f 1299 1298 1291
f 1301 1293 1296
f 1301 1297 1293
f 1302 1297 1292
f 1302 1293 1297
f 1303 1299 1294
f 1303 1295 1298
f 1303 1298 1299
f 1306 1301 1296
f 1306 1296 1291
f 1306 1291 1297
f 1306 1297 1301
f 1307 1300 1295
f 1307 1295 1303
f 1307 1303 1294
f 1307 1304 1300
f 1307 1294 1304
f 1308 1304 1294
f 1308 1294 1293
f 1308 1293 1302
f 1308 1302 1304
f 1311 1305 1310
f 1312 1310 1305
f 1313 1309 1304
f 1313 1304 1302
f 1314 1304 1309
f 1315 1298 1295
f 1315 1295 1310
f 1315 1310 1312
f 1316 1311 1295
f 1316 1305 1311
f 1317 1311 1310
f 1317 1310 1295
f 1317 1295 1311
f 1319 1309 1313
f 1320 1300 1304
f 1320 1304 1314
f 1321 1298 1315
f 1321 1315 1312
f 1323 1318 1302
f 1323 1302 1292
f 1323 1292 1318
f 1324 1302 1318
f 1324 1318 1319
f 1324 1319 1313
f 1324 1313 1302
f 1325 1300 1320
f 1325 1320 1314
f 1326 1321 1318
f 1326 1318 1292
f 1326 1292 1298
f 1326 1298 1321
f 1327 1321 1312
f 1327 1318 1321
f 1327 1312 1322
f 1328 1322 1312
f 1328 1312 1305
f 1330 1314 1309
f 1331 1327 1322
f 1331 1322 1330
f 1331 1330 1309
f 1331 1309 1319
f 1332 1325 1316
f 1332 1300 1325
f 1332 1316 1295
f 1332 1295 1300
f 1333 1329 1305
f 1333 1305 1316
f 1333 1316 1325
f 1333 1325 1329
f 1334 1328 1305
f 1334 1305 1329
f 1334 1322 1328
f 1335 1330 1322
f 1335 1329 1325
f 1335 1334 1329
f 1335 1322 1334
f 1336 1318 1327
f 1336 1327 1331
f 1336 1331 1319
f 1336 1319 1318
f 1337 1335 1325
f 1337 1325 1314
f 1337 1314 1330
f 1337 1330 1335
o teddy033
usemtl Material033
v -8.393240123 -6.621147948 5.518570551
v -8.072450242 -9.858789750 5.489457463
v -8.098966881 -4.561235253 0.221652192
v -12.465654505 -4.490672629 0.205894601
v -9.276059849 -9.858153612 4.930024066
v -8.393240123 -4.561235253 4.047204340
v -11.924519028 -4.855508495 1.693018403
v -8.098966881 -9.858153612 0.221652192
v -11.801744591 -4.373974412 1.619650937
v -7.983109638 -5.505362607 4.788964301
v -9.276059849 -8.681060643 4.930024066
v -10.453152818 -9.858153612 2.870111371
v -10.510157974 -9.899740836 0.205448090
v -9.157918541 -4.433673930 3.516029365
v -12.420635801 -4.420604800 0.460985205
v -8.687513365 -6.326874706 5.224297309
v -8.393240123 -5.444054980 4.930024066
v -7.949190984 -6.700404148 5.336213779
v -7.987124962 -4.619622082 3.983908549
v -10.747426060 -9.858153612 1.104471919
v -8.233326658 -9.861989961 5.342998725
v -12.513065513 -4.855508495 0.515925434
v -10.349003697 -4.432977403 2.939164739
v -12.513065513 -4.855508495 0.221652192
f 1342 1339 1338
f 1348 1344 1342
f 1348 1342 1338
f 1349 1342 1344
f 1350 1341 1340
f 1350 1340 1345
f 1350 1342 1349
f 1351 1340 1346
f 1352 1346 1340
f 1352 1340 1341
f 1352 1344 1346
f 1353 1346 1344
f 1353 1348 1338
f 1353 1344 1348
f 1354 1338 1347
f 1354 1353 1338
f 1355 1347 1338
f 1355 1338 1339
f 1355 1339 1345
f 1356 1354 1347
f 1356 1343 1354
f 1356 1351 1343
f 1356 1340 1351
f 1356 1347 1355
f 1356 1355 1345
f 1356 1345 1340
f 1357 1350 1349
f 1358 1339 1342
f 1358 1342 1350
f 1358 1350 1345
f 1358 1345 1339
f 1359 1349 1344
f 1359 1344 1352
f 1359 1352 1341
f 1359 1357 1349
f 1360 1354 1343
f 1360 1343 1351
f 1360 1351 1346
f 1360 1346 1353
f 1360 1353 1354
f 1361 1359 1341
f 1361 1341 1350
f 1361 1350 1357
f 1361 1357 1359
o teddy034
usemtl Material034
v 6.026148742 3.089869043 6.401390277
v 8.968881164 3.678415527 4.635750824
v 6.320421984 4.561235253 5.224297309
v 4.849055774 3.089869043 2.870111371
v 5.437602258 0.735683105 3.458657856
v 8.086061437 4.561235253 2.870111371
v 4.849055774 3.089869043 5.224297309
v 8.525252251 4.557942585 5.121482054
v 6.614695227 1.618502832 4.635750824
v 6.320421984 4.561235253 2.870111371
v 5.318851818 0.990994678 2.804521702
v 5.654613298 3.183611771 6.310999804
v 8.674607922 3.972688769 5.224297309
v 9.032126748 4.562629554 4.385015339
v 7.203241711 1.618502832 2.870111371
v 5.437602258 1.029956348 4.635750824
v 8.239149701 2.965972410 2.818565371
v 4.829596132 0.777521028 2.859363189
v 7.791788195 2.795595800 4.930024066
v 8.968881164 3.972688769 4.930024066
v 6.614695227 1.324229590 3.458657856
v 8.086061437 2.501322558 3.752931098
v 6.026148742 2.501322558 6.107117035
v 4.780596077 1.767675454 5.101527812
v 8.376283620 3.094757705 2.868632348
v 4.849055774 0.735683105 4.047204340
v 8.086061437 2.795595800 4.635750824
v 6.908968469 1.618502832 4.047204340
v 6.320421984 1.912776074 5.224297309
v 5.731875500 2.795595800 6.401390277
v 7.791788195 3.089869043 5.224297309
v 6.026148742 2.795595800 6.401390277
v 4.755273822 1.234305773 4.467570661
v 8.380334680 2.795595800 3.752931098
v 5.143329016 0.735683105 4.047204340
v 7.203241711 1.618502832 3.164384614
f 1368 1364 1365
f 1369 1364 1362
f 1371 1365 1364
f 1372 1365 1371
f 1373 1362 1364
f 1373 1364 1368
f 1374 1369 1362
f 1375 1364 1369
f 1375 1371 1364
f 1375 1367 1371
f 1378 1372 1371
f 1378 1371 1367
f 1378 1376 1372
f 1379 1365 1372
f 1379 1376 1366
f 1379 1372 1376
f 1380 1363 1374
f 1381 1374 1363
f 1381 1363 1375
f 1381 1375 1369
f 1381 1369 1374
f 1385 1373 1368
f 1385 1368 1365
f 1386 1375 1363
f 1386 1376 1378
f 1386 1378 1367
f 1386 1367 1375
f 1387 1379 1366
f 1387 1377 1385
f 1388 1380 1370
f 1388 1363 1380
f 1388 1383 1363
f 1389 1366 1382
f 1389 1377 1366
f 1389 1370 1377
f 1389 1388 1370
f 1389 1383 1388
f 1390 1384 1377
f 1390 1377 1370
f 1390 1370 1380
f 1390 1380 1384
f 1391 1362 1373
f 1391 1373 1385
f 1391 1385 1377
f 1392 1384 1380
f 1392 1380 1374
f 1393 1374 1362
f 1393 1362 1391
f 1393 1391 1377
f 1393 1377 1384
f 1393 1392 1374
f 1393 1384 1392
f 1394 1385 1365
f 1394 1365 1379
f 1394 1387 1385
f 1394 1379 1387
f 1395 1386 1363
f 1395 1363 1383
f 1395 1383 1376
f 1395 1376 1386
f 1396 1387 1366
f 1396 1366 1377
f 1396 1377 1387
f 1397 1389 1382
f 1397 1376 1383
f 1397 1383 1389
f 1397 1382 1366
f 1397 1366 1376
o teddy035
usemtl Material035
v 0.408223313 -0.860756401 -6.726518204
v 0.434957142 -9.269607128 -6.840905619
v 0.434957142 -7.798240917 -10.372184525
v -3.096321764 -8.975333885 -10.372184525
v -7.915795115 -9.260055166 -6.928325257
v 0.434957142 -9.269607128 -10.372184525
v -2.802048522 -1.912776074 -8.017998588
v 0.434957142 -0.735683105 -7.135178861
v -7.623502909 -6.669366278 -6.704785097
v -2.607542597 -8.570142079 -10.376888645
v -3.096321764 -9.269607128 -10.372184525
v -3.096321764 -1.029956348 -6.840905619
v 0.140683899 -1.618502832 -8.017998588
v -2.420355782 -0.910663202 -6.664387129
v -6.039054186 -3.678415527 -7.723725346
v -2.802048522 -3.678415527 -8.900818314
v -7.510420396 -9.269607128 -8.017998588
v -1.330682311 -0.735683105 -7.429452104
v 0.434957142 -2.501322558 -8.312271830
v -6.446811907 -3.782203836 -6.657207176
v -2.507775280 -0.735683105 -7.135178861
v -2.036856516 -7.964759149 -10.376456691
v -1.624955553 -2.795595800 -8.606545072
v -4.567687975 -3.972688769 -8.606545072
v -7.804693638 -7.209694433 -7.429452104
v -7.804693638 -9.269607128 -7.723725346
v -0.153589343 -1.029956348 -7.723725346
v 0.434957142 -1.324229590 -7.723725346
v 0.434957142 -3.972688769 -8.900818314
v -5.634906265 -2.973623979 -6.676804712
v -1.624955553 -1.029956348 -7.723725346
v -5.744780943 -2.795595800 -7.135178861
v -0.742135827 -3.678415527 -8.900818314
v -1.919228796 -2.795595800 -8.606545072
v -4.567687975 -3.384142285 -8.312271830
v -6.627600670 -7.209694433 -8.312271830
v -7.804693638 -6.621147948 -7.135178861
v -7.510420396 -8.386787401 -8.017998588
v -7.804693638 -8.975333885 -7.723725346
v -0.447862585 -0.735683105 -7.429452104
v -2.507775280 -1.029956348 -7.429452104
v -3.096321764 -1.029956348 -7.135178861
v -6.627600670 -3.678415527 -7.135178861
v 0.140683899 -3.089869043 -8.606545072
v -1.919228796 -1.618502832 -8.017998588
v -5.744780943 -3.384142285 -7.723725346
v -5.450507701 -4.561235253 -8.312271830
v -7.336587242 -5.495234122 -6.695209053
v -7.510420396 -6.915421190 -7.723725346
v -5.744780943 -7.798240917 -8.900818314
v -3.096321764 -1.324229590 -7.429452104
v -5.156234459 -3.972688769 -8.312271830
v -7.510420396 -5.444054980 -7.135178861
v -6.627600670 -4.855508495 -7.723725346
v -6.921873912 -8.092514159 -8.312271830
v -5.450507701 -6.915421190 -8.900818314
v -3.390595006 -2.207049316 -8.017998588
v -7.216147154 -5.444054980 -7.429452104
v -4.861961217 -5.738328222 -8.900818314
v -5.156234459 -7.798240917 -9.195091556
v -3.979141491 -2.207049316 -7.723725346
f 1403 1400 1399
f 1405 1398 1399
f 1405 1399 1400
f 1406 1402 1399
f 1408 1407 1403
f 1408 1401 1407
f 1408 1403 1399
f 1411 1399 1398
f 1414 1401 1408
f 1414 1408 1399
f 1416 1405 1400
f 1417 1406 1399
f 1417 1399 1411
f 1418 1411 1398
f 1418 1398 1405
f 1418 1405 1415
f 1418 1409 1411
f 1419 1413 1400
f 1419 1407 1401
f 1419 1400 1403
f 1419 1403 1407
f 1421 1419 1401
f 1421 1413 1419
f 1423 1414 1399
f 1423 1399 1402
f 1424 1410 1420
f 1425 1416 1410
f 1425 1405 1416
f 1425 1424 1405
f 1425 1410 1424
f 1426 1416 1400
f 1426 1410 1416
f 1427 1417 1411
f 1427 1411 1409
f 1428 1418 1415
f 1428 1415 1424
f 1428 1424 1420
f 1429 1427 1409
f 1429 1417 1427
f 1430 1420 1410
f 1430 1400 1420
f 1431 1420 1400
f 1431 1400 1413
f 1431 1413 1404
f 1431 1428 1420
f 1434 1422 1402
f 1434 1402 1406
f 1435 1414 1423
f 1435 1401 1414
f 1436 1423 1402
f 1436 1402 1422
f 1436 1435 1423
f 1436 1422 1435
f 1437 1424 1415
f 1437 1415 1405
f 1437 1405 1424
f 1438 1428 1404
f 1438 1418 1428
f 1439 1429 1409
f 1439 1409 1418
f 1439 1418 1438
f 1440 1429 1412
f 1440 1417 1429
f 1441 1426 1400
f 1441 1400 1430
f 1441 1430 1410
f 1441 1410 1426
f 1442 1431 1404
f 1442 1404 1428
f 1442 1428 1431
f 1443 1432 1412
f 1443 1412 1429
f 1445 1434 1406
f 1445 1406 1417
f 1445 1417 1440
f 1446 1435 1422
f 1446 1433 1435
f 1448 1439 1438
f 1448 1438 1404
f 1448 1443 1429
f 1448 1429 1439
f 1449 1432 1421
f 1449 1412 1432
f 1450 1445 1440
f 1450 1434 1445
f 1450 1446 1422
f 1450 1422 1434
f 1451 1444 1433
f 1451 1433 1446
f 1451 1449 1444
f 1451 1412 1449
f 1451 1450 1440
f 1451 1440 1412
f 1452 1435 1433
f 1452 1433 1447
f 1452 1447 1401
f 1452 1401 1435
f 1453 1447 1433
f 1453 1433 1444
f 1454 1448 1404
f 1454 1432 1443
f 1454 1421 1432
f 1454 1404 1413
f 1454 1413 1421
f 1455 1451 1446
f 1455 1446 1450
f 1455 1450 1451
f 1456 1421 1401
f 1456 1401 1453
f 1456 1453 1444
f 1456 1449 1421
f 1456 1444 1449
f 1457 1453 1401
f 1457 1401 1447
f 1457 1447 1453
f 1458 1454 1443
f 1458 1443 1448
f 1458 1448 1454
o teddy036
usemtl Material036
v 6.908968469 -13.389432518 9.344122699
v 7.497514953 -15.449345213 9.344122699
v 7.497514953 -13.095159275 7.284210004
v 0.434957142 -10.152426854 7.284210004
v 1.023503626 -14.860798728 9.344122699
v 6.614656499 -10.152416937 7.284128185
v 7.497514953 -13.683705760 9.049849456
v 0.428919410 -10.143878541 8.661862784
v 0.729169623 -15.376700157 7.150202730
v 7.375171118 -14.162680694 9.316615708
v 7.497514953 -13.095159275 7.578483246
v 3.083416321 -12.506612791 9.344122699
v 4.725133184 -10.117070193 8.206972099
v 7.497514953 -15.449345213 7.284210004
v 1.142853891 -15.458840000 9.309161839
v 0.434952330 -15.149319581 7.273598655
v 2.200596594 -12.800886033 9.344122699
v 3.671962805 -10.152426854 8.755576214
v 6.502211186 -10.123623054 7.340842743
v 0.729230384 -15.449345213 8.461302972
v 1.612050110 -13.683705760 9.344122699
v 4.554782532 -12.212339549 9.344122699
v 0.434957142 -12.212339549 8.755576214
v 4.260509289 -12.212339549 9.344122699
v 0.434957142 -13.683705760 8.461302972
v 0.434957142 -14.860798728 7.872756488
f 1463 1460 1459
f 1465 1460 1461
f 1465 1464 1459
f 1467 1464 1461
f 1467 1462 1464
f 1468 1465 1459
f 1468 1459 1460
f 1468 1460 1465
f 1469 1465 1461
f 1469 1461 1464
f 1469 1464 1465
f 1470 1463 1459
f 1471 1462 1466
f 1472 1467 1461
f 1472 1461 1460
f 1473 1460 1463
f 1473 1472 1460
f 1474 1466 1462
f 1474 1462 1467
f 1475 1470 1466
f 1475 1463 1470
f 1476 1471 1466
f 1477 1464 1462
f 1477 1462 1471
f 1477 1459 1464
f 1477 1476 1459
f 1477 1471 1476
f 1478 1467 1472
f 1478 1472 1473
f 1478 1474 1467
f 1478 1473 1463
f 1479 1475 1466
f 1479 1466 1463
f 1479 1463 1475
f 1480 1470 1459
f 1480 1459 1476
f 1481 1463 1466
f 1482 1480 1476
f 1482 1476 1466
f 1482 1466 1470
f 1482 1470 1480
f 1483 1478 1463
f 1483 1463 1481
f 1483 1481 1466
f 1484 1474 1478
f 1484 1478 1483
f 1484 1483 1466
f 1484 1466 1474
o teddy037
usemtl Material037
v 4.849055774 3.089869043 -1.249714019
v 4.931330482 1.740055917 -1.382730150
v 2.494869837 0.441409863 -5.369539409
v -3.096321764 0.441409863 -5.369539409
v -6.587456694 2.021174948 -1.163945426
v 4.225159558 0.097243437 -1.258127364
v 1.260453334 3.214612540 -3.399063063
v 4.849055774 2.501322558 -3.015353471
v -2.995950606 -0.050447041 -5.224600655
v -6.627600670 3.089869043 -1.249714019
v 4.824813619 3.139665063 -2.929256544
v 3.840321751 -0.023367275 -3.864237805
v 2.428679559 -0.008060770 -5.249392942
v -5.523492060 0.372777538 -1.285746036
v -5.693397213 0.020011343 -2.649712566
v -6.269877719 3.261198225 -2.879791767
v 4.488435379 3.226153305 -3.073992296
v 3.083416321 0.441409863 -5.075266166
v 4.382239373 -0.021395226 -2.093030849
v 2.974878252 -0.049302565 -4.940272102
v -3.979141491 0.147136621 -4.780992924
v -5.738371453 0.130536396 -2.129342579
v -4.224907644 3.232754539 -3.367615246
v -6.627600670 2.795595800 -2.721080229
v 3.671962805 0.441409863 -4.486719682
v 4.849055774 1.912776074 -2.426806987
v 4.464042849 0.001686837 -1.571786964
v -4.725965522 -0.052650605 -3.753811324
v 3.530912120 -0.043322561 -4.404068066
v -6.627600670 1.912776074 -1.543987261
v -5.744780943 3.089869043 -3.309626714
v -6.590165897 3.190951759 -2.641100011
v -6.333327428 2.795595800 -3.015353471
v -6.627600670 2.207049316 -2.132533745
v -3.979141491 0.441409863 -4.780992924
f 1490 1486 1485
f 1490 1485 1489
f 1491 1487 1488
f 1494 1489 1485
f 1495 1485 1486
f 1495 1486 1492
f 1497 1493 1488
f 1497 1488 1487
f 1498 1490 1489
f 1500 1494 1485
f 1501 1485 1495
f 1501 1500 1485
f 1501 1487 1491
f 1502 1495 1492
f 1502 1501 1495
f 1502 1487 1501
f 1502 1497 1487
f 1503 1496 1492
f 1504 1493 1497
f 1504 1497 1502
f 1505 1488 1493
f 1506 1498 1489
f 1506 1490 1498
f 1507 1491 1488
f 1507 1501 1491
f 1507 1500 1501
f 1508 1505 1499
f 1509 1502 1492
f 1509 1492 1496
f 1510 1503 1492
f 1510 1492 1486
f 1511 1486 1490
f 1511 1506 1499
f 1511 1490 1506
f 1511 1510 1486
f 1511 1503 1510
f 1512 1504 1503
f 1512 1493 1504
f 1512 1505 1493
f 1512 1499 1505
f 1512 1511 1499
f 1512 1503 1511
f 1513 1496 1503
f 1513 1503 1504
f 1513 1509 1496
f 1513 1504 1502
f 1513 1502 1509
f 1514 1506 1489
f 1514 1499 1506
f 1514 1489 1494
f 1514 1494 1508
f 1515 1507 1488
f 1515 1500 1507
f 1516 1508 1494
f 1516 1494 1500
f 1517 1505 1508
f 1517 1515 1488
f 1517 1500 1515
f 1517 1516 1500
f 1517 1508 1516
f 1518 1514 1508
f 1518 1508 1499
f 1518 1499 1514
f 1519 1517 1488
f 1519 1488 1505
f 1519 1505 1517
o teddy038
usemtl Material038
v -3.390595006 -1.912776074 -3.015353471
v -3.390595006 -4.266962011 -3.015353471
v -3.390595006 -4.266962011 -4.780992924
v -8.098966881 -3.089869043 -5.075266166
v -10.453152818 -1.912776074 -2.426806987
v -10.518595388 -4.296851054 -2.591658652
v -3.390595006 -1.912776074 -4.780992924
v -7.804693638 -1.912776074 -2.426806987
v -8.498906852 -4.330448906 -4.643066919
v -10.453152818 -4.266962011 -3.015353471
v -7.804693638 -3.089869043 -5.075266166
v -7.216147154 -1.912776074 -4.780992924
v -7.804693638 -4.266962011 -2.426806987
v -8.098966881 -3.384142285 -5.075266166
v -10.394768222 -1.958576782 -2.793306914
v -8.687513365 -3.678415527 -4.780992924
v -7.804693638 -2.207049316 -4.780992924
v -7.804693638 -1.912776074 -4.486719682
f 1520 1521 1522
f 1526 1520 1522
f 1526 1524 1520
f 1527 1521 1520
f 1527 1520 1524
f 1528 1522 1521
f 1528 1521 1525
f 1529 1525 1524
f 1529 1528 1525
f 1530 1526 1522
f 1530 1523 1526
f 1531 1526 1523
f 1531 1524 1526
f 1532 1525 1521
f 1532 1521 1527
f 1532 1527 1524
f 1532 1524 1525
f 1533 1522 1528
f 1533 1530 1522
f 1533 1523 1530
f 1534 1529 1524
f 1535 1523 1533
f 1535 1534 1523
f 1535 1529 1534
f 1535 1533 1528
f 1535 1528 1529
f 1536 1531 1523
f 1536 1523 1534
f 1537 1534 1524
f 1537 1524 1531
f 1537 1536 1534
f 1537 1531 1536
o teddy039
usemtl Material039
v 3.966236047 -12.506612791 -7.429452104
v 3.966236047 -13.095159275 -7.429452104
v 3.966236047 -12.506612791 -8.900818314
v -4.273414733 -13.389432518 -8.900818314
v -4.849251524 -13.955499899 -7.984005281
v -4.245012898 -12.987447118 -8.650141209
v 2.789143079 -12.506612791 -7.429452104
v 2.789973891 -13.990164286 -8.036290367
v -4.821637081 -13.050486969 -8.516327240
v 2.789143079 -13.095159275 -7.429452104
v 1.317776868 -12.506612791 -8.017998588
v 3.966236047 -12.800886033 -8.900818314
v -4.567687975 -13.977979002 -8.606545072
v -4.861961217 -13.095159275 -8.017998588
v 1.527646463 -12.609037210 -8.736132049
v 3.932126495 -13.005582759 -8.391521903
v 1.023503626 -13.977979002 -8.606545072
v -4.861961217 -13.683705760 -8.606545072
v 2.789143079 -13.683705760 -8.606545072
v -2.213502038 -13.683705760 -8.900818314
v 3.083416321 -13.095159275 -8.900818314
v -3.096321764 -13.683705760 -8.900818314
v 0.729230384 -13.389432518 -8.900818314
f 1538 1539 1540
f 1543 1540 1541
f 1544 1539 1538
f 1544 1538 1540
f 1545 1539 1542
f 1546 1543 1541
f 1547 1544 1542
f 1547 1542 1539
f 1547 1539 1544
f 1548 1544 1540
f 1548 1543 1546
f 1549 1540 1539
f 1549 1541 1540
f 1550 1545 1542
f 1551 1542 1544
f 1551 1548 1546
f 1551 1544 1548
f 1552 1548 1540
f 1552 1540 1543
f 1552 1543 1548
f 1553 1549 1539
f 1553 1539 1545
f 1553 1545 1549
f 1554 1545 1550
f 1555 1546 1541
f 1555 1541 1550
f 1555 1550 1542
f 1555 1551 1546
f 1555 1542 1551
f 1556 1549 1545
f 1556 1545 1554
f 1557 1554 1550
f 1557 1541 1549
f 1558 1556 1554
f 1558 1549 1556
f 1558 1557 1549
f 1559 1557 1550
f 1559 1550 1541
f 1559 1541 1557
f 1560 1558 1554
f 1560 1554 1557
f 1560 1557 1558
o teddy040
usemtl Material040
v 7.791788195 -5.444054980 4.930024066
v 9.851700890 -10.152426854 4.047204340
v 8.610785350 -5.008822742 0.183911099
v 0.434957142 -4.855508495 0.221652192
v 0.434957142 -10.152426854 4.930024066
v 0.434957142 -10.152426854 0.221652192
v 7.497514953 -4.855508495 4.635750824
v 9.851700890 -7.798240917 3.458657856
v 9.263154406 -10.152426854 4.930024066
v 8.968881164 -10.152426854 0.221652192
v 8.384162168 -4.764133794 3.363371768
v 0.434957142 -4.855508495 4.930024066
v 8.968881164 -7.209694433 4.930024066
v 9.851700890 -10.152426854 2.281564887
v 8.959558706 -5.501975313 1.908699624
v 6.980704193 -5.000529104 4.849740839
v 9.263154406 -9.269607128 4.930024066
v 8.767889998 -5.822713464 0.217943570
v 9.851700890 -7.503967675 2.870111371
v 9.851700890 -9.563880370 4.047204340
v 9.634275915 -7.643942753 2.213484946
f 1566 1564 1563
f 1566 1565 1564
f 1566 1562 1565
f 1569 1565 1562
f 1569 1561 1565
f 1570 1566 1563
f 1570 1562 1566
f 1571 1563 1564
f 1571 1567 1561
f 1572 1565 1561
f 1572 1564 1565
f 1572 1571 1564
f 1572 1567 1571
f 1573 1561 1569
f 1573 1571 1561
f 1573 1568 1571
f 1574 1568 1562
f 1574 1562 1570
f 1575 1563 1571
f 1576 1572 1561
f 1576 1561 1567
f 1576 1567 1572
f 1577 1573 1569
f 1577 1569 1562
f 1578 1574 1570
f 1578 1570 1563
f 1579 1575 1571
f 1579 1571 1568
f 1579 1563 1575
f 1579 1578 1563
f 1579 1568 1574
f 1580 1577 1562
f 1580 1562 1568
f 1580 1568 1573
f 1580 1573 1577
f 1581 1579 1574
f 1581 1574 1578
f 1581 1578 1579
o teddy041
usemtl Material041
v 6.880805260 -2.897460409 -6.365457836
v 7.791788195 -9.269607128 -6.840905619
v 4.554782532 -6.915421190 -9.195091556
v 0.434957142 -3.972688769 -8.900818314
v 0.434957142 -9.269607128 -6.546632377
v 3.966236047 -2.501322558 -8.017998588
v 6.320421984 -5.149781738 -8.017998588
v 7.666165353 -9.283027656 -6.423140612
v 0.404832801 -0.576060188 -6.421309589
v 2.522078131 -9.268109911 -10.081887588
v 3.083416321 -4.266962011 -8.900818314
v 7.203241711 -3.384142285 -6.840905619
v 6.320421984 -9.269607128 -8.312271830
v 0.427768153 -6.647818021 -9.021892052
v 0.434957142 -1.324229590 -7.723725346
v 3.377689563 -1.029956348 -6.840905619
v 0.691419940 -0.610415672 -6.389333988
v 2.529083415 -9.283917672 -10.039905350
v 2.475226215 -8.983867390 -10.075789280
v 5.143329016 -4.855508495 -8.606545072
v 7.791788195 -8.681060643 -6.840905619
v 7.126478123 -3.420778503 -6.368167691
v 5.437602258 -8.681060643 -8.900818314
v 0.434957142 -9.269607128 -8.017998588
v 0.434957142 -2.501322558 -8.312271830
v 0.729230384 -0.441409863 -6.840905619
v 1.023503626 -1.029956348 -7.429452104
v 6.026148742 -2.207049316 -6.840905619
v 3.336347313 -1.185921305 -6.385114855
v 7.634374264 -8.697877475 -6.391888829
v 4.849055774 -9.269607128 -9.195091556
v 1.317776868 -3.972688769 -8.900818314
v 0.434957142 -5.738328222 -9.195091556
v 4.260509289 -4.855508495 -8.900818314
v 4.849055774 -8.092514159 -9.195091556
v 5.437602258 -4.266962011 -8.312271830
v 6.908968469 -5.149781738 -7.429452104
v 6.320421984 -8.386787401 -8.312271830
v 7.497514953 -5.738328222 -6.840905619
v 1.317776868 -1.912776074 -8.017998588
v 0.434957142 -0.441409863 -6.840905619
v 4.260509289 -1.912776074 -7.429452104
v 2.200596594 -0.735683105 -6.840905619
v 6.908968469 -2.795595800 -6.840905619
v 5.944560849 -2.326235390 -6.357469175
v 5.437602258 -9.269607128 -8.900818314
v 4.849055774 -5.738328222 -8.900818314
v 4.260509289 -3.972688769 -8.606545072
v 6.026148742 -5.738328222 -8.312271830
v 6.614695227 -8.386787401 -8.017998588
v 3.671962805 -3.678415527 -8.606545072
v 1.023503626 -2.501322558 -8.312271830
v 0.729230384 -1.324229590 -7.723725346
v 4.849055774 -2.207049316 -7.429452104
v 5.437602258 -1.912776074 -6.840905619
v 2.161567391 -0.918279890 -6.379636104
v 4.849055774 -3.089869043 -8.017998588
v 5.731875500 -4.855508495 -8.312271830
v 2.200596594 -3.384142285 -8.606545072
v 4.849055774 -3.678415527 -8.312271830
f 1594 1583 1589
f 1595 1590 1585
f 1598 1590 1586
f 1599 1589 1586
f 1599 1594 1589
f 1602 1589 1583
f 1603 1593 1582
f 1605 1595 1591
f 1605 1586 1590
f 1605 1590 1595
f 1605 1599 1586
f 1605 1591 1599
f 1606 1585 1590
f 1606 1590 1596
f 1607 1590 1598
f 1611 1598 1586
f 1611 1586 1589
f 1611 1589 1602
f 1611 1602 1603
f 1612 1599 1591
f 1613 1600 1585
f 1613 1592 1600
f 1613 1585 1606
f 1614 1595 1585
f 1614 1585 1600
f 1614 1600 1591
f 1614 1591 1595
f 1615 1600 1592
f 1615 1584 1600
f 1616 1600 1584
f 1616 1591 1600
f 1616 1612 1591
f 1616 1604 1612
f 1617 1601 1615
f 1618 1588 1593
f 1619 1594 1604
f 1620 1603 1602
f 1620 1593 1603
f 1620 1618 1593
f 1620 1602 1618
f 1621 1606 1596
f 1622 1596 1590
f 1622 1590 1607
f 1622 1608 1596
f 1622 1607 1608
f 1623 1608 1597
f 1623 1587 1608
f 1624 1608 1607
f 1624 1597 1608
f 1624 1610 1597
f 1624 1607 1598
f 1625 1609 1582
f 1625 1582 1593
f 1625 1593 1588
f 1625 1588 1617
f 1626 1582 1609
f 1626 1598 1611
f 1626 1611 1603
f 1626 1603 1582
f 1627 1594 1599
f 1627 1599 1612
f 1627 1612 1604
f 1627 1604 1594
f 1628 1615 1601
f 1628 1584 1615
f 1629 1615 1592
f 1629 1617 1615
f 1630 1604 1616
f 1630 1619 1604
f 1630 1588 1619
f 1630 1616 1584
f 1630 1584 1628
f 1630 1628 1601
f 1631 1618 1602
f 1631 1594 1619
f 1631 1602 1583
f 1631 1583 1594
f 1631 1619 1588
f 1631 1588 1618
f 1632 1621 1587
f 1632 1629 1592
f 1632 1587 1629
f 1633 1613 1606
f 1633 1606 1621
f 1633 1621 1632
f 1634 1608 1587
f 1634 1587 1621
f 1634 1621 1596
f 1634 1596 1608
f 1635 1623 1609
f 1635 1587 1623
f 1635 1609 1625
f 1636 1623 1597
f 1636 1609 1623
f 1636 1626 1609
f 1636 1597 1610
f 1636 1610 1626
f 1637 1624 1598
f 1637 1610 1624
f 1637 1626 1610
f 1637 1598 1626
f 1638 1625 1617
f 1638 1635 1625
f 1638 1587 1635
f 1639 1617 1588
f 1639 1588 1630
f 1639 1630 1601
f 1639 1601 1617
f 1640 1592 1613
f 1640 1613 1633
f 1640 1633 1632
f 1640 1632 1592
f 1641 1629 1587
f 1641 1587 1638
f 1641 1638 1617
f 1641 1617 1629
o teddy042
usemtl Material042
v 8.489686727 -15.357181041 3.969488038
v 9.851700890 -15.743618455 1.104471919
v 9.670375798 -15.290510723 0.321489833
v 0.434957142 -15.449345213 0.221652192
v 3.966236047 -19.569170603 3.752931098
v 0.434957142 -15.449345213 4.047204340
v 9.370663214 -15.279071813 2.243063765
v 5.930824068 -19.146237237 4.212982312
v 7.203241711 -17.803531150 0.221652192
v 0.434957142 -18.686350876 2.281564887
v 8.674607922 -16.037891697 4.047204340
v 9.706232909 -15.299934665 1.080151641
v 0.434957142 -18.392077634 4.047204340
v 9.851700890 -15.743618455 0.221652192
v 5.437602258 -19.569170603 3.752931098
v 0.434367047 -18.679730766 0.220707322
v 9.557427648 -15.743618455 2.281564887
v 4.017773141 -19.426295497 4.179249318
v 6.026148742 -19.274897360 3.752931098
v 3.966236047 -18.686350876 0.221652192
v 5.371121001 -19.496715852 4.202718254
v 9.557427648 -16.037891697 0.221652192
v 7.497514953 -17.803531150 4.047204340
v 6.320421984 -18.097804392 0.221652192
v 9.557427648 -16.037891697 1.104471919
v 7.791788195 -17.509257908 0.221652192
v 8.380334680 -16.626438181 4.047204340
f 1648 1647 1642
f 1648 1644 1645
f 1648 1645 1647
f 1652 1642 1647
f 1652 1647 1649
f 1653 1644 1648
f 1654 1651 1646
f 1655 1653 1643
f 1655 1644 1653
f 1655 1645 1644
f 1657 1646 1651
f 1657 1645 1655
f 1657 1647 1645
f 1657 1654 1647
f 1657 1651 1654
f 1658 1648 1642
f 1658 1642 1652
f 1658 1653 1648
f 1658 1643 1653
f 1659 1649 1647
f 1659 1647 1654
f 1659 1654 1646
f 1660 1656 1650
f 1661 1656 1646
f 1661 1646 1657
f 1662 1649 1659
f 1662 1660 1649
f 1662 1656 1660
f 1662 1659 1646
f 1662 1646 1656
f 1663 1655 1643
f 1663 1657 1655
f 1664 1643 1658
f 1664 1649 1660
f 1665 1650 1656
f 1665 1656 1661
f 1665 1661 1657
f 1665 1657 1650
f 1666 1663 1643
f 1666 1660 1663
f 1666 1664 1660
f 1666 1643 1664
f 1667 1663 1660
f 1667 1660 1650
f 1667 1650 1657
f 1667 1657 1663
f 1668 1664 1658
f 1668 1658 1652
f 1668 1652 1649
f 1668 1649 1664
o teddy043
usemtl Material043
v 5.731875500 -13.977979002 0.221652192
v 5.683927050 -17.921810256 0.226610796
v 5.731875500 -15.449345213 -6.546632377
v 3.377689563 -13.977979002 -6.546632377
v 3.377689563 -13.977979002 0.221652192
v 3.377689563 -18.392077634 -2.426806987
v 5.731875500 -13.977979002 -6.546632377
v 5.731875500 -18.097804392 -2.132533745
v 3.361554920 -15.936057491 -6.431277201
v 3.354356610 -18.454125172 0.206859775
v 4.554782532 -16.920711423 -5.663812651
v 4.849055774 -16.037891697 -6.546632377
v 3.966236047 -18.686350876 0.221652192
v 3.359785252 -17.927644474 -2.970305800
v 4.849055774 -18.097804392 -3.015353471
v 5.731875500 -16.920711423 -5.075266166
v 4.260509289 -16.920711423 -5.663812651
v 3.377689563 -16.037891697 0.221652192
v 5.143329016 -18.392077634 0.221652192
v 3.377689563 -18.686350876 -0.661167534
v 3.966236047 -18.392077634 -2.426806987
v 5.437602258 -17.214984665 -4.780992924
v 5.437602258 -16.626438181 -5.663812651
v 5.143329016 -18.392077634 -0.955440776
v 5.437602258 -15.743618455 -6.546632377
v 4.849055774 -16.626438181 -5.958085893
v 4.849055774 -18.392077634 -1.543987261
v 3.671962805 -18.686350876 -0.661167534
v 3.966236047 -18.686350876 -0.072621050
f 1673 1670 1669
f 1673 1669 1672
f 1675 1669 1671
f 1675 1671 1672
f 1675 1672 1669
f 1676 1669 1670
f 1676 1671 1669
f 1677 1673 1672
f 1678 1673 1677
f 1680 1677 1672
f 1680 1672 1671
f 1682 1678 1677
f 1682 1677 1674
f 1682 1674 1678
f 1684 1671 1676
f 1685 1679 1674
f 1685 1674 1677
f 1685 1677 1680
f 1686 1673 1678
f 1686 1678 1681
f 1686 1681 1670
f 1686 1670 1673
f 1687 1676 1670
f 1687 1670 1681
f 1688 1681 1678
f 1688 1678 1674
f 1689 1674 1679
f 1689 1679 1683
f 1689 1688 1674
f 1689 1683 1676
f 1690 1683 1679
f 1690 1684 1676
f 1690 1676 1683
f 1691 1690 1679
f 1691 1684 1690
f 1692 1687 1681
f 1692 1676 1687
f 1693 1680 1671
f 1693 1671 1684
f 1693 1684 1691
f 1694 1691 1679
f 1694 1693 1691
f 1694 1680 1693
f 1694 1685 1680
f 1694 1679 1685
f 1695 1689 1676
f 1695 1676 1692
f 1696 1688 1689
f 1696 1689 1695
f 1696 1681 1688
f 1696 1695 1692
f 1697 1696 1692
f 1697 1692 1681
f 1697 1681 1696
o teddy044
usemtl Material044
v -8.981786607 10.740973338 2.870111371
v -8.981786607 5.738328222 2.870111371
v -8.777465493 10.043129051 -2.577905312
v -9.276059849 9.563880370 -3.015353471
v -10.747426060 9.858153612 2.870111371
v -8.821860154 5.467837468 -2.908698103
v -10.158879576 10.740973338 -0.366894292
v -8.838587325 9.487278561 -2.915008750
v -10.747426060 5.738328222 0.221652192
v -10.453152818 10.740973338 1.987291645
v -8.832375420 10.661049985 -2.027834686
v -9.276059849 5.444054980 -3.015353471
v -9.276059849 10.152426854 -2.721080229
v -10.457229316 5.741824492 2.822366009
v -10.747426060 9.563880370 -0.072621050
v -10.453152818 10.446700096 2.870111371
v -9.276059849 10.740973338 -2.132533745
v -8.981786607 4.561235253 -1.249714019
v -10.453152818 5.738328222 -1.249714019
v -10.158879576 9.563880370 -1.838260503
v -10.747426060 10.152426854 1.104471919
v -10.747426060 10.152426854 2.281564887
v -9.912945922 10.608822064 2.826688418
v -8.981786607 4.561235253 -1.838260503
v -9.816064538 4.568454745 -1.217341710
v -10.747426060 9.269607128 -0.072621050
v -9.570333091 9.563880370 -2.721080229
v -10.453152818 9.563880370 -1.249714019
v -9.570333091 7.503967675 -2.721080229
v -9.570333091 10.740973338 -1.838260503
v -10.453152818 10.740973338 1.104471919
v -10.747426060 9.858153612 0.221652192
v -10.158879576 4.855508495 -1.543987261
v -9.864606333 4.561235253 -1.838260503
v -9.864606333 5.444054980 -2.132533745
v -10.158879576 8.975333885 -1.838260503
v -10.158879576 10.446700096 -0.955440776
v -10.453152818 10.446700096 0.221652192
v -9.864606333 10.740973338 -1.249714019
v -10.453152818 9.858153612 -0.955440776
f 1698 1699 1700
f 1702 1699 1698
f 1703 1700 1699
f 1705 1700 1703
f 1707 1698 1704
f 1708 1698 1700
f 1709 1705 1703
f 1709 1701 1705
f 1710 1705 1701
f 1710 1700 1705
f 1710 1708 1700
f 1711 1699 1702
f 1711 1702 1706
f 1712 1706 1702
f 1713 1702 1698
f 1714 1704 1698
f 1714 1698 1708
f 1714 1708 1710
f 1715 1703 1699
f 1718 1712 1702
f 1719 1713 1707
f 1719 1702 1713
f 1719 1718 1702
f 1719 1707 1718
f 1720 1713 1698
f 1720 1698 1707
f 1720 1707 1713
f 1721 1709 1703
f 1721 1703 1715
f 1722 1715 1699
f 1722 1699 1711
f 1723 1716 1706
f 1723 1706 1712
f 1723 1712 1716
f 1724 1717 1710
f 1724 1710 1701
f 1724 1701 1709
f 1725 1717 1716
f 1725 1716 1712
f 1726 1724 1709
f 1726 1717 1724
f 1727 1714 1710
f 1727 1710 1717
f 1727 1704 1714
f 1728 1718 1707
f 1728 1707 1704
f 1729 1712 1718
f 1729 1725 1712
f 1729 1718 1728
f 1730 1722 1711
f 1730 1711 1706
f 1730 1706 1716
f 1731 1721 1715
f 1731 1715 1722
f 1731 1722 1730
f 1731 1730 1709
f 1731 1709 1721
f 1732 1726 1709
f 1732 1716 1726
f 1732 1730 1716
f 1732 1709 1730
f 1733 1726 1716
f 1733 1716 1717
f 1733 1717 1726
f 1734 1729 1704
f 1734 1727 1717
f 1735 1729 1728
f 1735 1728 1704
f 1735 1704 1729
f 1736 1734 1704
f 1736 1704 1727
f 1736 1727 1734
f 1737 1725 1729
f 1737 1729 1734
f 1737 1734 1717
f 1737 1717 1725
o teddy045
usemtl Material045
v -3.390595006 -4.266962011 0.221652192
v -3.390595006 -9.269607128 0.221652192
v -3.390595006 -9.269607128 -3.015353471
v -9.725209196 -4.232504115 -3.109318760
v -10.453152818 -7.503967675 0.221652192
v -3.390595006 -4.266962011 -3.015353471
v -10.158879576 -4.266962011 0.221652192
v -10.747426060 -9.269607128 -3.309626714
v -10.400468732 -9.278841344 0.218054160
v -7.804693638 -9.269607128 -3.309626714
v -10.060617167 -4.242672302 -2.874154431
v -10.747426060 -8.092514159 -2.132533745
v -7.804693638 -4.266962011 -3.309626714
v -10.747426060 -8.975333885 -3.309626714
v -10.747426060 -8.975333885 -0.366894292
v -10.747426060 -8.092514159 -2.721080229
v -10.747426060 -9.269607128 -0.366894292
v -10.747426060 -8.386787401 -3.015353471
f 1738 1739 1740
f 1742 1739 1738
f 1743 1738 1740
f 1743 1741 1738
f 1744 1742 1738
f 1744 1738 1741
f 1746 1740 1739
f 1746 1739 1742
f 1747 1743 1740
f 1747 1746 1745
f 1747 1740 1746
f 1748 1744 1741
f 1750 1747 1745
f 1750 1741 1743
f 1750 1743 1747
f 1751 1748 1741
f 1751 1745 1749
f 1751 1750 1745
f 1751 1741 1750
f 1752 1742 1744
f 1752 1744 1749
f 1752 1749 1745
f 1753 1749 1744
f 1753 1744 1748
f 1753 1751 1749
f 1754 1746 1742
f 1754 1742 1752
f 1754 1752 1745
f 1754 1745 1746
f 1755 1753 1748
f 1755 1748 1751
f 1755 1751 1753
o teddy046
usemtl Material046
v 4.849055774 -4.266962011 0.221652192
v 4.849055774 -9.269607128 0.221652192
v 4.849055774 -9.269607128 -6.546632377
v -3.390595006 -4.266962011 -6.840905619
v -3.390595006 -9.269607128 0.221652192
v 4.849055774 -4.266962011 -6.546632377
v -3.390595006 -4.266962011 0.221652192
v -3.390595006 -9.269607128 -6.840905619
v 0.434957142 -4.266962011 -6.840905619
v 0.434957142 -9.269607128 -6.840905619
f 1756 1757 1758
f 1760 1757 1756
f 1760 1758 1757
f 1761 1756 1758
f 1761 1759 1756
f 1762 1760 1756
f 1762 1756 1759
f 1762 1759 1760
f 1763 1760 1759
f 1763 1758 1760
f 1764 1761 1758
f 1764 1759 1761
f 1764 1763 1759
f 1765 1764 1758
f 1765 1758 1763
f 1765 1763 1764
o teddy047
usemtl Material047
v 6.614695227 -14.272252244 13.758221331
v 6.614695227 -15.449345213 13.758221331
v 7.203241711 -13.683705760 9.344122699
v 2.862822859 -13.027255227 9.183297005
v 3.083416321 -15.449345213 13.463948089
v 4.849055774 -12.506612791 9.638395941
v 7.203241711 -13.683705760 9.932669183
v 3.377689563 -14.860798728 13.758221331
v 6.614695227 -15.449345213 9.344122699
v 4.849055774 -12.506612791 9.344122699
v 7.169275529 -14.029257526 9.336485964
v 3.467575932 -15.483413528 13.597123895
v 5.143329016 -14.272252244 13.758221331
v 2.789143079 -12.800886033 9.638395941
v 1.142853891 -15.458840000 9.309161839
v 4.017415545 -12.701816822 9.195864741
v 7.129535017 -14.089253517 9.916097450
v 1.217913704 -15.554905566 9.522417087
v 3.966236047 -12.506612791 9.638395941
v 1.210177278 -15.271785722 9.251761972
v 1.023503626 -15.155071970 9.638395941
v 2.200596594 -13.095159275 9.344122699
v 1.906323352 -15.155071970 11.404035394
v 1.906323352 -15.449345213 11.404035394
v 1.612050110 -13.977979002 9.344122699
v 2.200596594 -13.095159275 9.638395941
v 3.083416321 -15.155071970 13.463948089
v 2.494869837 -13.095159275 9.932669183
v 1.906323352 -13.977979002 10.226942425
v 1.612050110 -13.977979002 9.638395941
v 2.200596594 -14.566525486 11.404035394
f 1772 1766 1767
f 1772 1771 1766
f 1772 1768 1771
f 1773 1767 1766
f 1775 1771 1768
f 1776 1768 1772
f 1776 1767 1774
f 1777 1773 1770
f 1777 1767 1773
f 1778 1773 1766
f 1778 1766 1771
f 1779 1773 1778
f 1781 1775 1768
f 1781 1768 1776
f 1781 1776 1774
f 1781 1774 1769
f 1782 1776 1772
f 1782 1772 1767
f 1782 1767 1776
f 1783 1774 1767
f 1783 1767 1777
f 1783 1780 1774
f 1783 1777 1770
f 1784 1771 1775
f 1784 1781 1779
f 1784 1775 1781
f 1784 1779 1778
f 1784 1778 1771
f 1785 1769 1774
f 1785 1774 1780
f 1786 1785 1780
f 1786 1780 1783
f 1787 1781 1769
f 1787 1779 1781
f 1789 1786 1783
f 1789 1783 1770
f 1789 1788 1786
f 1789 1770 1788
f 1790 1787 1769
f 1790 1769 1785
f 1790 1785 1786
f 1791 1779 1787
f 1791 1787 1790
f 1792 1788 1770
f 1792 1770 1773
f 1792 1773 1788
f 1793 1791 1773
f 1793 1773 1779
f 1793 1779 1791
f 1794 1773 1791
f 1794 1786 1788
f 1795 1791 1790
f 1795 1790 1786
f 1795 1794 1791
f 1795 1786 1794
f 1796 1794 1788
f 1796 1788 1773
f 1796 1773 1794
o teddy048
usemtl Material048
v 2.494869837 9.563880370 8.461302972
v 2.886323488 5.505096636 8.266511789
v 2.789143079 10.446700096 6.989936761
v -7.408562898 10.685886332 6.842844320
v -3.390595006 3.089869043 9.049849456
v -2.507775280 2.795595800 6.989936761
v -2.802048522 10.740973338 8.461302972
v 2.789143079 8.975333885 8.461302972
v 2.789143079 5.444054980 6.989936761
v -7.740786115 5.210148164 6.842441233
v 1.023503626 3.678415527 9.049849456
v 1.612050110 10.446700096 8.461302972
v -1.330682311 10.740973338 6.989936761
v -7.510420396 9.269607128 7.872756488
v 2.734252750 10.400576708 7.889039225
v -7.178942985 4.648761245 6.828569803
v -2.581413669 2.698957954 9.093105904
v 2.789143079 6.915421190 8.461302972
v 0.140683899 7.503967675 9.049849456
v 1.023503626 3.678415527 6.989936761
v -7.510420396 10.740973338 7.284210004
v -1.309473995 10.703555079 8.275209215
v -3.390595006 6.621147948 9.049849456
v -7.804693638 5.149781738 7.284210004
v -8.013542037 7.797684541 6.840862190
v -3.684868248 2.795595800 8.167029730
v 1.906323352 8.386787401 8.755576214
v -0.153589343 9.858153612 8.755576214
v -6.627600670 10.740973338 7.872756488
v -3.684868248 3.972688769 9.049849456
v -1.624955553 7.503967675 9.049849456
v -8.011334306 9.516489039 6.863384864
v -8.098966881 7.798240917 7.284210004
v -3.558844138 2.840148216 7.021911819
v -3.390595006 2.795595800 8.755576214
v -7.216147154 4.561235253 7.284210004
v 0.729230384 9.563880370 8.755576214
v -6.921873912 10.446700096 7.872756488
v -3.979141491 8.681060643 8.755576214
v -3.684868248 6.032601464 9.049849456
v -6.921873912 5.738328222 7.872756488
v -3.096321764 6.915421190 9.049849456
v -8.098966881 9.563880370 7.284210004
v -7.510420396 8.386787401 7.872756488
v -7.804693638 9.563880370 7.578483246
v -5.744780943 10.446700096 8.167029730
v -1.919228796 9.858153612 8.755576214
v -6.627600670 9.269607128 8.167029730
v -7.510420396 5.738328222 7.578483246
v -7.510420396 10.152426854 7.578483246
v -3.979141491 10.152426854 8.461302972
v -5.156234459 10.740973338 8.167029730
v -2.507775280 7.209694433 9.049849456
v -6.627600670 7.798240917 8.167029730
v -5.450507701 8.975333885 8.461302972
v -6.333327428 9.858153612 8.167029730
f 1804 1798 1799
f 1805 1799 1798
f 1809 1799 1800
f 1811 1804 1799
f 1811 1797 1804
f 1811 1808 1797
f 1812 1800 1799
f 1812 1799 1805
f 1814 1807 1798
f 1814 1798 1804
f 1814 1804 1807
f 1815 1813 1807
f 1816 1805 1798
f 1816 1798 1807
f 1816 1812 1805
f 1816 1802 1812
f 1816 1813 1802
f 1816 1807 1813
f 1817 1809 1800
f 1817 1803 1809
f 1818 1809 1803
f 1818 1803 1808
f 1818 1808 1811
f 1818 1811 1799
f 1818 1799 1809
f 1820 1806 1812
f 1821 1812 1806
f 1821 1800 1812
f 1823 1815 1807
f 1823 1807 1804
f 1823 1804 1797
f 1824 1808 1803
f 1825 1803 1817
f 1826 1801 1813
f 1827 1813 1815
f 1827 1815 1824
f 1828 1817 1800
f 1828 1800 1821
f 1829 1821 1806
f 1829 1806 1820
f 1830 1812 1802
f 1830 1802 1813
f 1830 1813 1822
f 1831 1822 1813
f 1831 1813 1801
f 1832 1820 1812
f 1832 1830 1822
f 1832 1812 1830
f 1832 1822 1831
f 1832 1831 1801
f 1832 1801 1820
f 1833 1808 1824
f 1833 1823 1797
f 1833 1797 1808
f 1833 1824 1815
f 1833 1815 1823
f 1834 1825 1817
f 1836 1819 1835
f 1836 1826 1813
f 1836 1813 1819
f 1837 1801 1826
f 1838 1819 1813
f 1838 1835 1819
f 1839 1817 1828
f 1839 1829 1810
f 1839 1828 1821
f 1839 1821 1829
f 1840 1829 1820
f 1840 1810 1829
f 1840 1837 1826
f 1841 1839 1810
f 1841 1817 1839
f 1843 1827 1824
f 1843 1824 1803
f 1843 1835 1838
f 1844 1826 1836
f 1844 1810 1840
f 1845 1820 1801
f 1845 1801 1837
f 1845 1840 1820
f 1845 1837 1840
f 1846 1834 1817
f 1846 1817 1841
f 1846 1841 1810
f 1846 1810 1834
f 1847 1842 1835
f 1847 1803 1842
f 1847 1843 1803
f 1847 1835 1843
f 1848 1842 1803
f 1848 1803 1825
f 1848 1825 1842
f 1849 1843 1838
f 1849 1827 1843
f 1849 1838 1813
f 1849 1813 1827
f 1850 1844 1840
f 1850 1840 1826
f 1850 1826 1844
f 1851 1844 1836
f 1851 1836 1835
f 1852 1834 1810
f 1852 1810 1844
f 1852 1842 1825
f 1852 1825 1834
f 1852 1844 1851
f 1852 1851 1835
f 1852 1835 1842
o teddy049
usemtl Material049
v -4.861961217 -9.858153612 4.047204340
v -4.861961217 -17.509257908 4.047204340
v -4.861961217 -9.858153612 0.221652192
v -10.510157974 -9.899740836 0.205448090
v -9.864606333 -9.858153612 4.047204340
v -4.861961217 -17.509257908 0.221652192
v -7.426876080 -17.727045736 4.075891282
v -10.747426060 -9.858153612 1.693018403
v -7.804693638 -17.803531150 4.047204340
v -10.453152818 -15.449345213 0.221652192
v -9.276059849 -15.449345213 4.047204340
v -9.423532986 -16.210986876 0.218237967
v -10.747426060 -14.860798728 0.221652192
v -8.393240123 -17.214984665 4.047204340
v -9.864606333 -12.212339549 4.047204340
v -7.510420396 -17.509257908 0.221652192
v -7.804693638 -17.803531150 2.281564887
v -9.570333091 -16.332164939 1.987291645
v -10.747426060 -10.446700096 2.281564887
v -10.747426060 -13.977979002 1.987291645
v -10.453152818 -15.155071970 1.693018403
v -10.453152818 -9.858153612 2.870111371
v -10.158879576 -13.977979002 3.164384614
v -10.747426060 -11.918066307 2.281564887
v -10.747426060 -14.860798728 0.810198676
v -10.158879576 -15.743618455 1.398745161
v -10.453152818 -14.566525486 2.281564887
v -9.864606333 -13.683705760 3.752931098
v -10.453152818 -12.506612791 2.870111371
v -10.747426060 -14.566525486 1.398745161
v -10.453152818 -15.449345213 0.810198676
v -10.158879576 -14.566525486 2.870111371
v -9.570333091 -13.977979002 4.047204340
f 1853 1854 1855
f 1857 1853 1855
f 1858 1855 1854
f 1858 1856 1855
f 1859 1854 1853
f 1859 1853 1857
f 1860 1857 1855
f 1860 1855 1856
f 1861 1858 1854
f 1861 1854 1859
f 1864 1862 1856
f 1864 1856 1858
f 1865 1860 1856
f 1865 1856 1862
f 1866 1861 1859
f 1866 1859 1863
f 1867 1859 1857
f 1868 1864 1858
f 1869 1862 1864
f 1869 1864 1868
f 1869 1868 1858
f 1869 1858 1861
f 1870 1861 1866
f 1870 1869 1861
f 1870 1862 1869
f 1871 1867 1857
f 1871 1860 1865
f 1872 1871 1865
f 1873 1866 1863
f 1874 1871 1857
f 1874 1857 1860
f 1874 1860 1871
f 1876 1867 1871
f 1876 1871 1872
f 1877 1865 1862
f 1877 1872 1865
f 1878 1862 1870
f 1878 1870 1866
f 1878 1866 1873
f 1879 1873 1863
f 1879 1875 1872
f 1880 1875 1863
f 1880 1867 1875
f 1881 1875 1867
f 1881 1872 1875
f 1881 1876 1872
f 1881 1867 1876
f 1882 1877 1873
f 1882 1872 1877
f 1882 1879 1872
f 1882 1873 1879
f 1883 1877 1862
f 1883 1862 1878
f 1883 1878 1873
f 1883 1873 1877
f 1884 1879 1863
f 1884 1863 1875
f 1884 1875 1879
f 1885 1880 1863
f 1885 1867 1880
f 1885 1863 1859
f 1885 1859 1867
o teddy050
usemtl Material050
v 3.947238165 0.117616759 0.218601226
v 4.849055774 -4.266962011 0.221652192
v 4.849055774 -0.735683105 -5.663812651
v 3.966236047 -1.618502832 -7.135178861
v 2.789143079 -4.266962011 0.221652192
v 4.849055774 -4.266962011 -6.546632377
v 2.856864971 0.269704063 -4.570948686
v 4.849055774 -1.912776074 0.221652192
v 4.927133479 -0.590616636 -3.028846357
v 4.849055774 -1.618502832 -6.840905619
v 2.789143079 -4.266962011 -6.546632377
v 3.966236047 0.147136621 -4.486719682
v 3.377689563 -0.735683105 -6.546632377
v 2.789143079 0.147136621 0.221652192
v 4.260509289 -1.618502832 -7.135178861
v 4.849055774 -1.029956348 -6.252359135
v 2.789143079 -0.735683105 -6.546632377
v 4.260509289 -0.441409863 -5.663812651
v 4.260509289 -1.029956348 -6.546632377
f 1891 1887 1890
f 1893 1890 1887
f 1894 1887 1891
f 1894 1893 1887
f 1894 1886 1893
f 1895 1894 1891
f 1896 1891 1890
f 1896 1889 1891
f 1897 1892 1886
f 1897 1894 1888
f 1897 1886 1894
f 1899 1886 1892
f 1899 1893 1886
f 1899 1890 1893
f 1899 1896 1890
f 1900 1895 1891
f 1900 1891 1889
f 1900 1889 1898
f 1901 1888 1894
f 1901 1894 1895
f 1901 1895 1900
f 1902 1892 1898
f 1902 1899 1892
f 1902 1896 1899
f 1902 1898 1889
f 1902 1889 1896
f 1903 1898 1892
f 1903 1892 1897
f 1903 1901 1898
f 1903 1897 1888
f 1903 1888 1901
f 1904 1901 1900
f 1904 1900 1898
f 1904 1898 1901
o teddy051
usemtl Material051
v 3.377689563 -15.449345213 10.815488909
v 3.377689563 -20.451990329 10.226942425
v 3.377689563 -15.449345213 7.284210004
v 0.729169623 -15.376700157 7.150202730
v 1.317776868 -18.097804392 10.815488909
v 1.906323352 -20.451990329 7.284210004
v 3.377689563 -19.863443845 10.815488909
v 1.317776868 -15.449345213 10.521215667
v 3.377689563 -18.097804392 7.284210004
v 0.434957142 -17.509257908 7.284210004
v 1.906323352 -19.863443845 10.815488909
v 1.317776868 -15.743618455 10.815488909
v 1.612050110 -15.449345213 10.815488909
v 3.377689563 -20.746263571 9.638395941
v 1.612050110 -20.157717087 7.284210004
v 1.023503626 -18.980624118 9.932669183
v 0.729230384 -15.449345213 9.049849456
v 2.335451946 -20.353433176 7.342029735
v 2.200596594 -20.451990329 9.638395941
v 2.494869837 -20.451990329 10.226942425
v 0.729230384 -18.392077634 7.284210004
v 1.023503626 -18.686350876 10.226942425
v 1.023503626 -15.743618455 10.226942425
v 1.023503626 -15.449345213 9.932669183
v 0.434957142 -16.332164939 8.167029730
v 3.083416321 -20.746263571 9.344122699
v 3.334073143 -20.493036949 9.255100924
v 1.612050110 -20.157717087 8.755576214
v 1.023503626 -19.274897360 9.049849456
v 1.612050110 -19.274897360 10.815488909
v 0.729230384 -18.097804392 9.344122699
v 0.434957142 -16.332164939 7.284210004
v 1.906323352 -20.451990329 8.461302972
v 3.083416321 -20.746263571 9.638395941
v 1.317776868 -19.863443845 8.755576214
v 0.434957142 -17.509257908 7.872756488
v 0.729230384 -16.626438181 9.344122699
v 1.023503626 -19.274897360 7.872756488
v 0.434957142 -17.214984665 8.167029730
v 1.317776868 -19.863443845 7.872756488
f 1905 1906 1907
f 1905 1907 1908
f 1911 1906 1905
f 1911 1905 1909
f 1913 1907 1906
f 1913 1910 1908
f 1913 1908 1907
f 1915 1911 1909
f 1915 1906 1911
f 1916 1909 1905
f 1917 1905 1908
f 1917 1908 1912
f 1917 1916 1905
f 1917 1912 1916
f 1918 1913 1906
f 1919 1908 1910
f 1922 1910 1913
f 1924 1918 1906
f 1924 1906 1915
f 1924 1915 1923
f 1925 1914 1908
f 1925 1908 1919
f 1926 1920 1915
f 1926 1909 1916
f 1927 1916 1912
f 1927 1926 1916
f 1928 1912 1908
f 1928 1908 1921
f 1928 1927 1912
f 1928 1921 1927
f 1929 1921 1908
f 1930 1922 1918
f 1930 1910 1922
f 1931 1922 1913
f 1931 1913 1918
f 1931 1918 1922
f 1932 1919 1910
f 1932 1923 1915
f 1934 1926 1915
f 1934 1915 1909
f 1934 1909 1926
f 1935 1920 1926
f 1935 1933 1920
f 1935 1926 1927
f 1936 1929 1908
f 1936 1908 1914
f 1936 1914 1929
f 1937 1910 1930
f 1937 1932 1910
f 1937 1923 1932
f 1938 1924 1923
f 1938 1937 1930
f 1938 1923 1937
f 1938 1930 1918
f 1938 1918 1924
f 1939 1932 1915
f 1939 1915 1920
f 1939 1920 1933
f 1939 1919 1932
f 1940 1933 1935
f 1940 1914 1925
f 1940 1925 1933
f 1940 1929 1914
f 1941 1935 1927
f 1941 1929 1935
f 1941 1927 1921
f 1941 1921 1929
f 1942 1939 1933
f 1942 1933 1925
f 1942 1925 1919
f 1943 1940 1935
f 1943 1935 1929
f 1943 1929 1940
f 1944 1942 1919
f 1944 1919 1939
f 1944 1939 1942
o teddy052
usemtl Material052
v 6.614695227 -16.626438181 -3.015353471
v 6.614695227 -17.509257908 -3.015353471
v 3.966236047 -16.332164939 -6.546632377
v -4.273414733 -16.332164939 -6.546632377
v -6.039054186 -16.920711423 -3.015353471
v -3.390595006 -18.392077634 -3.898173198
v 3.377689563 -16.037891697 -3.015353471
v 6.614695227 -16.920711423 -4.486719682
v 4.218506759 -17.829253538 -2.914795221
v -2.802048522 -17.214984665 -5.663812651
v -6.039054186 -17.509257908 -4.486719682
v 3.936499976 -15.874721706 -6.387083462
v -4.861961217 -16.037891697 -3.015353471
v 4.554782532 -17.509257908 -4.780992924
v 5.676101491 -17.536117557 -2.931003188
v -4.820848662 -18.170779553 -2.927682751
v -4.567687975 -17.509257908 -5.075266166
v -4.849636225 -15.984573770 -6.205552209
v 6.495500281 -16.439466767 -4.334925840
v -4.254140286 -15.888413747 -6.411107103
v 4.239968865 -15.982809427 -6.203449829
v 4.260509289 -17.214984665 -5.369539409
v 6.614695227 -17.509257908 -3.603899956
v 2.200596594 -18.392077634 -3.015353471
v -4.861961217 -18.392077634 -3.309626714
v -2.802048522 -18.097804392 -4.486719682
v -3.684868248 -16.920711423 -5.958085893
v -4.861961217 -17.214984665 -5.369539409
v -6.059088691 -17.002553829 -4.535520143
v 3.966236047 -16.626438181 -6.252359135
v 6.026148742 -17.214984665 -4.486719682
v 1.317776868 -18.097804392 -4.192446440
v 4.260509289 -18.097804392 -3.309626714
v -4.567687975 -18.392077634 -3.603899956
v -6.039054186 -17.509257908 -3.015353471
v -0.447862585 -17.214984665 -5.663812651
v 5.731875500 -17.509257908 -4.192446440
v 2.200596594 -18.392077634 -3.309626714
v -1.624955553 -18.392077634 -3.898173198
v 2.494869837 -17.509257908 -5.075266166
v 5.731875500 -17.803531150 -3.309626714
v -4.273414733 -18.097804392 -4.192446440
v -4.861961217 -17.803531150 -4.486719682
v 5.437602258 -17.803531150 -3.603899956
v 2.789143079 -18.097804392 -3.898173198
v -2.507775280 -18.097804392 -4.486719682
v 3.671962805 -18.097804392 -3.603899956
v 0.140683899 -17.803531150 -4.780992924
v 4.849055774 -17.803531150 -3.898173198
f 1952 1945 1946
f 1957 1951 1956
f 1959 1953 1946
f 1959 1946 1945
f 1959 1945 1951
f 1959 1957 1953
f 1959 1951 1957
f 1960 1957 1949
f 1960 1953 1957
f 1962 1948 1955
f 1962 1949 1957
f 1963 1956 1951
f 1963 1951 1945
f 1963 1945 1952
f 1964 1956 1947
f 1964 1947 1948
f 1964 1948 1962
f 1964 1962 1957
f 1964 1957 1956
f 1965 1952 1947
f 1965 1947 1956
f 1965 1963 1952
f 1965 1956 1963
f 1967 1952 1946
f 1968 1953 1960
f 1968 1946 1953
f 1969 1968 1960
f 1969 1950 1968
f 1970 1961 1954
f 1970 1950 1961
f 1971 1954 1961
f 1972 1961 1955
f 1972 1955 1948
f 1972 1971 1961
f 1972 1948 1971
f 1973 1962 1955
f 1973 1949 1962
f 1974 1947 1952
f 1974 1954 1971
f 1974 1971 1948
f 1974 1948 1947
f 1975 1952 1967
f 1975 1974 1952
f 1975 1966 1974
f 1976 1966 1958
f 1978 1950 1969
f 1978 1969 1955
f 1979 1969 1960
f 1979 1960 1949
f 1979 1955 1969
f 1979 1973 1955
f 1979 1949 1973
f 1980 1970 1954
f 1980 1954 1974
f 1981 1975 1967
f 1981 1958 1966
f 1981 1966 1975
f 1982 1968 1950
f 1982 1977 1968
f 1983 1950 1970
f 1983 1982 1950
f 1983 1976 1982
f 1984 1966 1976
f 1984 1980 1974
f 1984 1974 1966
f 1985 1967 1946
f 1985 1946 1968
f 1985 1968 1977
f 1986 1978 1961
f 1986 1961 1950
f 1986 1950 1978
f 1987 1978 1955
f 1987 1955 1961
f 1987 1961 1978
f 1988 1958 1981
f 1988 1985 1977
f 1988 1981 1967
f 1988 1967 1985
f 1989 1982 1976
f 1989 1976 1958
f 1990 1983 1970
f 1990 1976 1983
f 1990 1970 1980
f 1991 1988 1977
f 1991 1989 1958
f 1991 1977 1982
f 1991 1982 1989
f 1992 1984 1976
f 1992 1976 1990
f 1992 1990 1980
f 1992 1980 1984
f 1993 1991 1958
f 1993 1958 1988
f 1993 1988 1991
o teddy053
usemtl Material053
v -5.156234459 18.686350876 4.047204340
v -1.918379130 16.025544859 3.161675762
v -3.684868248 21.040536813 1.987291645
v -7.216147154 20.451990329 -0.072621050
v -8.098966881 15.155071970 0.810198676
v -2.802048522 16.332164939 0.221652192
v -7.216147154 20.451990329 3.164384614
v -3.390595006 20.451990329 2.870111371
v -7.510420396 15.155071970 3.752931098
v -1.919228796 16.626438181 1.398745161
v -4.861961217 20.746263571 0.221652192
v -7.216147154 17.214984665 -0.366894292
v -6.456716608 14.978578659 0.272456680
v -6.333327428 21.040536813 1.104471919
v -8.687513365 18.686350876 0.810198676
v -2.507775280 17.214984665 3.458657856
v -5.156234459 20.451990329 3.458657856
v -7.216147154 18.097804392 4.047204340
v -1.930888173 16.232824542 1.057086587
v -2.507775280 18.392077634 3.164384614
v -5.156234459 19.274897360 -0.072621050
v -5.450507701 16.037891697 -0.072621050
v -6.921873912 15.743618455 -0.072621050
v -8.098966881 15.155071970 3.458657856
v -6.620788251 15.157042514 3.738065969
v -6.039054186 21.040536813 2.281564887
v -7.804693638 20.451990329 0.810198676
v -5.156234459 21.040536813 0.515925434
v -8.393240123 16.920711423 0.515925434
v -8.098966881 18.980624118 0.221652192
v -3.684868248 19.274897360 3.458657856
v -3.684868248 20.746263571 2.870111371
v -6.921873912 19.569170603 3.752931098
v -1.914325002 16.250178525 1.124401620
v -3.979141491 21.040536813 0.810198676
v -2.798489092 15.980071870 0.235862729
v -1.919228796 16.332164939 3.164384614
v -2.802048522 19.274897360 2.281564887
v -4.567687975 20.157717087 0.221652192
v -6.627600670 17.803531150 -0.366894292
v -6.039054186 20.451990329 -0.072621050
v -6.921873912 15.155071970 0.221652192
v -7.804693638 16.332164939 0.221652192
v -6.627600670 15.743618455 -0.072621050
v -7.216147154 16.037891697 4.047204340
v -8.393240123 18.686350876 3.164384614
v -7.216147154 20.746263571 2.281564887
v -5.156234459 20.746263571 3.164384614
v -7.216147154 20.746263571 0.810198676
v -7.804693638 19.863443845 0.221652192
v -6.039054186 21.040536813 0.810198676
v -8.687513365 17.214984665 1.398745161
v -7.216147154 18.392077634 -0.366894292
v -8.098966881 17.509257908 0.221652192
v -4.861961217 19.569170603 3.752931098
v -2.802048522 18.980624118 3.164384614
v -4.567687975 18.097804392 4.047204340
v -6.333327428 20.451990329 3.458657856
v -5.744780943 18.686350876 4.047204340
v -3.684868248 20.746263571 1.104471919
v -4.567687975 21.040536813 0.515925434
v -2.213502038 17.509257908 3.164384614
v -1.919228796 16.626438181 1.987291645
v -3.096321764 16.332164939 3.752931098
f 2017 2006 2002
f 2017 1998 2006
f 2018 2006 1995
f 2018 2002 2006
f 2019 1996 2007
f 2021 2004 1997
f 2021 2007 1996
f 2025 2001 1996
f 2025 2024 2001
f 2027 2012 2003
f 2027 1995 2012
f 2028 2012 1999
f 2028 2021 1996
f 2029 1999 2012
f 2029 2006 2015
f 2029 2012 1995
f 2029 1995 2006
f 2030 1995 2027
f 2031 2013 2003
f 2031 1996 2001
f 2031 2001 2013
f 2032 2014 2004
f 2032 1999 2014
f 2032 2028 1999
f 2032 2004 2028
f 2033 2014 1999
f 2033 1999 2029
f 2033 2029 2015
f 2033 2015 2005
f 2034 1997 2004
f 2034 2004 2014
f 2034 2014 2033
f 2035 2016 2006
f 2035 2006 1998
f 2035 1998 2016
f 2036 2016 1998
f 2036 2005 2016
f 2036 2022 2005
f 2036 1998 2022
f 2037 2015 2006
f 2037 2006 2016
f 2037 2016 2005
f 2037 2005 2015
f 2038 2017 2002
f 2038 2011 2017
f 2038 2002 2018
f 2038 1994 2011
f 2039 2017 2011
f 2039 2020 2008
f 2039 2000 2020
f 2039 2026 2000
f 2039 2011 2026
f 2040 2019 2007
f 2040 2000 2019
f 2040 2020 2000
f 2041 2010 2025
f 2041 2025 1996
f 2041 1996 2019
f 2042 1997 2020
f 2042 2040 2007
f 2042 2020 2040
f 2043 2020 1997
f 2043 2008 2020
f 2043 2023 2008
f 2043 1997 2023
f 2044 2021 1997
f 2044 2007 2021
f 2044 2042 2007
f 2044 1997 2042
f 2045 2008 2022
f 2045 2039 2008
f 2045 2017 2039
f 2045 2022 1998
f 2045 1998 2017
f 2046 2023 1997
f 2046 2005 2023
f 2046 2033 2005
f 2046 2034 2033
f 2046 1997 2034
f 2047 2023 2005
f 2047 2005 2022
f 2047 2022 2008
f 2047 2008 2023
f 2048 2010 1994
f 2048 2025 2010
f 2048 2024 2025
f 2049 2013 2001
f 2049 2001 2024
f 2049 2024 2009
f 2049 2009 2013
f 2050 2009 2024
f 2050 1994 2038
f 2050 2048 1994
f 2050 2024 2048
f 2051 2000 2026
f 2051 2010 2041
f 2051 2041 2019
f 2051 2019 2000
f 2051 1994 2010
f 2052 2026 2011
f 2052 2011 1994
f 2052 2051 2026
f 2052 1994 2051
f 2053 2003 2012
f 2053 2012 2028
f 2053 2031 2003
f 2053 2028 1996
f 2053 1996 2031
f 2054 2028 2004
f 2054 2004 2021
f 2054 2021 2028
f 2055 2013 2009
f 2055 2009 2030
f 2056 2030 2027
f 2056 2027 2003
f 2056 2055 2030
f 2056 2003 2013
f 2056 2013 2055
f 2057 2030 2009
f 2057 1995 2030
f 2057 2009 2050
f 2057 2050 2038
f 2057 2038 2018
f 2057 2018 1995
o teddy054
usemtl Material054
v 3.377689563 -16.332164939 0.221652192
v 3.354356610 -18.454125172 0.206859775
v 3.377689563 -16.332164939 -3.015353471
v -4.861961217 -17.509257908 -3.015353471
v -3.684868248 -18.097804392 0.221652192
v 2.789143079 -18.392077634 -3.015353471
v -3.096321764 -16.332164939 0.221652192
v 3.377689563 -18.686350876 -1.249714019
v 1.023503626 -18.980624118 0.221652192
v -3.096321764 -16.332164939 -3.015353471
v -4.861961217 -17.509257908 -1.249714019
v 3.377689563 -18.392077634 -2.721080229
v 1.317776868 -18.980624118 -0.072621050
v -4.861961217 -18.980624118 -1.543987261
v 2.789143079 -18.686350876 -2.132533745
v 3.359785252 -17.927644474 -2.970305800
v -3.390595006 -19.274897360 0.221652192
v -3.979141491 -18.686350876 -3.015353471
v -4.824736780 -18.735093678 -1.184901454
v 3.083416321 -18.686350876 -1.838260503
v -2.507775280 -19.274897360 0.221652192
v -4.861961217 -18.686350876 -2.721080229
v -0.447862585 -18.686350876 -3.015353471
v -3.678249964 -18.915248671 0.216235788
v 1.317776868 -18.980624118 -0.366894292
v -1.919228796 -18.980624118 -2.132533745
v -4.273414733 -18.980624118 -2.132533745
v -4.820848662 -18.170779553 -2.927682751
v 1.906323352 -18.686350876 -2.426806987
v 0.729230384 -18.980624118 -1.249714019
v -3.096321764 -19.274897360 -0.366894292
v -0.742135827 -18.980624118 -1.838260503
v -2.507775280 -19.274897360 -0.366894292
v -3.390595006 -19.274897360 -0.072621050
f 2063 2061 2060
f 2064 2058 2060
f 2064 2062 2058
f 2065 2058 2059
f 2065 2060 2058
f 2066 2059 2058
f 2066 2058 2062
f 2067 2064 2060
f 2067 2060 2061
f 2067 2061 2064
f 2068 2064 2061
f 2068 2062 2064
f 2069 2060 2065
f 2070 2065 2059
f 2070 2059 2066
f 2071 2068 2061
f 2072 2063 2069
f 2073 2069 2063
f 2073 2063 2060
f 2073 2060 2069
f 2074 2066 2062
f 2075 2061 2063
f 2076 2062 2068
f 2076 2068 2071
f 2076 2071 2074
f 2077 2072 2069
f 2077 2069 2065
f 2078 2070 2066
f 2078 2066 2074
f 2079 2071 2061
f 2080 2075 2063
f 2081 2076 2074
f 2081 2074 2062
f 2081 2062 2076
f 2082 2077 2065
f 2082 2065 2070
f 2082 2070 2078
f 2083 2075 2080
f 2084 2079 2075
f 2084 2071 2079
f 2084 2075 2083
f 2085 2079 2061
f 2085 2061 2075
f 2085 2075 2079
f 2086 2080 2063
f 2086 2063 2072
f 2087 2072 2077
f 2087 2077 2082
f 2088 2078 2074
f 2088 2084 2083
f 2088 2071 2084
f 2089 2086 2072
f 2089 2083 2080
f 2089 2080 2086
f 2089 2072 2087
f 2090 2087 2082
f 2090 2082 2078
f 2090 2078 2088
f 2090 2089 2087
f 2090 2088 2083
f 2090 2083 2089
f 2091 2088 2074
f 2091 2074 2071
f 2091 2071 2088
o teddy055
usemtl Material055
v 6.614695227 8.975333885 7.284210004
v 9.557427648 3.678415527 3.458657856
v 8.968881164 10.446700096 3.458657856
v 6.320421984 10.446700096 2.870111371
v 6.275845696 3.732500225 6.349239657
v 9.557427648 8.386787401 2.870111371
v 6.908968469 10.446700096 6.695663519
v 7.791788195 4.561235253 6.695663519
v 6.196893700 10.059113960 6.745329396
v 6.320421984 4.561235253 2.870111371
v 8.968881164 10.446700096 2.870111371
v 8.380334680 3.089869043 4.341477582
v 6.320421984 4.855508495 7.284210004
v 7.791788195 8.092514159 6.695663519
v 6.262830098 10.389278292 6.567615105
v 6.614695227 10.152426854 6.989936761
v 9.557427648 3.678415527 2.870111371
v 6.199682824 8.914878221 7.076072209
v 9.263154406 9.858153612 3.164384614
v 6.614695227 3.678415527 6.695663519
v 9.263154406 3.678415527 4.341477582
v 8.195648333 2.957623785 2.910121054
v 6.908968469 5.149781738 7.284210004
v 8.674607922 10.446700096 4.635750824
v 7.497514953 9.269607128 6.695663519
v 9.263154406 9.858153612 2.870111371
v 6.320421984 3.678415527 6.695663519
v 8.968881164 3.089869043 3.164384614
v 8.086061437 3.678415527 5.518570551
v 9.263154406 8.092514159 4.635750824
v 8.968881164 3.089869043 2.870111371
v 6.908968469 8.092514159 7.284210004
v 6.614695227 4.855508495 7.284210004
v 8.968881164 10.152426854 4.047204340
v 7.497514953 10.446700096 6.107117035
v 8.380334680 9.563880370 5.518570551
v 6.908968469 9.563880370 6.989936761
v 8.674607922 3.089869043 4.047204340
v 9.263154406 3.384142285 3.458657856
v 8.086061437 7.209694433 6.401390277
v 9.263154406 3.972688769 4.635750824
v 9.557427648 8.386787401 3.164384614
v 8.968881164 9.563880370 4.635750824
v 7.791788195 9.269607128 6.401390277
v 7.791788195 9.858153612 6.107117035
v 8.674607922 8.092514159 5.518570551
v 8.086061437 4.561235253 6.401390277
v 9.263154406 9.563880370 3.458657856
v 9.557427648 7.209694433 3.458657856
v 8.086061437 8.975333885 6.107117035
f 2098 2094 2095
f 2101 2095 2097
f 2101 2100 2095
f 2102 2097 2095
f 2102 2095 2094
f 2106 2098 2095
f 2106 2095 2100
f 2107 2106 2100
f 2107 2098 2106
f 2108 2101 2097
f 2108 2097 2093
f 2109 2101 2096
f 2109 2100 2101
f 2109 2096 2104
f 2109 2104 2092
f 2109 2107 2100
f 2109 2092 2107
f 2110 2102 2094
f 2113 2096 2101
f 2114 2092 2104
f 2114 2099 2105
f 2115 2094 2098
f 2116 2098 2107
f 2117 2110 2097
f 2117 2097 2102
f 2117 2102 2110
f 2118 2111 2104
f 2118 2104 2096
f 2118 2096 2113
f 2118 2113 2103
f 2118 2103 2111
f 2119 2108 2093
f 2120 2111 2103
f 2120 2112 2099
f 2120 2099 2111
f 2122 2113 2101
f 2122 2101 2108
f 2122 2119 2113
f 2122 2108 2119
f 2123 2114 2105
f 2123 2092 2114
f 2123 2116 2092
f 2123 2105 2116
f 2124 2111 2099
f 2124 2099 2114
f 2124 2114 2104
f 2124 2104 2111
f 2125 2110 2094
f 2125 2094 2115
f 2126 2115 2098
f 2126 2098 2116
f 2128 2116 2107
f 2128 2107 2092
f 2128 2092 2116
f 2129 2103 2113
f 2129 2113 2119
f 2129 2120 2103
f 2129 2112 2120
f 2130 2119 2093
f 2130 2093 2112
f 2130 2129 2119
f 2130 2112 2129
f 2131 2105 2099
f 2132 2099 2112
f 2132 2112 2093
f 2132 2093 2121
f 2133 2097 2110
f 2133 2093 2097
f 2134 2110 2125
f 2134 2125 2115
f 2134 2115 2127
f 2135 2116 2105
f 2135 2126 2116
f 2136 2127 2115
f 2136 2115 2126
f 2136 2135 2127
f 2136 2126 2135
f 2137 2134 2127
f 2137 2121 2134
f 2137 2105 2131
f 2137 2132 2121
f 2138 2131 2099
f 2138 2099 2132
f 2138 2137 2131
f 2138 2132 2137
f 2139 2133 2110
f 2139 2121 2133
f 2139 2134 2121
f 2139 2110 2134
f 2140 2133 2121
f 2140 2121 2093
f 2140 2093 2133
f 2141 2135 2105
f 2141 2105 2137
f 2141 2137 2127
f 2141 2127 2135
o teddy056
usemtl Material056
v -8.361067980 8.386577862 6.639520035
v -8.393240123 4.561235253 6.695663519
v -8.308132620 2.129965305 2.816870185
v -9.912945922 10.608822064 2.826688418
v -10.453152818 9.858153612 4.341477582
v -8.393240123 8.386787401 2.870111371
v -9.276059849 8.386787401 6.401390277
v -9.570333091 10.740973338 4.930024066
v -10.453152818 3.678415527 3.458657856
v -8.981786607 8.386787401 6.695663519
v -10.158879576 10.740973338 3.752931098
v -9.276059849 10.740973338 2.870111371
v -10.158879576 9.858153612 4.930024066
v -8.687513365 2.207049316 4.341477582
v -9.276059849 5.444054980 6.401390277
v -10.747426060 9.858153612 2.870111371
v -9.570333091 10.446700096 5.224297309
v -9.864606333 10.740973338 4.635750824
v -9.157979510 10.677372730 4.854324660
v -8.687513365 1.912776074 2.870111371
v -8.393240123 2.207049316 4.341477582
v -9.864606333 8.386787401 5.518570551
v -8.981786607 5.444054980 6.695663519
v -10.158879576 3.972688769 4.635750824
v -10.747426060 6.032601464 3.164384614
v -10.192022812 3.723001199 2.822553134
v -10.747426060 9.858153612 3.164384614
v -9.864606333 9.858153612 5.224297309
v -10.158879576 10.446700096 4.341477582
v -9.864606333 10.446700096 4.930024066
v -9.140254298 10.373552627 5.137234223
v -8.981786607 2.207049316 3.752931098
v -8.393240123 1.912776074 3.164384614
v -8.687513365 4.561235253 6.695663519
v -10.158879576 5.149781738 4.930024066
v -10.453152818 4.855508495 4.341477582
v -10.460680770 6.036056151 2.822933869
v -8.687513365 1.912776074 3.164384614
v -10.158879576 3.678415527 4.341477582
v -9.276059849 4.561235253 6.107117035
v -9.864606333 4.266962011 5.224297309
v -9.864606333 5.738328222 5.518570551
v -10.158879576 3.384142285 3.752931098
f 2142 2143 2144
f 2147 2142 2144
f 2147 2144 2145
f 2151 2143 2142
f 2153 2147 2145
f 2153 2152 2149
f 2153 2145 2152
f 2154 2148 2151
f 2156 2151 2148
f 2157 2152 2145
f 2158 2151 2142
f 2159 2149 2152
f 2159 2158 2149
f 2160 2153 2149
f 2160 2142 2147
f 2160 2147 2153
f 2160 2149 2158
f 2162 2144 2143
f 2162 2143 2155
f 2163 2156 2148
f 2163 2148 2154
f 2163 2154 2146
f 2164 2143 2151
f 2164 2151 2156
f 2167 2144 2161
f 2167 2161 2150
f 2167 2150 2166
f 2168 2152 2157
f 2168 2166 2146
f 2168 2157 2166
f 2169 2158 2154
f 2169 2154 2151
f 2169 2151 2158
f 2170 2159 2152
f 2170 2146 2154
f 2170 2154 2159
f 2170 2168 2146
f 2170 2152 2168
f 2171 2159 2154
f 2171 2154 2158
f 2171 2158 2159
f 2172 2160 2158
f 2172 2158 2142
f 2172 2142 2160
f 2174 2161 2144
f 2174 2144 2162
f 2174 2162 2155
f 2175 2155 2143
f 2175 2143 2164
f 2175 2164 2156
f 2176 2163 2146
f 2177 2166 2150
f 2177 2150 2165
f 2177 2165 2176
f 2177 2176 2146
f 2177 2146 2166
f 2178 2157 2145
f 2178 2145 2144
f 2178 2144 2167
f 2178 2167 2166
f 2178 2166 2157
f 2179 2155 2173
f 2179 2174 2155
f 2179 2161 2174
f 2180 2165 2150
f 2181 2175 2156
f 2181 2165 2180
f 2181 2180 2155
f 2181 2155 2175
f 2182 2176 2165
f 2182 2156 2176
f 2182 2181 2156
f 2182 2165 2181
f 2183 2176 2156
f 2183 2156 2163
f 2183 2163 2176
f 2184 2180 2150
f 2184 2173 2155
f 2184 2155 2180
f 2184 2179 2173
f 2184 2150 2161
f 2184 2161 2179
o teddy057
usemtl Material057
v 1.023503626 3.678415527 9.049849456
v 1.023503626 1.912776074 9.049849456
v 1.017928475 1.383638458 5.178136495
v -4.567687975 3.089869043 5.224297309
v -3.096321764 2.501322558 9.049849456
v 1.023503626 3.089869043 5.224297309
v -2.507775280 3.678415527 9.049849456
v -1.919228796 1.029956348 6.107117035
v -3.915730771 1.522291278 5.057444043
v -2.507775280 3.678415527 6.989936761
v 1.023503626 1.029956348 5.518570551
v -4.550154251 3.132712647 6.621529315
v -2.213502038 1.912776074 9.049849456
v 1.023503626 3.678415527 6.989936761
v 0.729230384 1.029956348 6.401390277
v -1.919228796 1.029956348 5.518570551
v -4.567687975 1.618502832 5.518570551
v 1.023503626 1.029956348 6.107117035
v -1.330682311 1.324229590 7.578483246
v -4.567687975 2.501322558 6.695663519
v -3.979141491 1.324229590 5.518570551
v -4.527503308 1.757646702 5.111233579
v 1.023503626 1.618502832 8.167029730
v -1.919228796 1.324229590 7.284210004
v -1.624955553 1.029956348 6.401390277
v 0.434957142 1.618502832 8.461302972
v -4.567687975 2.207049316 6.401390277
v -1.624955553 1.618502832 8.461302972
v 0.140683899 1.324229590 7.578483246
f 2189 2186 2185
f 2190 2185 2186
f 2191 2189 2185
f 2193 2190 2187
f 2193 2188 2190
f 2194 2190 2188
f 2194 2191 2185
f 2195 2190 2186
f 2195 2187 2190
f 2196 2189 2191
f 2196 2194 2188
f 2196 2191 2194
f 2197 2186 2189
f 2198 2194 2185
f 2198 2185 2190
f 2198 2190 2194
f 2199 2192 2195
f 2200 2193 2187
f 2200 2187 2195
f 2200 2195 2192
f 2201 2197 2189
f 2202 2199 2195
f 2202 2195 2186
f 2204 2189 2196
f 2204 2196 2188
f 2204 2188 2201
f 2205 2197 2201
f 2205 2200 2192
f 2205 2193 2200
f 2206 2201 2188
f 2206 2188 2193
f 2206 2205 2201
f 2206 2193 2205
f 2207 2202 2186
f 2207 2199 2202
f 2208 2197 2205
f 2209 2192 2199
f 2209 2199 2203
f 2209 2208 2205
f 2209 2205 2192
f 2210 2186 2197
f 2210 2207 2186
f 2210 2199 2207
f 2211 2204 2201
f 2211 2201 2189
f 2211 2189 2204
f 2212 2197 2208
f 2212 2210 2197
f 2212 2203 2210
f 2212 2209 2203
f 2212 2208 2209
f 2213 2210 2203
f 2213 2203 2199
f 2213 2199 2210
o teddy058
usemtl Material058
v 6.320421984 18.392077634 4.047204340
v 7.791788195 15.743618455 3.164384614
v 6.026148742 19.863443845 0.810198676
v 1.317776868 16.037891697 -0.661167534
v 1.609267864 15.726310664 3.749000474
v 7.791788195 15.743618455 1.987291645
v 8.086061437 18.097804392 2.870111371
v 6.614695227 15.743618455 4.047204340
v 2.494869837 19.569170603 3.164384614
v 3.966236047 16.920711423 -0.366894292
v 1.594523381 15.640117812 -0.635702033
v 6.026148742 20.157717087 2.870111371
v 7.497514953 18.686350876 1.398745161
v 8.086061437 17.214984665 2.575838129
v 2.494869837 15.743618455 4.047204340
v 7.497514953 18.392077634 3.458657856
v 2.494869837 19.569170603 0.810198676
v 1.317776868 17.509257908 2.281564887
v 3.671962805 19.274897360 0.221652192
v 1.307997501 15.685868329 -0.646958580
v 4.001282398 15.773936503 -0.169962038
v 1.612050110 16.037891697 -0.661167534
v 4.554782532 20.157717087 3.164384614
v 6.320421984 20.157717087 2.281564887
v 5.731875500 19.569170603 0.515925434
v 8.086061437 17.214984665 2.870111371
v 8.086061437 18.097804392 2.575838129
v 3.083416321 18.097804392 4.047204340
v 6.614695227 17.214984665 4.047204340
v 6.026148742 19.274897360 3.752931098
v 7.497514953 16.332164939 3.458657856
v 1.906323352 17.509257908 3.752931098
v 1.612050110 18.686350876 1.398745161
v 4.260509289 20.157717087 0.810198676
v 2.494869837 19.274897360 0.515925434
v 1.317776868 17.509257908 1.104471919
v 1.351969385 15.956309697 2.918418065
v 3.671962805 18.392077634 -0.072621050
v 7.203241711 19.274897360 2.870111371
v 6.320421984 20.157717087 1.398745161
v 4.849055774 20.451990329 2.575838129
v 6.320421984 19.569170603 0.810198676
v 3.083416321 19.569170603 3.458657856
v 5.731875500 20.157717087 3.164384614
v 4.260509289 18.392077634 4.047204340
v 1.317776868 16.626438181 2.870111371
v 1.612050110 18.392077634 2.575838129
v 2.494869837 17.214984665 4.047204340
v 2.494869837 19.863443845 1.987291645
v 4.849055774 19.863443845 0.515925434
v 3.083416321 18.980624118 0.221652192
v 3.083416321 19.569170603 0.515925434
v 2.200596594 19.274897360 0.810198676
v 7.791788195 18.392077634 3.164384614
v 7.203241711 19.274897360 1.693018403
v 6.908968469 19.569170603 2.870111371
v 5.437602258 20.157717087 0.810198676
v 5.143329016 20.451990329 1.693018403
v 3.671962805 20.451990329 2.281564887
v 6.614695227 19.569170603 1.104471919
v 2.494869837 18.392077634 3.752931098
v 5.143329016 19.274897360 3.752931098
v 3.083416321 18.980624118 3.752931098
v 1.612050110 16.037891697 3.752931098
f 2224 2219 2215
f 2224 2221 2218
f 2224 2215 2221
f 2226 2219 2223
f 2227 2215 2219
f 2228 2221 2214
f 2228 2218 2221
f 2229 2215 2220
f 2233 2224 2218
f 2234 2224 2223
f 2234 2223 2219
f 2234 2219 2224
f 2235 2223 2224
f 2235 2233 2217
f 2235 2224 2233
f 2238 2226 2223
f 2239 2227 2220
f 2239 2220 2215
f 2239 2215 2227
f 2240 2220 2227
f 2240 2227 2219
f 2240 2219 2226
f 2241 2228 2214
f 2242 2229 2214
f 2242 2214 2221
f 2242 2221 2229
f 2243 2214 2229
f 2244 2229 2221
f 2244 2221 2215
f 2244 2215 2229
f 2249 2233 2231
f 2249 2217 2233
f 2249 2246 2217
f 2249 2231 2246
f 2250 2233 2218
f 2251 2223 2235
f 2251 2238 2223
f 2251 2235 2217
f 2251 2217 2232
f 2252 2220 2240
f 2253 2237 2252
f 2254 2225 2237
f 2255 2238 2216
f 2255 2226 2238
f 2255 2216 2253
f 2257 2236 2243
f 2257 2254 2236
f 2257 2225 2254
f 2258 2241 2214
f 2258 2214 2243
f 2259 2250 2218
f 2259 2231 2233
f 2259 2233 2250
f 2260 2245 2222
f 2260 2259 2245
f 2260 2231 2259
f 2260 2246 2231
f 2260 2222 2246
f 2261 2228 2241
f 2262 2246 2222
f 2263 2232 2247
f 2263 2251 2232
f 2263 2238 2251
f 2264 2248 2232
f 2264 2232 2217
f 2264 2217 2248
f 2265 2247 2232
f 2265 2232 2248
f 2265 2248 2230
f 2265 2230 2247
f 2266 2230 2248
f 2266 2262 2230
f 2266 2246 2262
f 2266 2248 2217
f 2266 2217 2246
f 2267 2252 2229
f 2267 2229 2220
f 2267 2220 2252
f 2268 2252 2240
f 2268 2240 2226
f 2268 2253 2252
f 2268 2226 2253
f 2269 2252 2237
f 2269 2237 2225
f 2269 2225 2257
f 2269 2257 2243
f 2269 2243 2229
f 2269 2229 2252
f 2270 2253 2216
f 2270 2263 2247
f 2270 2216 2238
f 2270 2238 2263
f 2271 2254 2237
f 2271 2237 2253
f 2271 2253 2270
f 2271 2270 2247
f 2272 2236 2254
f 2272 2256 2236
f 2272 2222 2256
f 2272 2262 2222
f 2272 2254 2271
f 2272 2271 2247
f 2272 2247 2230
f 2272 2230 2262
f 2273 2255 2253
f 2273 2253 2226
f 2273 2226 2255
f 2274 2261 2241
f 2274 2245 2261
f 2274 2256 2222
f 2274 2222 2245
f 2275 2243 2236
f 2275 2236 2256
f 2275 2258 2243
f 2276 2241 2258
f 2276 2274 2241
f 2276 2256 2274
f 2276 2275 2256
f 2276 2258 2275
f 2277 2259 2218
f 2277 2245 2259
f 2277 2261 2245
f 2277 2218 2228
f 2277 2228 2261
o teddy059
usemtl Material059
v -0.143863558 -4.615011964 8.084731340
v 0.434957142 -4.561235253 6.401390277
v 0.436512113 0.272961373 4.480147739
v -6.403910402 -1.711843451 2.948053784
v -7.987124962 -4.619622082 3.983908549
v 0.434957142 -4.561235253 4.341477582
v -4.273414733 -3.972688769 7.578483246
v 0.434957142 -1.912776074 6.695663519
v -3.684868248 -4.561235253 4.047204340
v -7.882567793 -4.674205923 4.219008730
v -3.096321764 0.147136621 4.635750824
v -1.919228796 -4.266962011 8.167029730
v -5.744780943 -3.089869043 3.458657856
v -7.216147154 -3.089869043 4.930024066
v -3.019984225 0.025056286 4.176255953
v 0.434957142 -1.029956348 6.107117035
v -0.153589343 -3.678415527 7.872756488
v -4.567687975 -4.561235253 7.578483246
v -7.237165501 -2.240254020 3.373987994
v -8.098966881 -4.266962011 4.341477582
v -3.684868248 -0.147136621 4.635750824
v -6.039054186 -1.324229590 3.164384614
v -2.213502038 0.147136621 4.930024066
v -1.330682311 -1.029956348 6.107117035
v -1.867197321 -4.629156899 7.890298390
v -3.684868248 -4.266962011 7.872756488
v -5.744780943 -4.266962011 6.695663519
v -7.804693638 -4.561235253 4.930024066
v -7.216147154 -2.207049316 3.752931098
v -5.450507701 -3.384142285 6.401390277
v -3.979141491 -3.089869043 6.989936761
v -5.629275816 -1.459448959 3.125765150
v -1.036409069 -3.678415527 7.872756488
v -2.802048522 -3.089869043 7.284210004
v -3.684868248 -4.561235253 7.872756488
v -4.567687975 -4.266962011 7.578483246
v -7.216147154 -4.561235253 5.518570551
v -7.804693638 -4.266962011 4.930024066
v -7.510420396 -3.089869043 4.341477582
v -6.039054186 -1.324229590 3.458657856
v -6.333327428 -3.384142285 5.812843793
v -2.802048522 -1.912776074 6.401390277
v -1.330682311 -1.912776074 6.695663519
v -3.390595006 -3.678415527 7.578483246
v -5.744780943 -4.561235253 6.695663519
v -7.216147154 -4.266962011 5.518570551
v -6.921873912 -3.678415527 5.518570551
f 2283 2280 2279
f 2283 2281 2280
f 2283 2279 2278
f 2285 2278 2279
f 2285 2279 2280
f 2286 2281 2283
f 2287 2283 2278
f 2287 2286 2283
f 2287 2282 2286
f 2290 2286 2282
f 2290 2282 2281
f 2290 2281 2286
f 2292 2288 2280
f 2293 2285 2280
f 2294 2289 2278
f 2294 2278 2285
f 2294 2285 2293
f 2296 2281 2282
f 2297 2296 2282
f 2299 2292 2280
f 2299 2288 2292
f 2299 2281 2296
f 2300 2293 2280
f 2300 2280 2288
f 2301 2294 2293
f 2301 2293 2300
f 2302 2295 2287
f 2302 2287 2278
f 2305 2297 2282
f 2305 2282 2287
f 2306 2296 2297
f 2306 2291 2298
f 2306 2299 2296
f 2307 2284 2298
f 2308 2298 2284
f 2308 2288 2298
f 2308 2300 2288
f 2309 2299 2280
f 2309 2280 2281
f 2309 2281 2299
f 2310 2289 2294
f 2310 2294 2301
f 2312 2302 2278
f 2312 2278 2289
f 2312 2295 2302
f 2312 2303 2295
f 2312 2289 2303
f 2313 2303 2284
f 2313 2295 2303
f 2313 2304 2295
f 2313 2284 2307
f 2314 2305 2287
f 2315 2297 2305
f 2315 2305 2314
f 2316 2306 2297
f 2316 2291 2306
f 2316 2315 2291
f 2316 2297 2315
f 2317 2306 2298
f 2317 2299 2306
f 2317 2298 2288
f 2317 2288 2299
f 2318 2307 2298
f 2318 2298 2291
f 2318 2313 2307
f 2319 2301 2300
f 2319 2300 2308
f 2319 2308 2284
f 2319 2284 2301
f 2320 2310 2301
f 2320 2289 2310
f 2320 2311 2289
f 2320 2301 2311
f 2321 2303 2289
f 2321 2289 2311
f 2321 2284 2303
f 2321 2311 2301
f 2321 2301 2284
f 2322 2314 2287
f 2322 2287 2295
f 2322 2295 2304
f 2322 2304 2314
f 2323 2315 2314
f 2323 2314 2304
f 2324 2323 2304
f 2324 2318 2291
f 2324 2291 2315
f 2324 2315 2323
f 2324 2304 2313
f 2324 2313 2318
o teddy060
usemtl Material060
v -3.684868248 -1.912776074 4.047204340
v -3.684868248 -4.561235253 4.047204340
v -3.684868248 -4.561235253 0.221652192
v -14.328971843 -3.160086178 0.206256053
v -12.218792271 -3.089869043 3.458657856
v -12.807338755 -4.561235253 0.810198676
v -3.684868248 -1.912776074 0.221652192
v -8.981786607 -3.678415527 4.047204340
v -12.218382428 -1.911221737 3.352545552
v -7.987124962 -4.619622082 3.983908549
v -13.395885239 -4.266962011 0.221652192
v -13.984431723 -3.384142285 1.987291645
v -12.218792271 -1.912776074 0.221652192
v -8.687513365 -2.207049316 4.047204340
v -9.570333091 -4.561235253 3.752931098
v -12.663717587 -4.353723037 0.223229251
v -14.278704966 -3.678415527 0.515925434
v -14.179189033 -2.936260418 1.339350482
v -10.453152818 -1.912776074 3.752931098
v -11.041699302 -3.384142285 3.752931098
v -12.218792271 -3.972688769 2.870111371
v -11.335972544 -4.561235253 2.870111371
v -13.395885239 -4.266962011 0.515925434
v -14.278704966 -3.678415527 0.221652192
v -13.869649405 -2.912392143 1.918525615
v -14.278704966 -3.384142285 1.398745161
v -10.747426060 -3.678415527 3.752931098
v -8.981786607 -2.501322558 4.047204340
v -11.041699302 -3.089869043 3.752931098
v -11.335972544 -4.266962011 3.164384614
v -11.924519028 -4.561235253 2.281564887
v -12.513065513 -4.561235253 1.398745161
v -13.101611997 -3.972688769 1.987291645
f 2325 2326 2327
f 2331 2325 2327
f 2331 2327 2328
f 2332 2326 2325
f 2333 2325 2331
f 2334 2330 2327
f 2334 2327 2326
f 2334 2326 2332
f 2335 2328 2327
f 2336 2329 2333
f 2337 2333 2331
f 2337 2331 2328
f 2338 2332 2325
f 2339 2334 2332
f 2340 2335 2327
f 2340 2327 2330
f 2340 2330 2335
f 2342 2337 2328
f 2342 2333 2337
f 2343 2338 2325
f 2343 2325 2333
f 2345 2329 2336
f 2346 2334 2339
f 2346 2345 2336
f 2347 2341 2335
f 2347 2335 2330
f 2347 2336 2341
f 2348 2341 2328
f 2348 2328 2335
f 2348 2335 2341
f 2349 2342 2336
f 2349 2336 2333
f 2349 2333 2342
f 2350 2341 2336
f 2350 2336 2342
f 2350 2342 2328
f 2350 2328 2341
f 2351 2339 2332
f 2351 2332 2344
f 2351 2344 2329
f 2351 2329 2339
f 2352 2344 2332
f 2352 2332 2338
f 2352 2338 2343
f 2353 2343 2333
f 2353 2333 2329
f 2353 2329 2344
f 2353 2352 2343
f 2353 2344 2352
f 2354 2339 2329
f 2354 2329 2345
f 2354 2346 2339
f 2354 2345 2346
f 2355 2334 2346
f 2355 2346 2336
f 2356 2330 2334
f 2356 2334 2355
f 2356 2347 2330
f 2356 2336 2347
f 2357 2356 2355
f 2357 2355 2336
f 2357 2336 2356
o teddy061
usemtl Material061
v 2.789143079 10.446700096 6.989936761
v 3.015450612 3.012628691 6.968820365
v 2.789143079 10.446700096 2.870111371
v -4.567687975 10.740973338 2.870111371
v -4.567687975 3.089869043 6.989936761
v -1.330682311 10.740973338 2.870111371
v -4.567687975 10.740973338 6.989936761
v -4.567687975 3.089869043 2.870111371
v -1.330682311 10.740973338 6.989936761
v 2.789143079 3.089869043 2.870111371
f 2358 2359 2360
f 2362 2359 2358
f 2363 2358 2360
f 2363 2360 2361
f 2364 2362 2358
f 2364 2361 2362
f 2364 2363 2361
f 2365 2359 2362
f 2365 2362 2361
f 2365 2361 2360
f 2366 2364 2358
f 2366 2358 2363
f 2366 2363 2364
f 2367 2365 2360
f 2367 2360 2359
f 2367 2359 2365
o teddy062
usemtl Material062
v 2.789143079 5.444054980 2.870111371
v 2.860480926 0.257180038 2.898060376
v 2.789143079 5.444054980 -1.249714019
v -4.861961217 5.738328222 -1.249714019
v -4.861961217 5.738328222 2.870111371
v -4.861961217 0.147136621 -1.249714019
v -1.330682311 5.738328222 2.870111371
v 2.789143079 0.147136621 -1.249714019
v -4.738871970 0.038283009 2.730858851
v -1.330682311 5.738328222 -1.249714019
f 2368 2369 2370
f 2373 2371 2370
f 2373 2372 2371
f 2374 2368 2370
f 2374 2371 2372
f 2374 2372 2369
f 2374 2369 2368
f 2375 2373 2370
f 2375 2370 2369
f 2376 2369 2372
f 2376 2372 2373
f 2376 2375 2369
f 2376 2373 2375
f 2377 2374 2370
f 2377 2370 2371
f 2377 2371 2374
o teddy063
usemtl Material063
v -7.804693638 0.147136621 0.221652192
v -7.804693638 -4.266962011 0.221652192
v -8.305492616 -1.966793595 -3.477692193
v -14.867251450 0.147136621 -2.132533745
v -16.632890903 -0.735683105 0.221652192
v -7.804693638 0.147136621 -2.426806987
v -16.595099144 0.162091108 0.224571125
v -12.513065513 -4.266962011 -2.132533745
v -9.276059849 -1.029956348 -3.309626714
v -7.804693638 -4.266962011 -2.426806987
v -13.395885239 -4.266962011 0.221652192
v -16.632890903 -0.441409863 -0.955440776
v -13.101611997 0.147136621 -2.426806987
v -10.747426060 -3.972688769 -3.015353471
v -7.804693638 -0.441409863 -3.015353471
v -15.750071176 -2.207049316 0.221652192
v -16.044344418 0.147136621 -1.543987261
v -8.687513365 -1.618502832 -3.603899956
v -14.572978208 -1.912776074 -2.132533745
v -11.335972544 -4.266962011 -2.721080229
v -10.453152818 -3.972688769 -3.015353471
v -7.804693638 -1.912776074 -3.015353471
v -11.335972544 -0.147136621 -2.721080229
v -16.338617661 -1.029956348 -1.249714019
v -15.161524692 -2.795595800 -1.249714019
v -16.490266252 0.148355639 -0.722192519
v -13.984431723 -1.618502832 -2.426806987
v -14.867251450 -1.324229590 -2.132533745
v -12.218792271 -3.384142285 -2.721080229
v -8.393240123 -0.441409863 -3.015353471
v -16.338617661 -1.324229590 -0.072621050
v -16.632890903 -0.735683105 -0.072621050
v -13.101611997 -4.266962011 -1.249714019
v -14.278704966 -3.678415527 0.221652192
v -14.867251450 -2.501322558 -1.838260503
v -13.984431723 -0.735683105 -2.426806987
v -16.044344418 -0.441409863 -1.543987261
v -13.690158481 -2.207049316 -2.426806987
v -11.335972544 -2.795595800 -3.015353471
v -16.338617661 -1.324229590 0.221652192
v -15.455797934 -2.501322558 -0.955440776
v -13.690158481 -3.678415527 -1.838260503
v -13.395885239 -4.266962011 -0.366894292
v -15.455797934 -2.207049316 -1.543987261
v -15.455797934 -1.029956348 -1.838260503
v -15.750071176 -2.207049316 -0.072621050
v -12.807338755 -4.266962011 -1.838260503
v -14.278704966 -3.678415527 -0.072621050
f 2383 2378 2379
f 2384 2379 2378
f 2384 2378 2383
f 2387 2383 2379
f 2387 2379 2385
f 2388 2379 2384
f 2388 2385 2379
f 2389 2382 2384
f 2390 2384 2383
f 2390 2381 2384
f 2392 2383 2387
f 2392 2390 2383
f 2394 2384 2381
f 2395 2390 2386
f 2395 2381 2390
f 2395 2392 2380
f 2395 2386 2392
f 2397 2387 2385
f 2398 2380 2387
f 2398 2397 2391
f 2398 2387 2397
f 2398 2395 2380
f 2398 2391 2395
f 2399 2392 2387
f 2399 2387 2380
f 2399 2380 2392
f 2400 2386 2390
f 2400 2390 2392
f 2403 2394 2389
f 2403 2389 2384
f 2403 2384 2394
f 2405 2394 2381
f 2405 2404 2396
f 2405 2381 2404
f 2406 2391 2397
f 2407 2400 2392
f 2407 2392 2386
f 2407 2386 2400
f 2409 2382 2389
f 2409 2389 2401
f 2409 2408 2382
f 2409 2401 2408
f 2410 2385 2388
f 2411 2393 2402
f 2411 2388 2384
f 2411 2384 2393
f 2412 2396 2406
f 2412 2406 2397
f 2412 2405 2396
f 2413 2404 2381
f 2413 2381 2395
f 2413 2395 2404
f 2414 2394 2405
f 2414 2401 2389
f 2414 2389 2394
f 2415 2406 2396
f 2415 2396 2404
f 2415 2404 2406
f 2416 2406 2404
f 2416 2404 2395
f 2416 2395 2391
f 2416 2391 2406
f 2417 2408 2393
f 2417 2382 2408
f 2417 2393 2384
f 2417 2384 2382
f 2418 2402 2393
f 2418 2408 2401
f 2419 2410 2402
f 2419 2412 2397
f 2419 2397 2385
f 2420 2410 2388
f 2420 2388 2411
f 2420 2402 2410
f 2421 2405 2412
f 2421 2418 2401
f 2421 2402 2418
f 2421 2419 2402
f 2421 2412 2419
f 2422 2414 2405
f 2422 2401 2414
f 2422 2421 2401
f 2422 2405 2421
f 2423 2418 2393
f 2423 2393 2408
f 2423 2408 2418
f 2424 2419 2385
f 2424 2385 2410
f 2424 2410 2419
f 2425 2420 2411
f 2425 2411 2402
f 2425 2402 2420
o teddy064
usemtl Material064
v -3.390595006 -6.621147948 -3.015353471
v -3.390595006 -9.269607128 -3.015353471
v -3.390595006 -9.269607128 -6.840905619
v -8.098966881 -7.798240917 -7.135178861
v -10.453152818 -8.092514159 -3.309626714
v -3.390595006 -6.621147948 -6.840905619
v -7.804693638 -9.269607128 -3.015353471
v -10.158879576 -6.621147948 -3.309626714
v -7.886788150 -9.287849218 -6.968227097
v -7.804693638 -6.621147948 -3.015353471
v -8.098966881 -6.621147948 -6.840905619
v -10.372808378 -9.285819342 -3.276127527
v -7.773437268 -9.272294397 -7.110584944
v -9.864606333 -8.975333885 -5.075266166
v -8.687513365 -8.386787401 -6.546632377
v -10.158879576 -7.798240917 -4.192446440
v -10.453152818 -9.269607128 -3.898173198
v -8.687513365 -9.269607128 -6.546632377
v -10.158879576 -6.621147948 -3.603899956
v -9.276059849 -7.209694433 -5.369539409
v -10.453152818 -8.681060643 -3.898173198
v -9.864606333 -9.269607128 -5.075266166
v -9.864606333 -7.209694433 -4.486719682
v -10.158879576 -8.681060643 -4.486719682
v -10.453152818 -8.092514159 -3.603899956
v -9.864606333 -6.621147948 -4.192446440
f 2426 2427 2428
f 2431 2426 2428
f 2431 2428 2429
f 2432 2427 2426
f 2433 2426 2431
f 2434 2428 2427
f 2435 2432 2426
f 2435 2426 2433
f 2435 2433 2430
f 2436 2433 2431
f 2436 2431 2429
f 2437 2434 2427
f 2437 2427 2432
f 2437 2435 2430
f 2437 2432 2435
f 2438 2429 2428
f 2438 2428 2434
f 2440 2436 2429
f 2442 2437 2430
f 2443 2438 2434
f 2443 2439 2440
f 2443 2440 2429
f 2443 2429 2438
f 2444 2430 2433
f 2444 2433 2436
f 2445 2440 2439
f 2445 2436 2440
f 2446 2442 2430
f 2447 2434 2437
f 2447 2437 2442
f 2447 2443 2434
f 2447 2439 2443
f 2448 2445 2439
f 2448 2441 2444
f 2449 2446 2441
f 2449 2442 2446
f 2449 2447 2442
f 2449 2439 2447
f 2449 2448 2439
f 2449 2441 2448
f 2450 2446 2430
f 2450 2430 2444
f 2450 2444 2441
f 2450 2441 2446
f 2451 2448 2444
f 2451 2444 2436
f 2451 2436 2445
f 2451 2445 2448
o teddy065
usemtl Material065
v 15.442892491 -1.029956348 0.221652192
v 16.914258702 -6.326874706 -0.072621050
v 14.560072765 -2.795595800 -3.015353471
v 8.971724219 -1.490045090 -2.972037365
v 8.897435419 -4.956259265 0.309962985
v 12.500160070 0.147136621 -2.132533745
v 16.325712217 -3.384142285 -0.955440776
v 15.958237295 -7.357753418 0.394559733
v 14.265799522 -0.735683105 -2.132533745
v 11.028793859 -0.735683105 -3.015353471
v 8.968881164 0.147136621 0.221652192
v 16.914258702 -4.266962011 0.221652192
v 15.737165733 -4.855508495 -2.132533745
v 14.265799522 0.147136621 -0.366894292
v 15.442892491 -1.912776074 -1.543987261
v 11.028793859 -2.501322558 -3.309626714
v 13.677253038 -1.324229590 -2.721080229
v 14.265799522 0.147136621 0.221652192
v 8.789667784 -4.516722190 -0.964283548
v 9.263154406 0.147136621 -2.132533745
v 16.325712217 -2.795595800 -0.366894292
v 16.914258702 -4.266962011 -0.072621050
v 16.675168191 -6.283316160 0.352968452
v 15.442892491 -3.678415527 -2.426806987
v 16.619985460 -7.209694433 -0.072621050
v 13.382979796 0.147136621 -1.543987261
v 15.148619249 -1.029956348 -0.955440776
v 12.500160070 -1.912776074 -3.309626714
v 11.028793859 -1.912776074 -3.309626714
v 14.560072765 -3.678415527 -3.015353471
v 12.500160070 -0.147136621 -2.426806987
v 8.968881164 0.147136621 -1.838260503
v 8.968881164 -3.384142285 -2.132533745
v 14.854346007 -7.503967675 -0.072621050
v 10.440247375 -0.147136621 -2.721080229
v 16.619985460 -3.384142285 -0.072621050
v 15.737165733 -2.207049316 -1.249714019
v 16.325712217 -4.561235253 -1.249714019
v 16.356263278 -3.470507636 0.259154780
v 16.325712217 -5.738328222 -1.249714019
v 16.619985460 -7.209694433 0.221652192
v 14.265799522 -0.147136621 -1.249714019
v 13.677253038 -0.147136621 -1.838260503
v 15.442892491 -1.029956348 -0.072621050
v 13.971526280 -2.207049316 -3.015353471
v 8.968881164 -1.912776074 -3.015353471
v 10.440247375 -0.735683105 -3.015353471
v 15.442892491 -4.266962011 -2.426806987
v 13.088706554 -2.501322558 -3.309626714
v 13.677253038 -0.735683105 -2.426806987
v 11.911613585 -0.441409863 -2.721080229
v 8.968881164 -0.147136621 -2.132533745
v 14.854346007 -7.503967675 0.221652192
v 8.968881164 -5.149781738 -0.072621050
v 16.031438975 -7.503967675 -0.072621050
v 11.028793859 -4.266962011 -2.132533745
v 14.560072765 -6.326874706 -1.249714019
v 9.263154406 -0.147136621 -2.426806987
v 11.323067101 0.147136621 -2.426806987
v 16.619985460 -3.972688769 -0.661167534
v 15.737165733 -3.972688769 -2.132533745
v 16.031438975 -6.032601464 -1.249714019
v 13.971526280 0.147136621 -0.955440776
v 15.737165733 -1.618502832 -0.366894292
f 2462 2456 2459
f 2465 2457 2462
f 2466 2454 2460
f 2468 2460 2454
f 2469 2462 2459
f 2469 2465 2462
f 2469 2452 2465
f 2470 2456 2462
f 2471 2462 2457
f 2473 2463 2453
f 2474 2453 2463
f 2474 2469 2459
f 2474 2452 2469
f 2475 2454 2466
f 2477 2457 2465
f 2478 2466 2460
f 2480 2479 2467
f 2480 2461 2479
f 2481 2454 2475
f 2482 2457 2460
f 2483 2470 2462
f 2483 2462 2471
f 2487 2472 2452
f 2487 2452 2463
f 2487 2473 2472
f 2487 2463 2473
f 2488 2472 2458
f 2488 2458 2466
f 2489 2473 2453
f 2490 2474 2463
f 2490 2463 2452
f 2490 2452 2474
f 2491 2453 2476
f 2491 2489 2453
f 2491 2464 2489
f 2492 2474 2459
f 2492 2476 2453
f 2492 2453 2474
f 2493 2478 2460
f 2494 2460 2457
f 2494 2457 2477
f 2494 2493 2460
f 2494 2477 2493
f 2495 2465 2452
f 2495 2452 2472
f 2495 2493 2465
f 2495 2478 2493
f 2496 2479 2468
f 2496 2468 2454
f 2496 2454 2479
f 2497 2480 2467
f 2497 2455 2480
f 2497 2467 2484
f 2497 2484 2470
f 2497 2470 2455
f 2498 2480 2455
f 2498 2461 2480
f 2498 2486 2461
f 2499 2481 2475
f 2499 2475 2464
f 2499 2464 2481
f 2500 2479 2454
f 2500 2454 2481
f 2500 2481 2467
f 2500 2467 2479
f 2501 2482 2460
f 2501 2460 2468
f 2501 2468 2479
f 2501 2479 2482
f 2502 2482 2479
f 2502 2479 2461
f 2502 2461 2486
f 2503 2455 2470
f 2503 2470 2483
f 2503 2483 2471
f 2504 2459 2456
f 2505 2456 2470
f 2505 2470 2485
f 2505 2504 2456
f 2505 2485 2504
f 2506 2504 2485
f 2506 2459 2504
f 2506 2492 2459
f 2506 2476 2492
f 2507 2485 2470
f 2507 2470 2484
f 2507 2484 2467
f 2508 2481 2464
f 2508 2506 2485
f 2508 2485 2507
f 2508 2507 2467
f 2508 2467 2481
f 2509 2471 2486
f 2509 2503 2471
f 2509 2455 2503
f 2509 2498 2455
f 2509 2486 2498
f 2510 2486 2471
f 2510 2471 2457
f 2510 2457 2482
f 2510 2502 2486
f 2510 2482 2502
f 2511 2473 2489
f 2511 2458 2472
f 2511 2472 2473
f 2512 2489 2464
f 2512 2464 2475
f 2512 2511 2489
f 2512 2458 2511
f 2512 2475 2466
f 2512 2466 2458
f 2513 2491 2476
f 2513 2464 2491
f 2513 2476 2506
f 2513 2508 2464
f 2513 2506 2508
f 2514 2493 2477
f 2514 2477 2465
f 2514 2465 2493
f 2515 2478 2495
f 2515 2488 2466
f 2515 2466 2478
f 2515 2495 2472
f 2515 2472 2488
o teddy066
usemtl Material066
v -4.861961217 -9.858153612 7.284210004
v -4.861961217 -12.212339549 7.284210004
v -4.861961217 -12.212339549 4.047204340
v -7.216147154 -9.858153612 4.047204340
v -8.383075883 -12.228738514 7.283332703
v -4.861961217 -9.858153612 4.047204340
v -7.765115087 -9.859103108 5.769389800
v -8.233602090 -12.306270222 5.844401416
v -6.627600670 -9.858153612 7.284210004
v -7.216147154 -12.212339549 4.047204340
v -8.393240123 -11.918066307 5.812843793
f 2516 2517 2518
f 2521 2516 2518
f 2521 2518 2519
f 2521 2519 2516
f 2523 2518 2517
f 2523 2517 2520
f 2524 2522 2520
f 2524 2516 2519
f 2524 2519 2522
f 2524 2520 2517
f 2524 2517 2516
f 2525 2519 2518
f 2525 2518 2523
f 2526 2522 2519
f 2526 2525 2523
f 2526 2519 2525
f 2526 2523 2520
f 2526 2520 2522
o teddy067
usemtl Material067
v 4.849055774 1.912776074 4.341477582
v 7.497514953 1.618502832 2.281564887
v 7.357788045 2.080635929 1.440821363
v 2.787985414 1.924323966 -2.124298683
v 3.282442301 0.000211327 2.832795048
v 4.225159558 0.097243437 -1.258127364
v 4.753385607 2.113617456 -1.977860752
v 7.105206794 2.031080845 2.834319266
v 6.055004726 0.091667909 2.559809069
v 2.789143079 1.912776074 4.341477582
v 6.614695227 1.618502832 -0.955440776
v 2.789143079 0.147136621 -1.249714019
v 4.849055774 1.618502832 -2.132533745
v 7.368819492 2.068080814 2.234578754
v 4.885678602 1.244429013 4.407153686
v 6.043119172 0.098441384 1.128634758
v 7.497514953 1.618502832 1.398745161
v 6.476303270 2.078168222 -0.807538291
v 2.768559142 1.823830836 -1.986109718
v 2.860480926 0.257180038 2.898060376
v 2.789143079 1.324229590 4.341477582
v 7.203241711 1.618502832 2.870111371
v 6.791680037 2.053679601 -0.331575065
v 6.908968469 1.618502832 -0.366894292
v 6.908968469 1.324229590 2.870111371
f 2536 2533 2530
f 2536 2527 2534
f 2538 2532 2531
f 2539 2530 2533
f 2539 2538 2530
f 2539 2532 2538
f 2539 2537 2532
f 2539 2533 2537
f 2540 2534 2528
f 2540 2536 2534
f 2540 2529 2533
f 2540 2533 2536
f 2541 2531 2535
f 2541 2527 2536
f 2542 2535 2531
f 2542 2531 2532
f 2542 2532 2537
f 2543 2528 2535
f 2543 2535 2542
f 2543 2540 2528
f 2543 2529 2540
f 2544 2537 2533
f 2544 2533 2529
f 2545 2536 2530
f 2545 2530 2538
f 2546 2538 2531
f 2547 2541 2536
f 2547 2531 2541
f 2547 2546 2531
f 2547 2538 2546
f 2547 2545 2538
f 2547 2536 2545
f 2548 2534 2527
f 2548 2527 2541
f 2548 2528 2534
f 2548 2535 2528
f 2549 2529 2543
f 2549 2544 2529
f 2549 2537 2544
f 2550 2543 2542
f 2550 2542 2537
f 2550 2549 2543
f 2550 2537 2549
f 2551 2548 2541
f 2551 2541 2535
f 2551 2535 2548
o teddy068
usemtl Material068
v -3.475826833 -16.599192870 10.786095273
v -1.910770763 -16.728927373 5.961150179
v -1.918978356 -16.620759517 6.102795003
v -4.861961217 -16.626438181 5.812843793
v -4.567687975 -19.274897360 10.226942425
v -3.377483849 -16.545414920 10.492640026
v -3.390595006 -17.803531150 10.521215667
v -4.861961217 -16.626438181 10.815488909
v -4.567687975 -19.274897360 6.107117035
v -3.096321764 -16.920711423 10.521215667
v -1.917017563 -16.870572197 5.774682824
v -5.048607183 -19.095974112 10.144526997
v -4.567687975 -18.980624118 10.815488909
v -3.390595006 -17.509257908 10.815488909
v -4.273414733 -18.980624118 10.226942425
v -4.273414733 -18.980624118 5.812843793
v -4.980057464 -19.075343298 6.185479227
v -5.025418546 -18.860049887 10.810157866
v -3.684868248 -18.097804392 10.815488909
v -4.909755578 -18.899863222 5.844557509
f 2554 2553 2555
f 2557 2554 2555
f 2559 2557 2555
f 2559 2552 2557
f 2561 2558 2553
f 2561 2553 2554
f 2561 2554 2557
f 2561 2557 2552
f 2562 2553 2558
f 2562 2556 2560
f 2562 2555 2553
f 2563 2559 2555
f 2563 2560 2556
f 2565 2561 2552
f 2565 2558 2561
f 2565 2552 2559
f 2565 2559 2564
f 2566 2562 2558
f 2566 2556 2562
f 2566 2564 2556
f 2567 2562 2560
f 2567 2555 2562
f 2568 2563 2555
f 2568 2560 2563
f 2569 2563 2556
f 2569 2556 2564
f 2569 2564 2559
f 2569 2559 2563
f 2570 2565 2564
f 2570 2558 2565
f 2570 2566 2558
f 2570 2564 2566
f 2571 2567 2560
f 2571 2560 2568
f 2571 2568 2555
f 2571 2555 2567
o teddy069
usemtl Material069
v -2.213502038 -0.735683105 -4.780992924
v -2.213502038 -1.912776074 -4.780992924
v -2.213502038 -0.441409863 -6.840905619
v -6.921873912 -3.678415527 -6.840905619
v -8.762524696 -5.203928686 -4.649609141
v -5.450507701 -6.621147948 -6.840905619
v -2.199834519 0.016641785 -5.566922937
v -6.807872689 -2.062994640 -4.618292210
v -3.390595006 -4.266962011 -6.840905619
v -8.687513365 -6.621147948 -5.958085893
v -5.450507701 -6.621147948 -4.780992924
v -2.213502038 -1.912776074 -6.840905619
v -4.861961217 -0.441409863 -4.780992924
v -8.098966881 -3.384142285 -5.369539409
v -7.804693638 -5.738328222 -6.840905619
v -7.623502909 -6.669366278 -6.704785097
v -8.972937413 -6.623274156 -4.775108251
v -3.390595006 -4.266962011 -4.780992924
v -4.254879405 -0.468207384 -4.760947259
v -2.802048522 0.147136621 -5.958085893
v -8.252078790 -3.789262344 -4.658926158
v -8.981786607 -5.149781738 -5.075266166
v -6.333327428 -1.912776074 -5.663812651
v -8.098966881 -4.266962011 -5.958085893
v -8.981786607 -6.621147948 -5.369539409
v -2.802048522 0.147136621 -5.663812651
v -2.213502038 0.147136621 -5.958085893
v -7.636453433 -2.901112842 -4.621687064
v -8.393240123 -3.678415527 -5.075266166
v -8.498906852 -4.330448906 -4.643066919
v -8.687513365 -6.326874706 -5.958085893
v -4.861961217 -0.441409863 -5.075266166
v -5.744780943 -2.501322558 -6.840905619
v -7.804693638 -3.678415527 -5.958085893
v -7.510420396 -4.855508495 -6.840905619
v -7.804693638 -2.795595800 -5.075266166
v -8.393240123 -3.972688769 -5.369539409
v -8.687513365 -4.266962011 -5.075266166
v -8.981786607 -6.032601464 -5.369539409
v -8.098966881 -5.738328222 -6.546632377
v -8.393240123 -5.149781738 -5.958085893
v -3.096321764 -0.735683105 -6.840905619
v -6.921873912 -1.912776074 -5.075266166
v -7.804693638 -4.855508495 -6.546632377
v -8.687513365 -5.444054980 -5.663812651
v -2.507775280 -0.441409863 -6.840905619
v -4.567687975 -0.441409863 -5.369539409
v -4.273414733 -0.735683105 -5.958085893
f 2577 2575 2574
f 2578 2572 2573
f 2579 2573 2572
f 2580 2577 2574
f 2582 2579 2576
f 2582 2577 2580
f 2583 2578 2573
f 2583 2574 2578
f 2583 2580 2574
f 2583 2573 2580
f 2586 2575 2577
f 2587 2577 2582
f 2587 2586 2577
f 2587 2581 2586
f 2588 2582 2576
f 2588 2587 2582
f 2589 2573 2579
f 2589 2579 2582
f 2589 2582 2580
f 2589 2580 2573
f 2590 2584 2579
f 2590 2579 2572
f 2590 2572 2578
f 2593 2588 2576
f 2596 2581 2587
f 2596 2587 2588
f 2596 2588 2593
f 2597 2590 2578
f 2597 2584 2590
f 2597 2591 2584
f 2598 2578 2574
f 2598 2574 2591
f 2598 2597 2578
f 2598 2591 2597
f 2599 2576 2579
f 2601 2593 2576
f 2601 2599 2592
f 2601 2576 2599
f 2602 2586 2581
f 2602 2581 2596
f 2603 2584 2591
f 2604 2574 2575
f 2604 2575 2594
f 2605 2575 2595
f 2606 2595 2575
f 2606 2575 2586
f 2607 2599 2579
f 2607 2585 2600
f 2607 2600 2592
f 2607 2592 2599
f 2607 2605 2585
f 2607 2594 2575
f 2607 2575 2605
f 2608 2600 2585
f 2608 2605 2595
f 2608 2585 2605
f 2609 2593 2601
f 2609 2608 2593
f 2609 2600 2608
f 2609 2601 2592
f 2609 2592 2600
f 2610 2602 2596
f 2610 2596 2593
f 2611 2586 2602
f 2611 2606 2586
f 2612 2611 2602
f 2612 2608 2595
f 2613 2574 2604
f 2614 2607 2579
f 2614 2579 2584
f 2614 2584 2603
f 2614 2594 2607
f 2615 2595 2606
f 2615 2606 2611
f 2615 2612 2595
f 2615 2611 2612
f 2616 2612 2602
f 2616 2593 2608
f 2616 2608 2612
f 2616 2610 2593
f 2616 2602 2610
f 2617 2613 2591
f 2617 2591 2574
f 2617 2574 2613
f 2618 2603 2591
f 2618 2591 2613
f 2618 2614 2603
f 2618 2594 2614
f 2618 2604 2594
f 2619 2618 2613
f 2619 2613 2604
f 2619 2604 2618
o teddy070
usemtl Material070
v 3.377689563 -13.977979002 0.221652192
v 3.377689563 -16.332164939 0.221652192
v 3.377689563 -16.332164939 -3.015353471
v -9.570333091 -13.977979002 -3.015353471
v -9.712381706 -15.860874338 0.224955909
v 3.377689563 -13.977979002 -3.015353471
v -9.570333091 -13.977979002 0.221652192
v -7.510420396 -16.332164939 -3.015353471
v -7.510420396 -16.332164939 0.221652192
v -9.492717450 -15.665822662 -3.000259667
f 2620 2621 2622
f 2624 2621 2620
f 2625 2620 2622
f 2625 2622 2623
f 2625 2623 2620
f 2626 2624 2620
f 2626 2620 2623
f 2626 2623 2624
f 2627 2622 2621
f 2627 2623 2622
f 2628 2627 2621
f 2628 2621 2624
f 2628 2624 2627
f 2629 2627 2624
f 2629 2624 2623
f 2629 2623 2627
o teddy071
usemtl Material071
v 2.789143079 -4.855508495 6.989936761
v 2.789143079 -7.209694433 6.989936761
v 2.789143079 -7.209694433 4.930024066
v -3.684868248 -4.561235253 4.930024066
v -3.684868248 -6.915421190 6.989936761
v 2.789143079 -4.855508495 4.930024066
v -3.684868248 -4.561235253 6.989936761
v 0.434957142 -7.209694433 4.930024066
v 0.434957142 -4.561235253 6.989936761
v 0.434957142 -7.209694433 6.989936761
v -3.684868248 -6.915421190 4.930024066
v 0.434957142 -4.561235253 4.930024066
f 2630 2631 2632
f 2634 2631 2630
f 2635 2630 2632
f 2635 2632 2633
f 2636 2634 2630
f 2636 2633 2634
f 2637 2632 2631
f 2637 2633 2632
f 2638 2630 2635
f 2638 2636 2630
f 2638 2633 2636
f 2639 2637 2631
f 2639 2631 2634
f 2639 2634 2637
f 2640 2637 2634
f 2640 2634 2633
f 2640 2633 2637
f 2641 2638 2635
f 2641 2635 2633
f 2641 2633 2638
o teddy072
usemtl Material072
v -10.158879576 -5.444054980 1.104471919
v -9.981170018 -6.645293154 0.500342720
v -10.060617167 -4.242672302 -2.874154431
v -10.453152818 -4.266962011 -3.015353471
v -12.807338755 -4.561235253 -0.955440776
v -10.082061935 -6.637235440 -2.688013870
v -10.158879576 -4.266962011 0.221652192
v -11.041699302 -5.738328222 1.104471919
v -10.014076460 -4.819714283 -2.807277350
v -10.453152818 -4.855508495 -3.015353471
v -10.453152818 -6.621147948 0.515925434
v -9.995279062 -6.158341146 1.014313290
v -12.682374995 -4.092223184 -0.917124744
v -12.800197097 -4.256907700 0.223819245
v -11.924519028 -4.561235253 -2.426806987
v -10.453152818 -6.621147948 -2.721080229
v -10.453152818 -6.326874706 1.104471919
v -12.395836499 -4.103038803 -1.802316077
v -10.855251509 -5.266742672 1.015270328
v -12.218792271 -5.149781738 0.221652192
v -12.513065513 -4.561235253 -1.838260503
v -11.924519028 -4.266962011 -2.426806987
v -12.218792271 -5.149781738 -0.072621050
f 2650 2643 2647
f 2651 2645 2644
f 2651 2650 2647
f 2651 2644 2650
f 2653 2648 2642
f 2653 2643 2650
f 2653 2650 2644
f 2653 2644 2648
f 2654 2648 2644
f 2655 2648 2654
f 2655 2654 2646
f 2656 2645 2651
f 2657 2647 2643
f 2657 2643 2652
f 2657 2656 2651
f 2657 2651 2647
f 2658 2653 2642
f 2658 2642 2649
f 2658 2652 2643
f 2658 2643 2653
f 2659 2654 2644
f 2659 2644 2645
f 2659 2646 2654
f 2660 2655 2649
f 2660 2649 2642
f 2660 2642 2648
f 2660 2648 2655
f 2661 2649 2655
f 2661 2658 2649
f 2661 2652 2658
f 2661 2655 2646
f 2661 2657 2652
f 2662 2657 2646
f 2662 2656 2657
f 2662 2646 2659
f 2663 2659 2645
f 2663 2645 2656
f 2663 2662 2659
f 2663 2656 2662
f 2664 2661 2646
f 2664 2646 2657
f 2664 2657 2661
o teddy073
usemtl Material073
v -4.861961217 10.740973338 -2.721080229
v -4.861961217 3.089869043 -2.721080229
v -4.861961217 9.563880370 -5.075266166
v -6.039054186 10.740973338 -4.780992924
v -8.882379730 4.664601404 -2.612048785
v -4.840846511 10.707423105 -4.577623108
v -7.737507327 3.565561174 -2.577535191
v -8.687513365 10.740973338 -3.015353471
v -6.627600670 6.326874706 -4.780992924
v -4.861961217 5.444054980 -4.780992924
v -8.471624031 10.625487330 -2.569799058
v -7.216147154 8.975333885 -4.780992924
v -7.804693638 3.678415527 -3.309626714
v -4.861961217 3.089869043 -3.603899956
v -4.861961217 6.915421190 -5.075266166
v -8.777465493 10.043129051 -2.577905312
v -5.450507701 9.563880370 -5.075266166
v -8.098966881 10.740973338 -3.603899956
v -8.981786607 4.855508495 -3.309626714
v -7.804693638 3.384142285 -3.015353471
v -5.744780943 5.444054980 -4.780992924
v -5.744780943 7.798240917 -5.075266166
v -6.627600670 10.152426854 -4.780992924
v -8.981786607 9.858153612 -3.309626714
v -7.216147154 8.681060643 -4.780992924
v -6.921873912 5.444054980 -4.486719682
v -8.981786607 4.561235253 -3.015353471
v -6.333327428 3.089869043 -3.309626714
v -7.216147154 3.089869043 -2.721080229
v -6.333327428 5.738328222 -4.780992924
v -5.744780943 8.975333885 -5.075266166
v -7.216147154 10.740973338 -4.192446440
v -8.687513365 10.446700096 -3.309626714
v -8.393240123 9.269607128 -3.898173198
v -8.981786607 10.152426854 -3.015353471
v -7.510420396 5.444054980 -4.192446440
v -7.510420396 4.561235253 -3.898173198
v -7.216147154 3.089869043 -3.015353471
v -5.156234459 3.089869043 -3.603899956
v -5.156234459 6.915421190 -5.075266166
v -8.687513365 6.032601464 -3.603899956
v -7.804693638 4.855508495 -3.898173198
v -7.216147154 3.384142285 -3.309626714
v -5.744780943 4.855508495 -4.486719682
v -5.450507701 7.209694433 -5.075266166
v -8.393240123 8.386787401 -3.898173198
v -7.510420396 3.972688769 -3.603899956
f 2670 2667 2668
f 2670 2668 2665
f 2670 2665 2666
f 2671 2666 2665
f 2672 2665 2668
f 2675 2671 2665
f 2675 2665 2672
f 2678 2674 2670
f 2678 2670 2666
f 2679 2667 2670
f 2679 2670 2674
f 2680 2669 2671
f 2680 2671 2675
f 2680 2675 2672
f 2681 2668 2667
f 2681 2667 2679
f 2682 2672 2668
f 2684 2671 2669
f 2685 2674 2678
f 2685 2679 2674
f 2686 2681 2679
f 2687 2681 2676
f 2687 2668 2681
f 2689 2686 2673
f 2689 2676 2686
f 2691 2684 2669
f 2691 2683 2677
f 2691 2677 2684
f 2691 2688 2683
f 2692 2678 2666
f 2693 2666 2671
f 2693 2671 2684
f 2693 2692 2666
f 2694 2673 2686
f 2694 2690 2673
f 2695 2686 2676
f 2695 2676 2681
f 2695 2681 2686
f 2696 2687 2682
f 2696 2682 2668
f 2696 2668 2687
f 2697 2688 2672
f 2697 2672 2682
f 2697 2682 2687
f 2698 2683 2688
f 2698 2676 2689
f 2698 2687 2676
f 2698 2697 2687
f 2698 2688 2697
f 2699 2680 2672
f 2699 2672 2688
f 2699 2669 2680
f 2699 2691 2669
f 2699 2688 2691
f 2700 2689 2673
f 2700 2683 2689
f 2700 2690 2683
f 2700 2673 2690
f 2701 2677 2683
f 2701 2694 2685
f 2701 2690 2694
f 2702 2684 2677
f 2702 2693 2684
f 2702 2692 2693
f 2703 2685 2678
f 2703 2678 2692
f 2704 2679 2685
f 2704 2685 2694
f 2704 2686 2679
f 2705 2689 2683
f 2705 2683 2698
f 2706 2701 2683
f 2706 2683 2690
f 2706 2690 2701
f 2707 2702 2677
f 2707 2692 2702
f 2707 2703 2692
f 2708 2701 2685
f 2708 2685 2703
f 2709 2704 2694
f 2709 2694 2686
f 2709 2686 2704
f 2710 2705 2698
f 2710 2698 2689
f 2710 2689 2705
f 2711 2707 2677
f 2711 2677 2701
f 2711 2701 2708
f 2711 2708 2703
f 2711 2703 2707
o teddy074
usemtl Material074
v 2.494869837 -6.621147948 -8.017998588
v 2.789143079 -12.506612791 -8.017998588
v 2.494869837 -9.563880370 -12.726370462
v 0.434957142 -7.798240917 -13.903463431
v 0.434957142 -13.095159275 -8.017998588
v 1.906323352 -7.798240917 -12.726370462
v 2.789143079 -8.975333885 -10.372184525
v 0.434957142 -6.621147948 -8.017998588
v 1.317776868 -12.212339549 -12.726370462
v 2.484219993 -6.660657274 -8.938511988
v 1.612050110 -8.386787401 -13.609190189
v 2.789143079 -9.269607128 -8.017998588
v 2.789143079 -10.740973338 -10.960731009
v 0.415261261 -7.039128770 -12.618392876
v 1.612050110 -13.095159275 -9.489364799
v 0.434957142 -12.506612791 -12.432097220
v 2.200596594 -8.092514159 -12.432097220
v 0.427768153 -6.647818021 -9.021892052
v 1.023503626 -6.915421190 -12.726370462
v 1.023503626 -10.446700096 -13.903463431
v 2.789143079 -10.152426854 -10.960731009
v 2.200596594 -11.329519823 -12.726370462
v 2.777597310 -12.449501896 -8.763765140
v 1.317776868 -13.095159275 -8.017998588
v 0.434957142 -10.446700096 -13.903463431
v 0.434957142 -13.095159275 -10.077911283
v 0.729230384 -12.506612791 -12.432097220
v 1.906323352 -8.681060643 -13.314916947
v 2.494869837 -8.386787401 -11.549277494
v 0.729230384 -7.798240917 -13.903463431
v 1.612050110 -10.152426854 -13.609190189
v 2.789143079 -9.269607128 -10.666457767
v 2.494869837 -10.152426854 -12.726370462
v 1.612050110 -11.623793065 -13.020643704
v 1.612050110 -12.212339549 -12.432097220
v 2.789143079 -11.329519823 -10.372184525
v 1.612050110 -13.095159275 -8.900818314
v 0.434957142 -11.035246580 -13.609190189
v 0.729230384 -13.095159275 -10.077911283
v 1.023503626 -8.386787401 -13.903463431
v 1.612050110 -11.035246580 -13.314916947
v 2.200596594 -10.446700096 -13.020643704
v 1.317776868 -11.918066307 -13.020643704
v 1.612050110 -12.506612791 -11.549277494
v 1.906323352 -10.446700096 -13.314916947
v 1.023503626 -11.035246580 -13.609190189
v 0.434957142 -11.918066307 -13.020643704
f 2716 2713 2712
f 2719 2716 2712
f 2721 2712 2718
f 2723 2718 2712
f 2723 2712 2713
f 2723 2713 2718
f 2724 2718 2713
f 2728 2717 2721
f 2728 2722 2717
f 2729 2719 2712
f 2729 2712 2721
f 2729 2725 2716
f 2729 2716 2719
f 2730 2717 2722
f 2730 2715 2725
f 2730 2721 2717
f 2730 2729 2721
f 2730 2725 2729
f 2732 2724 2714
f 2732 2718 2724
f 2734 2713 2726
f 2735 2713 2716
f 2735 2716 2726
f 2736 2725 2715
f 2736 2715 2731
f 2737 2716 2725
f 2737 2725 2727
f 2737 2726 2716
f 2738 2727 2720
f 2738 2737 2727
f 2739 2728 2714
f 2739 2714 2722
f 2739 2722 2728
f 2740 2728 2721
f 2740 2721 2718
f 2740 2718 2714
f 2740 2714 2728
f 2741 2730 2722
f 2741 2715 2730
f 2741 2731 2715
f 2742 2731 2722
f 2742 2722 2714
f 2743 2732 2714
f 2743 2714 2718
f 2743 2718 2732
f 2744 2714 2724
f 2744 2742 2714
f 2745 2733 2720
f 2746 2720 2733
f 2746 2733 2734
f 2746 2738 2720
f 2747 2734 2733
f 2747 2724 2713
f 2747 2713 2734
f 2747 2744 2724
f 2747 2733 2744
f 2748 2735 2726
f 2748 2726 2713
f 2748 2713 2735
f 2749 2736 2731
f 2749 2725 2736
f 2750 2738 2726
f 2750 2726 2737
f 2750 2737 2738
f 2751 2741 2722
f 2751 2722 2731
f 2751 2731 2741
f 2752 2731 2742
f 2752 2733 2745
f 2753 2744 2733
f 2754 2745 2720
f 2754 2752 2745
f 2755 2746 2734
f 2755 2734 2726
f 2755 2726 2738
f 2755 2738 2746
f 2756 2752 2742
f 2756 2733 2752
f 2756 2753 2733
f 2756 2742 2744
f 2756 2744 2753
f 2757 2754 2749
f 2757 2749 2731
f 2757 2731 2752
f 2757 2752 2754
f 2758 2749 2754
f 2758 2727 2725
f 2758 2725 2749
f 2758 2754 2720
f 2758 2720 2727
o teddy075
usemtl Material075
v -0.447862585 -9.858153612 9.049849456
v 0.434957142 -14.860798728 7.872756488
v 0.434957142 -9.858153612 7.284210004
v -6.224981262 -9.861874836 7.163462641
v -4.861961217 -12.800886033 8.461302972
v -1.887909623 -15.084802911 7.151471906
v -5.673926624 -9.841877043 7.590546728
v 0.430627530 -9.852023682 8.688375029
v -0.742135827 -12.800886033 8.755576214
v 0.434952330 -15.149319581 7.273598655
v -6.914786379 -11.341477753 7.283904268
v -1.919228796 -15.155071970 7.578483246
v -6.921873912 -11.035246580 7.872756488
v 0.434957142 -12.212339549 8.755576214
v -1.036409069 -10.152426854 9.049849456
v -6.920802204 -11.384575722 7.861544929
v -1.624955553 -13.683705760 8.461302972
v -6.333327428 -9.858153612 7.578483246
v 0.434957142 -13.683705760 8.461302972
v -1.330682311 -12.800886033 8.755576214
v -4.774265479 -11.743898927 8.520172748
v -0.447862585 -10.152426854 9.049849456
v -1.330682311 -14.860798728 7.872756488
v -1.036409069 -9.858153612 9.049849456
f 2764 2762 2761
f 2765 2761 2762
f 2766 2761 2765
f 2768 2764 2761
f 2768 2761 2760
f 2769 2762 2764
f 2770 2769 2764
f 2770 2768 2760
f 2770 2764 2768
f 2772 2760 2761
f 2772 2761 2766
f 2772 2766 2759
f 2774 2770 2763
f 2774 2769 2770
f 2774 2771 2769
f 2774 2763 2771
f 2776 2765 2762
f 2776 2762 2769
f 2776 2769 2771
f 2777 2772 2767
f 2777 2760 2772
f 2777 2775 2760
f 2777 2767 2775
f 2778 2773 2763
f 2778 2767 2773
f 2778 2775 2767
f 2778 2763 2775
f 2779 2771 2763
f 2779 2763 2773
f 2780 2772 2759
f 2780 2759 2773
f 2780 2773 2767
f 2780 2767 2772
f 2781 2775 2763
f 2781 2763 2770
f 2781 2770 2760
f 2781 2760 2775
f 2782 2776 2771
f 2782 2773 2759
f 2782 2765 2776
f 2782 2766 2765
f 2782 2759 2766
f 2782 2779 2773
f 2782 2771 2779
o teddy076
usemtl Material076
v 9.851700890 -10.152426854 4.047204340
v 10.440247375 -14.566525486 2.281564887
v 10.440247375 -8.386787401 0.515925434
v 8.968881164 -8.386787401 0.221652192
v 8.401917537 -15.460102044 4.056274906
v 10.145974132 -15.155071970 0.221652192
v 9.800452567 -8.396789322 2.840683857
v 10.734520617 -9.858153612 1.693018403
v 9.263154406 -14.566525486 4.047204340
v 10.440247375 -8.681060643 0.221652192
v 8.380334680 -15.449345213 0.221652192
v 8.968881164 -16.037891697 2.870111371
v 10.145974132 -8.386787401 2.870111371
v 8.380334680 -10.152426854 4.047204340
v 10.440247375 -10.740973338 3.164384614
v 10.440247375 -14.566525486 0.221652192
v 9.557427648 -13.389432518 4.047204340
v 10.054785236 -8.403901596 0.228103640
v 10.734520617 -9.858153612 1.104471919
v 10.145974132 -15.155071970 1.987291645
v 8.672633853 -16.036091936 2.281157937
v 8.968881164 -15.743618455 3.458657856
v 8.968881164 -8.386787401 2.281564887
v 10.440247375 -8.386787401 1.693018403
v 10.145974132 -8.681060643 3.164384614
v 8.380334680 -10.152426854 0.221652192
v 10.440247375 -13.095159275 2.870111371
v 10.734520617 -10.740973338 1.693018403
v 9.851700890 -15.449345213 1.987291645
v 9.670375798 -15.290510723 0.321489833
v 8.525262359 -15.948715890 2.837699041
v 8.968881164 -15.155071970 4.047204340
v 9.557427648 -15.449345213 2.870111371
v 10.440247375 -10.152426854 3.164384614
v 10.440247375 -9.563880370 2.870111371
v 9.851700890 -10.740973338 4.047204340
v 9.851700890 -14.272252244 3.458657856
v 10.440247375 -13.977979002 2.575838129
v 10.734520617 -10.740973338 1.104471919
v 10.145974132 -14.860798728 2.575838129
v 10.145974132 -9.563880370 3.458657856
v 9.851700890 -12.800886033 3.752931098
v 9.557427648 -14.566525486 3.752931098
v 10.145974132 -14.566525486 2.870111371
v 9.851700890 -14.860798728 3.164384614
f 2792 2788 2786
f 2793 2786 2788
f 2795 2785 2786
f 2796 2787 2783
f 2796 2793 2787
f 2798 2784 2788
f 2798 2788 2792
f 2799 2787 2791
f 2800 2792 2786
f 2800 2786 2785
f 2800 2785 2792
f 2801 2792 2785
f 2801 2785 2790
f 2801 2798 2792
f 2802 2788 2784
f 2803 2788 2794
f 2804 2787 2794
f 2805 2795 2786
f 2805 2789 2795
f 2805 2796 2789
f 2805 2786 2796
f 2806 2790 2785
f 2806 2785 2795
f 2807 2795 2789
f 2807 2789 2796
f 2807 2796 2783
f 2808 2796 2786
f 2808 2786 2793
f 2808 2793 2796
f 2810 2784 2798
f 2810 2790 2797
f 2810 2797 2809
f 2810 2801 2790
f 2811 2802 2794
f 2811 2794 2788
f 2811 2788 2802
f 2812 2803 2793
f 2812 2793 2788
f 2812 2788 2803
f 2813 2803 2794
f 2813 2794 2787
f 2813 2787 2793
f 2813 2793 2803
f 2814 2791 2787
f 2814 2787 2804
f 2815 2804 2794
f 2815 2794 2802
f 2816 2783 2797
f 2816 2797 2790
f 2817 2790 2806
f 2817 2806 2795
f 2817 2795 2807
f 2817 2816 2790
f 2817 2807 2816
f 2818 2809 2797
f 2818 2797 2783
f 2818 2783 2787
f 2818 2787 2799
f 2819 2809 2799
f 2820 2810 2809
f 2820 2784 2810
f 2820 2809 2819
f 2821 2810 2798
f 2821 2798 2801
f 2821 2801 2810
f 2822 2815 2802
f 2822 2802 2784
f 2823 2816 2807
f 2823 2807 2783
f 2823 2783 2816
f 2824 2818 2799
f 2824 2799 2809
f 2824 2809 2818
f 2825 2819 2799
f 2825 2799 2791
f 2825 2791 2814
f 2826 2820 2819
f 2826 2784 2820
f 2826 2822 2784
f 2826 2819 2825
f 2827 2814 2804
f 2827 2804 2815
f 2827 2815 2822
f 2827 2822 2826
f 2827 2826 2825
f 2827 2825 2814
o teddy077
usemtl Material077
v 2.494869837 -16.332164939 13.463948089
v 3.671962805 -18.686350876 12.286855120
v 3.671962805 -15.449345213 12.581128362
v 3.433117295 -13.901697927 10.687561680
v 1.531026653 -17.165683071 10.643915217
v 3.713888439 -13.848595418 10.718724528
v 3.671962805 -18.097804392 12.875401604
v 1.612050110 -18.980624118 11.992581878
v 1.612050110 -15.449345213 11.109762151
v 3.377689563 -13.977979002 11.698308636
v 3.634346781 -19.430434674 10.710324464
v 2.789143079 -16.920711423 13.463948089
v 3.083416321 -19.274897360 11.992581878
v 1.612050110 -15.449345213 10.815488909
v 1.906323352 -17.214984665 12.875401604
v 1.317776868 -16.037891697 11.109762151
v 3.671962805 -14.272252244 11.992581878
v 3.377689563 -13.683705760 11.109762151
v 3.083416321 -13.977979002 11.404035394
v 3.023640752 -19.642978780 10.648372240
v 3.671962805 -19.569170603 11.109762151
v 3.665666874 -17.461989357 12.813090060
v 2.842662132 -16.280619514 13.291502577
v 2.200596594 -18.980624118 12.286855120
v 2.200596594 -17.509257908 13.169674846
v 1.317776868 -17.214984665 11.109762151
v 2.200596594 -16.626438181 13.169674846
v 1.317776868 -16.037891697 10.815488909
v 3.377689563 -14.272252244 11.992581878
v 3.671962805 -13.683705760 11.109762151
v 2.200596594 -19.863443845 10.815488909
v 3.671962805 -19.274897360 11.698308636
v 3.083416321 -19.863443845 11.109762151
v 3.083416321 -18.980624118 12.286855120
v 2.494869837 -16.920711423 13.463948089
v 1.906323352 -17.509257908 12.875401604
v 2.494869837 -18.097804392 12.875401604
v 3.671962805 -13.977979002 11.698308636
v 2.007997421 -19.404558498 10.723442125
v 2.200596594 -19.569170603 11.698308636
v 1.906323352 -19.569170603 11.404035394
v 2.200596594 -19.863443845 11.109762151
v 2.789143079 -19.569170603 11.698308636
f 2834 2833 2830
f 2834 2829 2833
f 2838 2831 2833
f 2841 2831 2832
f 2843 2835 2842
f 2843 2828 2836
f 2843 2836 2841
f 2844 2828 2830
f 2844 2830 2833
f 2845 2833 2831
f 2845 2841 2836
f 2845 2831 2841
f 2846 2836 2828
f 2846 2828 2837
f 2846 2845 2836
f 2846 2837 2845
f 2847 2832 2831
f 2847 2831 2838
f 2848 2838 2833
f 2849 2839 2834
f 2849 2834 2830
f 2849 2830 2839
f 2850 2839 2830
f 2850 2830 2828
f 2850 2828 2839
f 2852 2835 2851
f 2852 2834 2839
f 2853 2835 2843
f 2854 2843 2842
f 2854 2828 2843
f 2854 2852 2828
f 2854 2842 2852
f 2855 2843 2841
f 2855 2841 2832
f 2855 2853 2843
f 2855 2832 2853
f 2856 2844 2837
f 2856 2837 2828
f 2856 2828 2844
f 2857 2833 2845
f 2857 2845 2837
f 2859 2848 2833
f 2859 2833 2829
f 2859 2829 2840
f 2860 2847 2838
f 2860 2838 2848
f 2860 2858 2847
f 2860 2848 2859
f 2861 2851 2840
f 2861 2834 2851
f 2861 2840 2829
f 2861 2829 2834
f 2862 2852 2839
f 2862 2839 2828
f 2862 2828 2852
f 2863 2852 2842
f 2863 2842 2835
f 2863 2835 2852
f 2864 2852 2851
f 2864 2851 2834
f 2864 2834 2852
f 2865 2844 2833
f 2865 2833 2857
f 2865 2857 2837
f 2865 2837 2844
f 2866 2832 2847
f 2866 2847 2858
f 2866 2853 2832
f 2866 2835 2853
f 2867 2851 2835
f 2867 2840 2851
f 2868 2866 2858
f 2868 2835 2866
f 2868 2867 2835
f 2869 2858 2860
f 2869 2860 2867
f 2869 2868 2858
f 2869 2867 2868
f 2870 2867 2860
f 2870 2840 2867
f 2870 2860 2859
f 2870 2859 2840
o teddy078
usemtl Material078
v 8.968881164 0.147136621 0.221652192
v 8.968881164 -1.912776074 0.221652192
v 8.968881164 -1.912776074 -3.015353471
v 3.966236047 -0.735683105 -3.015353471
v 3.966236047 -1.912776074 0.221652192
v 8.968881164 0.147136621 -1.838260503
v 8.971724219 -1.490045090 -2.972037365
v 6.691024582 -0.071884121 0.330331465
v 3.966236047 -1.912776074 -3.015353471
v 6.026148742 -0.735683105 -3.015353471
v 3.966236047 -0.735683105 0.221652192
v 6.614695227 0.147136621 -0.072621050
v 7.497514953 0.147136621 -0.955440776
v 8.674607922 0.147136621 -1.838260503
f 2875 2873 2872
f 2877 2871 2872
f 2877 2872 2873
f 2877 2876 2871
f 2878 2875 2872
f 2878 2872 2871
f 2879 2875 2874
f 2879 2874 2873
f 2879 2873 2875
f 2880 2877 2873
f 2880 2873 2874
f 2880 2874 2876
f 2880 2876 2877
f 2881 2874 2875
f 2881 2875 2878
f 2882 2881 2878
f 2882 2874 2881
f 2882 2878 2871
f 2882 2871 2876
f 2883 2882 2876
f 2883 2874 2882
f 2884 2883 2876
f 2884 2876 2874
f 2884 2874 2883
o teddy079
usemtl Material079
v 3.889138422 14.405500404 -1.117376305
v 3.966236047 10.446700096 -1.249714019
v 3.671962805 10.740973338 -4.486719682
v -5.450507701 11.035246580 -4.780992924
v -5.450507701 10.740973338 -1.249714019
v -1.319023466 10.421148937 -4.930614114
v -0.153589343 14.272252244 -3.603899956
v 3.966236047 11.035246580 -4.192446440
v -1.330682311 10.446700096 -1.249714019
v 3.580904996 10.331432734 -4.238830625
v -5.383428184 10.639342901 -4.532521304
v -5.111638127 15.264375789 -1.102761480
v -0.447862585 11.623793065 -5.075266166
v 3.966236047 14.566525486 -1.543987261
v 3.377689563 13.389432518 -3.309626714
v 1.023503626 10.446700096 -5.075266166
v 3.925793424 10.395504986 -4.082348427
v -5.450507701 13.977979002 -3.309626714
v 1.023503626 15.743618455 -1.543987261
v 3.966236047 12.506612791 -3.603899956
v 1.023503626 11.918066307 -4.780992924
v 2.494869837 10.446700096 -4.780992924
v -2.507775280 11.035246580 -5.075266166
v -5.437784462 15.102300584 -1.207788769
v -4.567687975 11.623793065 -4.780992924
v 0.986911459 15.562282205 -1.099875405
v -3.390595006 15.743618455 -1.543987261
v 2.200596594 14.566525486 -2.721080229
v 3.966236047 11.918066307 -3.898173198
v 3.966236047 13.683705760 -2.721080229
v 1.906323352 13.683705760 -3.603899956
v 0.729230384 11.035246580 -5.075266166
v -5.450507701 15.155071970 -1.838260503
v -5.156234459 11.329519823 -4.780992924
v -1.330682311 11.623793065 -5.075266166
v 2.114086236 15.268660821 -1.101219393
v -3.377070936 15.554569304 -1.100537097
v 0.140683899 15.449345213 -2.132533745
v -4.273414733 14.272252244 -3.309626714
v 2.494869837 15.155071970 -1.838260503
v 2.200596594 12.506612791 -4.192446440
v 3.966236047 13.389432518 -3.015353471
v 1.023503626 13.977979002 -3.603899956
v 2.200596594 13.977979002 -3.309626714
v 2.494869837 11.035246580 -4.780992924
v -5.156234459 15.449345213 -1.543987261
v -5.156234459 13.095159275 -3.898173198
v 2.200596594 15.449345213 -1.543987261
v -1.036409069 15.449345213 -2.132533745
v 1.317776868 14.272252244 -3.309626714
v -5.156234459 14.566525486 -2.721080229
v -0.742135827 14.272252244 -3.603899956
v 3.671962805 14.566525486 -1.838260503
v 2.494869837 13.389432518 -3.603899956
v 1.317776868 13.389432518 -3.898173198
v 1.023503626 10.740973338 -5.075266166
v 2.200596594 11.329519823 -4.780992924
v -4.273414733 15.449345213 -1.838260503
v -4.861961217 13.683705760 -3.603899956
v -1.919228796 15.155071970 -2.426806987
v 3.083416321 11.329519823 -4.486719682
v -4.273414733 12.800886033 -4.192446440
v -3.096321764 11.918066307 -4.780992924
v -4.567687975 12.212339549 -4.486719682
f 2893 2886 2885
f 2894 2893 2890
f 2894 2886 2893
f 2895 2889 2888
f 2895 2888 2890
f 2895 2893 2889
f 2895 2890 2893
f 2896 2893 2885
f 2896 2889 2893
f 2898 2885 2886
f 2898 2886 2892
f 2900 2894 2890
f 2901 2892 2886
f 2901 2886 2894
f 2901 2894 2887
f 2901 2887 2892
f 2902 2888 2889
f 2904 2898 2892
f 2905 2897 2891
f 2906 2887 2894
f 2906 2894 2900
f 2907 2900 2890
f 2907 2890 2888
f 2907 2897 2900
f 2908 2889 2896
f 2911 2910 2903
f 2913 2904 2892
f 2913 2892 2887
f 2914 2898 2904
f 2914 2899 2912
f 2916 2900 2897
f 2916 2897 2905
f 2917 2902 2889
f 2917 2889 2908
f 2918 2909 2907
f 2918 2907 2888
f 2919 2897 2907
f 2919 2907 2909
f 2919 2891 2897
f 2920 2896 2885
f 2921 2910 2911
f 2921 2920 2910
f 2921 2896 2920
f 2922 2911 2903
f 2924 2912 2903
f 2924 2914 2912
f 2925 2904 2913
f 2925 2905 2915
f 2926 2914 2904
f 2926 2904 2899
f 2926 2899 2914
f 2927 2905 2891
f 2928 2912 2899
f 2928 2915 2927
f 2929 2906 2900
f 2929 2887 2906
f 2930 2917 2908
f 2930 2908 2896
f 2930 2921 2911
f 2930 2896 2921
f 2931 2909 2918
f 2931 2918 2888
f 2931 2888 2902
f 2932 2920 2885
f 2932 2885 2898
f 2932 2903 2910
f 2932 2910 2920
f 2932 2924 2903
f 2932 2898 2924
f 2933 2922 2891
f 2933 2911 2922
f 2934 2891 2922
f 2934 2912 2928
f 2934 2928 2927
f 2934 2927 2891
f 2934 2922 2903
f 2934 2903 2912
f 2935 2923 2902
f 2935 2902 2917
f 2936 2891 2919
f 2936 2933 2891
f 2937 2924 2898
f 2937 2898 2914
f 2937 2914 2924
f 2938 2925 2915
f 2938 2899 2904
f 2938 2904 2925
f 2938 2928 2899
f 2938 2915 2928
f 2939 2927 2915
f 2939 2915 2905
f 2939 2905 2927
f 2940 2929 2900
f 2940 2900 2916
f 2940 2916 2929
f 2941 2929 2916
f 2941 2916 2905
f 2941 2905 2925
f 2942 2930 2911
f 2942 2923 2935
f 2942 2935 2917
f 2942 2917 2930
f 2942 2911 2933
f 2943 2931 2902
f 2943 2902 2923
f 2944 2936 2923
f 2944 2933 2936
f 2944 2942 2933
f 2944 2923 2942
f 2945 2913 2887
f 2945 2887 2929
f 2945 2929 2941
f 2945 2941 2925
f 2945 2925 2913
f 2946 2943 2923
f 2946 2923 2936
f 2947 2919 2909
f 2947 2946 2936
f 2947 2936 2919
f 2948 2909 2931
f 2948 2931 2943
f 2948 2943 2946
f 2948 2947 2909
f 2948 2946 2947
o teddy080
usemtl Material080
v 0.434957142 -9.269607128 -6.546632377
v 0.434957142 -13.977979002 -6.546632377
v 0.434957142 -9.269607128 -10.077911283
v -2.814940326 -9.312101330 -10.141596683
v -3.979141491 -13.977979002 -6.546632377
v 0.434957142 -13.095159275 -10.077911283
v -3.979141491 -9.269607128 -6.546632377
v 0.444381575 -14.047882193 -8.137479928
v -3.979141491 -12.800886033 -9.195091556
v -3.926326613 -9.294852586 -9.246251007
v -3.995821917 -14.055967274 -8.179860880
v -2.507775280 -12.212339549 -10.077911283
v -3.979141491 -11.918066307 -9.489364799
v -0.447862585 -13.389432518 -9.783638041
v -1.624955553 -13.095159275 -10.077911283
v -3.096321764 -10.446700096 -10.077911283
v -1.330682311 -13.389432518 -9.783638041
f 2953 2950 2949
f 2954 2952 2951
f 2955 2949 2951
f 2955 2953 2949
f 2956 2949 2950
f 2956 2951 2949
f 2956 2954 2951
f 2958 2955 2951
f 2958 2951 2952
f 2959 2956 2950
f 2959 2950 2953
f 2959 2953 2955
f 2961 2955 2958
f 2961 2959 2955
f 2961 2957 2959
f 2961 2960 2957
f 2962 2954 2956
f 2962 2956 2959
f 2963 2960 2952
f 2963 2952 2954
f 2963 2954 2962
f 2963 2957 2960
f 2963 2959 2957
f 2964 2961 2958
f 2964 2958 2952
f 2964 2952 2960
f 2964 2960 2961
f 2965 2963 2962
f 2965 2962 2959
f 2965 2959 2963
o teddy081
usemtl Material081
v 1.317776868 5.149781738 10.521215667
v 3.671962805 3.384142285 7.284210004
v 2.458047799 6.963040883 8.175706830
v 1.023503626 5.444054980 6.989936761
v 1.023503626 1.618502832 7.872756488
v 3.671962805 4.855508495 6.989936761
v 1.015533172 7.153557898 8.686287647
v 1.317776868 2.795595800 10.226942425
v 1.011136528 1.676645749 6.971549018
v 2.789143079 5.444054980 6.989936761
v 3.083416321 4.855508495 8.755576214
v 1.317776868 6.621147948 9.638395941
v 1.023503626 6.915421190 8.167029730
v 2.789143079 1.912776074 7.284210004
v 0.875887511 5.068071461 10.289059819
v 3.662760427 3.434150854 6.896266488
v 3.671962805 4.561235253 7.872756488
v 1.612050110 3.089869043 10.226942425
v 1.317776868 7.209694433 9.049849456
v 3.083416321 6.032601464 8.461302972
v 1.317776868 1.912776074 8.755576214
v 2.200596594 1.618502832 6.989936761
v 0.878594433 2.691422988 9.811115222
v 0.996745157 6.995294928 8.860532934
v 1.023503626 3.678415527 10.521215667
v 1.023503626 5.738328222 10.226942425
v 3.083416321 2.207049316 6.989936761
v 3.083416321 4.266962011 8.755576214
v 3.377689563 3.089869043 7.872756488
v 1.906323352 2.501322558 9.344122699
v 2.200596594 6.032601464 9.344122699
v 3.655377471 4.945634666 7.703943691
v 3.077981483 6.073882251 7.934188891
v 2.789143079 5.444054980 9.049849456
v 1.906323352 1.618502832 7.578483246
v 1.317776868 2.501322558 9.932669183
v 1.023503626 6.621147948 9.638395941
v 1.317776868 3.678415527 10.521215667
v 1.023503626 2.795595800 10.226942425
v 1.317776868 5.738328222 10.226942425
v 2.789143079 1.912776074 6.989936761
v 2.494869837 3.678415527 9.344122699
v 3.083416321 2.207049316 7.284210004
v 1.906323352 2.795595800 9.638395941
v 2.494374769 6.916061431 8.163189924
v 1.612050110 5.444054980 10.226942425
v 1.317776868 1.618502832 7.872756488
v 2.200596594 1.618502832 7.284210004
v 1.023503626 1.912776074 8.755576214
v 2.494869837 2.207049316 8.167029730
f 2975 2969 2968
f 2975 2968 2971
f 2978 2972 2968
f 2978 2968 2969
f 2981 2974 2969
f 2981 2969 2975
f 2981 2975 2971
f 2981 2971 2967
f 2982 2967 2971
f 2984 2977 2968
f 2984 2968 2972
f 2985 2976 2982
f 2987 2970 2974
f 2987 2974 2981
f 2988 2974 2970
f 2988 2980 2969
f 2988 2969 2974
f 2989 2978 2969
f 2989 2969 2980
f 2989 2972 2978
f 2990 2966 2980
f 2990 2980 2988
f 2991 2980 2966
f 2992 2981 2967
f 2993 2982 2976
f 2994 2967 2982
f 2994 2982 2993
f 2995 2983 2973
f 2996 2985 2968
f 2996 2968 2977
f 2997 2985 2982
f 2997 2982 2971
f 2998 2997 2971
f 2998 2985 2997
f 2999 2976 2985
f 2999 2993 2976
f 3000 2970 2987
f 3001 2995 2973
f 3002 2984 2972
f 3002 2972 2989
f 3002 2989 2980
f 3002 2980 2991
f 3002 2991 2977
f 3002 2977 2984
f 3003 2966 2990
f 3003 2990 2973
f 3003 2973 2983
f 3004 2990 2988
f 3004 2973 2990
f 3004 3001 2973
f 3005 2991 2966
f 3005 2977 2991
f 3006 2987 2981
f 3006 2981 2992
f 3006 2992 2979
f 3006 2979 2987
f 3007 2994 2993
f 3007 2983 2994
f 3007 3003 2983
f 3007 2993 2999
f 3007 2999 2966
f 3007 2966 3003
f 3008 2992 2967
f 3008 2967 2994
f 3008 2979 2992
f 3009 2995 2994
f 3009 2994 2983
f 3009 2983 2995
f 3010 2998 2971
f 3010 2971 2968
f 3010 2968 2985
f 3010 2985 2998
f 3011 2966 2999
f 3011 3005 2966
f 3011 2996 2977
f 3011 2977 3005
f 3011 2999 2985
f 3011 2985 2996
f 3012 3000 2986
f 3012 2986 2970
f 3012 2970 3000
f 3013 3000 2987
f 3013 2987 2979
f 3013 2986 3000
f 3014 3004 2988
f 3014 2988 2970
f 3014 2970 2986
f 3014 2986 3001
f 3014 3001 3004
f 3015 2979 3008
f 3015 3013 2979
f 3015 2986 3013
f 3015 3001 2986
f 3015 2995 3001
f 3015 3008 2994
f 3015 2994 2995
o teddy082
usemtl Material082
v 7.666165353 -9.283027656 -6.423140612
v 8.086061437 -12.800886033 -6.840905619
v 6.026148742 -9.269607128 -8.606545072
v 2.779207457 -9.294780846 -9.238384291
v 2.789143079 -13.977979002 -6.546632377
v 4.849055774 -13.095159275 -8.606545072
v 2.789143079 -9.269607128 -6.546632377
v 8.086061437 -10.446700096 -6.840905619
v 6.770840736 -14.418855355 -6.370700527
v 6.026148742 -11.329519823 -8.606545072
v 2.789143079 -13.683705760 -8.606545072
v 7.791788195 -9.269607128 -6.840905619
v 4.260509289 -9.269607128 -9.489364799
v 2.650617449 -11.001265442 -9.526007328
v 7.914906616 -12.735859729 -6.383606587
v 7.203241711 -10.152426854 -7.723725346
v 5.922321868 -14.998398218 -6.381002375
v 6.026148742 -14.566525486 -7.429452104
v 4.260509289 -10.152426854 -9.489364799
v 2.780729486 -13.854579208 -8.127031839
v 3.377689563 -12.212339549 -9.195091556
v 7.905381099 -10.477702624 -6.376762072
v 7.497514953 -13.977979002 -6.840905619
v 7.203241711 -11.329519823 -7.723725346
v 6.026148742 -13.683705760 -8.017998588
v 4.554782532 -14.860798728 -7.723725346
v 5.437602258 -12.506612791 -8.606545072
v 3.377689563 -13.683705760 -8.606545072
v 2.789143079 -12.212339549 -9.195091556
v 3.083416321 -11.035246580 -9.489364799
v 7.370185795 -13.841853453 -6.384454559
v 6.908968469 -14.566525486 -6.840905619
v 6.908968469 -13.095159275 -7.723725346
v 5.143329016 -14.272252244 -8.017998588
v 4.554782532 -14.860798728 -6.546632377
v 4.849055774 -10.740973338 -9.195091556
v 6.026148742 -12.800886033 -8.312271830
v 4.260509289 -13.389432518 -8.606545072
v 3.966236047 -10.446700096 -9.489364799
v 6.026148742 -15.155071970 -6.840905619
v 7.791788195 -12.506612791 -7.135178861
v 7.497514953 -13.389432518 -7.135178861
v 5.437602258 -14.566525486 -7.723725346
v 5.143329016 -13.683705760 -8.312271830
v 4.849055774 -14.860798728 -7.723725346
v 5.428961692 -15.137066217 -6.529138722
v 4.554782532 -13.977979002 -8.312271830
f 3027 3022 3016
f 3027 3018 3022
f 3027 3016 3023
f 3028 3022 3018
f 3028 3019 3022
f 3028 3018 3025
f 3029 3022 3019
f 3029 3020 3022
f 3029 3019 3028
f 3030 3017 3023
f 3031 3027 3023
f 3031 3018 3027
f 3031 3025 3018
f 3032 3022 3020
f 3034 3028 3025
f 3034 3029 3028
f 3035 3029 3026
f 3035 3020 3029
f 3037 3030 3023
f 3037 3023 3016
f 3037 3024 3030
f 3037 3032 3024
f 3037 3016 3022
f 3037 3022 3032
f 3039 3025 3031
f 3040 3038 3033
f 3041 3035 3026
f 3041 3020 3035
f 3042 3036 3034
f 3042 3021 3036
f 3043 3026 3036
f 3043 3041 3026
f 3044 3036 3026
f 3044 3026 3029
f 3044 3029 3036
f 3045 3036 3029
f 3046 3030 3024
f 3046 3038 3017
f 3046 3017 3030
f 3047 3024 3032
f 3047 3033 3038
f 3047 3046 3024
f 3047 3038 3046
f 3048 3038 3040
f 3050 3032 3020
f 3050 3020 3041
f 3051 3042 3034
f 3051 3034 3025
f 3051 3025 3042
f 3052 3042 3025
f 3052 3040 3042
f 3052 3048 3040
f 3052 3025 3048
f 3053 3043 3036
f 3053 3036 3021
f 3054 3045 3029
f 3054 3029 3034
f 3054 3034 3036
f 3054 3036 3045
f 3055 3033 3047
f 3055 3047 3032
f 3056 3017 3048
f 3056 3039 3031
f 3056 3031 3023
f 3056 3023 3017
f 3056 3048 3025
f 3056 3025 3039
f 3057 3048 3017
f 3057 3017 3038
f 3057 3038 3048
f 3058 3049 3040
f 3058 3040 3033
f 3058 3033 3055
f 3059 3040 3049
f 3059 3042 3040
f 3059 3021 3042
f 3059 3053 3021
f 3060 3041 3043
f 3060 3049 3058
f 3060 3058 3055
f 3060 3055 3041
f 3061 3050 3041
f 3061 3041 3055
f 3061 3055 3032
f 3061 3032 3050
f 3062 3059 3049
f 3062 3043 3053
f 3062 3053 3059
f 3062 3060 3043
f 3062 3049 3060
o teddy083
usemtl Material083
v 4.849055774 -0.147136621 2.575838129
v 5.731875500 -0.735683105 0.221652192
v 4.260509289 0.147136621 -4.192446440
v 3.974152979 -0.717835291 -5.378868735
v 3.966236047 -0.735683105 2.575838129
v 5.731875500 -0.441409863 -2.426806987
v 4.773028311 -0.576405485 2.628552910
v 4.492120536 -0.895457411 -5.287134272
v 3.832974454 -0.080889008 1.925451802
v 5.731875500 -0.147136621 -1.249714019
v 3.888587973 -0.280001241 2.539805657
v 5.676000975 -0.872058946 -2.397130101
v 4.554782532 -0.441409863 -5.369539409
v 4.260509289 0.147136621 1.987291645
v 3.966236047 0.147136621 -4.192446440
v 3.886248196 -0.631204136 -5.278274692
v 5.752241031 -0.360688179 0.223973899
v 4.849055774 -0.441409863 -4.780992924
v 4.849055774 0.147136621 -0.661167534
v 4.554782532 0.147136621 1.398745161
v 4.807157974 -0.836199064 -4.752928184
v 4.849055774 0.147136621 -2.132533745
f 3069 3067 3064
f 3069 3064 3063
f 3070 3067 3066
f 3072 3068 3065
f 3073 3069 3063
f 3073 3067 3069
f 3073 3071 3067
f 3074 3064 3067
f 3074 3067 3070
f 3074 3068 3064
f 3075 3070 3066
f 3076 3073 3063
f 3076 3071 3073
f 3077 3065 3075
f 3077 3076 3065
f 3077 3071 3076
f 3078 3066 3067
f 3078 3067 3071
f 3078 3071 3077
f 3078 3077 3075
f 3078 3075 3066
f 3079 3072 3063
f 3079 3063 3064
f 3079 3064 3068
f 3079 3068 3072
f 3080 3075 3065
f 3080 3065 3068
f 3081 3065 3076
f 3082 3076 3063
f 3082 3063 3072
f 3082 3081 3076
f 3082 3072 3081
f 3083 3080 3068
f 3083 3068 3074
f 3083 3074 3070
f 3083 3070 3075
f 3083 3075 3080
f 3084 3081 3072
f 3084 3072 3065
f 3084 3065 3081
o teddy084
usemtl Material084
v -4.567687975 10.740973338 6.989936761
v -4.567687975 8.386787401 6.989936761
v -4.567687975 8.386787401 2.870111371
v -9.276059849 10.740973338 2.870111371
v -8.687513365 9.269607128 6.989936761
v -4.567687975 10.740973338 2.870111371
v -8.393240123 10.740973338 6.695663519
v -9.864606333 8.386787401 5.518570551
v -7.804693638 10.740973338 6.989936761
v -8.393240123 8.386787401 6.989936761
v -9.276059849 8.386787401 2.870111371
v -9.276059849 10.740973338 5.518570551
v -8.098966881 10.446700096 6.989936761
v -9.276059849 8.386787401 6.401390277
v -9.864606333 9.563880370 5.518570551
v -8.687513365 8.681060643 6.989936761
v -9.570333091 9.563880370 6.107117035
v -8.981786607 8.386787401 6.695663519
v -8.981786607 9.563880370 6.695663519
v -9.276059849 10.152426854 6.107117035
v -9.570333091 8.681060643 6.107117035
v -8.687513365 10.740973338 6.401390277
f 3085 3086 3087
f 3089 3086 3085
f 3090 3085 3087
f 3090 3087 3088
f 3090 3088 3085
f 3091 3085 3088
f 3092 3087 3086
f 3093 3089 3085
f 3093 3085 3091
f 3094 3092 3086
f 3094 3086 3089
f 3095 3092 3088
f 3095 3088 3087
f 3095 3087 3092
f 3096 3091 3088
f 3097 3093 3091
f 3097 3091 3089
f 3097 3089 3093
f 3098 3092 3094
f 3099 3096 3088
f 3099 3088 3092
f 3100 3094 3089
f 3100 3089 3098
f 3101 3096 3099
f 3101 3098 3089
f 3101 3099 3092
f 3102 3100 3098
f 3102 3098 3094
f 3102 3094 3100
f 3103 3101 3089
f 3103 3089 3091
f 3103 3091 3101
f 3104 3101 3091
f 3104 3096 3101
f 3105 3101 3092
f 3105 3092 3098
f 3105 3098 3101
f 3106 3104 3091
f 3106 3091 3096
f 3106 3096 3104
o teddy085
usemtl Material085
v 0.434957142 -9.269607128 -10.077911283
v 0.434957142 -13.095159275 -10.077911283
v 0.434957142 -7.798240917 -13.903463431
v -0.742135827 -7.798240917 -14.197736673
v -3.096321764 -10.446700096 -10.077911283
v 0.434957142 -12.506612791 -12.726370462
v -2.036856516 -7.964759149 -10.376456691
v 0.140683899 -10.740973338 -13.903463431
v -1.624955553 -13.095159275 -10.372184525
v 0.434957142 -7.798240917 -10.372184525
v -2.814940326 -9.312101330 -10.141596683
v 0.140683899 -8.975333885 -14.197736673
v 0.434957142 -10.446700096 -13.903463431
v -2.213502038 -11.035246580 -13.020643704
v -0.742135827 -13.095159275 -11.255004252
v -1.624955553 -13.095159275 -10.077911283
v -2.213502038 -7.798240917 -13.020643704
v -1.330682311 -10.740973338 -13.903463431
v 0.140683899 -8.092514159 -14.197736673
v 0.434957142 -11.623793065 -13.314916947
v -2.507775280 -11.918066307 -10.666457767
v 0.434957142 -13.095159275 -10.372184525
v -1.330682311 -12.506612791 -12.726370462
v -2.802048522 -8.386787401 -11.843550736
v -0.742135827 -8.975333885 -14.197736673
v -1.624955553 -8.681060643 -13.903463431
v -0.153589343 -7.798240917 -14.197736673
v -0.153589343 -12.212339549 -13.020643704
v -2.507775280 -11.035246580 -12.137823978
v -2.213502038 -12.506612791 -10.077911283
v -0.153589343 -12.800886033 -12.137823978
v -1.919228796 -11.623793065 -13.020643704
v -1.330682311 -12.800886033 -12.137823978
v -2.607542597 -8.570142079 -10.376888645
v -3.096321764 -9.269607128 -10.666457767
v -2.802048522 -9.563880370 -12.432097220
v -1.330682311 -7.798240917 -13.903463431
v -1.624955553 -9.858153612 -13.903463431
v -0.153589343 -11.329519823 -13.609190189
v -3.096321764 -10.446700096 -10.372184525
v -2.802048522 -11.329519823 -10.077911283
v 0.140683899 -13.095159275 -10.666457767
v -0.742135827 -12.800886033 -12.432097220
v -1.919228796 -11.035246580 -13.314916947
v -1.330682311 -12.212339549 -13.020643704
v -1.919228796 -12.212339549 -12.432097220
v -1.036409069 -13.095159275 -11.255004252
v -2.802048522 -8.975333885 -12.432097220
v -2.507775280 -10.446700096 -12.726370462
v -1.919228796 -8.386787401 -13.609190189
v -2.507775280 -11.623793065 -11.255004252
v -3.096321764 -10.152426854 -10.666457767
v -2.802048522 -11.329519823 -10.372184525
v -1.036409069 -12.800886033 -12.432097220
v -1.919228796 -10.152426854 -13.609190189
v -1.036409069 -11.329519823 -13.609190189
v -2.213502038 -11.623793065 -12.432097220
v -1.624955553 -12.506612791 -12.432097220
v -2.213502038 -12.506612791 -10.372184525
v -1.330682311 -13.095159275 -10.960731009
v -2.213502038 -8.386787401 -13.314916947
v -2.213502038 -9.858153612 -13.314916947
v -1.624955553 -12.800886033 -11.549277494
v -2.213502038 -12.212339549 -11.255004252
f 3107 3108 3109
f 3111 3108 3107
f 3112 3109 3108
f 3116 3113 3107
f 3116 3107 3109
f 3116 3109 3110
f 3117 3111 3107
f 3117 3107 3113
f 3119 3109 3112
f 3119 3118 3109
f 3119 3114 3118
f 3121 3108 3115
f 3122 3115 3108
f 3122 3108 3111
f 3123 3116 3110
f 3123 3113 3116
f 3124 3118 3114
f 3125 3118 3110
f 3125 3109 3118
f 3126 3119 3112
f 3126 3114 3119
f 3128 3112 3108
f 3128 3108 3121
f 3130 3113 3123
f 3131 3110 3118
f 3131 3118 3124
f 3132 3110 3131
f 3133 3125 3110
f 3133 3110 3109
f 3133 3109 3125
f 3134 3126 3112
f 3134 3112 3129
f 3136 3122 3111
f 3136 3115 3122
f 3140 3117 3113
f 3140 3113 3130
f 3141 3111 3117
f 3141 3140 3130
f 3141 3117 3140
f 3143 3123 3110
f 3143 3110 3132
f 3144 3132 3131
f 3144 3131 3124
f 3145 3124 3114
f 3145 3114 3126
f 3145 3126 3134
f 3146 3142 3135
f 3146 3111 3141
f 3147 3136 3111
f 3147 3111 3146
f 3148 3128 3121
f 3148 3121 3137
f 3148 3137 3112
f 3148 3112 3128
f 3149 3129 3112
f 3149 3112 3137
f 3149 3137 3121
f 3150 3138 3120
f 3150 3124 3138
f 3151 3138 3124
f 3151 3145 3134
f 3151 3134 3129
f 3152 3120 3138
f 3152 3151 3129
f 3152 3138 3151
f 3153 3121 3115
f 3153 3149 3121
f 3154 3130 3123
f 3154 3142 3141
f 3154 3141 3130
f 3155 3120 3135
f 3155 3135 3142
f 3156 3143 3132
f 3156 3132 3144
f 3158 3146 3141
f 3158 3141 3142
f 3158 3142 3146
f 3159 3147 3146
f 3159 3136 3147
f 3159 3157 3127
f 3159 3146 3135
f 3159 3135 3157
f 3160 3139 3129
f 3160 3129 3149
f 3160 3153 3139
f 3160 3149 3153
f 3161 3144 3124
f 3161 3124 3150
f 3161 3150 3120
f 3161 3156 3144
f 3162 3151 3124
f 3162 3124 3145
f 3162 3145 3151
f 3163 3135 3120
f 3163 3120 3152
f 3163 3157 3135
f 3163 3152 3157
f 3164 3152 3129
f 3164 3129 3139
f 3165 3159 3127
f 3165 3136 3159
f 3165 3115 3136
f 3166 3153 3115
f 3166 3115 3139
f 3166 3139 3153
f 3167 3154 3123
f 3167 3123 3143
f 3167 3143 3156
f 3167 3142 3154
f 3167 3156 3161
f 3168 3161 3120
f 3168 3120 3155
f 3168 3155 3142
f 3168 3167 3161
f 3168 3142 3167
f 3169 3164 3139
f 3169 3139 3115
f 3169 3152 3164
f 3169 3165 3152
f 3169 3115 3165
f 3170 3165 3127
f 3170 3152 3165
f 3170 3157 3152
f 3170 3127 3157
o teddy086
usemtl Material086
v 2.789143079 11.035246580 8.167029730
v 3.966236047 10.740973338 7.872756488
v 1.906323352 14.860798728 5.812843793
v -5.391587507 14.340549297 5.367120516
v -5.450507701 10.740973338 5.518570551
v -2.507775280 12.506612791 7.872756488
v 3.083416321 13.683705760 6.695663519
v -4.861961217 10.740973338 8.167029730
v 3.966236047 10.446700096 5.518570551
v -1.036409069 14.566525486 6.695663519
v 3.377689563 11.918066307 7.578483246
v 1.317776868 10.446700096 8.461302972
v -5.156234459 14.272252244 6.401390277
v -5.450507701 11.623793065 7.872756488
v 3.966236047 13.977979002 5.812843793
v 3.869799938 13.779943805 5.346691316
v -1.624955553 15.155071970 5.812843793
v 1.612050110 14.272252244 6.695663519
v 3.671962805 11.035246580 7.872756488
v 3.966236047 13.095159275 6.695663519
v -0.153589343 12.212339549 8.167029730
v 3.889502462 10.334824328 7.643386957
v -1.333013992 10.423282027 8.327631418
v -3.390595006 14.272252244 6.695663519
v -5.450507701 14.566525486 5.812843793
v -5.436626165 10.721840814 7.771740900
v -4.861961217 12.506612791 7.578483246
v 2.200596594 14.566525486 6.107117035
v -1.330682311 10.446700096 5.518570551
v 3.377689563 14.272252244 5.812843793
v 0.434957142 15.155071970 5.812843793
v 1.317776868 11.918066307 8.167029730
v 3.671962805 12.800886033 6.989936761
v -1.919228796 11.329519823 8.461302972
v 0.140683899 13.683705760 7.284210004
v -1.330682311 13.683705760 7.284210004
v -4.567687975 14.860798728 5.812843793
v -5.450507701 13.683705760 6.695663519
v -4.861961217 13.977979002 6.695663519
v 1.826546234 14.681019925 5.374970101
v -0.447862585 14.566525486 6.695663519
v 1.906323352 12.212339549 7.872756488
v 1.023503626 11.035246580 8.461302972
v -2.213502038 11.035246580 8.461302972
v -3.979141491 11.623793065 8.167029730
v -1.330682311 12.212339549 8.167029730
v 1.023503626 13.977979002 6.989936761
v 1.023503626 12.506612791 7.872756488
v -3.096321764 13.389432518 7.284210004
v -2.507775280 13.977979002 6.989936761
v -1.606499981 14.961166786 5.373189348
v -4.484581584 14.639464757 5.354334552
v -3.096321764 14.566525486 6.401390277
v -2.507775280 14.860798728 6.107117035
v -5.450507701 12.800886033 7.284210004
v 3.282344440 14.057390734 5.346947373
v 2.789143079 12.800886033 7.284210004
v 2.200596594 13.095159275 7.284210004
v 1.906323352 11.623793065 8.167029730
v 1.317776868 10.740973338 8.461302972
v 0.434957142 11.329519823 8.461302972
v -4.861961217 11.035246580 8.167029730
v -4.861961217 11.918066307 7.872756488
v -3.979141491 12.212339549 7.872756488
f 3182 3172 3171
f 3185 3172 3179
f 3186 3175 3174
f 3186 3185 3179
f 3189 3181 3171
f 3189 3171 3172
f 3189 3172 3181
f 3190 3181 3172
f 3190 3185 3177
f 3190 3172 3185
f 3192 3179 3172
f 3192 3172 3182
f 3193 3192 3182
f 3195 3174 3175
f 3195 3175 3184
f 3196 3184 3175
f 3196 3178 3184
f 3196 3193 3178
f 3196 3175 3193
f 3198 3188 3177
f 3198 3173 3188
f 3199 3186 3179
f 3199 3175 3186
f 3199 3193 3175
f 3199 3179 3192
f 3199 3192 3193
f 3200 3185 3186
f 3200 3173 3198
f 3200 3198 3177
f 3200 3177 3185
f 3201 3187 3180
f 3201 3188 3173
f 3203 3190 3177
f 3203 3177 3181
f 3203 3181 3190
f 3206 3205 3180
f 3206 3191 3205
f 3207 3183 3194
f 3207 3195 3183
f 3208 3195 3184
f 3208 3183 3195
f 3209 3194 3183
f 3209 3183 3208
f 3210 3173 3200
f 3210 3201 3173
f 3211 3201 3180
f 3211 3188 3201
f 3211 3180 3205
f 3213 3204 3182
f 3214 3193 3182
f 3214 3182 3204
f 3214 3178 3193
f 3216 3204 3191
f 3216 3215 3204
f 3216 3191 3206
f 3217 3202 3188
f 3217 3211 3205
f 3217 3188 3211
f 3218 3205 3191
f 3218 3191 3202
f 3218 3217 3205
f 3218 3202 3217
f 3219 3176 3216
f 3219 3194 3209
f 3219 3209 3197
f 3220 3206 3180
f 3220 3180 3194
f 3220 3194 3219
f 3220 3219 3216
f 3220 3216 3206
f 3221 3207 3187
f 3221 3187 3201
f 3221 3201 3210
f 3222 3174 3195
f 3222 3195 3207
f 3222 3207 3221
f 3222 3186 3174
f 3223 3207 3194
f 3223 3194 3180
f 3223 3180 3207
f 3224 3207 3180
f 3224 3180 3187
f 3224 3187 3207
f 3225 3208 3184
f 3225 3184 3197
f 3225 3209 3208
f 3225 3197 3209
f 3226 3210 3200
f 3226 3200 3186
f 3226 3221 3210
f 3226 3222 3221
f 3226 3186 3222
f 3227 3212 3181
f 3227 3181 3177
f 3227 3177 3212
f 3228 3212 3177
f 3228 3177 3188
f 3228 3188 3202
f 3228 3202 3212
f 3229 3212 3202
f 3229 3171 3181
f 3229 3181 3212
f 3229 3213 3171
f 3229 3202 3213
f 3230 3213 3182
f 3230 3182 3171
f 3230 3171 3213
f 3231 3213 3202
f 3231 3202 3191
f 3231 3191 3204
f 3231 3204 3213
f 3232 3215 3184
f 3232 3184 3178
f 3232 3178 3214
f 3232 3214 3204
f 3232 3204 3215
f 3233 3215 3197
f 3233 3197 3184
f 3233 3184 3215
f 3234 3197 3215
f 3234 3219 3197
f 3234 3176 3219
f 3234 3216 3176
f 3234 3215 3216
o teddy087
usemtl Material087
v -12.218792271 0.147136621 3.458657856
v -12.218792271 -3.384142285 3.164384614
v -12.218792271 0.147136621 0.221652192
v -16.595099144 0.162091108 0.224571125
v -16.044344418 -0.147136621 2.870111371
v -14.572978208 -3.384142285 0.221652192
v -16.655795894 0.254519107 0.536885178
v -12.212090952 -3.962467631 1.983287076
v -15.161524692 -0.441409863 3.458657856
v -16.632890903 -0.735683105 0.221652192
v -14.867251450 -2.795595800 1.987291645
v -15.161524692 0.147136621 3.458657856
v -12.218792271 -2.795595800 3.458657856
v -12.218792271 -3.089869043 0.221652192
v -16.927164145 -0.147136621 0.515925434
v -15.161524692 -3.089869043 0.810198676
v -15.161524692 -1.618502832 2.870111371
v -12.513065513 -3.972688769 2.575838129
v -16.044344418 0.147136621 2.870111371
v -13.690158481 -2.207049316 3.458657856
v -15.161524692 -3.089869043 0.221652192
v -16.338617661 -1.324229590 1.104471919
v -15.455797934 -0.735683105 3.164384614
v -12.218792271 -3.972688769 2.575838129
v -12.807338755 -3.972688769 2.281564887
v -16.927164145 0.147136621 1.104471919
v -12.513065513 -3.384142285 3.164384614
v -13.984431723 -2.795595800 2.870111371
v -16.338617661 -1.324229590 0.221652192
v -15.455797934 -2.207049316 1.693018403
v -16.044344418 -1.029956348 2.281564887
v -14.278704966 -2.207049316 3.164384614
v -13.984431723 -3.089869043 2.575838129
v -14.278704966 -3.089869043 2.281564887
v -14.572978208 -3.384142285 0.810198676
v -12.807338755 -3.972688769 1.987291645
v -16.927164145 -0.147136621 1.104471919
v -12.513065513 -2.795595800 3.458657856
v -16.044344418 -0.735683105 2.575838129
v -15.161524692 -2.207049316 2.281564887
v -13.984431723 -1.912776074 3.458657856
v -13.101611997 -3.384142285 2.870111371
v -16.338617661 -0.441409863 2.281564887
f 3241 3235 3237
f 3241 3237 3238
f 3242 3237 3235
f 3244 3238 3237
f 3244 3237 3240
f 3246 3235 3241
f 3246 3243 3235
f 3246 3239 3243
f 3247 3242 3235
f 3247 3236 3242
f 3247 3235 3243
f 3248 3242 3240
f 3248 3240 3237
f 3248 3237 3242
f 3249 3241 3238
f 3249 3238 3244
f 3253 3246 3241
f 3253 3239 3246
f 3254 3247 3243
f 3255 3244 3240
f 3255 3240 3250
f 3256 3255 3250
f 3257 3243 3239
f 3258 3242 3236
f 3258 3236 3252
f 3259 3258 3252
f 3260 3239 3253
f 3260 3253 3241
f 3260 3241 3249
f 3261 3236 3247
f 3261 3252 3236
f 3263 3256 3244
f 3263 3244 3255
f 3263 3255 3256
f 3264 3256 3250
f 3264 3250 3245
f 3265 3256 3264
f 3266 3243 3257
f 3266 3257 3251
f 3266 3261 3254
f 3267 3259 3252
f 3267 3266 3251
f 3267 3262 3266
f 3268 3245 3250
f 3268 3250 3259
f 3268 3259 3267
f 3268 3267 3251
f 3269 3259 3250
f 3269 3250 3240
f 3269 3240 3259
f 3270 3259 3240
f 3270 3240 3242
f 3270 3242 3258
f 3270 3258 3259
f 3271 3260 3249
f 3271 3256 3265
f 3271 3239 3260
f 3271 3249 3244
f 3271 3244 3256
f 3272 3261 3247
f 3272 3247 3254
f 3272 3254 3261
f 3273 3257 3239
f 3273 3265 3251
f 3273 3251 3257
f 3274 3251 3265
f 3274 3268 3251
f 3274 3245 3268
f 3274 3265 3264
f 3274 3264 3245
f 3275 3266 3254
f 3275 3254 3243
f 3275 3243 3266
f 3276 3267 3252
f 3276 3252 3261
f 3276 3262 3267
f 3276 3266 3262
f 3276 3261 3266
f 3277 3271 3265
f 3277 3265 3273
f 3277 3273 3239
f 3277 3239 3271
o teddy088
usemtl Material088
v 7.595196647 18.221423548 1.984729198
v 7.791788195 15.743618455 1.987291645
v 6.614695227 18.392077634 0.221652192
v 3.966236047 18.686350876 -0.072621050
v 3.966236047 17.214984665 1.987291645
v 4.849055774 15.155071970 -0.366894292
v 6.059524322 19.599482114 1.373284545
v 7.497514953 18.392077634 1.104471919
v 6.026148742 19.569170603 1.987291645
v 7.203241711 15.743618455 0.810198676
v 4.849055774 16.626438181 -0.366894292
v 3.952195373 14.829044243 -0.064300880
v 5.143329016 19.274897360 0.221652192
v 7.791788195 18.392077634 1.693018403
v 6.614695227 19.274897360 0.810198676
v 3.966236047 19.569170603 1.987291645
v 6.026148742 16.626438181 -0.072621050
v 5.970413558 14.876229491 0.195454548
v 7.791788195 15.743618455 1.693018403
v 3.966236047 16.920711423 -0.366894292
v 4.849055774 18.686350876 -0.072621050
v 3.966236047 14.860798728 0.810198676
v 6.908968469 18.686350876 0.515925434
v 6.908968469 18.980624118 0.810198676
v 6.320421984 19.274897360 0.515925434
v 3.935466034 19.664310403 1.000697695
v 7.497514953 16.920711423 1.104471919
v 6.026148742 14.860798728 0.810198676
v 3.966236047 15.155071970 -0.366894292
v 5.437602258 18.097804392 -0.072621050
v 6.320421984 18.686350876 0.221652192
v 4.554782532 16.920711423 -0.366894292
v 6.026148742 15.743618455 1.987291645
v 3.966236047 19.274897360 0.221652192
v 5.165804568 19.646897526 0.976250778
f 3286 3282 3279
f 3286 3279 3278
f 3291 3278 3279
f 3291 3286 3278
f 3292 3284 3286
f 3292 3286 3291
f 3293 3282 3286
f 3294 3280 3287
f 3294 3288 3280
f 3294 3283 3288
f 3295 3294 3287
f 3295 3283 3294
f 3295 3289 3283
f 3296 3295 3287
f 3296 3291 3279
f 3296 3285 3291
f 3297 3288 3283
f 3298 3281 3290
f 3298 3297 3281
f 3299 3282 3289
f 3300 3285 3280
f 3301 3292 3291
f 3301 3291 3285
f 3301 3300 3292
f 3301 3285 3300
f 3302 3284 3292
f 3302 3292 3300
f 3302 3300 3280
f 3303 3289 3282
f 3303 3282 3293
f 3303 3297 3289
f 3303 3281 3297
f 3303 3293 3286
f 3304 3296 3287
f 3304 3285 3296
f 3304 3287 3280
f 3304 3280 3285
f 3305 3296 3279
f 3305 3295 3296
f 3305 3279 3299
f 3305 3299 3289
f 3305 3289 3295
f 3306 3297 3283
f 3306 3283 3289
f 3306 3289 3297
f 3307 3298 3280
f 3307 3280 3288
f 3307 3288 3298
f 3308 3298 3290
f 3308 3280 3298
f 3308 3302 3280
f 3308 3290 3302
f 3309 3298 3288
f 3309 3288 3297
f 3309 3297 3298
f 3310 3299 3279
f 3310 3279 3282
f 3310 3282 3299
f 3311 3303 3290
f 3311 3290 3281
f 3311 3281 3303
f 3312 3302 3290
f 3312 3290 3303
f 3312 3284 3302
f 3312 3303 3286
f 3312 3286 3284
o teddy089
usemtl Material089
v 0.729230384 16.037891697 4.635750824
v 1.599296809 15.664282738 4.029187084
v 1.023503626 16.626438181 1.398745161
v -1.330682311 16.037891697 -1.249714019
v -1.318366825 15.614224653 4.538737293
v 1.307997501 15.685868329 -0.646958580
v 1.612050110 16.037891697 4.047204340
v 0.701031673 15.579577632 4.505452728
v -1.919228796 16.626438181 1.987291645
v 0.729230384 16.037891697 -1.249714019
v -1.323634408 15.645097812 -1.171972298
v 1.317776868 16.037891697 4.341477582
v 1.317776868 16.332164939 0.515925434
v 1.670614624 16.029889153 2.844095123
v 0.699590821 15.596736551 -1.128345121
v -1.330682311 16.037891697 4.635750824
v 0.140683899 16.626438181 2.575838129
v -0.742135827 16.626438181 0.810198676
v -2.798489092 15.980071870 0.235862729
v 1.302712011 15.654908154 4.280400393
v 1.317776868 16.037891697 -0.661167534
v 1.639183917 15.912401674 2.908445622
v 1.023503626 16.626438181 1.987291645
v -1.036409069 16.332164939 3.752931098
v -2.802048522 16.332164939 0.221652192
v 0.140683899 16.332164939 -0.366894292
v -2.794169012 16.200482365 1.136485550
v 0.140683899 16.332164939 3.752931098
v -0.447862585 16.626438181 2.575838129
v -1.919228796 16.332164939 3.458657856
v -1.919228796 16.332164939 -0.072621050
v -1.919228796 16.626438181 1.104471919
v -0.742135827 16.332164939 -0.366894292
v 0.140683899 16.626438181 0.810198676
v -2.810738822 16.183124221 1.069164130
v -1.914159525 15.964224792 3.442496005
v -1.330682311 16.626438181 2.281564887
v 0.729230384 16.626438181 1.104471919
f 3320 3313 3317
f 3323 3316 3322
f 3324 3314 3319
f 3326 3319 3314
f 3326 3325 3315
f 3327 3318 3314
f 3327 3314 3320
f 3327 3320 3317
f 3327 3317 3323
f 3327 3323 3322
f 3327 3322 3318
f 3328 3317 3313
f 3329 3315 3321
f 3329 3313 3324
f 3330 3321 3315
f 3331 3316 3323
f 3331 3323 3317
f 3332 3320 3314
f 3332 3314 3324
f 3332 3324 3313
f 3332 3313 3320
f 3333 3318 3322
f 3333 3322 3315
f 3333 3315 3325
f 3333 3326 3318
f 3333 3325 3326
f 3334 3326 3314
f 3334 3314 3318
f 3334 3318 3326
f 3335 3326 3315
f 3335 3319 3326
f 3335 3315 3329
f 3335 3329 3324
f 3335 3324 3319
f 3336 3328 3313
f 3337 3316 3331
f 3338 3322 3316
f 3339 3321 3337
f 3340 3336 3313
f 3340 3313 3329
f 3340 3329 3336
f 3341 3336 3329
f 3341 3329 3321
f 3342 3328 3336
f 3342 3321 3339
f 3343 3316 3337
f 3344 3337 3321
f 3344 3321 3330
f 3344 3343 3337
f 3344 3330 3343
f 3345 3338 3316
f 3345 3330 3338
f 3345 3343 3330
f 3345 3316 3343
f 3346 3338 3330
f 3346 3330 3315
f 3347 3331 3317
f 3347 3339 3337
f 3347 3337 3331
f 3348 3342 3339
f 3348 3317 3328
f 3348 3328 3342
f 3348 3347 3317
f 3348 3339 3347
f 3349 3341 3321
f 3349 3321 3342
f 3349 3342 3336
f 3349 3336 3341
f 3350 3346 3315
f 3350 3315 3322
f 3350 3322 3338
f 3350 3338 3346
o teddy090
usemtl Material090
v 0.729230384 5.149781738 10.815488909
v 1.023503626 2.207049316 9.638395941
v 0.984598939 6.856832804 8.971282716
v -2.962363071 6.473728690 8.891807343
v -3.096321764 3.089869043 9.932669183
v 0.364583987 2.175417423 8.955983047
v -1.624955553 6.326874706 10.521215667
v 1.023503626 5.444054980 10.521215667
v -1.624955553 3.678415527 10.815488909
v 0.983638108 2.355832379 8.996675301
v 0.413305174 7.036210254 8.896661503
v -2.877809616 2.949490805 8.945047460
v -1.919228796 1.912776074 9.344122699
v -3.096321764 5.444054980 10.226942425
v 1.023503626 3.384142285 10.521215667
v 1.023503626 6.915421190 9.344122699
v 0.434957142 6.032601464 10.521215667
v -1.624955553 5.444054980 10.815488909
v 0.434957142 1.912776074 9.344122699
v -1.919228796 7.209694433 9.344122699
v -3.684868248 4.266962011 9.344122699
v -1.919228796 1.912776074 9.049849456
v -2.507775280 2.501322558 9.932669183
v -2.802048522 4.266962011 10.521215667
v 0.729230384 2.207049316 9.932669183
v 0.434957142 3.678415527 10.815488909
v 0.434957142 7.209694433 9.344122699
v 0.140683899 5.444054980 10.815488909
v 1.023503626 6.032601464 10.226942425
v -2.802048522 5.444054980 10.521215667
v -1.898635680 7.028006135 8.905459381
v -3.096321764 6.621147948 9.344122699
v -3.096321764 2.795595800 9.344122699
v -3.455862305 5.696753503 8.908149036
v -2.213502038 3.384142285 10.521215667
v -2.213502038 4.855508495 10.815488909
v -3.096321764 4.561235253 10.226942425
v 1.023503626 2.795595800 10.226942425
v -1.330682311 2.207049316 9.932669183
v -1.036409069 1.912776074 9.638395941
v 0.729230384 3.972688769 10.815488909
v 0.729230384 3.089869043 10.521215667
v 0.729230384 6.915421190 9.638395941
v -0.447862585 6.326874706 10.521215667
v -2.213502038 6.032601464 10.521215667
v -3.096321764 6.032601464 9.932669183
v -2.213502038 6.915421190 9.638395941
v -3.390595006 3.384142285 9.344122699
v -2.507775280 2.207049316 9.049849456
v -2.802048522 2.501322558 9.638395941
v -3.431999348 4.349461653 8.947406458
v -3.390595006 6.326874706 9.049849456
v -1.624955553 3.089869043 10.521215667
v -2.507775280 3.678415527 10.521215667
v -2.213502038 4.266962011 10.815488909
v 0.140683899 1.912776074 9.638395941
v 0.729230384 6.621147948 9.932669183
v -2.802048522 6.032601464 10.226942425
v -3.142644577 3.465037253 8.949399044
v -2.507775280 2.207049316 9.344122699
v -3.684868248 5.738328222 9.344122699
v -2.213502038 2.795595800 10.226942425
v -2.802048522 6.621147948 9.638395941
v -3.390595006 6.326874706 9.344122699
f 3361 3356 3354
f 3361 3360 3356
f 3361 3353 3360
f 3362 3354 3356
f 3365 3358 3351
f 3365 3352 3358
f 3366 3358 3352
f 3366 3360 3353
f 3366 3352 3360
f 3367 3351 3358
f 3368 3359 3351
f 3369 3360 3352
f 3369 3356 3360
f 3372 3362 3356
f 3372 3369 3363
f 3372 3356 3369
f 3376 3351 3359
f 3377 3366 3353
f 3377 3353 3361
f 3377 3361 3370
f 3377 3370 3357
f 3378 3351 3367
f 3378 3368 3351
f 3378 3357 3368
f 3379 3367 3358
f 3379 3358 3366
f 3380 3364 3374
f 3381 3370 3361
f 3381 3361 3354
f 3382 3381 3354
f 3382 3370 3381
f 3384 3354 3362
f 3386 3359 3368
f 3386 3380 3374
f 3386 3368 3380
f 3387 3371 3355
f 3387 3355 3374
f 3387 3374 3364
f 3387 3364 3371
f 3388 3375 3352
f 3388 3352 3365
f 3389 3373 3363
f 3390 3363 3369
f 3390 3389 3363
f 3390 3375 3389
f 3391 3376 3365
f 3391 3365 3351
f 3391 3351 3376
f 3392 3376 3359
f 3392 3375 3388
f 3392 3388 3365
f 3392 3365 3376
f 3392 3389 3375
f 3393 3366 3377
f 3393 3379 3366
f 3394 3378 3367
f 3394 3357 3378
f 3394 3393 3377
f 3394 3377 3357
f 3395 3380 3368
f 3395 3368 3357
f 3396 3364 3380
f 3397 3357 3370
f 3398 3383 3355
f 3398 3355 3371
f 3399 3383 3362
f 3399 3362 3372
f 3399 3372 3363
f 3400 3373 3355
f 3400 3355 3383
f 3400 3383 3399
f 3400 3363 3373
f 3401 3371 3384
f 3402 3382 3354
f 3402 3354 3384
f 3403 3359 3385
f 3403 3392 3359
f 3403 3389 3392
f 3404 3374 3355
f 3404 3355 3385
f 3404 3385 3359
f 3405 3386 3374
f 3405 3359 3386
f 3405 3404 3359
f 3405 3374 3404
f 3406 3390 3369
f 3406 3375 3390
f 3406 3369 3352
f 3406 3352 3375
f 3407 3367 3379
f 3407 3379 3393
f 3407 3394 3367
f 3407 3393 3394
f 3408 3382 3396
f 3408 3395 3357
f 3408 3396 3380
f 3408 3380 3395
f 3409 3362 3383
f 3409 3383 3398
f 3409 3398 3371
f 3409 3371 3401
f 3409 3401 3384
f 3409 3384 3362
f 3410 3400 3399
f 3410 3399 3363
f 3410 3363 3400
f 3411 3364 3396
f 3411 3371 3364
f 3411 3402 3384
f 3411 3384 3371
f 3412 3403 3385
f 3412 3373 3389
f 3412 3389 3403
f 3412 3385 3355
f 3412 3355 3373
f 3413 3382 3408
f 3413 3397 3370
f 3413 3370 3382
f 3413 3408 3357
f 3413 3357 3397
f 3414 3411 3396
f 3414 3396 3382
f 3414 3382 3402
f 3414 3402 3411
o teddy091
usemtl Material091
v -5.545087460 0.218820019 0.235435280
v -5.450507701 -1.912776074 0.221652192
v -5.324787287 -1.803413957 -5.507930429
v -5.744780943 -1.618502832 -5.663812651
v -8.393240123 -1.912776074 -3.015353471
v -5.450507701 0.147136621 -3.309626714
v -7.804693638 -1.912776074 0.221652192
v -5.646368292 -2.055062648 -5.543362649
v -5.450507701 -1.029956348 -5.075266166
v -8.111731470 0.345426616 -1.188755733
v -5.385287770 0.272493862 -2.100061961
v -5.416229456 -1.962336106 -5.621858545
v -8.305492616 -1.966793595 -3.477692193
v -5.450507701 -0.147136621 -3.898173198
v -7.804693638 0.147136621 0.221652192
v -5.439267786 0.406660160 -1.244164928
v -7.510420396 -1.912776074 -4.486719682
v -8.393240123 -1.029956348 -3.603899956
v -7.804693638 -0.147136621 -2.721080229
v -6.039054186 0.441409863 -2.132533745
v -8.390553284 -1.055262563 -2.986677586
v -7.510420396 -1.618502832 -4.486719682
v -5.744780943 -1.029956348 -5.075266166
v -5.744780943 0.147136621 -3.309626714
v -5.744780943 -0.147136621 -3.898173198
f 3421 3416 3415
f 3422 3416 3421
f 3423 3417 3418
f 3424 3419 3421
f 3425 3416 3417
f 3425 3417 3420
f 3426 3417 3416
f 3426 3416 3422
f 3426 3422 3418
f 3426 3418 3417
f 3427 3422 3421
f 3427 3421 3419
f 3428 3420 3417
f 3428 3417 3423
f 3429 3424 3421
f 3429 3421 3415
f 3429 3415 3424
f 3430 3415 3416
f 3430 3416 3425
f 3430 3424 3415
f 3430 3425 3420
f 3431 3418 3422
f 3431 3422 3427
f 3432 3427 3419
f 3432 3431 3427
f 3433 3432 3424
f 3434 3430 3420
f 3434 3424 3430
f 3435 3432 3419
f 3435 3419 3424
f 3435 3424 3432
f 3436 3432 3418
f 3436 3418 3431
f 3436 3431 3432
f 3437 3428 3423
f 3437 3423 3418
f 3437 3418 3432
f 3438 3433 3424
f 3438 3420 3428
f 3438 3434 3420
f 3438 3424 3434
f 3439 3437 3432
f 3439 3432 3433
f 3439 3433 3438
f 3439 3438 3428
f 3439 3428 3437
o teddy092
usemtl Material092
v -4.861961217 -9.269607128 -3.015353471
v -4.861961217 -16.920711423 -3.015353471
v -4.861961217 -9.269607128 -6.546632377
v -8.687513365 -9.269607128 -6.546632377
v -10.525814301 -9.314324814 -2.922953628
v -5.744780943 -16.037891697 -6.546632377
v -4.816898466 -15.842950197 -6.375496460
v -7.426553804 -17.334224735 -2.946396173
v -10.747426060 -9.269607128 -3.309626714
v -4.828597345 -17.378602898 -4.408484677
v -10.513791773 -14.124105780 -2.983561915
v -4.861961217 -16.920711423 -5.663812651
v -7.804693638 -17.509257908 -3.015353471
v -10.158879576 -13.977979002 -5.075266166
v -5.450507701 -17.509257908 -4.780992924
v -9.864606333 -15.743618455 -3.015353471
v -10.747426060 -14.272252244 -3.603899956
v -10.158879576 -9.563880370 -4.780992924
v -8.981786607 -13.095159275 -6.546632377
v -7.804693638 -16.920711423 -4.780992924
v -4.861961217 -17.509257908 -4.780992924
v -6.333327428 -16.920711423 -5.369539409
v -8.393240123 -17.214984665 -3.015353471
v -10.453152818 -11.329519823 -4.486719682
v -9.570333091 -15.449345213 -4.486719682
v -10.453152818 -9.269607128 -4.192446440
v -9.276059849 -9.858153612 -5.958085893
v -7.804693638 -17.509257908 -3.309626714
v -7.216147154 -15.155071970 -6.546632377
v -5.744780943 -16.332164939 -6.252359135
v -5.156234459 -16.920711423 -5.663812651
v -6.921873912 -17.214984665 -4.780992924
v -10.747426060 -9.563880370 -3.603899956
v -10.453152818 -13.977979002 -4.486719682
v -10.158879576 -12.800886033 -5.075266166
v -10.158879576 -14.566525486 -4.486719682
v -9.570333091 -16.037891697 -3.603899956
v -9.864606333 -9.269607128 -5.075266166
v -8.981786607 -9.269607128 -6.252359135
v -8.098966881 -17.214984665 -3.898173198
v -6.627600670 -16.037891697 -6.252359135
v -8.687513365 -15.449345213 -5.369539409
v -6.039054186 -17.214984665 -5.075266166
v -7.216147154 -16.920711423 -5.075266166
v -9.864606333 -11.329519823 -5.369539409
v -9.864606333 -15.743618455 -3.309626714
v -10.453152818 -14.566525486 -3.898173198
v -8.098966881 -16.920711423 -4.486719682
v -8.981786607 -12.506612791 -6.546632377
v -8.393240123 -17.214984665 -3.309626714
v -7.804693638 -17.214984665 -4.192446440
v -6.333327428 -15.743618455 -6.546632377
v -8.098966881 -14.272252244 -6.546632377
v -9.276059849 -15.155071970 -5.075266166
v -8.098966881 -16.332164939 -5.075266166
v -6.627600670 -16.332164939 -5.958085893
v -9.276059849 -16.332164939 -3.603899956
v -9.570333091 -15.155071970 -4.780992924
f 3440 3442 3443
f 3445 3443 3442
f 3446 3442 3440
f 3446 3445 3442
f 3447 3441 3440
f 3447 3440 3444
f 3448 3444 3440
f 3448 3440 3443
f 3449 3446 3440
f 3449 3440 3441
f 3450 3447 3444
f 3450 3444 3448
f 3451 3445 3446
f 3451 3446 3449
f 3452 3449 3441
f 3452 3441 3447
f 3455 3447 3450
f 3456 3450 3448
f 3456 3455 3450
f 3458 3443 3445
f 3460 3454 3451
f 3460 3451 3449
f 3460 3449 3452
f 3460 3452 3454
f 3462 3452 3447
f 3462 3447 3455
f 3465 3448 3443
f 3465 3457 3463
f 3467 3454 3452
f 3467 3452 3462
f 3468 3458 3445
f 3470 3451 3454
f 3470 3461 3469
f 3470 3469 3445
f 3470 3445 3451
f 3471 3454 3467
f 3472 3463 3456
f 3472 3456 3448
f 3472 3465 3463
f 3472 3448 3465
f 3473 3463 3453
f 3473 3456 3463
f 3474 3463 3457
f 3474 3453 3463
f 3474 3458 3453
f 3475 3453 3464
f 3475 3473 3453
f 3475 3456 3473
f 3477 3465 3443
f 3477 3457 3465
f 3478 3466 3457
f 3478 3477 3443
f 3478 3457 3477
f 3480 3445 3469
f 3481 3453 3458
f 3481 3468 3480
f 3482 3470 3454
f 3482 3461 3470
f 3482 3471 3461
f 3482 3454 3471
f 3483 3471 3459
f 3483 3461 3471
f 3483 3459 3480
f 3484 3474 3457
f 3484 3457 3466
f 3485 3455 3456
f 3485 3456 3476
f 3485 3462 3455
f 3486 3475 3464
f 3486 3464 3476
f 3486 3476 3456
f 3486 3456 3475
f 3487 3476 3464
f 3487 3459 3479
f 3488 3478 3443
f 3488 3443 3458
f 3488 3466 3478
f 3488 3484 3466
f 3488 3458 3474
f 3488 3474 3484
f 3489 3479 3467
f 3489 3467 3462
f 3489 3485 3476
f 3489 3462 3485
f 3490 3471 3467
f 3490 3467 3479
f 3490 3479 3459
f 3490 3459 3471
f 3491 3480 3468
f 3491 3468 3445
f 3491 3445 3480
f 3492 3481 3458
f 3492 3458 3468
f 3492 3468 3481
f 3493 3453 3481
f 3493 3481 3459
f 3493 3459 3487
f 3494 3481 3480
f 3494 3480 3459
f 3494 3459 3481
f 3495 3483 3480
f 3495 3480 3469
f 3495 3469 3461
f 3495 3461 3483
f 3496 3487 3479
f 3496 3476 3487
f 3496 3489 3476
f 3496 3479 3489
f 3497 3464 3453
f 3497 3453 3493
f 3497 3493 3487
f 3497 3487 3464
o teddy093
usemtl Material093
v 0.431436511 -7.222755446 -9.110271352
v 1.297874087 -7.818397524 -12.715787449
v 0.729230384 -6.621147948 -12.432097220
v -1.330682311 -7.503967675 -13.609190189
v -1.760061626 -7.946109255 -9.931433984
v 0.729230384 -7.503967675 -13.609190189
v 0.729230384 -6.621147948 -11.549277494
v 0.435455819 -7.789438936 -9.186933895
v -1.238101789 -7.936297244 -13.427621171
v 1.317776868 -7.503967675 -13.314916947
v 0.434957142 -6.621147948 -12.726370462
v -1.330682311 -6.621147948 -10.077911283
v 0.643129076 -7.932717764 -13.422037151
v -1.328492812 -7.792696353 -9.250381975
v -2.213502038 -7.798240917 -12.726370462
v 1.023503626 -7.209694433 -13.314916947
v 0.140683899 -6.621147948 -10.077911283
v -1.036409069 -6.621147948 -12.726370462
v -2.059287172 -7.953152249 -12.150093220
v 1.317776868 -7.798240917 -13.314916947
v -1.919228796 -7.503967675 -9.783638041
v -1.331236495 -7.211750371 -9.181739978
v -0.153589343 -6.915421190 -9.489364799
v -2.213502038 -7.503967675 -12.726370462
v -1.036409069 -6.915421190 -9.489364799
v -1.330682311 -6.621147948 -10.666457767
v -2.213502038 -7.503967675 -12.137823978
v -1.624955553 -7.209694433 -13.314916947
v -1.624955553 -6.915421190 -10.372184525
f 3504 3498 3499
f 3505 3499 3498
f 3506 3501 3503
f 3507 3504 3499
f 3507 3500 3504
f 3508 3504 3500
f 3509 3504 3508
f 3510 3505 3502
f 3510 3499 3505
f 3510 3506 3503
f 3511 3505 3498
f 3511 3502 3505
f 3512 3501 3506
f 3513 3507 3503
f 3513 3503 3501
f 3513 3508 3500
f 3513 3500 3507
f 3514 3498 3504
f 3514 3504 3509
f 3515 3509 3508
f 3515 3508 3513
f 3516 3510 3502
f 3516 3506 3510
f 3516 3512 3506
f 3516 3502 3512
f 3517 3507 3499
f 3517 3499 3510
f 3517 3510 3503
f 3517 3503 3507
f 3518 3502 3511
f 3518 3512 3502
f 3519 3511 3498
f 3519 3518 3511
f 3519 3509 3518
f 3520 3514 3509
f 3520 3498 3514
f 3522 3519 3498
f 3522 3498 3520
f 3522 3520 3509
f 3522 3509 3519
f 3523 3521 3509
f 3523 3509 3515
f 3523 3515 3521
f 3524 3509 3521
f 3524 3521 3512
f 3524 3512 3518
f 3525 3521 3515
f 3525 3501 3512
f 3525 3512 3521
f 3525 3515 3513
f 3525 3513 3501
f 3526 3524 3518
f 3526 3518 3509
f 3526 3509 3524
o teddy094
usemtl Material094
v 13.382979796 -4.855508495 6.695663519
v 16.619985460 -6.915421190 3.752931098
v 16.503687419 -4.898560600 3.409394282
v 10.734520617 -4.855508495 3.752931098
v 13.971526280 -7.503967675 4.635750824
v 14.560072765 -7.209694433 3.458657856
v 11.164985685 -4.673574270 5.732933310
v 16.619985460 -4.855508495 4.341477582
v 14.854346007 -7.209694433 5.224297309
v 16.431240789 -6.818530472 3.344073467
v 12.205886827 -6.621147948 3.752931098
v 15.148619249 -7.503967675 4.635750824
v 10.770616053 -4.693896410 5.136522798
v 12.205886827 -5.738328222 6.401390277
v 12.348193546 -4.745513644 6.481219558
v 15.148619249 -5.444054980 5.812843793
v 13.382979796 -4.855508495 3.458657856
v 12.794433312 -6.915421190 3.752931098
v 10.799056080 -5.485410480 3.656069947
v 13.971526280 -7.503967675 4.341477582
v 16.031438975 -7.209694433 4.341477582
v 16.194471133 -7.085757432 3.369803419
v 13.088706554 -6.032601464 6.401390277
v 10.734520617 -5.738328222 4.047204340
v 11.028793859 -5.149781738 5.812843793
v 15.148619249 -4.855508495 5.812843793
v 12.205886827 -5.149781738 6.695663519
v 13.382979796 -6.326874706 3.458657856
v 15.737165733 -6.621147948 4.930024066
v 16.325712217 -7.209694433 4.047204340
v 13.971526280 -5.738328222 6.401390277
v 12.794433312 -6.032601464 6.401390277
v 12.205886827 -6.621147948 4.047204340
v 13.382979796 -7.209694433 4.635750824
v 10.734520617 -5.149781738 5.224297309
v 14.265799522 -4.855508495 6.401390277
v 13.382979796 -5.149781738 6.695663519
v 11.617340343 -5.149781738 6.401390277
v 14.854346007 -6.032601464 5.812843793
v 15.148619249 -6.915421190 5.224297309
v 16.325712217 -6.032601464 4.635750824
v 13.971526280 -6.326874706 6.107117035
v 14.265799522 -7.209694433 5.224297309
v 12.500160070 -6.326874706 5.518570551
v 14.265799522 -5.149781738 6.401390277
v 11.617340343 -4.855508495 6.401390277
v 14.560072765 -5.738328222 6.107117035
v 16.031438975 -6.032601464 4.930024066
v 16.619985460 -6.621147948 4.047204340
v 13.088706554 -6.326874706 6.107117035
v 16.619985460 -5.738328222 4.341477582
f 3534 3528 3529
f 3536 3529 3528
f 3538 3535 3531
f 3539 3534 3529
f 3539 3533 3534
f 3541 3534 3533
f 3543 3529 3536
f 3543 3539 3529
f 3543 3530 3539
f 3544 3537 3532
f 3544 3531 3537
f 3545 3532 3537
f 3545 3530 3543
f 3546 3538 3531
f 3546 3544 3532
f 3546 3531 3544
f 3547 3535 3538
f 3548 3536 3528
f 3548 3546 3532
f 3548 3538 3546
f 3550 3545 3537
f 3550 3530 3545
f 3551 3533 3539
f 3551 3550 3540
f 3552 3534 3541
f 3553 3527 3541
f 3554 3543 3536
f 3554 3545 3543
f 3554 3532 3545
f 3554 3548 3532
f 3554 3536 3548
f 3556 3547 3538
f 3556 3538 3548
f 3556 3548 3528
f 3556 3555 3547
f 3558 3540 3531
f 3558 3535 3549
f 3558 3553 3540
f 3558 3549 3553
f 3559 3550 3537
f 3559 3537 3531
f 3560 3531 3540
f 3560 3559 3531
f 3560 3550 3559
f 3561 3539 3530
f 3561 3530 3550
f 3561 3551 3539
f 3561 3550 3551
f 3562 3552 3541
f 3562 3541 3527
f 3562 3542 3552
f 3563 3553 3549
f 3563 3527 3553
f 3563 3549 3557
f 3563 3562 3527
f 3564 3551 3540
f 3564 3540 3553
f 3565 3555 3542
f 3566 3535 3547
f 3566 3547 3555
f 3566 3565 3535
f 3566 3555 3565
f 3568 3557 3549
f 3568 3549 3535
f 3568 3565 3557
f 3568 3535 3565
f 3569 3531 3535
f 3569 3535 3558
f 3570 3560 3540
f 3570 3540 3550
f 3570 3550 3560
f 3571 3542 3562
f 3571 3563 3557
f 3571 3562 3563
f 3572 3533 3551
f 3572 3551 3564
f 3572 3541 3533
f 3572 3564 3553
f 3572 3553 3541
f 3573 3565 3542
f 3573 3557 3565
f 3573 3571 3557
f 3573 3542 3571
f 3574 3542 3555
f 3574 3555 3567
f 3574 3552 3542
f 3574 3567 3534
f 3574 3534 3552
f 3575 3556 3528
f 3575 3528 3534
f 3575 3567 3555
f 3575 3555 3556
f 3576 3569 3558
f 3576 3558 3531
f 3576 3531 3569
f 3577 3575 3534
f 3577 3534 3567
f 3577 3567 3575
o teddy095
usemtl Material095
v 10.225444326 -9.309921040 0.236849114
v 10.440247375 -14.566525486 0.221652192
v 8.968881164 -10.740973338 -5.958085893
v 5.731875500 -9.269607128 -6.546632377
v 5.683927050 -17.921810256 0.226610796
v 9.557427648 -9.269607128 -4.780992924
v 5.731875500 -9.269607128 0.221652192
v 7.203241711 -16.332164939 -4.780992924
v 8.086061437 -9.269607128 -6.546632377
v 10.440247375 -9.269607128 -0.955440776
v 9.851700890 -13.683705760 -4.192446440
v 5.616883737 -16.720073632 -4.622202277
v 8.086061437 -17.214984665 -1.249714019
v 8.968881164 -9.269607128 -5.663812651
v 6.026148742 -15.449345213 -6.546632377
v 9.851700890 -10.740973338 -4.486719682
v 10.440247375 -13.095159275 -1.543987261
v 7.791788195 -17.509257908 0.221652192
v 6.026148742 -17.803531150 -3.015353471
v 9.557427648 -15.449345213 -2.721080229
v 8.674607922 -10.446700096 -6.252359135
v 5.731875500 -15.449345213 -6.546632377
v 8.086061437 -14.566525486 -5.958085893
v 9.557427648 -12.212339549 -5.075266166
v 9.557427648 -11.329519823 -5.075266166
v 9.851700890 -9.269607128 -4.192446440
v 10.145974132 -14.272252244 -2.426806987
v 10.145974132 -11.623793065 -3.309626714
v 10.145974132 -15.155071970 0.221652192
v 7.791788195 -16.920711423 -3.309626714
v 6.026148742 -16.332164939 -5.663812651
v 5.731875500 -18.097804392 -1.543987261
v 7.497514953 -17.509257908 -2.132533745
v 8.380334680 -12.800886033 -6.546632377
v 9.557427648 -14.860798728 -3.898173198
v 9.851700890 -12.506612791 -4.486719682
v 10.440247375 -14.566525486 -0.072621050
v 10.145974132 -13.389432518 -3.309626714
v 10.440247375 -12.506612791 -1.543987261
v 9.263154406 -16.037891697 -2.132533745
v 6.908968469 -16.920711423 -4.192446440
v 6.614695227 -15.449345213 -6.252359135
v 5.731875500 -16.332164939 -5.663812651
v 5.676101491 -17.536117557 -2.931003188
v 6.320421984 -18.097804392 0.221652192
v 7.791788195 -17.509257908 -0.366894292
v 6.026148742 -18.097804392 -1.543987261
v 7.203241711 -17.509257908 -2.721080229
v 8.380334680 -10.446700096 -6.546632377
v 7.791788195 -13.977979002 -6.546632377
v 8.968881164 -12.506612791 -5.958085893
v 8.968881164 -13.977979002 -5.369539409
v 8.380334680 -15.449345213 -4.780992924
v 9.851700890 -14.566525486 -3.603899956
v 10.145974132 -15.155071970 -0.072621050
v 8.380334680 -16.626438181 -3.015353471
v 6.026148742 -16.920711423 -4.780992924
v 6.320421984 -16.626438181 -5.075266166
v 6.908968469 -16.037891697 -5.369539409
v 7.203241711 -17.803531150 -0.366894292
v 6.908968469 -17.509257908 -3.015353471
v 6.614695227 -17.803531150 -2.426806987
v 6.614695227 -15.155071970 -6.546632377
v 9.263154406 -13.095159275 -5.369539409
f 3584 3582 3578
f 3584 3583 3581
f 3586 3581 3583
f 3587 3578 3579
f 3587 3584 3578
f 3587 3583 3584
f 3589 3584 3581
f 3589 3582 3584
f 3591 3586 3583
f 3591 3583 3580
f 3592 3581 3586
f 3594 3587 3579
f 3598 3591 3580
f 3598 3586 3591
f 3599 3589 3581
f 3599 3581 3592
f 3602 3580 3583
f 3602 3583 3593
f 3602 3601 3580
f 3602 3593 3601
f 3603 3593 3583
f 3603 3583 3587
f 3605 3603 3587
f 3605 3593 3603
f 3606 3579 3578
f 3606 3578 3582
f 3606 3582 3595
f 3608 3599 3592
f 3611 3592 3586
f 3613 3601 3593
f 3613 3593 3605
f 3614 3594 3579
f 3614 3579 3606
f 3615 3614 3604
f 3615 3594 3614
f 3615 3588 3613
f 3615 3613 3605
f 3615 3605 3594
f 3616 3605 3587
f 3616 3587 3594
f 3616 3594 3605
f 3617 3606 3595
f 3618 3585 3607
f 3620 3596 3589
f 3620 3589 3599
f 3620 3599 3608
f 3621 3609 3582
f 3621 3582 3589
f 3621 3589 3596
f 3621 3596 3609
f 3622 3595 3582
f 3622 3582 3609
f 3623 3610 3590
f 3623 3617 3595
f 3623 3590 3617
f 3624 3609 3596
f 3624 3622 3609
f 3625 3607 3610
f 3625 3618 3607
f 3626 3611 3586
f 3626 3586 3598
f 3626 3598 3611
f 3627 3592 3611
f 3628 3580 3601
f 3628 3611 3598
f 3628 3598 3580
f 3629 3612 3600
f 3629 3588 3612
f 3629 3611 3628
f 3629 3627 3611
f 3629 3600 3627
f 3630 3607 3585
f 3630 3600 3612
f 3630 3619 3600
f 3631 3597 3612
f 3631 3604 3614
f 3631 3612 3588
f 3631 3615 3604
f 3631 3588 3615
f 3632 3614 3606
f 3632 3631 3614
f 3632 3597 3631
f 3632 3617 3597
f 3632 3606 3617
f 3633 3610 3607
f 3633 3612 3597
f 3633 3597 3617
f 3633 3630 3612
f 3633 3607 3630
f 3633 3617 3590
f 3633 3590 3610
f 3634 3618 3596
f 3634 3620 3608
f 3634 3596 3620
f 3635 3585 3618
f 3635 3634 3608
f 3635 3618 3634
f 3636 3608 3619
f 3636 3635 3608
f 3636 3585 3635
f 3636 3630 3585
f 3636 3619 3630
f 3637 3610 3623
f 3637 3622 3624
f 3637 3623 3595
f 3637 3595 3622
f 3638 3625 3596
f 3638 3596 3618
f 3638 3618 3625
f 3639 3624 3596
f 3639 3596 3625
f 3639 3625 3610
f 3639 3637 3624
f 3639 3610 3637
f 3640 3592 3627
f 3640 3619 3608
f 3640 3608 3592
f 3640 3627 3600
f 3640 3600 3619
f 3641 3628 3601
f 3641 3629 3628
f 3641 3588 3629
f 3641 3613 3588
f 3641 3601 3613
o teddy096
usemtl Material096
v 8.968881164 10.446700096 2.870111371
v 9.851700890 3.678415527 2.281564887
v 9.263154406 8.092514159 -0.955440776
v 6.614695227 8.975333885 -3.603899956
v 6.743936224 1.756813004 2.917296676
v 7.791788195 4.561235253 -3.015353471
v 8.674607922 10.446700096 -0.955440776
v 9.557427648 9.269607128 1.398745161
v 9.557427648 3.678415527 2.870111371
v 6.614695227 10.446700096 2.870111371
v 9.263154406 3.972688769 -0.955440776
v 7.791788195 8.681060643 -3.015353471
v 6.614695227 3.384142285 -2.721080229
v 9.557427648 8.681060643 2.870111371
v 9.851700890 5.738328222 1.693018403
v 9.263154406 10.446700096 1.693018403
v 8.968881164 9.858153612 -0.955440776
v 7.791788195 1.912776074 2.575838129
v 6.540586647 10.381324657 -2.862493615
v 8.380334680 4.561235253 -2.426806987
v 7.497514953 4.855508495 -3.309626714
v 6.476303270 2.078168222 -0.807538291
v 7.497514953 2.795595800 -1.543987261
v 9.557427648 8.092514159 0.221652192
v 9.557427648 3.678415527 -0.072621050
v 9.851700890 4.855508495 2.281564887
v 9.557427648 9.269607128 2.281564887
v 9.263154406 10.152426854 0.810198676
v 7.203241711 10.446700096 -3.015353471
v 8.674607922 8.386787401 -1.838260503
v 8.380334680 2.501322558 2.870111371
v 6.908968469 8.975333885 -3.603899956
v 6.908968469 5.149781738 -3.603899956
v 7.203241711 3.972688769 -3.015353471
v 6.483729041 9.800939336 -3.098598149
v 7.203241711 1.912776074 -0.661167534
v 9.263154406 8.681060643 -0.661167534
v 9.851700890 3.678415527 1.693018403
v 9.557427648 4.855508495 -0.072621050
v 9.851700890 5.738328222 1.987291645
v 9.263154406 10.152426854 2.575838129
v 8.968881164 10.446700096 0.221652192
v 7.791788195 9.563880370 -2.721080229
v 8.086061437 10.446700096 -1.838260503
v 6.908968469 9.858153612 -3.309626714
v 8.380334680 8.975333885 -2.132533745
v 8.380334680 7.503967675 -2.426806987
v 7.497514953 1.912776074 2.870111371
v 8.968881164 2.795595800 2.281564887
v 7.497514953 8.092514159 -3.309626714
v 6.524351491 5.256789363 -3.389092582
v 7.203241711 4.561235253 -3.309626714
v 6.908968469 3.089869043 -2.426806987
v 7.791788195 1.912776074 1.398745161
v 6.908968469 1.912776074 -0.955440776
v 8.968881164 3.384142285 -0.661167534
v 9.263154406 10.446700096 1.987291645
v 9.263154406 9.858153612 2.870111371
v 7.791788195 10.152426854 -2.426806987
v 8.086061437 8.386787401 -2.721080229
v 9.557427648 3.384142285 2.575838129
v 9.557427648 3.384142285 1.104471919
v 6.908968469 3.384142285 -2.721080229
v 7.497514953 1.912776074 0.221652192
f 3651 3646 3642
f 3651 3642 3648
f 3655 3650 3643
f 3655 3646 3650
f 3657 3648 3642
f 3661 3652 3647
f 3661 3644 3652
f 3662 3661 3647
f 3663 3646 3651
f 3665 3649 3656
f 3665 3658 3649
f 3666 3652 3644
f 3667 3655 3643
f 3667 3643 3656
f 3668 3656 3649
f 3668 3649 3657
f 3669 3657 3649
f 3669 3649 3658
f 3670 3660 3651
f 3670 3651 3648
f 3671 3658 3644
f 3672 3650 3646
f 3673 3670 3653
f 3674 3673 3662
f 3674 3645 3673
f 3675 3647 3652
f 3676 3663 3651
f 3676 3651 3660
f 3676 3660 3645
f 3678 3665 3644
f 3678 3644 3658
f 3678 3658 3665
f 3679 3666 3656
f 3679 3656 3643
f 3680 3665 3656
f 3680 3656 3666
f 3680 3666 3644
f 3680 3644 3665
f 3681 3667 3656
f 3681 3655 3667
f 3681 3668 3655
f 3681 3656 3668
f 3682 3655 3668
f 3683 3648 3657
f 3683 3657 3669
f 3683 3669 3658
f 3683 3658 3648
f 3684 3653 3670
f 3685 3670 3648
f 3685 3648 3658
f 3686 3645 3660
f 3686 3660 3670
f 3686 3673 3645
f 3686 3670 3673
f 3687 3658 3671
f 3687 3684 3658
f 3687 3653 3684
f 3688 3661 3662
f 3688 3671 3644
f 3688 3644 3661
f 3689 3672 3646
f 3689 3646 3659
f 3689 3659 3672
f 3690 3672 3659
f 3690 3679 3643
f 3691 3673 3653
f 3691 3662 3673
f 3691 3688 3662
f 3692 3674 3654
f 3692 3645 3674
f 3692 3676 3645
f 3692 3654 3663
f 3692 3663 3676
f 3693 3674 3662
f 3693 3662 3647
f 3693 3647 3675
f 3693 3654 3674
f 3695 3659 3646
f 3695 3690 3659
f 3696 3677 3646
f 3696 3646 3663
f 3696 3663 3654
f 3696 3654 3694
f 3696 3694 3664
f 3696 3664 3677
f 3697 3677 3664
f 3697 3652 3666
f 3697 3666 3677
f 3697 3664 3694
f 3697 3675 3652
f 3698 3682 3668
f 3698 3668 3657
f 3698 3657 3642
f 3698 3642 3682
f 3699 3682 3642
f 3699 3655 3682
f 3699 3642 3646
f 3699 3646 3655
f 3700 3684 3670
f 3700 3670 3685
f 3700 3685 3658
f 3700 3658 3684
f 3701 3687 3671
f 3701 3653 3687
f 3701 3671 3688
f 3701 3691 3653
f 3701 3688 3691
f 3702 3690 3643
f 3702 3643 3650
f 3702 3650 3672
f 3702 3672 3690
f 3703 3666 3679
f 3703 3679 3690
f 3703 3690 3695
f 3704 3694 3654
f 3704 3697 3694
f 3704 3675 3697
f 3704 3693 3675
f 3704 3654 3693
f 3705 3695 3646
f 3705 3646 3677
f 3705 3703 3695
f 3705 3677 3666
f 3705 3666 3703
o teddy097
usemtl Material097
v 11.617340343 0.441409863 5.224297309
v 13.677253038 0.441409863 3.164384614
v 10.734520617 1.324229590 2.870111371
v 9.557427648 0.441409863 -2.132533745
v 13.203181114 -0.046079333 3.661086940
v 12.500160070 1.029956348 -0.366894292
v 6.087673753 0.028869536 2.835935164
v 12.205886827 1.029956348 3.164384614
v 12.500160070 0.441409863 4.635750824
v 8.380334680 1.324229590 0.515925434
v 13.808331976 0.000784048 -0.318441957
v 7.497514953 0.441409863 4.635750824
v 11.028793859 0.735683105 4.930024066
v 11.617340343 1.324229590 2.575838129
v 13.382979796 0.441409863 3.752931098
v 12.459131925 0.001093513 4.585986084
v 10.440247375 1.029956348 -1.249714019
v 6.026148742 0.441409863 0.810198676
v 12.205886827 0.441409863 -1.838260503
v 11.010031610 -0.007038049 -2.001442519
v 13.971526280 0.441409863 -0.366894292
v 13.821372023 -0.008467641 1.089972808
v 7.791788195 1.324229590 1.693018403
v 9.851700890 0.441409863 5.224297309
v 7.791788195 0.735683105 4.047204340
v 11.323067101 1.324229590 2.870111371
v 11.617340343 1.324229590 0.515925434
v 13.382979796 0.735683105 2.870111371
v 13.500089601 -0.043247436 3.073886583
v 11.587469826 0.040810019 5.188066118
v 9.926191741 -0.011890131 5.023109191
v 9.263154406 1.029956348 -1.249714019
v 12.205886827 0.735683105 -1.543987261
v 12.717197921 -0.015225356 -1.415400361
v 11.028793859 0.441409863 -2.132533745
v 6.080327144 -0.008323799 0.887338975
v 13.971526280 0.441409863 1.104471919
v 6.026148742 0.735683105 1.398745161
v 8.086061437 0.441409863 4.930024066
v 10.440247375 0.735683105 4.930024066
v 8.086061437 1.324229590 1.987291645
v 11.911613585 1.029956348 -0.955440776
v 12.500160070 1.029956348 2.870111371
v 13.382979796 0.735683105 -0.366894292
v 6.959925614 -0.003093638 4.002254417
v 10.145974132 0.735683105 -1.838260503
v 7.791788195 0.441409863 -0.955440776
v 12.794433312 0.441409863 -1.543987261
v 12.140691574 0.010085068 -1.729718868
v 9.557427648 0.147136621 -2.132533745
v 6.026148742 0.441409863 2.870111371
v 7.791788195 1.324229590 1.104471919
v 8.086061437 1.029956348 3.164384614
v 7.497514953 0.147136621 4.635750824
v 9.557427648 0.735683105 -1.838260503
v 7.791788195 0.147136621 -0.955440776
v 8.968881164 0.147136621 -1.838260503
v 6.908968469 0.441409863 4.047204340
v 6.026148742 0.735683105 1.987291645
v 6.908968469 1.029956348 1.104471919
v 8.234544885 0.067644329 4.690923058
v 8.968881164 0.735683105 -1.543987261
v 8.968881164 0.441409863 -1.838260503
v 6.908968469 1.029956348 1.987291645
f 3718 3714 3713
f 3718 3706 3714
f 3719 3715 3708
f 3721 3720 3714
f 3721 3710 3720
f 3727 3716 3726
f 3728 3708 3715
f 3729 3706 3718
f 3731 3718 3713
f 3731 3713 3719
f 3731 3719 3708
f 3731 3708 3718
f 3732 3715 3719
f 3732 3722 3715
f 3733 3732 3719
f 3733 3720 3707
f 3733 3714 3720
f 3734 3720 3710
f 3734 3707 3720
f 3734 3727 3707
f 3734 3716 3727
f 3735 3721 3714
f 3735 3714 3706
f 3735 3706 3729
f 3736 3710 3721
f 3736 3721 3735
f 3736 3735 3729
f 3737 3715 3722
f 3739 3716 3734
f 3739 3734 3710
f 3739 3710 3725
f 3739 3726 3716
f 3740 3738 3724
f 3741 3725 3710
f 3742 3727 3726
f 3742 3707 3727
f 3742 3733 3707
f 3742 3726 3733
f 3744 3736 3729
f 3744 3730 3717
f 3745 3718 3708
f 3745 3730 3744
f 3745 3744 3729
f 3745 3729 3718
f 3746 3708 3728
f 3746 3728 3730
f 3747 3732 3711
f 3747 3722 3732
f 3747 3738 3722
f 3747 3711 3738
f 3748 3733 3719
f 3748 3719 3713
f 3748 3713 3714
f 3748 3714 3733
f 3749 3733 3726
f 3749 3711 3732
f 3749 3732 3733
f 3749 3738 3711
f 3749 3726 3738
f 3750 3712 3741
f 3750 3741 3710
f 3750 3710 3736
f 3751 3737 3722
f 3751 3740 3709
f 3751 3722 3738
f 3751 3738 3740
f 3752 3723 3743
f 3753 3738 3726
f 3753 3724 3738
f 3753 3726 3739
f 3754 3739 3725
f 3754 3753 3739
f 3754 3724 3753
f 3754 3740 3724
f 3754 3725 3740
f 3755 3740 3725
f 3755 3709 3740
f 3756 3741 3712
f 3756 3723 3741
f 3756 3743 3723
f 3756 3712 3750
f 3757 3743 3728
f 3757 3728 3715
f 3758 3745 3708
f 3758 3730 3745
f 3758 3746 3730
f 3758 3708 3746
f 3759 3744 3717
f 3759 3736 3744
f 3760 3751 3709
f 3760 3737 3751
f 3761 3741 3723
f 3761 3723 3752
f 3762 3755 3725
f 3762 3725 3741
f 3762 3741 3761
f 3762 3761 3752
f 3762 3709 3755
f 3763 3717 3730
f 3763 3756 3750
f 3763 3759 3717
f 3763 3750 3759
f 3764 3728 3743
f 3764 3743 3756
f 3764 3756 3763
f 3764 3763 3730
f 3765 3743 3757
f 3765 3752 3743
f 3765 3757 3715
f 3765 3715 3737
f 3766 3759 3750
f 3766 3750 3736
f 3766 3736 3759
f 3767 3737 3760
f 3767 3765 3737
f 3767 3752 3765
f 3767 3760 3709
f 3768 3762 3752
f 3768 3709 3762
f 3768 3767 3709
f 3768 3752 3767
f 3769 3764 3730
f 3769 3730 3728
f 3769 3728 3764
o teddy098
usemtl Material098
v 9.851700890 -3.384142285 -1.249714019
v 10.476773966 -3.034847322 -2.056526108
v 8.971724219 -1.490045090 -2.972037365
v 9.263154406 -2.207049316 -5.075266166
v 9.263154406 -3.972688769 -3.603899956
v 10.440247375 -1.618502832 -3.309626714
v 9.851700890 -3.972688769 -1.838260503
v 8.906658752 -4.221010551 -1.237194780
v 9.263154406 -1.618502832 -4.486719682
v 10.440247375 -2.207049316 -3.309626714
v 10.440247375 -1.912776074 -2.132533745
v 10.145974132 -3.384142285 -2.721080229
v 9.840717628 -3.888842002 -1.195449125
v 8.968881164 -1.912776074 -2.132533745
v 8.826375588 -2.748789422 -5.035412065
v 9.263154406 -4.266962011 -2.426806987
v 9.851700890 -1.324229590 -3.309626714
v 9.263154406 -2.795595800 -5.075266166
v 10.457881549 -1.660584276 -2.827106848
v 10.440247375 -3.089869043 -2.426806987
v 9.232360326 -4.031878490 -1.097570022
v 9.808349223 -1.475578717 -2.889309695
v 8.861883082 -3.930599485 -3.565991812
v 8.968881164 -1.618502832 -4.486719682
v 8.802167720 -3.329384760 -4.440095440
v 9.263154406 -3.384142285 -4.486719682
v 8.968881164 -3.384142285 -1.249714019
v 8.859197305 -4.222326591 -2.421989641
v 8.855189483 -2.312587697 -4.956308627
v 8.968881164 -1.324229590 -3.603899956
v 9.263154406 -1.324229590 -3.603899956
f 3778 3775 3773
f 3779 3773 3775
f 3780 3770 3771
f 3781 3776 3774
f 3782 3776 3771
f 3782 3771 3770
f 3783 3770 3780
f 3785 3774 3776
f 3785 3782 3777
f 3785 3776 3782
f 3786 3775 3778
f 3787 3773 3779
f 3787 3784 3773
f 3788 3779 3775
f 3788 3771 3779
f 3788 3780 3771
f 3788 3786 3780
f 3788 3775 3786
f 3789 3771 3776
f 3789 3776 3781
f 3789 3779 3771
f 3790 3782 3770
f 3790 3777 3782
f 3791 3783 3780
f 3791 3772 3783
f 3791 3786 3772
f 3791 3780 3786
f 3793 3778 3773
f 3794 3783 3772
f 3794 3777 3783
f 3795 3781 3774
f 3795 3774 3792
f 3795 3792 3794
f 3795 3794 3784
f 3795 3784 3787
f 3795 3789 3781
f 3795 3787 3779
f 3795 3779 3789
f 3796 3783 3777
f 3796 3777 3790
f 3796 3790 3770
f 3796 3770 3783
f 3797 3785 3777
f 3797 3794 3792
f 3797 3777 3794
f 3797 3792 3774
f 3797 3774 3785
f 3798 3793 3773
f 3798 3773 3784
f 3798 3794 3772
f 3798 3784 3794
f 3799 3778 3793
f 3799 3772 3786
f 3799 3798 3772
f 3799 3793 3798
f 3800 3799 3786
f 3800 3786 3778
f 3800 3778 3799
o teddy099
usemtl Material099
v 4.849055774 3.089869043 5.224297309
v 4.849055774 1.029956348 4.930024066
v 4.849055774 3.089869043 2.870111371
v -4.567687975 3.089869043 2.870111371
v -4.567687975 1.324229590 5.224297309
v -4.540705529 0.123274775 2.839585768
v 4.849055774 1.324229590 5.224297309
v -4.567687975 3.089869043 5.224297309
v 3.071461613 0.128695683 2.865427712
v 3.949811219 0.663749396 2.818821711
v -4.567687975 1.029956348 4.930024066
v -0.457654907 0.000884973 4.760460900
v 4.849055774 1.912776074 2.870111371
v 4.849055774 0.735683105 4.341477582
v 2.494869837 1.029956348 5.224297309
v 1.832727684 -0.038727526 4.496730115
v -1.290047172 0.005694994 4.751486504
v 4.747333903 0.954383522 3.696746853
v 2.431605669 -0.035933212 4.204592956
v -3.684868248 1.029956348 5.224297309
v -3.390595006 0.147136621 4.341477582
v -4.431978612 0.027122447 3.010854787
v 2.973563622 -0.022318539 3.709892603
v -3.684868248 0.735683105 4.930024066
v -2.432854805 0.001915497 4.420086163
f 3801 3802 3803
f 3801 3803 3804
f 3807 3802 3801
f 3807 3801 3805
f 3808 3805 3801
f 3808 3801 3804
f 3808 3804 3805
f 3810 3806 3804
f 3810 3804 3803
f 3810 3809 3806
f 3811 3805 3804
f 3811 3804 3806
f 3813 3810 3803
f 3813 3803 3802
f 3814 3809 3810
f 3814 3813 3802
f 3815 3812 3807
f 3815 3807 3805
f 3816 3802 3807
f 3816 3807 3812
f 3817 3816 3812
f 3818 3814 3810
f 3818 3810 3813
f 3818 3813 3814
f 3819 3814 3802
f 3819 3802 3816
f 3820 3805 3811
f 3820 3815 3805
f 3820 3817 3812
f 3820 3812 3815
f 3822 3819 3816
f 3822 3806 3809
f 3822 3821 3811
f 3822 3811 3806
f 3823 3809 3814
f 3823 3814 3819
f 3823 3822 3809
f 3823 3819 3822
f 3824 3820 3811
f 3824 3811 3821
f 3824 3821 3817
f 3824 3817 3820
f 3825 3822 3816
f 3825 3816 3817
f 3825 3817 3821
f 3825 3821 3822
o teddy100
usemtl Material100
v 2.789143079 -1.912776074 -3.015353471
v 2.789143079 -4.266962011 -3.015353471
v 2.789143079 -4.266962011 -6.546632377
v -3.465456274 -1.798216173 -6.940200957
v -3.390595006 -1.912776074 -3.015353471
v 2.789143079 -1.912776074 -6.546632377
v -3.390595006 -4.266962011 -3.015353471
v 0.434957142 -4.266962011 -6.840905619
v 0.434957142 -1.912776074 -6.840905619
v -3.390595006 -4.266962011 -6.840905619
f 3826 3827 3828
f 3830 3827 3826
f 3830 3826 3829
f 3831 3826 3828
f 3831 3829 3826
f 3832 3828 3827
f 3832 3827 3830
f 3832 3830 3829
f 3833 3831 3828
f 3833 3828 3832
f 3834 3833 3829
f 3834 3829 3831
f 3834 3831 3833
f 3835 3833 3832
f 3835 3832 3829
f 3835 3829 3833
o teddy101
usemtl Material101
v -3.979141491 -9.269607128 -6.546632377
v -3.979141491 -13.977979002 -6.546632377
v -3.926326613 -9.294852586 -9.246251007
v -4.567687975 -9.269607128 -9.489364799
v -8.687513365 -12.800886033 -6.840905619
v -3.995821917 -14.055967274 -8.179860880
v -8.237479157 -13.283696003 -6.357827531
v -8.393240123 -9.269607128 -6.840905619
v -3.953894305 -12.999410923 -8.677984417
v -6.217406724 -15.312619348 -6.367774526
v -7.216147154 -9.563880370 -8.312271830
v -8.284854727 -9.278925574 -6.461349875
v -4.567687975 -11.623793065 -9.489364799
v -5.690185984 -15.586285332 -6.402771368
v -7.380896535 -14.404443402 -6.345785416
v -7.510420396 -9.269607128 -8.017998588
v -8.503593343 -11.343474277 -6.400885339
v -3.942689524 -11.539759545 -9.222609624
v -5.450507701 -9.269607128 -9.195091556
v -7.216147154 -12.212339549 -8.312271830
v -4.861961217 -12.506612791 -9.195091556
v -4.854190157 -15.710000844 -6.517120033
v -7.510420396 -14.566525486 -6.840905619
v -8.687513365 -11.329519823 -6.840905619
v -8.567190989 -12.719495036 -6.400875035
v -3.949761821 -12.395534042 -8.939955485
v -6.039054186 -9.269607128 -8.900818314
v -5.450507701 -11.918066307 -9.195091556
v -8.393240123 -13.389432518 -6.840905619
v -5.450507701 -13.977979002 -8.312271830
v -6.333327428 -15.449345213 -6.840905619
v -7.804693638 -9.269607128 -7.723725346
v -5.156234459 -13.095159275 -8.900818314
v -8.098966881 -12.800886033 -7.429452104
v -7.216147154 -13.977979002 -7.429452104
v -5.744780943 -15.743618455 -6.840905619
v -8.393240123 -10.446700096 -7.135178861
v -5.744780943 -12.506612791 -8.900818314
v -4.861961217 -13.683705760 -8.606545072
v -7.510420396 -13.095159275 -7.723725346
v -6.333327428 -15.155071970 -7.135178861
v -4.861961217 -14.566525486 -8.017998588
v -6.627600670 -12.212339549 -8.606545072
v -5.156234459 -13.683705760 -8.606545072
v -7.510420396 -12.506612791 -8.017998588
v -6.921873912 -14.272252244 -7.429452104
v -5.744780943 -15.155071970 -7.429452104
v -4.817196273 -15.569810930 -6.682430277
v -5.156234459 -14.566525486 -8.017998588
v -6.333327428 -14.272252244 -7.723725346
f 3836 3837 3838
f 3836 3838 3839
f 3843 3836 3839
f 3844 3838 3837
f 3844 3837 3841
f 3847 3836 3843
f 3848 3839 3838
f 3849 3837 3836
f 3849 3836 3845
f 3850 3845 3836
f 3851 3843 3839
f 3852 3836 3847
f 3852 3850 3836
f 3852 3842 3850
f 3853 3848 3838
f 3853 3838 3844
f 3854 3839 3848
f 3854 3851 3839
f 3855 3846 3854
f 3855 3851 3846
f 3856 3848 3844
f 3856 3844 3841
f 3857 3841 3837
f 3857 3837 3849
f 3858 3850 3842
f 3858 3845 3850
f 3859 3852 3847
f 3859 3847 3843
f 3860 3842 3852
f 3860 3859 3840
f 3860 3852 3859
f 3861 3853 3844
f 3861 3844 3848
f 3861 3848 3853
f 3862 3854 3846
f 3862 3846 3851
f 3862 3851 3854
f 3863 3855 3854
f 3863 3854 3848
f 3863 3848 3856
f 3864 3858 3842
f 3864 3860 3840
f 3864 3842 3860
f 3866 3845 3858
f 3867 3843 3851
f 3868 3863 3856
f 3869 3864 3840
f 3871 3849 3845
f 3871 3845 3866
f 3871 3857 3849
f 3872 3859 3843
f 3872 3843 3867
f 3872 3867 3851
f 3872 3840 3859
f 3873 3863 3868
f 3874 3868 3856
f 3874 3856 3841
f 3875 3864 3869
f 3875 3870 3858
f 3875 3858 3864
f 3876 3866 3858
f 3876 3871 3866
f 3877 3857 3871
f 3877 3874 3841
f 3878 3855 3863
f 3878 3863 3873
f 3878 3873 3868
f 3879 3865 3868
f 3879 3868 3874
f 3879 3874 3877
f 3880 3875 3869
f 3880 3868 3875
f 3880 3878 3868
f 3880 3855 3878
f 3880 3869 3840
f 3880 3840 3872
f 3880 3872 3851
f 3880 3851 3855
f 3881 3876 3858
f 3881 3858 3870
f 3881 3875 3868
f 3881 3870 3875
f 3882 3871 3876
f 3883 3877 3841
f 3883 3841 3857
f 3883 3857 3877
f 3884 3879 3877
f 3884 3877 3871
f 3884 3871 3882
f 3884 3882 3865
f 3884 3865 3879
f 3885 3865 3882
f 3885 3881 3868
f 3885 3868 3865
f 3885 3882 3876
f 3885 3876 3881
o teddy102
usemtl Material102
v -1.330682311 10.740973338 -0.955440776
v -1.330682311 3.089869043 -1.249714019
v -1.330682311 9.858153612 -5.369539409
v -4.861961217 9.858153612 -5.075266166
v -4.861961217 5.738328222 -0.955440776
v -3.096321764 3.384142285 -4.192446440
v -3.390595006 10.740973338 -5.075266166
v -1.314986111 10.706574039 -4.880522386
v -1.330682311 5.738328222 -0.955440776
v -4.861961217 10.740973338 -0.955440776
v -1.330682311 3.972688769 -4.486719682
v -4.861961217 3.089869043 -3.603899956
v -3.979141491 8.681060643 -5.369539409
v -4.840846511 10.707423105 -4.577623108
v -1.330682311 3.089869043 -3.898173198
v -1.330682311 6.915421190 -5.369539409
v -4.861961217 3.089869043 -1.249714019
v -1.624955553 9.858153612 -5.369539409
v -3.979141491 10.446700096 -5.075266166
v -4.861961217 5.149781738 -4.780992924
v -1.624955553 3.384142285 -4.192446440
v -3.684868248 3.089869043 -3.898173198
v -1.330682311 5.149781738 -5.075266166
v -4.861961217 6.915421190 -5.075266166
v -4.273414733 4.266962011 -4.486719682
v -2.802048522 6.915421190 -5.369539409
v -4.273414733 8.386787401 -5.369539409
v -3.684868248 4.561235253 -4.780992924
v -4.567687975 3.384142285 -3.898173198
v -3.979141491 7.503967675 -5.369539409
v -2.507775280 5.149781738 -5.075266166
v -4.861961217 4.561235253 -4.486719682
v -4.273414733 7.798240917 -5.369539409
v -3.684868248 5.738328222 -5.075266166
f 3893 3892 3886
f 3893 3888 3892
f 3894 3890 3887
f 3894 3886 3890
f 3894 3893 3886
f 3894 3887 3893
f 3895 3890 3886
f 3895 3889 3890
f 3895 3886 3892
f 3897 3890 3889
f 3899 3895 3892
f 3899 3889 3895
f 3900 3887 3897
f 3900 3896 3893
f 3900 3893 3887
f 3901 3888 3893
f 3901 3898 3888
f 3902 3897 3887
f 3902 3887 3890
f 3902 3890 3897
f 3903 3898 3892
f 3903 3892 3888
f 3903 3888 3898
f 3904 3898 3889
f 3904 3892 3898
f 3904 3899 3892
f 3904 3889 3899
f 3905 3897 3889
f 3906 3900 3891
f 3906 3891 3896
f 3906 3896 3900
f 3907 3900 3897
f 3907 3891 3900
f 3908 3901 3893
f 3908 3893 3896
f 3909 3905 3889
f 3910 3891 3907
f 3911 3901 3908
f 3911 3898 3901
f 3912 3909 3889
f 3912 3889 3898
f 3912 3898 3911
f 3913 3891 3910
f 3913 3908 3896
f 3913 3896 3891
f 3914 3910 3907
f 3914 3907 3897
f 3915 3912 3911
f 3916 3911 3908
f 3916 3908 3913
f 3917 3914 3897
f 3917 3897 3905
f 3917 3910 3914
f 3917 3913 3910
f 3917 3905 3913
f 3918 3915 3905
f 3918 3905 3909
f 3918 3909 3912
f 3918 3912 3915
f 3919 3905 3915
f 3919 3915 3911
f 3919 3911 3916
f 3919 3916 3913
f 3919 3913 3905
o teddy103
usemtl Material103
v -8.981786607 0.441409863 2.281564887
v -6.598972462 0.202436872 1.119803631
v -9.276059849 1.324229590 -0.661167534
v -9.570333091 0.441409863 -2.132533745
v -9.063476042 -0.013850579 2.104149067
v -6.627600670 0.735683105 -0.955440776
v -6.921873912 0.735683105 0.810198676
v -8.101953475 0.052088219 1.894709249
v -8.989763438 -0.071881363 -2.038397984
v -9.651125123 0.282191195 2.106098076
v -9.276059849 1.029956348 -1.543987261
v -8.098966881 0.441409863 1.987291645
v -9.276059849 1.029956348 1.398745161
v -7.510420396 1.029956348 -0.072621050
v -6.627600670 0.735683105 0.515925434
v -8.104047142 0.007649081 -1.778307592
v -9.590719470 0.106960728 2.237289075
v -9.682201548 1.085438956 0.154845040
v -8.981786607 0.441409863 -2.132533745
v -9.276059849 0.735683105 1.987291645
v -7.510420396 1.029956348 -0.366894292
v -9.276059849 1.324229590 0.221652192
v -6.626800591 0.185827286 -1.266627022
v -9.591086144 0.070203154 -2.047635360
v -9.570333091 1.029956348 -1.543987261
v -9.570333091 1.029956348 1.398745161
v -8.098966881 0.441409863 -1.838260503
v -9.570333091 1.324229590 -0.661167534
v -9.647655983 0.578985917 1.824251339
f 3927 3920 3924
f 3928 3927 3924
f 3930 3922 3925
f 3931 3921 3926
f 3931 3927 3921
f 3931 3920 3927
f 3932 3931 3926
f 3934 3926 3921
f 3934 3921 3925
f 3934 3925 3933
f 3935 3921 3927
f 3935 3927 3928
f 3936 3924 3920
f 3936 3928 3924
f 3938 3923 3930
f 3938 3935 3928
f 3938 3928 3923
f 3939 3920 3931
f 3939 3931 3932
f 3939 3936 3920
f 3939 3929 3936
f 3940 3933 3925
f 3940 3925 3922
f 3940 3922 3933
f 3941 3932 3926
f 3941 3934 3933
f 3941 3926 3934
f 3941 3933 3922
f 3942 3925 3921
f 3942 3921 3935
f 3943 3936 3929
f 3943 3923 3928
f 3943 3928 3936
f 3943 3937 3923
f 3943 3929 3937
f 3944 3930 3923
f 3944 3923 3937
f 3944 3922 3930
f 3945 3932 3941
f 3945 3939 3932
f 3946 3938 3930
f 3946 3930 3925
f 3946 3925 3942
f 3946 3942 3935
f 3946 3935 3938
f 3947 3941 3922
f 3947 3945 3941
f 3947 3937 3945
f 3947 3944 3937
f 3947 3922 3944
f 3948 3945 3937
f 3948 3937 3929
f 3948 3929 3939
f 3948 3939 3945
o teddy104
usemtl Material104
v 10.145974132 -8.092514159 2.870111371
v 10.145974132 -8.386787401 2.870111371
v 10.145974132 -8.681060643 -3.015353471
v 8.847117583 -8.717420261 -5.017572740
v 8.834106909 -6.413643744 2.239357643
v 8.968881164 -9.269607128 0.221652192
v 10.440247375 -8.681060643 0.221652192
v 9.760456495 -8.151975331 2.837193752
v 9.263154406 -6.326874706 -2.426806987
v 9.557427648 -9.269607128 -4.780992924
v 10.225444326 -9.309921040 0.236849114
v 9.263154406 -6.326874706 2.281564887
v 8.968881164 -8.386787401 2.281564887
v 8.881280737 -6.350602621 -2.421186064
v 10.145974132 -7.798240917 -1.249714019
v 8.935936773 -9.271285921 -5.052950324
v 9.557427648 -8.092514159 -4.192446440
v 9.800452567 -8.396789322 2.840683857
v 9.851700890 -9.269607128 -4.192446440
v 9.263154406 -7.209694433 -3.898173198
v 8.819474551 -8.137128216 -4.710201811
v 9.263154406 -6.032601464 -0.366894292
v 10.145974132 -8.092514159 -2.132533745
v 10.145974132 -7.503967675 1.987291645
v 9.263154406 -8.681060643 -5.075266166
v 10.152661428 -9.316997594 -0.636727503
v 10.440247375 -8.975333885 -0.661167534
v 9.851700890 -8.975333885 -4.192446440
v 9.263154406 -6.621147948 -3.015353471
v 8.828154202 -6.112982638 -0.353165329
v 8.852173694 -7.249086351 -3.868387525
v 10.145974132 -7.503967675 0.221652192
v 10.440247375 -8.681060643 -0.072621050
v 9.851700890 -8.092514159 -3.309626714
v 10.145974132 -7.798240917 2.575838129
v 9.263154406 -6.032601464 1.693018403
v 9.263154406 -8.092514159 -4.780992924
v 9.028851495 -9.281546830 -4.916554265
v 9.557427648 -8.975333885 -4.780992924
v 8.830702611 -6.121558833 1.649752040
v 8.860434083 -6.644566534 -2.994333533
v 9.851700890 -7.209694433 -1.249714019
v 9.851700890 -6.915421190 0.515925434
v 9.851700890 -6.915421190 1.693018403
f 3954 3953 3952
f 3955 3949 3950
f 3959 3955 3950
f 3960 3956 3949
f 3960 3953 3956
f 3961 3956 3953
f 3961 3953 3954
f 3964 3954 3952
f 3966 3959 3950
f 3966 3954 3959
f 3966 3961 3954
f 3966 3956 3961
f 3966 3950 3949
f 3966 3949 3956
f 3969 3952 3953
f 3970 3957 3962
f 3971 3957 3963
f 3973 3964 3952
f 3973 3958 3964
f 3974 3959 3954
f 3974 3958 3967
f 3975 3967 3951
f 3975 3974 3967
f 3975 3955 3959
f 3975 3959 3974
f 3975 3951 3971
f 3976 3951 3967
f 3976 3967 3958
f 3977 3962 3957
f 3977 3957 3971
f 3978 3970 3962
f 3980 3972 3955
f 3981 3971 3963
f 3981 3975 3971
f 3981 3955 3975
f 3981 3980 3955
f 3981 3963 3980
f 3982 3971 3951
f 3982 3965 3968
f 3982 3977 3971
f 3982 3968 3977
f 3982 3976 3965
f 3982 3951 3976
f 3983 3949 3955
f 3983 3955 3972
f 3983 3972 3960
f 3983 3960 3949
f 3984 3960 3972
f 3984 3970 3978
f 3984 3953 3960
f 3985 3968 3965
f 3985 3965 3976
f 3985 3979 3968
f 3985 3969 3979
f 3985 3973 3952
f 3985 3952 3969
f 3986 3974 3954
f 3986 3954 3964
f 3986 3964 3958
f 3986 3958 3974
f 3987 3976 3958
f 3987 3958 3973
f 3987 3985 3976
f 3987 3973 3985
f 3988 3978 3969
f 3988 3969 3953
f 3988 3984 3978
f 3988 3953 3984
f 3989 3977 3968
f 3989 3968 3979
f 3989 3962 3977
f 3989 3978 3962
f 3989 3979 3969
f 3989 3969 3978
f 3990 3980 3963
f 3990 3963 3957
f 3990 3957 3980
f 3991 3980 3957
f 3991 3957 3970
f 3991 3972 3980
f 3991 3970 3984
f 3992 3991 3984
f 3992 3984 3972
f 3992 3972 3991
o teddy105
usemtl Material105
v 4.849055774 -6.621147948 8.461302972
v 4.709404164 -7.239401099 8.218748809
v 4.851533785 -4.852960648 6.993174877
v 0.434957142 -4.855508495 6.989936761
v 0.431879899 -7.214498147 8.723202619
v 4.849055774 -7.209694433 6.989936761
v 1.906323352 -4.855508495 8.461302972
v 3.083416321 -6.915421190 8.755576214
v 0.434957142 -7.209694433 6.989936761
v 4.849055774 -5.149781738 7.872756488
v 0.406161568 -4.928229179 8.341892687
v 3.957574082 -7.516288109 8.398435900
v 1.023503626 -5.444054980 8.755576214
v 3.377689563 -5.444054980 8.461302972
v 4.260509289 -4.855508495 7.872756488
v 0.407726515 -5.486563217 8.469101109
v 3.668584097 -7.508773414 8.436780884
v 4.554782532 -5.444054980 8.167029730
v 2.494869837 -6.326874706 8.755576214
v 4.849055774 -4.855508495 7.578483246
v 4.554782532 -6.326874706 8.461302972
v 4.849055774 -5.738328222 8.167029730
v 1.612050110 -5.738328222 8.755576214
f 3998 3996 3995
f 3998 3993 3994
f 3998 3995 3993
f 3999 3995 3996
f 4001 3996 3998
f 4003 3999 3996
f 4003 3996 4001
f 4004 3994 3993
f 4004 3993 4000
f 4004 4001 3998
f 4004 3998 3994
f 4005 3997 4000
f 4005 3999 4003
f 4006 3999 4005
f 4007 3995 3999
f 4008 4003 4001
f 4008 4001 3997
f 4008 4005 4003
f 4008 3997 4005
f 4009 4004 4000
f 4009 4000 3997
f 4009 3997 4001
f 4009 4001 4004
f 4010 4002 4007
f 4010 4007 3999
f 4010 3999 4006
f 4011 4005 4000
f 4012 4007 4002
f 4012 4002 3995
f 4012 3995 4007
f 4013 4010 4006
f 4013 4006 4011
f 4013 4011 4000
f 4013 4000 3993
f 4014 4002 4010
f 4014 3993 3995
f 4014 3995 4002
f 4014 4013 3993
f 4014 4010 4013
f 4015 4011 4006
f 4015 4006 4005
f 4015 4005 4011
o teddy106
usemtl Material106
v -5.450507701 -4.266962011 -3.015353471
v -5.450507701 -6.621147948 -3.015353471
v -5.450507701 -6.621147948 -4.780992924
v -8.981786607 -4.266962011 -4.780992924
v -9.864606333 -5.444054980 -3.309626714
v -5.450507701 -4.266962011 -4.780992924
v -7.804693638 -6.621147948 -3.015353471
v -9.525074628 -4.255774468 -3.244592162
v -9.570333091 -6.621147948 -4.486719682
v -9.614978287 -6.673426162 -3.790720136
v -9.570333091 -4.266962011 -3.603899956
v -7.804693638 -4.266962011 -3.015353471
v -9.821089667 -6.630261402 -3.290894848
v -9.276059849 -5.444054980 -4.780992924
v -9.071021844 -6.670412715 -4.644643604
v -9.864606333 -6.032601464 -3.898173198
v -9.864606333 -5.444054980 -3.603899956
v -9.570333091 -6.032601464 -4.486719682
f 4016 4017 4018
f 4021 4016 4018
f 4021 4018 4019
f 4022 4017 4016
f 4023 4021 4019
f 4023 4016 4021
f 4025 4017 4022
f 4026 4023 4019
f 4026 4020 4023
f 4027 4023 4022
f 4027 4022 4016
f 4027 4016 4023
f 4028 4023 4020
f 4028 4022 4023
f 4028 4025 4022
f 4028 4024 4025
f 4029 4019 4018
f 4029 4026 4019
f 4030 4018 4017
f 4030 4017 4025
f 4030 4025 4024
f 4030 4029 4018
f 4030 4024 4029
f 4031 4028 4020
f 4031 4024 4028
f 4032 4031 4020
f 4032 4020 4026
f 4032 4026 4031
f 4033 4029 4024
f 4033 4024 4031
f 4033 4031 4026
f 4033 4026 4029
o teddy107
usemtl Material107
v -7.510420396 -16.332164939 2.281564887
v -7.412983630 -17.699285161 2.250823929
v -7.510420396 -15.743618455 -3.015353471
v -9.492717450 -15.665822662 -3.000259667
v -9.570333091 -16.626438181 1.398745161
v -7.804693638 -17.803531150 -2.426806987
v -7.510420396 -15.743618455 0.221652192
v -8.933776840 -16.278195129 2.264679878
v -7.353802945 -17.568149371 -2.392118266
v -8.098966881 -17.509257908 -3.015353471
v -7.804693638 -18.097804392 1.398745161
v -9.671827146 -15.617042007 -2.105452702
v -7.353978444 -17.881397033 1.353445900
v -7.804693638 -17.803531150 2.281564887
v -9.570333091 -16.037891697 -3.015353471
v -7.426553804 -17.334224735 -2.946396173
v -8.393240123 -17.803531150 -0.955440776
v -9.827370148 -15.719987775 0.216033227
v -7.510420396 -18.097804392 -1.249714019
v -9.276059849 -16.626438181 1.987291645
v -8.393240123 -17.509257908 1.987291645
v -9.864606333 -16.037891697 -2.132533745
v -8.098966881 -17.803531150 -1.838260503
v -8.393240123 -17.803531150 0.810198676
v -7.804693638 -18.097804392 -1.249714019
v -9.570333091 -16.332164939 1.398745161
v -9.864606333 -16.332164939 0.221652192
v -8.687513365 -17.214984665 -2.426806987
v -9.570333091 -16.626438181 -0.955440776
v -9.570333091 -16.332164939 -2.426806987
v -9.864606333 -16.332164939 -0.072621050
f 4041 4034 4040
f 4042 4036 4040
f 4045 4040 4036
f 4045 4036 4037
f 4046 4040 4034
f 4046 4034 4035
f 4046 4042 4040
f 4046 4035 4044
f 4047 4035 4034
f 4047 4034 4041
f 4047 4044 4035
f 4048 4037 4036
f 4048 4036 4043
f 4049 4042 4039
f 4049 4039 4043
f 4049 4043 4036
f 4049 4036 4042
f 4051 4041 4040
f 4051 4040 4045
f 4052 4046 4044
f 4052 4039 4042
f 4052 4042 4046
f 4053 4047 4041
f 4054 4044 4047
f 4054 4053 4038
f 4054 4047 4053
f 4055 4045 4037
f 4055 4037 4048
f 4055 4051 4045
f 4056 4043 4039
f 4057 4050 4044
f 4057 4038 4050
f 4057 4054 4038
f 4057 4044 4054
f 4058 4052 4044
f 4058 4044 4050
f 4058 4050 4056
f 4058 4056 4039
f 4058 4039 4052
f 4059 4038 4053
f 4059 4053 4041
f 4059 4041 4051
f 4060 4051 4055
f 4060 4059 4051
f 4060 4038 4059
f 4061 4048 4043
f 4061 4056 4050
f 4061 4043 4056
f 4062 4050 4038
f 4062 4038 4060
f 4062 4061 4050
f 4063 4055 4048
f 4063 4048 4061
f 4063 4062 4055
f 4063 4061 4062
f 4064 4062 4060
f 4064 4060 4055
f 4064 4055 4062
o teddy108
usemtl Material108
v 3.966236047 2.795595800 6.989936761
v 5.731875500 2.501322558 6.107117035
v 5.654613298 3.183611771 6.310999804
v 1.023503626 3.089869043 5.224297309
v 1.023503626 1.324229590 6.989936761
v 5.731875500 3.089869043 5.224297309
v 1.023503626 3.089869043 6.989936761
v 5.437602258 2.795595800 6.695663519
v 5.731875500 2.795595800 6.401390277
v 5.379090813 3.220532091 6.455172645
v 1.017928475 1.383638458 5.178136495
v 2.494869837 1.618502832 6.989936761
v 3.942918454 3.216584055 6.752588842
v 5.636463165 2.120678479 5.053193224
v 5.143329016 1.618502832 5.518570551
v 3.359253854 1.520657702 5.071674713
v 5.731875500 1.912776074 5.518570551
v 4.849055774 2.207049316 6.401390277
v 1.317776868 1.324229590 6.989936761
v 5.143329016 1.618502832 5.224297309
v 5.437602258 2.501322558 6.401390277
v 3.377689563 1.324229590 5.518570551
f 4071 4069 4065
f 4073 4070 4067
f 4073 4066 4070
f 4073 4072 4066
f 4073 4067 4072
f 4074 4070 4068
f 4074 4067 4070
f 4074 4072 4067
f 4075 4071 4068
f 4075 4069 4071
f 4076 4072 4065
f 4076 4065 4069
f 4077 4074 4068
f 4077 4068 4071
f 4077 4071 4065
f 4077 4065 4072
f 4077 4072 4074
f 4078 4068 4070
f 4080 4075 4068
f 4080 4068 4078
f 4081 4078 4070
f 4081 4070 4066
f 4081 4066 4072
f 4082 4076 4079
f 4083 4079 4076
f 4083 4076 4069
f 4084 4080 4078
f 4084 4081 4079
f 4084 4078 4081
f 4085 4081 4072
f 4085 4072 4076
f 4085 4076 4082
f 4085 4082 4079
f 4085 4079 4081
f 4086 4083 4069
f 4086 4069 4075
f 4086 4075 4080
f 4086 4080 4084
f 4086 4084 4079
f 4086 4079 4083
o teddy109
usemtl Material109
v 0.434957142 -17.214984665 4.047204340
v 0.479541213 -18.127403571 3.637186904
v 0.434957142 -17.214984665 3.458657856
v -6.627600670 -17.509257908 3.458657856
v -6.229808092 -18.430969902 4.097312886
v -6.333327428 -18.686350876 3.458657856
v -4.861961217 -17.214984665 3.458657856
v -1.036409069 -18.392077634 4.047204340
v -6.627600670 -17.509257908 4.047204340
v 0.472237173 -18.186868478 3.416981283
v 0.438318525 -17.973410789 3.995562647
v -5.156234459 -18.686350876 4.047204340
v -4.861961217 -17.214984665 4.047204340
v -6.540928892 -18.287968820 4.049005493
v -5.192791706 -18.398193603 3.433043295
v -6.574553229 -18.197498649 3.469148940
f 4087 4088 4089
f 4093 4087 4089
f 4094 4087 4091
f 4095 4093 4090
f 4096 4089 4088
f 4096 4094 4092
f 4096 4088 4094
f 4096 4093 4089
f 4097 4094 4088
f 4097 4088 4087
f 4097 4087 4094
f 4098 4094 4091
f 4098 4091 4092
f 4098 4092 4094
f 4099 4095 4091
f 4099 4091 4087
f 4099 4087 4093
f 4099 4093 4095
f 4100 4092 4091
f 4100 4091 4095
f 4101 4096 4092
f 4101 4092 4090
f 4101 4090 4093
f 4101 4093 4096
f 4102 4100 4095
f 4102 4095 4090
f 4102 4090 4092
f 4102 4092 4100
o teddy110
usemtl Material110
v -9.570333091 -13.977979002 0.221652192
v -9.712381706 -15.860874338 0.224955909
v -9.390506764 -15.329406316 -3.804700451
v -9.864606333 -14.860798728 -4.486719682
v -10.747426060 -14.860798728 0.221652192
v -9.864606333 -15.743618455 -3.015353471
v -9.570333091 -13.977979002 -3.015353471
v -9.492717450 -15.665822662 -3.000259667
v -9.864606333 -15.449345213 -3.898173198
v -10.453152818 -15.449345213 0.221652192
v -9.441012991 -14.774546007 -4.419499798
v -10.614832883 -13.950371160 -3.015494656
v -10.747426060 -14.566525486 -3.015353471
v -10.158879576 -15.743618455 -1.543987261
v -10.514005370 -13.956356351 0.214405587
v -9.670998317 -14.444948151 -4.387318563
v -10.158879576 -15.449345213 -3.015353471
v -10.747426060 -14.860798728 -1.543987261
v -9.554220186 -14.556407289 -4.478447087
v -10.453152818 -15.155071970 -2.426806987
v -10.453152818 -15.449345213 -0.955440776
f 4103 4104 4105
f 4107 4104 4103
f 4110 4105 4104
f 4110 4104 4108
f 4111 4110 4108
f 4111 4105 4110
f 4112 4104 4107
f 4113 4109 4103
f 4113 4103 4105
f 4113 4111 4106
f 4113 4105 4111
f 4114 4103 4109
f 4115 4107 4114
f 4115 4114 4106
f 4115 4106 4111
f 4116 4108 4104
f 4116 4104 4112
f 4117 4114 4107
f 4117 4107 4103
f 4117 4103 4114
f 4118 4106 4114
f 4118 4114 4109
f 4119 4115 4111
f 4119 4111 4108
f 4119 4108 4116
f 4120 4112 4107
f 4120 4107 4115
f 4121 4113 4106
f 4121 4106 4118
f 4121 4118 4109
f 4121 4109 4113
f 4122 4119 4116
f 4122 4115 4119
f 4122 4120 4115
f 4123 4116 4112
f 4123 4112 4120
f 4123 4122 4116
f 4123 4120 4122
o teddy111
usemtl Material111
v -6.039054186 -6.915421190 7.578483246
v -5.673926624 -9.841877043 7.590546728
v -5.744780943 -4.561235253 4.930024066
v -7.682622551 -4.920104273 4.781398755
v -7.925991504 -9.862303319 5.622931062
v -6.039054186 -4.561235253 6.401390277
v -6.039054186 -9.858153612 7.872756488
v -8.098966881 -6.621147948 5.812843793
v -5.744780943 -9.858153612 4.930024066
v -7.510420396 -4.561235253 5.224297309
v -5.579354291 -4.953104608 6.480179488
v -5.600807645 -7.000360552 7.390944259
v -8.098966881 -9.858153612 4.930024066
v -6.627600670 -4.561235253 6.107117035
v -6.627600670 -7.209694433 7.284210004
v -7.438506495 -4.599289591 4.842466675
v -8.098966881 -5.444054980 5.224297309
v -5.744780943 -5.444054980 6.989936761
v -5.648228027 -4.618198198 6.275620872
v -5.681918727 -9.255166495 7.622378936
v -6.039054186 -9.269607128 7.872756488
v -7.983109638 -5.505362607 4.788964301
v -7.510420396 -5.444054980 5.812843793
v -6.039054186 -5.444054980 6.989936761
v -7.804693638 -4.855508495 5.224297309
v -6.039054186 -4.855508495 6.695663519
v -6.333327428 -8.092514159 7.578483246
v -6.333327428 -6.621147948 7.284210004
v -6.627600670 -5.149781738 6.401390277
v -7.510420396 -4.855508495 5.518570551
f 4131 4128 4130
f 4132 4130 4128
f 4132 4125 4130
f 4132 4127 4126
f 4133 4129 4126
f 4134 4132 4126
f 4135 4125 4132
f 4135 4132 4134
f 4136 4128 4131
f 4136 4132 4128
f 4137 4129 4133
f 4139 4133 4126
f 4139 4126 4127
f 4140 4136 4131
f 4141 4135 4134
f 4141 4124 4135
f 4142 4134 4126
f 4142 4126 4129
f 4142 4141 4134
f 4143 4130 4125
f 4143 4125 4135
f 4144 4135 4124
f 4144 4143 4135
f 4144 4130 4143
f 4145 4127 4132
f 4145 4132 4136
f 4145 4136 4140
f 4146 4131 4138
f 4147 4124 4141
f 4148 4139 4127
f 4148 4133 4139
f 4148 4145 4140
f 4148 4127 4145
f 4149 4142 4129
f 4149 4141 4142
f 4149 4147 4141
f 4149 4129 4137
f 4149 4137 4147
f 4150 4144 4124
f 4150 4124 4138
f 4150 4130 4144
f 4150 4138 4131
f 4150 4131 4130
f 4151 4138 4124
f 4151 4124 4147
f 4151 4146 4138
f 4152 4147 4137
f 4152 4137 4146
f 4152 4151 4147
f 4152 4146 4151
f 4153 4146 4137
f 4153 4137 4133
f 4153 4133 4148
f 4153 4148 4140
f 4153 4140 4131
f 4153 4131 4146
o teddy112
usemtl Material112
v 3.966236047 14.272252244 5.518570551
v 4.013789971 13.487086298 5.603326479
v 3.707367169 15.233075994 3.766269552
v -1.339054018 15.865276541 4.073895021
v -0.742135827 15.449345213 5.518570551
v -1.330682311 13.389432518 4.047204340
v 3.909725590 14.729749766 4.014202471
v 1.906323352 15.155071970 5.518570551
v -1.330682311 13.389432518 5.518570551
v 3.966236047 14.860798728 4.635750824
v 3.966236047 13.389432518 4.047204340
v 0.140683899 15.449345213 5.518570551
v -1.330682311 15.743618455 4.930024066
v 2.200596594 15.743618455 4.635750824
v -1.313923413 14.978993042 5.386554656
v 2.494869837 15.155071970 5.224297309
v 3.671962805 14.860798728 4.930024066
v 3.671962805 15.155071970 4.341477582
v 1.023503626 15.743618455 4.930024066
v 2.494869837 15.743618455 4.047204340
v 2.494869837 15.743618455 4.341477582
f 4159 4157 4156
f 4161 4155 4154
f 4162 4157 4159
f 4162 4155 4158
f 4163 4154 4155
f 4163 4160 4156
f 4164 4159 4156
f 4164 4156 4160
f 4164 4162 4159
f 4164 4155 4162
f 4164 4163 4155
f 4164 4160 4163
f 4165 4158 4155
f 4165 4155 4161
f 4166 4157 4162
f 4166 4158 4165
f 4168 4166 4162
f 4168 4162 4158
f 4168 4158 4166
f 4169 4167 4161
f 4169 4161 4154
f 4169 4154 4167
f 4170 4167 4154
f 4170 4154 4163
f 4171 4163 4156
f 4171 4170 4163
f 4171 4167 4170
f 4172 4165 4161
f 4172 4161 4167
f 4172 4166 4165
f 4172 4167 4157
f 4172 4157 4166
f 4173 4156 4157
f 4174 4173 4157
f 4174 4157 4167
f 4174 4167 4171
f 4174 4171 4156
f 4174 4156 4173
o teddy113
usemtl Material113
v 5.437602258 -15.449345213 7.284210004
v 5.437602258 -18.097804392 7.284210004
v 5.437602258 -18.097804392 4.047204340
v 0.434957142 -15.449345213 4.047204340
v 0.434957142 -17.509257908 7.284210004
v 5.437602258 -15.449345213 4.047204340
v 0.434896428 -15.376756059 7.150305853
v 0.434957142 -18.097804392 4.635750824
v 0.438318525 -17.973410789 3.995562647
v 0.954546296 -18.031056776 7.273625817
v 3.083416321 -18.097804392 4.047204340
f 4175 4176 4177
f 4179 4176 4175
f 4180 4175 4177
f 4181 4179 4175
f 4181 4180 4178
f 4181 4175 4180
f 4182 4177 4176
f 4182 4181 4178
f 4182 4179 4181
f 4183 4180 4177
f 4183 4178 4180
f 4183 4182 4178
f 4184 4182 4176
f 4184 4176 4179
f 4184 4179 4182
f 4185 4183 4177
f 4185 4177 4182
f 4185 4182 4183
o teddy114
usemtl Material114
v -4.861961217 -11.623793065 10.815488909
v -4.861961217 -19.274897360 10.815488909
v -4.861961217 -11.329519823 7.284210004
v -7.510420396 -11.329519823 7.284210004
v -7.510420396 -19.274897360 10.815488909
v -5.744780943 -20.451990329 7.284210004
v -7.490396939 -11.232385864 10.782740354
v -5.040540891 -19.403464533 7.289669650
v -7.510420396 -20.451990329 7.578483246
v -5.450507701 -11.329519823 10.815488909
v -4.861961217 -19.863443845 8.461302972
v -6.627600670 -20.451990329 7.284210004
v -6.039054186 -20.451990329 9.638395941
v -4.861961217 -11.329519823 8.755576214
v -5.156234459 -20.157717087 7.578483246
v -7.374833847 -19.935823220 7.416559740
v -5.450507701 -19.863443845 10.815488909
v -7.510420396 -20.157717087 10.226942425
v -5.156234459 -11.329519823 10.226942425
v -5.450507701 -20.451990329 8.755576214
v -7.216147154 -20.451990329 9.049849456
v -6.627600670 -19.863443845 10.815488909
v -6.039054186 -20.157717087 10.521215667
v -5.450507701 -20.451990329 7.578483246
v -5.744780943 -20.451990329 9.344122699
v -4.861961217 -19.863443845 9.638395941
v -7.510420396 -20.451990329 8.461302972
v -6.627600670 -20.451990329 9.638395941
v -7.216147154 -19.569170603 10.815488909
v -6.627600670 -20.157717087 10.521215667
f 4186 4187 4188
f 4190 4187 4186
f 4191 4189 4188
f 4192 4188 4189
f 4192 4189 4190
f 4193 4191 4188
f 4194 4190 4189
f 4195 4192 4190
f 4195 4190 4186
f 4196 4193 4188
f 4196 4188 4187
f 4197 4189 4191
f 4197 4191 4194
f 4198 4194 4191
f 4199 4186 4188
f 4199 4188 4192
f 4200 4191 4193
f 4200 4193 4196
f 4201 4197 4194
f 4201 4194 4189
f 4201 4189 4197
f 4202 4187 4190
f 4203 4190 4194
f 4204 4195 4186
f 4204 4186 4199
f 4204 4199 4192
f 4204 4192 4195
f 4205 4198 4191
f 4206 4194 4198
f 4207 4202 4190
f 4208 4202 4207
f 4209 4205 4191
f 4209 4191 4200
f 4209 4200 4205
f 4210 4205 4202
f 4210 4198 4205
f 4210 4208 4198
f 4210 4202 4208
f 4211 4196 4187
f 4211 4187 4202
f 4211 4202 4205
f 4211 4205 4200
f 4211 4200 4196
f 4212 4206 4203
f 4212 4203 4194
f 4212 4194 4206
f 4213 4206 4198
f 4213 4203 4206
f 4213 4198 4208
f 4214 4207 4190
f 4214 4190 4203
f 4214 4203 4207
f 4215 4208 4207
f 4215 4207 4203
f 4215 4213 4208
f 4215 4203 4213
o teddy115
usemtl Material115
v -12.807338755 2.795595800 0.515925434
v -12.807338755 1.618502832 0.515925434
v -12.807338755 2.207049316 -1.838260503
v -14.867251450 1.912776074 -1.838260503
v -17.052048801 2.795141110 0.522187616
v -12.816275781 1.584498651 -1.757972932
v -17.034983758 1.622154093 0.517851717
v -15.161524692 2.795595800 -1.543987261
v -14.867251450 1.618502832 -1.838260503
v -15.633546125 1.587552239 -1.284658943
v -12.807338755 2.795595800 -1.543987261
v -14.278704966 2.501322558 -1.838260503
v -17.221437387 1.912776074 -0.661167534
v -13.101611997 2.501322558 -1.838260503
v -16.338617661 2.501322558 -1.249714019
v -17.221437387 1.618502832 -0.661167534
v -15.750071176 2.207049316 -1.543987261
v -17.221437387 2.795595800 -0.366894292
v -16.338617661 1.618502832 -1.249714019
v -16.632890903 2.795595800 -0.955440776
v -16.044344418 2.795595800 -1.249714019
f 4216 4217 4218
f 4220 4217 4216
f 4221 4218 4217
f 4222 4217 4220
f 4224 4219 4218
f 4224 4218 4221
f 4225 4221 4217
f 4225 4217 4222
f 4225 4224 4221
f 4226 4223 4216
f 4226 4216 4218
f 4227 4218 4219
f 4227 4219 4223
f 4227 4223 4226
f 4229 4227 4226
f 4229 4226 4218
f 4229 4218 4227
f 4231 4225 4222
f 4231 4228 4230
f 4232 4230 4223
f 4232 4223 4219
f 4232 4219 4224
f 4233 4220 4216
f 4233 4216 4223
f 4233 4228 4231
f 4233 4231 4222
f 4233 4222 4220
f 4234 4224 4225
f 4234 4225 4231
f 4234 4232 4224
f 4234 4231 4230
f 4234 4230 4232
f 4235 4230 4228
f 4235 4228 4233
f 4235 4233 4223
f 4236 4235 4223
f 4236 4223 4230
f 4236 4230 4235
o teddy116
usemtl Material116
v 5.731875500 -9.269607128 0.221652192
v 5.731875500 -13.977979002 0.221652192
v 5.731875500 -9.269607128 -6.546632377
v -4.861961217 -9.269607128 -6.546632377
v -4.861961217 -13.977979002 0.221652192
v -4.861961217 -13.977979002 -6.546632377
v -4.861961217 -9.269607128 0.221652192
v 5.731875500 -13.977979002 -6.546632377
f 4237 4238 4239
f 4237 4239 4240
f 4241 4238 4237
f 4242 4240 4239
f 4242 4241 4240
f 4242 4238 4241
f 4243 4241 4237
f 4243 4237 4240
f 4243 4240 4241
f 4244 4242 4239
f 4244 4239 4238
f 4244 4238 4242
o teddy117
usemtl Material117
v 6.614695227 5.444054980 2.870111371
v 6.743936224 1.756813004 2.917296676
v 6.614695227 5.444054980 -1.249714019
v 2.789143079 5.444054980 -1.249714019
v 2.789143079 1.912776074 2.870111371
v 2.789143079 1.912776074 -1.249714019
v 2.789143079 5.444054980 2.870111371
v 6.614695227 1.912776074 -1.249714019
f 4245 4246 4247
f 4245 4247 4248
f 4250 4248 4247
f 4250 4249 4248
f 4250 4246 4249
f 4251 4249 4246
f 4251 4246 4245
f 4251 4245 4248
f 4251 4248 4249
f 4252 4250 4247
f 4252 4247 4246
f 4252 4246 4250
o teddy118
usemtl Material118
v 8.380334680 -10.152426854 4.047204340
v 8.401917537 -15.460102044 4.056274906
v 8.380334680 -10.152426854 0.221652192
v 5.731875500 -10.152426854 0.221652192
v 5.731875500 -15.449345213 4.047204340
v 5.731875500 -10.152426854 4.047204340
v 8.380334680 -15.449345213 0.221652192
v 5.731875500 -15.449345213 0.221652192
f 4253 4254 4255
f 4253 4255 4256
f 4258 4257 4254
f 4258 4254 4253
f 4258 4253 4256
f 4258 4256 4257
f 4259 4255 4254
f 4259 4256 4255
f 4260 4259 4254
f 4260 4254 4257
f 4260 4257 4256
f 4260 4256 4259
o teddy119
usemtl Material119
v -4.861961217 10.740973338 -0.955440776
v -4.861961217 5.738328222 -0.955440776
v -4.861961217 5.738328222 -2.721080229
v -8.981786607 10.446700096 -2.721080229
v -8.981786607 5.738328222 -0.955440776
v -4.861961217 10.740973338 -2.721080229
v -8.981786607 10.740973338 -0.955440776
v -8.985482073 5.737778673 -2.723544745
v -8.981786607 10.740973338 -2.426806987
f 4261 4262 4263
f 4265 4262 4261
f 4266 4261 4263
f 4267 4265 4261
f 4267 4261 4266
f 4268 4263 4262
f 4268 4262 4265
f 4268 4266 4263
f 4268 4264 4266
f 4268 4265 4267
f 4269 4267 4266
f 4269 4266 4264
f 4269 4268 4267
f 4269 4264 4268
o teddy120
usemtl Material120
v 2.789143079 -9.269607128 -6.546632377
v 2.789143079 -13.977979002 -6.546632377
v 2.789973891 -13.990164286 -8.036290367
v 0.434957142 -9.269607128 -8.017998588
v 0.434957142 -13.977979002 -6.546632377
v 2.789143079 -9.269607128 -8.017998588
v 0.434957142 -9.269607128 -6.546632377
v 0.444381575 -14.047882193 -8.137479928
f 4270 4271 4272
f 4274 4271 4270
f 4275 4270 4272
f 4275 4273 4270
f 4276 4274 4270
f 4276 4270 4273
f 4276 4273 4274
f 4277 4272 4271
f 4277 4271 4274
f 4277 4274 4273
f 4277 4275 4272
f 4277 4273 4275
o teddy121
usemtl Material121
v 5.731875500 -10.152426854 7.284210004
v 5.731875500 -15.449345213 7.284210004
v 5.731875500 -10.152426854 0.221652192
v 0.434957142 -10.152426854 0.221652192
v 0.434957142 -10.152426854 7.284210004
v 5.731875500 -15.449345213 0.221652192
v 0.434999550 -15.500048862 7.083469042
v 0.434896428 -15.376756059 7.150305853
v 0.434957142 -15.449345213 0.221652192
f 4278 4279 4280
f 4278 4280 4281
f 4282 4279 4278
f 4282 4278 4281
f 4283 4280 4279
f 4283 4281 4280
f 4284 4283 4279
f 4285 4284 4279
f 4285 4279 4282
f 4285 4282 4281
f 4286 4281 4283
f 4286 4283 4284
f 4286 4285 4281
f 4286 4284 4285
o teddy122
usemtl Material122
v -1.330682311 10.740973338 2.870111371
v -1.330682311 5.738328222 2.870111371
v -1.330682311 10.740973338 -0.955440776
v -8.981786607 10.740973338 -0.955440776
v -8.981786607 5.738328222 2.870111371
v -8.981786607 5.738328222 -0.955440776
v -8.981786607 10.740973338 2.870111371
v -1.330682311 5.738328222 -0.955440776
f 4287 4288 4289
f 4287 4289 4290
f 4291 4288 4287
f 4292 4290 4289
f 4292 4291 4290
f 4292 4288 4291
f 4293 4291 4287
f 4293 4287 4290
f 4293 4290 4291
f 4294 4292 4289
f 4294 4289 4288
f 4294 4288 4292
o teddy123
usemtl Material123
v 6.614695227 10.446700096 2.870111371
v 6.614695227 5.444054980 2.870111371
v 6.614695227 5.444054980 -0.955440776
v -1.330682311 10.446700096 -0.955440776
v -1.330682311 5.444054980 2.870111371
v 6.614695227 10.446700096 -0.955440776
v -1.330682311 10.446700096 2.870111371
v -1.330682311 5.444054980 -0.955440776
f 4295 4296 4297
f 4299 4296 4295
f 4299 4297 4296
f 4300 4295 4297
f 4300 4297 4298
f 4300 4298 4295
f 4301 4299 4295
f 4301 4295 4298
f 4301 4298 4299
f 4302 4299 4298
f 4302 4298 4297
f 4302 4297 4299
o teddy124
usemtl Material124
v -4.861961217 -9.269607128 0.221652192
v -4.861961217 -13.977979002 0.221652192
v -4.861961217 -13.977979002 -3.015353471
v -10.525814301 -9.314324814 -2.922953628
v -10.747426060 -9.269607128 0.221652192
v -4.861961217 -9.269607128 -3.015353471
v -10.614832883 -13.950371160 -3.015494656
v -10.514005370 -13.956356351 0.214405587
f 4303 4304 4305
f 4307 4304 4303
f 4308 4303 4305
f 4308 4307 4303
f 4308 4306 4307
f 4309 4307 4306
f 4309 4308 4305
f 4309 4306 4308
f 4310 4309 4305
f 4310 4305 4304
f 4310 4304 4307
f 4310 4307 4309
o teddy125
usemtl Material125
v -3.684868248 -6.915421190 4.930024066
v -3.684868248 -9.858153612 4.930024066
v -3.684868248 -6.915421190 0.221652192
v -8.098966881 -6.915421190 0.221652192
v -8.264964786 -6.827580867 5.132131634
v -3.684868248 -9.858153612 0.221652192
v -8.098966881 -9.858153612 0.221652192
v -8.098966881 -9.858153612 4.930024066
f 4311 4312 4313
f 4315 4312 4311
f 4315 4311 4313
f 4315 4313 4314
f 4316 4313 4312
f 4316 4314 4313
f 4317 4315 4314
f 4317 4314 4316
f 4317 4316 4312
f 4318 4317 4312
f 4318 4312 4315
f 4318 4315 4317
o teddy126
usemtl Material126
v -3.390595006 -4.266962011 -3.015353471
v -3.390595006 -6.621147948 -3.015353471
v -3.390595006 -4.266962011 -6.840905619
v -5.450507701 -4.266962011 -6.840905619
v -5.450507701 -4.266962011 -3.015353471
v -5.450507701 -6.621147948 -6.840905619
v -3.390595006 -6.621147948 -6.840905619
v -5.450507701 -6.621147948 -3.015353471
f 4319 4320 4321
f 4319 4321 4322
f 4323 4320 4319
f 4323 4319 4322
f 4324 4322 4321
f 4324 4323 4322
f 4325 4324 4321
f 4325 4321 4320
f 4325 4320 4324
f 4326 4324 4320
f 4326 4320 4323
f 4326 4323 4324
o teddy127
usemtl Material127
v -1.330682311 13.683705760 5.518570551
v -1.330682311 10.740973338 5.518570551
v -1.330682311 13.683705760 -1.249714019
v -5.450507701 13.683705760 -1.249714019
v -5.450507701 10.740973338 5.518570551
v -5.450507701 10.740973338 -1.249714019
v -5.450507701 13.683705760 5.518570551
v -1.330682311 10.740973338 -1.249714019
f 4327 4328 4329
f 4327 4329 4330
f 4331 4328 4327
f 4332 4330 4329
f 4332 4331 4330
f 4332 4328 4331
f 4333 4331 4327
f 4333 4327 4330
f 4333 4330 4331
f 4334 4332 4329
f 4334 4329 4328
f 4334 4328 4332
