mtllib decomp.mtl
o bunny000
usemtl Material000
v 0.220516934 0.661550801 0.624700107
v 0.432714551 0.683059605 0.522615290
v 0.339715276 0.780749143 0.517421599
v -0.078142612 0.722404268 0.498623704
v -0.101207353 0.649523004 0.517316672
v 0.196677265 0.744989640 0.481662096
v 0.077478923 0.697310303 0.612780273
v 0.399314447 0.744989640 0.529341433
v 0.325169196 0.646365886 0.581844843
v 0.436643253 0.710603796 0.508411033
v 0.039506475 0.758293914 0.492042233
v -0.077478923 0.673470635 0.493581931
v 0.184757431 0.697310303 0.612780273
v -0.030955025 0.638658117 0.602593410
v 0.435073950 0.685390469 0.505501765
v 0.327795442 0.661550801 0.588940604
v 0.339167926 0.777318217 0.501945229
v 0.435073950 0.709230138 0.529341433
v 0.280116105 0.780749143 0.517421599
v 0.041719420 0.709230138 0.588940604
v -0.097121904 0.657477714 0.513463034
v 0.041719420 0.744989640 0.481662096
v 0.148997928 0.661550801 0.636619941
v 0.172837597 0.709230138 0.600860439
v 0.351635110 0.768829309 0.529341433
v -0.005959917 0.637711132 0.588940604
v -0.101318591 0.661550801 0.541261267
v -0.077478923 0.649630966 0.517421599
v -0.065559088 0.673470635 0.493581931
v 0.244356602 0.673470635 0.612780273
v 0.400242330 0.746412431 0.507550991
v 0.282278731 0.774591484 0.498764114
v 0.041719420 0.756909475 0.505501765
v 0.089398757 0.709230138 0.600860439
v -0.005959917 0.673470635 0.612780273
v 0.196677265 0.673470635 0.624700107
v 0.217524767 0.644674864 0.614363552
v -0.101318591 0.649630966 0.541261267
v -0.065559088 0.661550801 0.505501765
v 0.315875607 0.673470635 0.588940604
v -0.005959917 0.709230138 0.565100936
v 0.113238425 0.733069806 0.565100936
v 0.029799586 0.697310303 0.600860439
v 0.053639254 0.661550801 0.636619941
v -0.041719420 0.661550801 0.600860439
v 0.220516934 0.685390469 0.612780273
v -0.029799586 0.673470635 0.600860439
v 0.029799586 0.685390469 0.612780273
v 0.055105919 0.643451041 0.627798747
v 0.005959917 0.661550801 0.624700107
v -0.017879751 0.697310303 0.577020770
v 0.147961655 0.646737411 0.625309959
v 0.009134775 0.643798577 0.617329165
f 15 2 9
f 16 1 9
f 16 9 2
f 17 15 6
f 17 10 15
f 18 10 8
f 18 15 10
f 18 2 15
f 18 16 2
f 18 8 16
f 19 3 17
f 21 12 5
f 21 5 4
f 21 4 12
f 22 6 12
f 22 12 4
f 22 4 11
f 23 13 7
f 24 13 3
f 24 7 13
f 24 3 19
f 25 8 3
f 25 3 13
f 26 14 5
f 27 4 5
f 28 15 9
f 28 26 5
f 28 9 26
f 29 12 6
f 29 6 15
f 29 5 12
f 30 1 16
f 30 8 25
f 31 17 3
f 31 3 8
f 31 8 10
f 31 10 17
f 32 19 17
f 32 11 19
f 32 22 11
f 32 17 6
f 32 6 22
f 33 11 4
f 33 19 11
f 34 20 7
f 34 24 19
f 34 7 24
f 36 23 1
f 36 13 23
f 36 1 30
f 37 9 1
f 37 1 23
f 37 26 9
f 37 14 26
f 38 27 5
f 38 5 14
f 39 29 15
f 39 15 28
f 39 28 5
f 39 5 29
f 40 30 16
f 40 16 8
f 40 8 30
f 41 33 4
f 41 20 33
f 42 34 19
f 42 19 33
f 42 33 20
f 42 20 34
f 43 7 20
f 43 20 41
f 44 23 7
f 45 38 14
f 45 27 38
f 46 36 30
f 46 30 25
f 46 25 13
f 46 13 36
f 47 35 43
f 47 45 35
f 47 4 27
f 47 27 45
f 48 43 35
f 48 7 43
f 48 44 7
f 49 23 44
f 49 14 37
f 50 35 45
f 50 48 35
f 50 44 48
f 50 45 14
f 51 41 4
f 51 4 47
f 51 47 43
f 51 43 41
f 52 49 37
f 52 37 23
f 52 23 49
f 53 49 44
f 53 44 50
f 53 50 14
f 53 14 49
o bunny001
usemtl Material001
v -0.339715276 1.340981352 0.135986903
v 0.089398757 1.460179695 -0.185848621
v -0.053639254 1.650897043 -0.102409782
v 0.065559088 1.603217706 -0.316966798
v -0.411234281 1.245622679 -0.018970942
v 0.065559088 1.638977209 -0.269287461
v -0.005959917 1.400580524 -0.042810610
v 0.089398757 1.495939198 -0.281207295
v -0.411234281 1.412500358 0.004868726
v -0.005959917 1.674736711 -0.162008953
v -0.137078094 1.388660689 0.040628229
v -0.244356602 1.257542513 -0.030890776
v 0.053639254 1.531698700 -0.305046964
v 0.089398757 1.579378037 -0.269287461
v -0.411234281 1.400580524 0.088307566
v -0.315875607 1.436340026 -0.090489947
v 0.041719420 1.436340026 -0.102409782
v -0.077478923 1.662816877 -0.150089119
v -0.089398757 1.627057374 -0.066650279
v -0.327795442 1.269462347 0.135986903
v 0.017879751 1.376740855 -0.114329616
v -0.303955773 1.245622679 -0.030890776
v 0.053639254 1.495939198 -0.281207295
v 0.089398757 1.531698700 -0.305046964
v 0.089398757 1.543618535 -0.233527958
v 0.077478923 1.615137540 -0.305046964
v -0.411770921 1.244060695 -0.001630870
v -0.411234281 1.305221850 -0.030890776
v 0.077478923 1.472099529 -0.162008953
v -0.029799586 1.650897043 -0.126249450
v -0.053639254 1.674736711 -0.138169284
v -0.280116105 1.531698700 -0.030890776
v -0.303955773 1.495939198 -0.078570113
v 0.005959917 1.674736711 -0.269287461
v -0.089398757 1.388660689 0.016788561
v -0.232436768 1.484019363 0.052548063
v -0.327795442 1.317141684 0.135986903
v -0.351360786 1.269498007 0.136440261
v -0.220516934 1.269462347 0.040628229
v 0.053639254 1.412500358 -0.114329616
v 0.077478923 1.436340026 -0.221608124
v -0.351635110 1.245622679 -0.030890776
v 0.077478923 1.579378037 -0.316966798
v 0.077478923 1.603217706 -0.257367627
v 0.077478923 1.615137540 -0.281207295
v 0.089398757 1.579378037 -0.305046964
v -0.365647135 1.240188812 -0.004892444
v -0.411234281 1.376740855 -0.018970942
v -0.411234281 1.281382181 -0.030890776
v 0.089398757 1.472099529 -0.185848621
v -0.029799586 1.674736711 -0.138169284
v -0.399314447 1.424420192 0.064467898
v -0.077478923 1.662816877 -0.114329616
v -0.256276436 1.543618535 -0.078570113
v 0.005959917 1.686656546 -0.197768456
v 0.029799586 1.627057374 -0.305046964
v -0.017879751 1.662816877 -0.257367627
v 0.053639254 1.650897043 -0.293127130
v -0.029799586 1.686656546 -0.209688290
v -0.148997928 1.579378037 -0.018970942
v -0.077478923 1.352901187 0.004868726
v -0.375474779 1.376740855 0.124067069
v -0.407895184 1.383603087 0.085895327
v -0.208597099 1.269462347 0.016788561
v -0.244356602 1.257542513 -0.018970942
v 0.053639254 1.424420192 -0.114329616
v 0.041719420 1.400580524 -0.162008953
v 0.089398757 1.460179695 -0.233527958
v 0.065559088 1.412500358 -0.162008953
v 0.065559088 1.579378037 -0.316966798
v 0.077478923 1.603217706 -0.316966798
v -0.315863267 1.245521497 -0.007150371
v -0.387394613 1.376740855 -0.042810610
v -0.339715276 1.448259861 -0.066650279
v -0.315875607 1.340981352 -0.090489947
v -0.303955773 1.412500358 -0.102409782
v -0.339715276 1.484019363 -0.018970942
v -0.411234281 1.412500358 0.064467898
v -0.053639254 1.662816877 -0.114329616
v -0.280116105 1.531698700 -0.042810610
v -0.005959917 1.686656546 -0.185848621
v 0.005959917 1.650897043 -0.281207295
v 0.065559088 1.638977209 -0.293127130
v 0.041719420 1.638977209 -0.305046964
v 0.029799586 1.674736711 -0.245447793
v 0.005959917 1.686656546 -0.221608124
v -0.029799586 1.674736711 -0.233527958
v -0.148997928 1.615137540 -0.126249450
v -0.196677265 1.507859032 0.028708395
v -0.125158260 1.627057374 -0.066650279
v -0.113238425 1.352901187 0.028708395
v -0.089398757 1.364821021 0.016788561
v -0.244356602 1.281382181 0.076387732
v -0.017879751 1.364821021 -0.042810610
v -0.351635110 1.376740855 0.124067069
v -0.375365835 1.353353056 0.124568187
v -0.303955773 1.484019363 0.052548063
v -0.208597099 1.269462347 -0.018970942
v -0.220516934 1.269462347 -0.042810610
v 0.089398757 1.472099529 -0.257367627
v 0.017879751 1.376740855 -0.078570113
v 0.077478923 1.436340026 -0.162008953
v 0.029799586 1.579378037 -0.305046964
v -0.351635110 1.412500358 -0.066650279
v -0.268196270 1.484019363 -0.114329616
v -0.387394613 1.436340026 -0.018970942
v -0.303955773 1.388660689 -0.102409782
v -0.280116105 1.448259861 -0.114329616
v -0.363554944 1.460179695 0.028708395
v -0.351635110 1.472099529 -0.030890776
v -0.029799586 1.686656546 -0.185848621
v 0.053639254 1.638977209 -0.305046964
v 0.041719420 1.662816877 -0.245447793
v 0.029799586 1.674736711 -0.269287461
v -0.005959917 1.686656546 -0.221608124
v -0.256276436 1.543618535 -0.018970942
v -0.005959917 1.388660689 -0.042810610
v -0.041719420 1.352901187 -0.030890776
v -0.327795442 1.364821021 0.124067069
v -0.268196270 1.472099529 0.064467898
v -0.399314447 1.400580524 0.100227400
v -0.160917762 1.591297872 -0.030890776
v -0.029799586 1.352901187 -0.090489947
v 0.065559088 1.412500358 -0.150089119
v -0.399314447 1.412500358 -0.018970942
v -0.351635110 1.448259861 -0.054730445
v -0.244356602 1.412500358 -0.138169284
v -0.339715276 1.484019363 -0.007051108
f 67 55 61
f 70 56 60
f 72 60 56
f 76 66 61
f 76 58 66
f 77 61 66
f 77 67 61
f 78 55 67
f 82 63 70
f 82 78 63
f 83 70 63
f 83 56 70
f 88 60 72
f 89 54 64
f 90 64 54
f 90 88 64
f 90 73 88
f 91 90 54
f 91 73 90
f 94 65 75
f 94 76 61
f 95 58 76
f 95 94 75
f 95 76 94
f 96 77 66
f 97 78 67
f 97 59 63
f 97 63 78
f 98 79 59
f 98 67 79
f 98 97 67
f 98 59 97
f 99 79 67
f 99 67 77
f 99 77 96
f 100 91 80
f 100 73 91
f 100 95 75
f 100 80 58
f 100 58 95
f 101 81 80
f 101 80 62
f 102 58 80
f 102 80 81
f 103 55 78
f 103 78 82
f 103 93 55
f 104 83 63
f 104 56 83
f 106 71 85
f 106 104 84
f 108 63 59
f 108 104 63
f 112 71 106
f 113 88 72
f 113 64 88
f 115 91 54
f 116 91 68
f 116 68 80
f 116 80 91
f 118 75 65
f 118 117 92
f 118 65 117
f 119 70 60
f 119 60 93
f 119 82 70
f 119 103 82
f 119 93 103
f 121 61 55
f 121 55 94
f 122 120 94
f 122 74 120
f 123 96 66
f 123 57 96
f 123 109 57
f 124 96 57
f 124 99 96
f 124 79 99
f 125 92 73
f 125 73 100
f 125 100 75
f 125 118 92
f 125 75 118
f 126 81 101
f 128 66 58
f 128 58 102
f 129 102 81
f 131 68 105
f 131 80 68
f 131 62 80
f 132 106 72
f 132 72 56
f 132 56 104
f 132 104 106
f 133 85 71
f 133 130 85
f 134 84 104
f 134 104 108
f 134 108 112
f 135 109 69
f 135 110 87
f 135 87 109
f 136 111 59
f 136 59 79
f 136 79 111
f 137 109 87
f 137 124 57
f 137 57 109
f 138 59 111
f 139 112 108
f 139 108 138
f 140 112 87
f 140 87 110
f 140 110 86
f 140 86 107
f 140 107 112
f 141 112 107
f 141 71 112
f 141 133 71
f 141 107 133
f 142 113 89
f 142 89 64
f 142 64 113
f 143 72 106
f 144 73 114
f 145 60 88
f 145 144 114
f 145 88 73
f 145 73 144
f 146 114 73
f 146 73 92
f 146 92 114
f 148 115 54
f 149 68 91
f 149 91 115
f 151 117 65
f 152 120 74
f 152 74 65
f 152 65 94
f 152 94 120
f 153 121 94
f 153 94 61
f 153 61 121
f 154 74 122
f 155 55 93
f 155 122 94
f 155 94 55
f 156 123 66
f 156 109 123
f 156 66 128
f 156 129 109
f 157 127 69
f 157 126 101
f 157 101 127
f 157 69 129
f 157 129 81
f 157 81 126
f 158 127 86
f 158 86 110
f 158 110 135
f 158 135 69
f 158 69 127
f 160 128 102
f 160 102 129
f 160 129 156
f 161 129 69
f 161 69 109
f 161 109 129
f 162 131 105
f 162 62 131
f 163 107 86
f 163 86 159
f 163 159 62
f 163 162 130
f 163 62 162
f 163 133 107
f 163 130 133
f 164 134 112
f 164 84 134
f 164 112 106
f 164 106 84
f 165 124 137
f 165 111 79
f 165 79 124
f 165 137 87
f 166 138 108
f 166 108 59
f 166 59 138
f 167 138 111
f 167 139 138
f 167 87 139
f 167 165 87
f 167 111 165
f 168 139 87
f 168 87 112
f 168 112 139
f 169 143 106
f 169 106 85
f 169 150 143
f 169 85 162
f 169 162 105
f 169 105 150
f 170 145 114
f 170 60 145
f 170 114 147
f 170 147 154
f 170 154 93
f 170 93 60
f 171 147 114
f 171 114 92
f 171 92 117
f 171 154 147
f 171 117 154
f 172 148 54
f 172 54 89
f 172 89 148
f 173 148 89
f 173 115 148
f 173 150 115
f 173 89 113
f 173 113 150
f 174 149 115
f 174 68 149
f 174 115 150
f 174 150 105
f 174 105 68
f 175 150 113
f 175 143 150
f 175 113 72
f 175 72 143
f 176 151 65
f 176 65 74
f 176 117 151
f 176 154 117
f 176 74 154
f 177 154 122
f 177 93 154
f 177 155 93
f 177 122 155
f 178 101 62
f 178 62 159
f 179 159 86
f 179 86 127
f 179 178 159
f 179 127 101
f 179 101 178
f 180 160 156
f 180 156 128
f 180 128 160
f 181 162 85
f 181 85 130
f 181 130 162
o bunny002
usemtl Material002
v -0.444780298 0.298313819 -0.015123821
v -0.243784212 0.171658894 -0.109913537
v -0.244215834 0.232469033 -0.103744090
v -0.399314447 0.327795442 -0.102409782
v -0.578111961 0.005959917 -0.042810610
v -0.292035939 0.148997928 -0.138169284
v -0.411234281 0.327795442 -0.054730445
v -0.423154116 0.160917762 -0.007051108
v -0.590031795 0.053639254 -0.018970942
v -0.276310448 0.142397706 -0.136593267
v -0.339052399 0.292615271 -0.112455564
v -0.446993784 -0.005959917 -0.114329616
v -0.411234281 0.280116105 -0.018970942
v -0.421363153 0.334151801 -0.072654253
v -0.280116105 0.148997928 -0.090489947
v -0.566192127 0.053639254 -0.054730445
v -0.558039161 0.085029165 0.000294525
v -0.363554944 0.292035939 -0.114329616
v -0.375158688 0.327927965 -0.101931248
v -0.315875607 0.053639254 -0.138169284
v -0.553458678 0.004071686 -0.006574499
v -0.411234281 0.315875607 -0.042810610
v -0.431317300 0.220068072 -0.006331820
v -0.578111961 0.053639254 -0.042810610
v -0.530432624 -0.005959917 -0.078570113
v -0.590031795 0.053639254 -0.007051108
v -0.446993784 0.029799586 -0.114329616
v -0.280116105 0.113238425 -0.138169284
v -0.303955773 0.089398757 -0.102409782
v -0.411517327 0.002814718 -0.078406487
v -0.554272292 0.005959917 -0.066650279
v -0.578111961 -0.005959917 -0.007051108
v -0.339715276 0.077478923 -0.138169284
v -0.482753287 0.017879751 -0.102409782
v -0.315875607 0.053639254 -0.126249450
v -0.411234281 -0.005959917 -0.114329616
v -0.566192127 -0.005959917 -0.042810610
v -0.583906421 0.011243060 -0.003129804
v -0.303955773 0.137078094 -0.138169284
v -0.482753287 0.005959917 -0.102409782
v -0.554272292 0.041719420 -0.066650279
v -0.351330891 0.028894005 -0.125430971
v -0.578111961 -0.005959917 -0.018970942
v -0.590031795 0.005959917 -0.018970942
v -0.327795442 0.101318591 -0.138169284
v -0.506592955 -0.005959917 -0.090489947
v -0.530432624 0.041719420 -0.078570113
f 191 184 183
f 192 191 187
f 192 184 191
f 194 189 184
f 195 182 188
f 195 190 182
f 196 183 184
f 196 184 189
f 199 192 187
f 200 188 184
f 200 184 192
f 200 195 188
f 200 185 195
f 200 199 185
f 200 192 199
f 202 189 198
f 203 188 182
f 203 182 194
f 203 194 184
f 203 184 188
f 204 194 182
f 204 189 194
f 204 198 189
f 204 182 198
f 205 197 186
f 205 186 190
f 205 190 195
f 205 195 185
f 205 185 197
f 207 198 182
f 207 182 190
f 209 201 187
f 209 187 191
f 209 191 183
f 209 183 201
f 210 183 196
f 211 189 202
f 211 210 196
f 211 196 189
f 212 206 186
f 212 186 197
f 213 206 193
f 213 211 202
f 214 208 185
f 214 185 199
f 214 187 201
f 214 201 193
f 214 193 208
f 215 208 193
f 215 185 208
f 216 201 183
f 216 183 210
f 216 210 211
f 217 193 201
f 217 213 193
f 217 211 213
f 218 186 206
f 218 206 213
f 219 213 202
f 219 202 198
f 219 198 207
f 220 199 187
f 220 187 214
f 221 215 193
f 221 206 215
f 222 212 197
f 222 197 185
f 222 206 212
f 223 216 211
f 223 211 217
f 223 217 201
f 223 201 216
f 224 218 213
f 224 186 218
f 225 219 207
f 225 207 190
f 225 190 186
f 225 186 224
f 225 224 213
f 225 213 219
f 226 220 214
f 226 214 199
f 226 199 220
f 227 221 193
f 227 193 206
f 227 206 221
f 228 222 185
f 228 185 215
f 228 215 206
f 228 206 222
o bunny003
usemtl Material003
v -0.782315777 1.138883247 0.446660765
v -0.756909475 1.186023507 0.422062925
v -0.804588811 1.269462347 0.302864583
v -0.780749143 1.138344170 0.052548063
v -0.820066717 0.922395737 0.302833726
v -0.767646591 1.290934103 0.278487411
v -0.780749143 1.209863176 0.422062925
v -0.822059124 0.921489931 0.458473416
v -0.768829309 1.102584668 0.076387732
v -0.852268148 1.019145828 0.183666240
v -0.809091247 1.245688193 0.182149640
v -0.757969983 1.210656441 0.422720693
v -0.780749143 1.269462347 0.350543920
v -0.793055968 1.090734676 0.457897980
v -0.768829309 1.102584668 0.088307566
v -0.762591489 1.135875020 0.056126228
v -0.831211198 0.935298180 0.147445178
v -0.840348314 0.971466491 0.457822428
v -0.780749143 1.293302016 0.302864583
v -0.828428480 1.209863176 0.195586074
v -0.792668977 1.281382181 0.314784417
v -0.799083607 1.056063013 0.459074758
v -0.804588811 1.126424336 0.445902594
v -0.756909475 1.209863176 0.398223257
v -0.831343962 0.910733146 0.195315137
v -0.816508646 1.078744999 0.088307566
v -0.768807680 1.114497097 0.052557923
v -0.810307908 1.245532452 0.185754897
v -0.763706897 1.287003534 0.299201622
v -0.816508646 1.245622679 0.290944748
v -0.852268148 1.031065662 0.279024914
v -0.816508646 1.090664833 0.088307566
v -0.792668977 1.209863176 0.398223257
v -0.828428480 1.031065662 0.457822428
v -0.756909475 1.197943342 0.398223257
v -0.830616549 0.910756589 0.231638080
v -0.852268148 0.923787154 0.231345577
v -0.852268148 0.947626822 0.171746406
v -0.798533953 1.078309058 0.079716570
v -0.761915063 1.261204558 0.345611034
v -0.852268148 1.042985496 0.219425743
v -0.828428480 1.209863176 0.231345577
v -0.840348314 0.995306159 0.433982759
v -0.840348314 1.042985496 0.147906737
v -0.792668977 1.186023507 0.422062925
v -0.816508646 1.233702844 0.302864583
v -0.756909475 1.186023507 0.410143091
v -0.852268148 0.947626822 0.290944748
v -0.840348314 0.923787154 0.445902594
v -0.852268148 0.935706988 0.183666240
v -0.852268148 1.031065662 0.195586074
v -0.852268148 1.042985496 0.243265411
v -0.828428480 1.078744999 0.124067069
v -0.852268148 0.971466491 0.171746406
v -0.852268148 0.995306159 0.302864583
v -0.840348314 0.935706988 0.457822428
v -0.852268148 0.935706988 0.267105080
v -0.852268148 0.923787154 0.207505909
v -0.852268148 1.019145828 0.290944748
v -0.852268148 0.983386325 0.302864583
f 240 235 229
f 241 235 240
f 242 240 229
f 242 230 240
f 243 236 233
f 243 233 237
f 243 230 236
f 244 243 237
f 244 230 243
f 244 239 234
f 244 232 239
f 247 234 239
f 249 235 241
f 249 247 231
f 249 241 247
f 250 236 230
f 250 230 242
f 250 246 236
f 251 242 229
f 251 229 235
f 252 240 230
f 253 237 233
f 255 244 237
f 255 253 245
f 255 237 253
f 255 232 244
f 255 254 232
f 256 247 239
f 256 231 247
f 256 239 248
f 257 247 241
f 257 234 247
f 257 252 244
f 257 244 234
f 258 256 248
f 258 231 256
f 260 248 239
f 260 239 232
f 260 232 254
f 261 249 231
f 261 235 249
f 261 231 258
f 262 250 242
f 262 246 250
f 262 242 251
f 263 252 230
f 263 244 252
f 264 253 233
f 264 233 236
f 265 259 238
f 265 253 264
f 266 254 245
f 266 260 254
f 266 265 238
f 267 255 245
f 267 245 254
f 267 254 255
f 268 257 241
f 268 241 240
f 268 240 252
f 268 252 257
f 269 238 259
f 270 259 258
f 270 258 248
f 270 248 269
f 271 259 246
f 271 258 259
f 271 262 258
f 271 246 262
f 272 238 248
f 273 251 235
f 273 235 261
f 273 261 258
f 274 262 251
f 274 258 262
f 274 273 258
f 274 251 273
f 275 263 230
f 275 230 244
f 275 244 263
f 276 259 265
f 277 265 264
f 277 264 236
f 278 266 245
f 278 245 253
f 278 265 266
f 279 269 248
f 279 248 238
f 279 238 269
f 280 270 269
f 280 269 259
f 280 259 270
f 281 272 248
f 281 248 260
f 281 260 272
f 282 266 238
f 282 238 272
f 282 272 260
f 282 260 266
f 283 259 276
f 284 277 236
f 284 236 246
f 284 276 277
f 284 246 283
f 285 277 276
f 285 276 265
f 285 265 277
f 286 278 253
f 286 253 265
f 286 265 278
f 287 283 246
f 287 246 259
f 287 259 283
f 288 284 283
f 288 283 276
f 288 276 284
o bunny004
usemtl Material004
v 0.494673121 0.971466491 0.076387732
v 0.622968387 0.790912970 0.076795056
v 0.566192127 0.816508646 -0.090489947
v 0.351635110 0.876107817 -0.173928787
v 0.292035939 1.019145828 0.004868726
v 0.434325939 0.744189742 -0.196178462
v 0.399314447 0.971466491 -0.078570113
v 0.601951629 0.852268148 0.052548063
v 0.350332054 1.040044350 0.077037353
v 0.590031795 0.744989640 -0.102409782
v 0.518512790 0.768829309 -0.162008953
v 0.351283126 0.839918787 -0.172988646
v 0.411234281 0.756909475 -0.173928787
v 0.518512790 0.923787154 -0.018970942
v 0.292035939 1.007225994 -0.078570113
v 0.601951629 0.852268148 0.076387732
v 0.601951629 0.792668977 0.076387732
v 0.360372708 1.035802825 0.077974194
v 0.625791298 0.804588811 0.028708395
v 0.446993784 0.768829309 -0.197768456
v 0.506592955 0.744989640 -0.173928787
v 0.554272292 0.780749143 -0.126249450
v 0.423154116 0.911867320 -0.126249450
v 0.398367155 0.766808307 -0.195587880
v 0.292035939 0.959546657 -0.090489947
v 0.435073950 1.007225994 0.028708395
v 0.566192127 0.864187983 -0.030890776
v 0.542352458 0.923787154 0.028708395
v 0.292035939 1.042985496 -0.018970942
v 0.351635110 1.019145828 0.064467898
v 0.590031795 0.744989640 -0.030890776
v 0.566192127 0.899947485 0.076387732
v 0.612802621 0.744569367 -0.030362652
v 0.625791298 0.816508646 0.076387732
v 0.613871464 0.756909475 -0.054730445
v 0.554272292 0.756909475 -0.138169284
v 0.604381279 0.741258057 -0.050041267
v 0.506592955 0.756909475 -0.173928787
v 0.458913618 0.744989640 -0.197768456
v 0.542352458 0.816508646 -0.114329616
v 0.590031795 0.756909475 -0.102409782
v 0.470833453 0.911867320 -0.090489947
v 0.339715276 0.947626822 -0.138169284
v 0.363554944 0.899947485 -0.162008953
v 0.494673121 0.792668977 -0.162008953
v 0.399314447 0.768829309 -0.173928787
v 0.423154116 0.780749143 -0.197768456
v 0.289970918 0.977404370 -0.098016395
v 0.482753287 0.947626822 -0.030890776
v 0.423154116 1.019145828 0.076387732
v 0.530432624 0.899947485 -0.042810610
v 0.601951629 0.804588811 -0.030890776
v 0.578111961 0.876107817 0.028708395
v 0.494673121 0.971466491 0.064467898
v 0.291254590 1.039084325 0.006563062
v 0.363554944 1.031065662 -0.007051108
v 0.435073950 0.744989640 -0.173928787
v 0.566192127 0.899947485 0.052548063
v 0.625791298 0.816508646 0.064467898
v 0.554272292 0.744989640 -0.138169284
v 0.458913618 0.756909475 -0.197768456
v 0.578111961 0.780749143 -0.102409782
v 0.411234281 0.935706988 -0.114329616
v 0.494673121 0.864187983 -0.114329616
v 0.339715276 1.007225994 -0.066650279
v 0.375474779 0.911867320 -0.150089119
v 0.363554944 0.876107817 -0.173928787
v 0.315665312 0.934732387 -0.136684437
v 0.294932813 0.967938322 -0.108572956
v 0.292035939 1.031065662 -0.042810610
v 0.423154116 0.947626822 -0.090489947
v 0.494673121 0.959546657 0.016788561
v 0.446993784 1.007225994 0.076387732
v 0.554272292 0.864187983 -0.054730445
v 0.542352458 0.899947485 -0.018970942
v 0.494673121 0.911867320 -0.066650279
v 0.566192127 0.828428480 -0.078570113
v 0.566192127 0.876107817 -0.007051108
v 0.411234281 1.007225994 -0.007051108
v 0.363554944 1.042985496 0.028708395
v 0.363554944 0.971466491 -0.102409782
v 0.482753287 0.840348314 -0.138169284
v 0.339715276 0.971466491 -0.114329616
v 0.375474779 0.983386325 -0.078570113
v 0.303955773 1.042985496 -0.018970942
v 0.363554944 0.935706988 -0.138169284
v 0.470833453 0.792668977 -0.173928787
v 0.313279593 0.941233971 -0.132541318
v 0.303955773 1.031065662 -0.042810610
v 0.482753287 0.959546657 -0.007051108
v 0.506592955 0.959546657 0.052548063
v 0.446993784 1.007225994 0.064467898
v 0.590031795 0.816508646 -0.042810610
v 0.446993784 0.971466491 -0.030890776
v 0.399314447 1.019145828 0.004868726
v 0.387394613 0.959546657 -0.102409782
v 0.303955773 1.007225994 -0.078570113
v 0.327795442 1.031065662 -0.030890776
v 0.446993784 0.995306159 0.016788561
v 0.423154116 1.019145828 0.052548063
v 0.375474779 1.031065662 0.004868726
f 305 293 301
f 306 305 290
f 306 297 305
f 312 300 292
f 312 294 301
f 318 305 297
f 318 297 293
f 318 293 305
f 319 290 305
f 320 289 306
f 320 316 289
f 320 304 296
f 320 306 290
f 320 290 304
f 321 307 290
f 321 290 319
f 322 304 290
f 322 290 307
f 322 296 304
f 323 307 321
f 324 299 310
f 325 294 309
f 325 323 321
f 325 298 323
f 325 321 319
f 326 324 309
f 326 299 324
f 327 309 294
f 327 326 309
f 327 294 312
f 328 310 299
f 328 291 310
f 329 324 310
f 329 298 324
f 329 323 298
f 329 291 323
f 330 291 328
f 332 292 331
f 333 299 326
f 333 328 299
f 334 312 301
f 334 300 312
f 334 313 300
f 334 301 293
f 334 293 313
f 335 312 292
f 335 327 312
f 335 308 327
f 336 313 293
f 338 297 306
f 339 291 330
f 339 337 302
f 340 307 323
f 341 316 296
f 341 296 307
f 342 289 316
f 343 293 297
f 343 297 317
f 343 336 293
f 343 317 336
f 345 319 305
f 345 305 301
f 345 301 294
f 345 325 319
f 345 294 325
f 346 320 296
f 346 296 316
f 346 316 320
f 347 322 307
f 347 307 296
f 347 296 322
f 348 324 298
f 348 309 324
f 348 325 309
f 348 298 325
f 349 327 308
f 349 326 327
f 350 329 310
f 350 310 291
f 350 291 329
f 351 330 311
f 352 330 328
f 352 311 330
f 352 328 333
f 354 311 333
f 354 351 311
f 354 332 331
f 355 332 308
f 355 308 335
f 355 335 292
f 355 292 332
f 356 292 300
f 356 331 292
f 357 300 313
f 357 313 336
f 357 356 300
f 357 336 303
f 357 303 331
f 358 336 317
f 358 303 336
f 359 337 330
f 359 295 337
f 359 351 295
f 359 330 351
f 360 314 342
f 361 338 306
f 361 306 289
f 361 289 342
f 362 339 315
f 363 315 339
f 363 339 302
f 363 302 316
f 364 339 330
f 364 330 337
f 364 337 339
f 365 362 315
f 365 291 339
f 365 339 362
f 365 323 291
f 366 316 341
f 366 363 316
f 366 315 363
f 366 341 307
f 366 307 315
f 367 295 344
f 368 297 338
f 368 317 297
f 369 351 331
f 370 352 333
f 370 333 311
f 370 311 352
f 371 331 303
f 371 369 331
f 371 353 369
f 372 353 344
f 372 344 295
f 372 369 353
f 372 295 369
f 373 368 344
f 373 317 368
f 373 358 317
f 374 354 331
f 374 331 351
f 374 351 354
f 375 354 333
f 375 308 332
f 375 332 354
f 375 333 326
f 375 349 308
f 375 326 349
f 376 357 331
f 376 331 356
f 376 356 357
f 377 303 358
f 377 358 373
f 378 302 337
f 378 337 367
f 378 360 316
f 378 316 302
f 379 360 342
f 379 342 316
f 379 316 360
f 380 361 342
f 380 342 314
f 380 338 361
f 381 365 315
f 381 340 323
f 381 323 365
f 381 315 307
f 381 307 340
f 382 367 337
f 382 337 295
f 382 295 367
f 383 367 344
f 383 368 314
f 383 314 367
f 384 369 295
f 384 295 351
f 384 351 369
f 385 371 303
f 385 353 371
f 385 377 353
f 385 303 377
f 386 377 373
f 386 373 344
f 386 344 353
f 386 353 377
f 387 314 360
f 387 360 378
f 387 378 367
f 387 367 314
f 388 380 314
f 388 314 368
f 388 368 338
f 388 338 380
f 389 383 344
f 389 344 368
f 389 368 383
o bunny005
usemtl Material005
v -0.029799586 0.601951629 0.636619941
v -0.010466958 0.247943002 0.557691793
v -0.029799586 0.649630966 0.577020770
v -0.148997928 0.446993784 0.445902594
v -0.089398757 0.494673121 0.612780273
v -0.101318591 0.303955773 0.422062925
v -0.011274024 0.318391965 0.570654977
v -0.053639254 0.506592955 0.636619941
v -0.148823413 0.650093028 0.502258176
v -0.017879751 0.244356602 0.517421599
v -0.101318591 0.232436768 0.469742262
v -0.029684886 0.554214463 0.636395578
v -0.028346270 0.646929384 0.597939066
v -0.029799586 0.244356602 0.565100936
v -0.077478923 0.578111961 0.624700107
v -0.148997928 0.494673121 0.505501765
v -0.101318591 0.649630966 0.493581931
v -0.077478923 0.339715276 0.457822428
v -0.017879751 0.327795442 0.541261267
v -0.116497582 0.232691028 0.424811810
v -0.053639254 0.649630966 0.600860439
v -0.065559088 0.482753287 0.624700107
v -0.065559088 0.232436768 0.517421599
v -0.065559088 0.554272292 0.636619941
v -0.101318591 0.566192127 0.600860439
v -0.150028712 0.431810715 0.455983586
v -0.125158260 0.494673121 0.553181102
v -0.113238425 0.387394613 0.433982759
v -0.089398757 0.649630966 0.505501765
v -0.089398757 0.292035939 0.433982759
v -0.119631196 0.303087185 0.427810437
v -0.148997928 0.435073950 0.469742262
v -0.089398757 0.625791298 0.588940604
v -0.041719420 0.601951629 0.636619941
v -0.065559088 0.530432624 0.636619941
v -0.012459236 0.234839161 0.548716607
v -0.104790116 0.231777681 0.438777000
v -0.148997928 0.578111961 0.517421599
v -0.149450204 0.648433482 0.501988043
v -0.101318591 0.506592955 0.600860439
v -0.101318591 0.363554944 0.433982759
v -0.125158260 0.387394613 0.433982759
v -0.137078094 0.446993784 0.445902594
v -0.101318591 0.232436768 0.422062925
v -0.089398757 0.590031795 0.612780273
v -0.077478923 0.506592955 0.624700107
v -0.017879751 0.232436768 0.517421599
v -0.029799586 0.232436768 0.553181102
v -0.148997928 0.554272292 0.517421599
v -0.137078094 0.566192127 0.541261267
v -0.053639254 0.613871464 0.624700107
v -0.077478923 0.625791298 0.600860439
v -0.077478923 0.232436768 0.445902594
v -0.137078094 0.554272292 0.541261267
v -0.077478923 0.268196270 0.445902594
f 399 396 391
f 401 396 390
f 401 391 396
f 401 397 391
f 401 390 397
f 402 396 392
f 402 390 396
f 403 391 397
f 406 393 398
f 407 392 399
f 408 399 392
f 408 392 396
f 408 396 399
f 410 402 392
f 410 392 398
f 410 390 402
f 411 403 397
f 411 394 403
f 412 403 394
f 412 394 400
f 413 397 390
f 413 404 394
f 414 394 404
f 415 393 409
f 416 405 400
f 418 392 407
f 418 406 398
f 418 398 392
f 419 407 399
f 420 409 393
f 420 395 409
f 421 409 400
f 421 400 405
f 421 415 409
f 421 405 415
f 422 410 398
f 423 390 410
f 423 413 390
f 423 404 413
f 424 411 397
f 424 413 394
f 424 397 413
f 425 391 403
f 426 412 400
f 426 400 409
f 428 398 393
f 428 393 415
f 429 416 400
f 429 400 394
f 429 394 414
f 430 417 406
f 430 395 417
f 430 406 418
f 430 418 407
f 430 419 395
f 430 407 419
f 431 417 395
f 431 393 417
f 431 420 393
f 431 395 420
f 432 417 393
f 432 393 406
f 432 406 417
f 433 409 395
f 433 395 419
f 433 426 409
f 434 414 404
f 434 404 423
f 434 422 398
f 434 428 414
f 434 398 428
f 435 424 394
f 435 394 411
f 435 411 424
f 436 399 391
f 436 391 425
f 437 425 403
f 437 403 412
f 437 436 425
f 437 412 426
f 437 426 436
f 438 405 416
f 438 415 405
f 438 428 415
f 438 427 428
f 439 428 427
f 439 414 428
f 439 429 414
f 439 427 438
f 440 434 423
f 440 423 410
f 441 410 422
f 441 422 434
f 441 440 410
f 441 434 440
f 442 436 426
f 442 426 433
f 442 433 419
f 442 399 436
f 443 438 416
f 443 416 429
f 443 439 438
f 443 429 439
f 444 442 419
f 444 419 399
f 444 399 442
o bunny006
usemtl Material006
v 0.239610656 0.045544770 -0.121512421
v 0.328350047 0.012762497 -0.150596173
v 0.160602523 0.042414067 -0.254609031
v -0.220516934 0.029799586 -0.328886632
v -0.303878054 0.003530190 -0.173858361
v -0.148997928 -0.005959917 -0.316966798
v 0.005959917 0.065559088 -0.173928787
v 0.244356602 0.053639254 -0.138169284
v 0.220516934 0.017879751 -0.126249450
v 0.148997928 0.005959917 -0.257367627
v -0.148997928 0.029799586 -0.328886632
v -0.232436768 -0.005959917 -0.305046964
v 0.089398757 -0.005959917 -0.209688290
v -0.125390082 0.057353242 -0.137770748
v 0.327974132 0.016231007 -0.186011991
v 0.172837597 0.065559088 -0.150089119
v 0.232436768 0.017879751 -0.126249450
v -0.160917762 0.005959917 -0.328886632
v 0.137078094 0.029799586 -0.269287461
v -0.101318591 0.041719420 -0.316966798
v -0.309715386 0.017237809 -0.224543759
v -0.220516934 -0.005959917 -0.173928787
v 0.113238425 -0.005959917 -0.245447793
v 0.005782824 0.060065442 -0.126084992
v 0.196677265 0.065559088 -0.138169284
v 0.327307396 0.012564064 -0.149705834
v -0.220516934 0.005959917 -0.328886632
v -0.148997928 0.017879751 -0.328886632
v 0.160917762 0.017879751 -0.257367627
v 0.135786678 0.044565130 -0.257986528
v 0.101318591 0.065559088 -0.162008953
v -0.235551524 0.043561375 -0.299308150
v -0.300525613 0.003847665 -0.220338110
v 0.220516934 0.005959917 -0.138169284
v 0.137078094 -0.005959917 -0.233527958
v 0.196677265 0.065559088 -0.126249450
v -0.232436768 0.041719420 -0.316966798
v -0.196677265 -0.005959917 -0.316966798
v -0.310738364 0.011130061 -0.212142718
v 0.232436768 0.005959917 -0.138169284
v 0.137078094 -0.005959917 -0.221608124
f 452 445 446
f 457 456 450
f 459 452 446
f 459 447 452
f 461 445 453
f 462 448 455
f 462 454 450
f 463 454 462
f 463 447 459
f 464 463 455
f 464 447 463
f 464 455 448
f 465 449 458
f 466 449 456
f 466 456 457
f 466 453 449
f 467 457 450
f 467 450 454
f 468 453 445
f 468 451 458
f 468 458 449
f 468 449 453
f 469 452 447
f 469 460 451
f 470 446 445
f 470 445 461
f 471 448 462
f 471 456 465
f 471 462 450
f 472 463 462
f 472 462 455
f 472 455 463
f 473 463 459
f 473 459 454
f 473 454 463
f 474 464 460
f 474 447 464
f 474 469 447
f 474 460 469
f 475 464 451
f 475 451 460
f 475 460 464
f 476 458 451
f 476 465 458
f 477 465 456
f 477 456 449
f 478 461 453
f 478 453 466
f 479 467 454
f 479 454 459
f 479 459 446
f 479 446 470
f 479 457 467
f 480 445 452
f 480 452 469
f 480 468 445
f 480 469 451
f 480 451 468
f 481 471 465
f 481 448 471
f 481 465 476
f 481 464 448
f 481 476 451
f 481 451 464
f 482 471 450
f 482 450 456
f 482 456 471
f 483 477 449
f 483 449 465
f 483 465 477
f 484 470 461
f 484 461 478
f 484 478 466
f 484 466 457
f 485 479 470
f 485 470 484
f 485 484 457
f 485 457 479
o bunny007
usemtl Material007
v -0.411234281 1.329061518 0.231345577
v -0.345309652 1.268481744 0.131477769
v -0.403942690 1.395943589 0.009005741
v -0.542352458 1.305221850 -0.018970942
v -0.390813318 1.280057945 0.218622703
v -0.407916984 1.281066989 -0.014271588
v -0.578638978 1.334432877 0.076355151
v -0.351635110 1.352901187 0.135986903
v -0.518512790 1.281382181 0.004868726
v -0.403824076 1.350067199 -0.012190261
v -0.423154116 1.400580524 0.076387732
v -0.578345639 1.333838409 0.040461016
v -0.435073950 1.305221850 0.231345577
v -0.375474779 1.293302016 0.207505909
v -0.375474779 1.269462347 0.135986903
v -0.511525171 1.284476270 -0.017968405
v -0.350592748 1.354767278 0.116184410
v -0.423154116 1.352901187 -0.018970942
v -0.435073950 1.340981352 0.231345577
v -0.423154116 1.400580524 0.004868726
v -0.566192127 1.317141684 0.052548063
v -0.409319915 1.307548058 0.231600365
v -0.351635110 1.269462347 0.159826572
v -0.387394613 1.305221850 0.219425743
v -0.363554944 1.269462347 0.124067069
v -0.384816925 1.276229958 0.202701504
v -0.351635110 1.329061518 0.112147235
v -0.376307139 1.392161130 0.092447309
v -0.554847839 1.334278446 0.112782302
v -0.537241956 1.323344478 -0.015956692
v -0.554272292 1.317141684 0.076387732
v -0.566192127 1.317141684 0.040628229
v -0.443932073 1.328064172 0.232873367
v -0.351635110 1.329061518 0.147906737
v -0.506592955 1.281382181 0.028708395
v -0.375474779 1.388660689 0.112147235
v -0.449142203 1.329521966 0.231026795
v -0.351635110 1.281382181 0.159826572
v -0.363554944 1.364821021 0.135986903
v -0.399314447 1.388660689 0.112147235
v -0.363554944 1.293302016 0.183666240
f 494 491 487
f 495 487 491
f 501 494 489
f 501 491 494
f 502 493 487
f 502 495 488
f 503 495 491
f 503 488 495
f 503 501 489
f 503 491 501
f 505 488 503
f 505 497 492
f 505 492 496
f 506 492 497
f 507 498 490
f 508 499 490
f 508 500 487
f 509 499 493
f 509 493 486
f 509 486 507
f 509 507 490
f 509 490 499
f 510 500 494
f 510 494 487
f 510 487 500
f 511 508 490
f 511 500 508
f 512 502 487
f 512 487 495
f 512 495 502
f 513 502 488
f 513 505 496
f 513 488 505
f 514 504 496
f 514 496 492
f 515 489 497
f 515 497 505
f 515 505 503
f 515 503 489
f 516 492 506
f 516 514 492
f 516 498 514
f 516 490 498
f 516 506 494
f 517 506 497
f 517 497 489
f 517 489 494
f 517 494 506
f 518 498 507
f 518 507 486
f 518 486 504
f 519 487 493
f 519 493 499
f 520 511 490
f 520 494 500
f 520 500 511
f 520 516 494
f 520 490 516
f 521 493 502
f 521 502 513
f 521 504 486
f 521 513 496
f 522 514 498
f 522 498 518
f 522 518 504
f 522 504 514
f 523 508 487
f 523 487 519
f 523 499 508
f 524 521 486
f 524 486 493
f 524 493 521
f 525 521 496
f 525 496 504
f 525 504 521
f 526 523 519
f 526 519 499
f 526 499 523
o bunny008
usemtl Material008
v -0.673470635 0.709230138 -0.066650279
v -0.434032845 0.508762966 -0.204774438
v -0.435073950 0.840348314 -0.150089119
v -0.435073950 0.721149972 -0.221608124
v -0.625791298 0.542352458 -0.162008953
v -0.418850669 0.718025735 -0.212026554
v -0.542352458 0.792668977 -0.162008953
v -0.677964462 0.545644395 -0.084482924
v -0.458913618 0.542352458 -0.221608124
v -0.423154116 0.828428480 -0.162008953
v -0.422745324 0.554159606 -0.216250608
v -0.470853673 0.852297270 -0.150147057
v -0.685390469 0.673470635 -0.114329616
v -0.613871464 0.673470635 -0.162008953
v -0.436069665 0.504517553 -0.202468073
v -0.673470635 0.697310303 -0.066650279
v -0.423154116 0.852268148 -0.185848621
v -0.446993784 0.518512790 -0.221608124
v -0.697310303 0.709230138 -0.090489947
v -0.685390469 0.542352458 -0.102409782
v -0.518512790 0.768829309 -0.185848621
v -0.625791298 0.709230138 -0.150089119
v -0.649630966 0.613871464 -0.150089119
v -0.578111961 0.590031795 -0.185848621
v -0.423154116 0.768829309 -0.209688290
v -0.458913618 0.852268148 -0.173928787
v -0.439050038 0.857380234 -0.159381580
v -0.425166209 0.854855112 -0.166711389
v -0.432895507 0.523053393 -0.211326216
v -0.601951629 0.506592955 -0.162008953
v -0.530432624 0.518512790 -0.197768456
v -0.689058762 0.710301002 -0.070344416
v -0.697310303 0.625791298 -0.102409782
v -0.435073950 0.852268148 -0.185848621
v -0.542352458 0.768829309 -0.173928787
v -0.601951629 0.744989640 -0.150089119
v -0.673470635 0.709230138 -0.114329616
v -0.637711132 0.673470635 -0.150089119
v -0.649630966 0.590031795 -0.150089119
v -0.601951629 0.613871464 -0.173928787
v -0.458913618 0.685390469 -0.221608124
v -0.482753287 0.506592955 -0.209688290
v -0.613871464 0.518512790 -0.162008953
v -0.601951629 0.506592955 -0.126249450
v -0.578111961 0.554272292 -0.185848621
v -0.690941624 0.699776073 -0.071849083
v -0.697310303 0.661550801 -0.102409782
v -0.435073950 0.768829309 -0.209688290
v -0.661550801 0.649630966 -0.138169284
v -0.673470635 0.590031795 -0.126249450
v -0.446993784 0.709230138 -0.221608124
v -0.461014648 0.502314475 -0.196210040
v -0.613871464 0.506592955 -0.150089119
v -0.590031795 0.518512790 -0.173928787
v -0.617385226 0.504638968 -0.129371713
v -0.693689114 0.684487540 -0.075530974
v -0.685390469 0.601951629 -0.114329616
v -0.601951629 0.542352458 -0.173928787
f 537 530 532
f 537 536 528
f 537 532 536
f 538 527 529
f 541 529 534
f 541 536 529
f 541 528 536
f 542 534 529
f 542 529 527
f 543 536 532
f 544 535 530
f 544 530 537
f 544 528 541
f 548 547 540
f 551 543 532
f 551 532 530
f 552 545 538
f 552 533 545
f 553 538 529
f 553 552 538
f 554 529 536
f 554 536 543
f 554 553 529
f 554 543 553
f 555 544 537
f 555 537 528
f 555 528 544
f 557 535 544
f 558 527 538
f 558 538 545
f 558 542 527
f 559 539 549
f 559 546 534
f 560 543 551
f 560 547 533
f 560 533 552
f 560 553 543
f 560 552 553
f 561 533 547
f 561 547 548
f 562 561 548
f 562 533 561
f 563 539 545
f 563 562 548
f 563 545 533
f 563 533 562
f 564 548 540
f 564 563 548
f 564 539 563
f 565 531 546
f 565 559 549
f 565 549 550
f 566 550 549
f 566 564 540
f 566 549 564
f 567 530 535
f 567 535 550
f 567 540 547
f 567 566 540
f 567 550 566
f 568 544 541
f 568 557 544
f 568 556 557
f 569 546 531
f 570 541 534
f 571 550 535
f 571 535 557
f 571 565 550
f 572 534 542
f 572 542 558
f 572 558 545
f 573 559 545
f 573 545 539
f 573 539 559
f 574 547 560
f 574 560 551
f 574 551 530
f 575 564 549
f 575 549 539
f 575 539 564
f 576 565 546
f 576 559 565
f 577 567 547
f 577 530 567
f 577 574 530
f 577 547 574
f 578 568 541
f 578 556 568
f 578 541 570
f 579 569 556
f 579 546 569
f 580 557 556
f 580 556 569
f 580 571 557
f 580 569 531
f 581 570 534
f 581 534 546
f 581 546 579
f 581 578 570
f 581 579 556
f 581 556 578
f 582 559 534
f 582 534 572
f 582 572 545
f 582 545 559
f 583 576 546
f 583 546 559
f 583 559 576
f 584 580 531
f 584 571 580
f 584 531 565
f 584 565 571
o bunny009
usemtl Material009
v 0.232436768 0.268196270 0.624700107
v 0.376394734 0.053091960 0.482989467
v 0.339715276 0.184757431 0.505501765
v 0.005959917 0.196677265 0.529341433
v 0.005959917 0.017879751 0.588940604
v 0.351635110 0.125158260 0.481662096
v 0.232436768 0.292035939 0.600860439
v 0.339715276 0.220516934 0.565100936
v 0.292035939 0.017879751 0.517421599
v 0.077478923 0.268196270 0.624700107
v 0.005954515 0.017969163 0.553158282
v 0.377253366 0.127028126 0.486871195
v 0.339715276 0.053639254 0.481662096
v 0.327795442 0.160917762 0.493581931
v 0.005959917 0.220516934 0.541261267
v 0.231067669 0.293705340 0.619424417
v 0.341753215 0.218572775 0.547406044
v 0.256276436 0.196677265 0.600860439
v 0.363554944 0.053639254 0.505501765
v 0.375474779 0.101318591 0.505501765
v 0.339715276 0.065559088 0.481662096
v 0.220516934 0.041719420 0.505501765
v 0.290888239 0.027926016 0.499886006
v 0.327795442 0.184757431 0.505501765
v 0.080422347 0.295585486 0.617018391
v -0.000055623 0.229526376 0.559193679
v 0.303955773 0.220516934 0.588940604
v 0.017879751 0.017879751 0.588940604
v 0.280116105 0.184757431 0.588940604
v 0.375474779 0.125158260 0.505501765
v 0.339715276 0.208597099 0.565100936
v 0.124653150 0.020405109 0.527760280
v 0.005959917 0.125158260 0.588940604
v 0.005630665 0.232306371 0.565599934
v 0.280116105 0.220516934 0.600860439
v 0.208597099 0.208597099 0.612780273
v 0.303955773 0.208597099 0.588940604
v 0.267178469 0.025776943 0.501710534
f 594 589 585
f 595 593 589
f 596 590 587
f 596 586 590
f 597 590 586
f 598 590 588
f 598 587 590
f 599 598 588
f 600 594 585
f 601 587 591
f 601 600 592
f 601 591 600
f 601 596 587
f 601 592 596
f 603 593 586
f 604 586 596
f 604 603 586
f 605 597 588
f 605 588 590
f 605 590 597
f 606 588 597
f 607 597 586
f 607 586 593
f 608 599 591
f 608 591 587
f 608 587 598
f 608 598 599
f 609 591 599
f 609 600 591
f 609 594 600
f 610 609 599
f 610 595 589
f 610 599 588
f 610 588 595
f 611 600 585
f 611 592 600
f 612 585 589
f 612 589 593
f 612 593 602
f 613 602 593
f 613 593 603
f 614 604 596
f 614 596 592
f 614 592 604
f 615 604 592
f 615 603 604
f 615 592 611
f 616 595 588
f 616 588 606
f 616 606 597
f 616 593 595
f 617 610 589
f 617 589 594
f 618 594 609
f 618 609 610
f 618 617 594
f 618 610 617
f 619 611 585
f 619 585 602
f 620 612 602
f 620 602 585
f 620 585 612
f 621 615 611
f 621 603 615
f 621 611 619
f 621 613 603
f 621 619 602
f 621 602 613
f 622 616 597
f 622 597 607
f 622 607 593
f 622 593 616
o bunny010
usemtl Material010
v 0.509022618 0.614574094 -0.201299946
v 0.521497674 0.338618184 -0.190688097
v 0.446993784 0.375474779 -0.281207295
v 0.280116105 0.566192127 -0.352726301
v 0.280116105 0.232436768 -0.293127130
v 0.494673121 0.613871464 -0.233527958
v 0.506592955 0.411234281 -0.185848621
v 0.351635110 0.601951629 -0.281207295
v 0.399314447 0.220516934 -0.293127130
v 0.411234281 0.554272292 -0.293127130
v 0.518512790 0.399314447 -0.221608124
v 0.506592955 0.339715276 -0.185848621
v 0.524810426 0.409259874 -0.190936924
v 0.267662238 0.578037617 -0.339511406
v 0.437825443 0.616434786 -0.240927670
v 0.268196270 0.387394613 -0.352726301
v 0.482753287 0.482753287 -0.257367627
v 0.387394613 0.411234281 -0.316966798
v 0.351635110 0.601951629 -0.316966798
v 0.506592955 0.613871464 -0.221608124
v 0.435073950 0.256276436 -0.281207295
v 0.399588378 0.218828585 -0.271661180
v 0.518512790 0.339715276 -0.209688290
v 0.268196270 0.292035939 -0.305046964
v 0.315875607 0.220516934 -0.316966798
v 0.263390408 0.564394156 -0.342331789
v 0.435073950 0.542352458 -0.281207295
v 0.482753287 0.411234281 -0.257367627
v 0.292035939 0.423154116 -0.352726301
v 0.446993784 0.458913618 -0.281207295
v 0.375474779 0.601951629 -0.305046964
v 0.446993784 0.613871464 -0.257367627
v 0.344833701 0.604895655 -0.300455801
v 0.292035939 0.530432624 -0.352726301
v 0.522279036 0.434551477 -0.201013421
v 0.500839334 0.615654544 -0.206715992
v 0.506592955 0.530432624 -0.233527958
v 0.387394613 0.399314447 -0.316966798
v 0.280116105 0.220516934 -0.293127130
v 0.377612949 0.217295934 -0.275456901
v 0.267046212 0.223163568 -0.310272937
v 0.470833453 0.554272292 -0.257367627
v 0.494673121 0.399314447 -0.245447793
v 0.280116105 0.387394613 -0.352726301
v 0.458913618 0.518512790 -0.269287461
v 0.435073950 0.613871464 -0.257367627
v 0.351635110 0.375474779 -0.328886632
v 0.268773185 0.219189278 -0.308404865
v 0.268196270 0.268196270 -0.328886632
v 0.280116105 0.268196270 -0.328886632
f 630 629 623
f 630 627 629
f 634 629 627
f 635 623 629
f 635 634 624
f 635 629 634
f 637 630 623
f 641 626 636
f 644 624 634
f 644 643 624
f 644 631 643
f 645 635 624
f 645 633 635
f 645 643 633
f 645 624 643
f 646 627 630
f 646 630 636
f 648 636 626
f 648 626 638
f 648 646 636
f 649 632 628
f 649 640 632
f 650 639 633
f 650 625 639
f 650 643 625
f 651 638 626
f 652 639 625
f 652 625 640
f 652 640 649
f 653 641 628
f 653 628 632
f 653 632 641
f 654 637 628
f 654 628 641
f 655 641 636
f 655 636 630
f 655 630 637
f 656 626 641
f 656 651 626
f 656 640 651
f 656 641 632
f 656 632 640
f 657 635 633
f 657 633 642
f 657 642 623
f 657 623 635
f 658 637 623
f 658 623 642
f 658 642 628
f 658 628 637
f 659 639 628
f 659 628 642
f 659 642 633
f 659 633 639
f 660 640 625
f 660 625 643
f 660 643 631
f 660 651 640
f 661 634 627
f 661 627 646
f 662 647 631
f 662 631 644
f 662 644 634
f 662 634 661
f 663 648 638
f 663 646 648
f 663 661 646
f 664 649 628
f 664 628 639
f 665 650 633
f 665 633 643
f 665 643 650
f 666 638 651
f 666 631 647
f 667 652 649
f 667 639 652
f 667 664 639
f 667 649 664
f 668 654 641
f 668 641 655
f 668 655 637
f 668 637 654
f 669 660 631
f 669 651 660
f 669 666 651
f 669 631 666
f 670 662 661
f 670 647 662
f 670 663 647
f 670 661 663
f 671 663 638
f 671 647 663
f 671 638 666
f 672 671 666
f 672 666 647
f 672 647 671
o bunny011
usemtl Material011
v -0.482753287 0.077478923 0.517421599
v -0.398932485 0.166035877 0.432991730
v -0.518512790 0.125158260 0.433982759
v -0.482753287 0.089398757 0.243265411
v -0.470833453 0.005959917 0.493581931
v -0.399314447 0.208597099 0.302864583
v -0.482753287 0.137078094 0.481662096
v -0.470833453 0.017879751 0.517421599
v -0.554272292 0.017879751 0.362463754
v -0.518512790 0.113238425 0.314784417
v -0.375474779 0.137078094 0.243265411
v -0.470833453 0.125158260 0.493581931
v -0.506592955 0.089398757 0.493581931
v -0.494673121 0.148997928 0.433982759
v -0.446993784 0.172837597 0.433982759
v -0.375474779 0.137078094 0.255185246
v -0.465308153 0.074154996 0.508791394
v -0.492804649 0.009855320 0.278970465
v -0.530432624 0.017879751 0.469742262
v -0.482753287 0.101318591 0.255185246
v -0.542352458 0.089398757 0.362463754
v -0.530432624 0.053639254 0.279024914
v -0.376992623 0.173186102 0.242698348
v -0.482753287 0.125158260 0.493581931
v -0.494673121 0.125158260 0.481662096
v -0.506592955 0.137078094 0.350543920
v -0.383667634 0.207530057 0.337647386
v -0.482753287 0.148997928 0.457822428
v -0.399314447 0.208597099 0.338624085
v -0.470833453 0.137078094 0.481662096
v -0.399585931 0.165752155 0.434687144
v -0.542352458 0.005959917 0.326704251
v -0.470833453 0.041719420 0.243265411
v -0.494673121 0.005959917 0.493581931
v -0.482753287 0.017879751 0.517421599
v -0.530432624 0.077478923 0.457822428
v -0.506592955 0.125158260 0.314784417
v -0.518512790 0.077478923 0.279024914
v -0.542352458 0.077478923 0.326704251
v -0.375474779 0.148997928 0.267105080
v -0.411234281 0.172837597 0.267105080
v -0.494673121 0.113238425 0.493581931
v -0.530432624 0.113238425 0.374383588
v -0.494673121 0.148997928 0.374383588
v -0.385484435 0.208615133 0.302662487
v -0.518512790 0.005959917 0.279024914
v -0.542352458 0.029799586 0.302864583
v -0.542352458 0.005959917 0.398223257
v -0.494673121 0.065559088 0.243265411
v -0.530432624 0.053639254 0.469742262
v -0.542352458 0.089398757 0.410143091
v -0.554272292 0.053639254 0.350543920
v -0.470833453 0.101318591 0.243265411
v -0.494673121 0.089398757 0.505501765
v -0.518512790 0.125158260 0.350543920
v -0.530432624 0.101318591 0.326704251
v -0.530432624 0.017879751 0.279024914
v -0.554272292 0.017879751 0.398223257
v -0.530432624 0.005959917 0.445902594
v -0.518512790 0.077478923 0.481662096
v -0.530432624 0.113238425 0.422062925
v -0.554272292 0.053639254 0.398223257
v -0.554272292 0.029799586 0.350543920
v -0.542352458 0.053639254 0.302864583
v -0.530432624 0.005959917 0.290944748
v -0.492658873 0.041103666 0.244302355
v -0.542352458 0.041719420 0.445902594
v -0.542352458 0.017879751 0.445902594
v -0.542352458 0.077478923 0.422062925
f 688 680 677
f 688 674 680
f 688 677 683
f 689 673 680
f 689 684 673
f 690 683 677
f 696 684 679
f 696 673 684
f 697 686 675
f 697 679 686
f 697 696 679
f 700 687 686
f 700 686 679
f 700 679 687
f 701 678 686
f 701 686 687
f 701 687 699
f 702 687 679
f 702 679 684
f 703 689 680
f 703 680 674
f 703 684 689
f 703 702 684
f 703 687 702
f 703 699 687
f 703 674 699
f 705 683 690
f 705 695 683
f 706 677 680
f 706 704 677
f 707 680 673
f 707 673 691
f 707 706 680
f 707 691 706
f 709 692 682
f 709 698 678
f 709 682 698
f 710 694 682
f 710 676 694
f 710 692 676
f 710 682 692
f 712 688 683
f 712 683 695
f 712 695 699
f 712 699 674
f 712 674 688
f 713 678 695
f 713 709 678
f 713 692 709
f 714 673 696
f 714 696 697
f 714 708 685
f 716 686 678
f 716 678 698
f 716 715 686
f 716 698 715
f 717 699 695
f 717 695 678
f 717 701 699
f 717 678 701
f 718 690 677
f 718 677 704
f 718 705 690
f 719 704 681
f 720 681 704
f 720 704 706
f 721 676 695
f 721 695 705
f 721 694 676
f 722 691 673
f 722 673 685
f 723 715 693
f 724 693 711
f 724 723 693
f 725 713 695
f 725 695 676
f 725 676 692
f 725 692 713
f 726 714 685
f 726 685 673
f 726 673 714
f 727 715 698
f 727 698 682
f 728 711 693
f 728 693 715
f 728 682 694
f 728 727 682
f 728 715 727
f 729 704 719
f 729 719 694
f 729 694 721
f 730 681 720
f 730 724 681
f 731 720 706
f 731 706 691
f 731 730 720
f 732 722 685
f 732 685 708
f 732 708 722
f 733 715 723
f 733 675 686
f 733 686 715
f 733 697 675
f 733 714 697
f 733 708 714
f 734 723 724
f 734 724 730
f 735 724 719
f 735 719 681
f 735 681 724
f 736 724 711
f 736 694 719
f 736 719 724
f 736 728 694
f 736 711 728
f 737 729 718
f 737 718 704
f 737 704 729
f 738 729 721
f 738 721 705
f 738 705 718
f 738 718 729
f 739 691 722
f 739 734 730
f 739 722 708
f 740 731 691
f 740 730 731
f 740 739 730
f 740 691 739
f 741 723 734
f 741 733 723
f 741 708 733
f 741 739 708
f 741 734 739
o bunny012
usemtl Material012
v -0.601951629 1.078744999 0.588940604
v -0.411234281 0.983386325 0.445902594
v -0.446993784 1.281382181 0.398223257
v -0.416747120 1.290775041 0.301086547
v -0.506592955 1.102584668 0.410143091
v -0.411234281 1.281382181 0.338624085
v -0.530432624 1.233702844 0.433982759
v -0.554272292 1.042985496 0.577020770
v -0.613885251 1.019110160 0.588789592
v -0.423154116 1.150264005 0.326704251
v -0.411234281 1.042985496 0.433982759
v -0.404790671 1.151614492 0.331930039
v -0.411234281 1.293302016 0.326704251
v -0.529008547 1.234894416 0.448092097
v -0.459379203 1.292807461 0.373908983
v -0.506592955 1.138344170 0.398223257
v -0.590031795 1.090664833 0.577020770
v -0.458913618 0.983386325 0.445902594
v -0.613871464 1.090664833 0.553181102
v -0.578111961 1.042985496 0.588940604
v -0.470833453 0.983386325 0.493581931
v -0.423154116 1.007225994 0.457822428
v -0.407356992 1.222128852 0.304104398
v -0.423154116 0.995306159 0.410143091
v -0.404381826 0.997921431 0.417254101
v -0.419596478 1.294932766 0.304012015
v -0.446993784 1.293302016 0.386303422
v -0.482753287 1.114504502 0.386303422
v -0.423154116 1.221783010 0.302864583
v -0.518512790 1.031065662 0.469742262
v -0.613871464 1.078744999 0.588940604
v -0.506592955 1.150264005 0.398223257
v -0.613871464 1.042985496 0.565100936
v -0.616829468 1.088447907 0.571113867
v -0.435073950 0.983386325 0.469742262
v -0.560473859 1.015455309 0.569006261
v -0.477568317 0.981026727 0.477668717
v -0.411234281 1.007225994 0.445902594
v -0.411234281 1.102584668 0.350543920
v -0.423154116 0.983386325 0.422062925
v -0.425371304 1.297749515 0.317913776
v -0.463215351 1.288732617 0.381918344
v -0.423154116 1.102584668 0.350543920
v -0.435073950 1.269462347 0.314784417
v -0.482753287 0.995306159 0.457822428
v -0.613871464 1.078744999 0.553181102
v -0.518512790 1.102584668 0.422062925
v -0.435073950 0.995306159 0.469742262
v -0.583162093 1.015879543 0.579436287
v -0.489984285 0.984060931 0.489820238
v -0.407900459 0.984658694 0.425522538
f 752 747 744
f 754 744 747
f 754 747 753
f 755 742 744
f 756 748 755
f 758 749 744
f 758 744 742
f 758 742 749
f 761 749 742
f 763 744 749
f 764 753 751
f 764 754 753
f 764 745 754
f 765 759 746
f 766 753 747
f 766 747 752
f 767 748 756
f 767 754 745
f 768 744 754
f 768 755 744
f 769 746 757
f 769 765 746
f 770 769 757
f 770 751 769
f 770 764 751
f 770 745 764
f 772 742 755
f 772 761 742
f 772 750 761
f 773 760 748
f 773 757 760
f 775 755 748
f 775 748 760
f 775 772 755
f 775 750 772
f 775 774 750
f 776 743 763
f 777 749 761
f 777 776 749
f 777 762 776
f 778 776 762
f 778 743 776
f 778 750 759
f 779 763 743
f 779 752 744
f 779 744 763
f 779 766 752
f 779 743 766
f 780 751 753
f 780 766 765
f 780 753 766
f 781 759 765
f 781 778 759
f 781 743 778
f 782 767 756
f 782 756 768
f 782 768 754
f 782 754 767
f 783 768 756
f 783 756 755
f 783 755 768
f 784 769 751
f 784 765 769
f 784 780 765
f 784 751 780
f 785 767 745
f 785 745 770
f 785 770 757
f 785 757 773
f 785 773 748
f 785 748 767
f 786 771 746
f 786 746 759
f 786 774 771
f 786 759 750
f 786 750 774
f 787 760 757
f 787 775 760
f 787 774 775
f 788 757 746
f 788 746 771
f 788 771 774
f 788 787 757
f 788 774 787
f 789 776 763
f 789 763 749
f 789 749 776
f 790 777 761
f 790 761 750
f 790 750 762
f 790 762 777
f 791 778 762
f 791 762 750
f 791 750 778
f 792 766 743
f 792 743 781
f 792 781 765
f 792 765 766
o bunny013
usemtl Material013
v -0.756909475 1.305221850 0.302864583
v -0.637711132 1.305221850 0.004868726
v -0.721149972 1.329061518 0.267105080
v -0.673470635 1.305221850 -0.018970942
v -0.756909475 1.090664833 0.052548063
v -0.645030635 1.323950491 -0.004437581
v -0.804588811 1.293302016 0.171746406
v -0.689617423 1.138780266 -0.021789753
v -0.756909475 1.269462347 0.302864583
v -0.661501868 1.328900646 0.124089544
v -0.792668977 1.305221850 0.243265411
v -0.768829309 1.150264005 0.040628229
v -0.721149972 1.317141684 0.076387732
v -0.649630966 1.281382181 -0.018970942
v -0.706011667 1.318972404 0.265488548
v -0.721149972 1.329061518 0.135986903
v -0.642894897 1.321963768 0.006719660
v -0.673470635 1.174103673 -0.007051108
v -0.768829309 1.305221850 0.302864583
v -0.816508646 1.162183839 0.171746406
v -0.792668977 1.281382181 0.124067069
v -0.769696387 1.090948067 0.039793927
v -0.709230138 1.162183839 -0.018970942
v -0.673470635 1.317141684 -0.007051108
v -0.637711132 1.305221850 -0.007051108
v -0.668904753 1.223499672 -0.025615652
v -0.653316813 1.320597807 -0.017397257
v -0.719229814 1.312679200 0.277944113
v -0.697310303 1.138344170 0.016788561
v -0.685390469 1.329061518 0.076387732
v -0.768829309 1.317141684 0.243265411
v -0.768829309 1.317141684 0.171746406
v -0.649630966 1.305221850 0.064467898
v -0.773402798 1.275085878 0.306135017
v -0.816508646 1.257542513 0.279024914
v -0.803369885 1.138214196 0.184062923
v -0.744989640 1.293302016 0.064467898
v -0.816508646 1.269462347 0.159826572
v -0.763641089 1.092863731 0.034151078
v -0.697310303 1.233702844 -0.018970942
v -0.756909475 1.162183839 0.028708395
v -0.709230138 1.329061518 0.112147235
v -0.680578709 1.175340820 -0.025048200
v -0.655963217 1.316547434 -0.018827298
v -0.733069806 1.329061518 0.255185246
v -0.792668977 1.305221850 0.183666240
v -0.816508646 1.281382181 0.231345577
v -0.804588811 1.293302016 0.255185246
v -0.805472630 1.243292152 0.275635427
v -0.775276961 1.091904480 0.048186600
v -0.768829309 1.293302016 0.100227400
v -0.804588811 1.281382181 0.147906737
v -0.804588811 1.269462347 0.135986903
v -0.709230138 1.138344170 -0.018970942
v -0.733069806 1.329061518 0.171746406
v -0.816508646 1.281382181 0.183666240
v -0.804588811 1.281382181 0.279024914
v -0.816508646 1.269462347 0.267105080
v -0.804588811 1.138344170 0.147906737
v -0.816508646 1.221783010 0.159826572
v -0.780749143 1.150264005 0.064467898
f 807 802 795
f 809 802 794
f 809 798 802
f 811 793 795
f 817 794 810
f 817 809 794
f 817 798 809
f 819 817 806
f 819 798 817
f 819 796 816
f 820 807 795
f 820 795 793
f 820 793 801
f 820 801 807
f 821 807 801
f 821 801 797
f 821 797 800
f 821 810 807
f 821 800 810
f 822 802 798
f 822 798 819
f 822 819 816
f 822 808 795
f 822 795 802
f 823 803 811
f 824 803 823
f 825 810 794
f 825 794 802
f 825 802 807
f 825 807 810
f 826 801 793
f 826 793 811
f 827 826 811
f 828 797 801
f 828 827 812
f 829 816 796
f 830 812 827
f 831 800 797
f 831 797 814
f 832 796 818
f 832 829 796
f 833 815 814
f 833 814 804
f 833 832 815
f 833 829 832
f 833 804 813
f 833 813 829
f 834 816 805
f 834 822 816
f 834 808 822
f 834 824 808
f 834 805 824
f 835 817 810
f 835 810 800
f 835 806 817
f 835 818 806
f 835 832 818
f 835 815 832
f 836 818 796
f 836 796 819
f 836 819 806
f 836 806 818
f 837 795 808
f 837 824 823
f 837 823 811
f 837 811 795
f 838 824 799
f 838 803 824
f 839 830 827
f 839 803 838
f 840 811 803
f 840 803 839
f 841 828 801
f 841 801 826
f 841 826 827
f 841 827 828
f 842 814 797
f 842 797 828
f 842 804 814
f 843 805 816
f 843 816 829
f 843 824 805
f 843 799 824
f 843 829 813
f 843 813 799
f 844 830 799
f 844 799 813
f 844 813 830
f 845 830 813
f 845 813 804
f 845 804 830
f 846 800 831
f 846 835 800
f 846 815 835
f 846 831 814
f 846 814 815
f 847 837 808
f 847 808 824
f 847 824 837
f 848 799 830
f 848 830 839
f 848 839 838
f 848 838 799
f 849 827 811
f 849 811 840
f 850 840 839
f 850 839 827
f 850 849 840
f 850 827 849
f 851 842 828
f 851 828 812
f 851 812 842
f 852 842 812
f 852 812 830
f 852 830 842
f 853 842 830
f 853 830 804
f 853 804 842
o bunny014
usemtl Material014
v 0.709230138 0.172837597 0.016788561
v 0.727511529 0.167506804 0.010051319
v 0.716326678 0.233935933 -0.034939360
v 0.450647214 0.219519947 -0.226679723
v 0.435073950 0.029799586 -0.018970942
v 0.721149972 0.172837597 -0.030890776
v 0.726675761 0.230714840 -0.027976676
v 0.554272292 0.029799586 0.052548063
v 0.578111961 0.232436768 -0.042810610
v 0.470833453 0.184757431 -0.221608124
v 0.709230138 0.232436768 -0.018970942
v 0.575354278 0.050533770 0.055122425
v 0.709230138 0.137078094 -0.007051108
v 0.465937139 0.234086658 -0.217730482
v 0.436181759 0.183674278 -0.223133517
v 0.709230138 0.220516934 -0.054730445
v 0.601951629 0.065559088 -0.007051108
v 0.722937962 0.158704635 0.014945392
v 0.530432624 0.053639254 0.052548063
v 0.721149972 0.148997928 -0.007051108
v 0.697310303 0.148997928 -0.030890776
v 0.435073950 0.065559088 -0.007051108
v 0.482753287 0.232436768 -0.221608124
v 0.446993784 0.101318591 -0.138169284
v 0.439207370 0.192635843 -0.227299619
v 0.721149972 0.196677265 -0.042810610
v 0.709230138 0.232436768 -0.054730445
v 0.554272292 0.029799586 0.040628229
v 0.601951629 0.053639254 0.028708395
v 0.566192127 0.065559088 0.052548063
v 0.434225005 0.034246887 0.006625891
v 0.528467490 0.036080722 0.054382563
v 0.709230138 0.137078094 0.004868726
v 0.697310303 0.137078094 -0.018970942
v 0.446993784 0.220516934 -0.209688290
v 0.435073950 0.053639254 0.004868726
v 0.482753287 0.208597099 -0.221608124
v 0.428099594 0.106626243 -0.135129451
v 0.446993784 0.029799586 -0.018970942
v 0.599385544 0.062024637 0.044208429
v 0.578111961 0.041719420 0.028708395
v 0.578111961 0.065559088 0.052548063
v 0.435073950 0.196677265 -0.209688290
v 0.530432624 0.232436768 -0.090489947
v 0.542352458 0.041719420 0.004868726
v 0.435073950 0.113238425 -0.066650279
v 0.482753287 0.232436768 -0.173928787
v 0.470833453 0.029799586 -0.007051108
v 0.518512790 0.220516934 -0.090489947
f 860 855 859
f 864 854 855
f 864 855 860
f 864 862 854
f 864 860 856
f 864 856 862
f 867 862 856
f 871 855 854
f 871 854 865
f 873 866 859
f 873 859 855
f 873 855 871
f 874 863 859
f 874 859 866
f 876 857 867
f 876 867 856
f 877 868 863
f 877 863 870
f 878 863 868
f 879 860 859
f 879 859 863
f 880 856 860
f 880 879 869
f 880 860 879
f 880 876 856
f 880 869 876
f 881 861 858
f 882 861 881
f 882 870 866
f 883 872 865
f 883 854 862
f 883 862 872
f 884 858 861
f 885 861 865
f 885 865 872
f 885 884 861
f 886 873 871
f 886 866 873
f 886 882 866
f 887 870 863
f 887 863 874
f 887 874 866
f 887 866 870
f 888 867 857
f 889 872 862
f 889 862 875
f 889 885 872
f 889 884 885
f 890 857 876
f 890 878 857
f 890 863 878
f 890 879 863
f 890 876 869
f 890 869 879
f 891 877 858
f 891 868 877
f 891 858 884
f 891 889 875
f 891 884 889
f 892 858 877
f 892 881 858
f 893 871 865
f 893 865 861
f 893 861 882
f 893 886 871
f 893 882 886
f 894 882 881
f 894 870 882
f 895 883 865
f 895 865 854
f 895 854 883
f 896 878 868
f 896 868 891
f 896 888 857
f 896 857 878
f 897 875 862
f 897 862 867
f 898 892 877
f 898 877 870
f 898 870 894
f 898 894 881
f 899 896 891
f 899 891 875
f 899 888 896
f 900 897 867
f 900 867 888
f 900 888 897
f 901 898 881
f 901 881 892
f 901 892 898
f 902 897 888
f 902 888 899
f 902 899 875
f 902 875 897
o bunny015
usemtl Material015
v 0.436262775 0.710501429 -0.212215292
v 0.438551264 0.579001944 -0.251624795
v 0.292035939 0.625791298 -0.340806467
v 0.005959917 0.625791298 -0.400405638
v 0.042802390 0.715421127 -0.254998620
v 0.256276436 0.530432624 -0.364646135
v 0.196677265 0.685390469 -0.340806467
v 0.435073950 0.590031795 -0.269287461
v 0.423154116 0.673470635 -0.209688290
v 0.172837597 0.590031795 -0.388485804
v 0.232436768 0.530432624 -0.340806467
v 0.423154116 0.709230138 -0.233527958
v 0.005959917 0.697310303 -0.328886632
v 0.440409449 0.675981530 -0.220015902
v 0.387394613 0.566192127 -0.305046964
v 0.411234281 0.578111961 -0.245447793
v 0.078201321 0.732360724 -0.248104987
v 0.006053051 0.599873212 -0.396130590
v 0.268196270 0.613871464 -0.352726301
v 0.101318591 0.637711132 -0.388485804
v 0.387394613 0.542352458 -0.269287461
v 0.280116105 0.661550801 -0.328886632
v 0.339715276 0.625791298 -0.316966798
v 0.435073950 0.697310303 -0.233527958
v 0.029799586 0.685390469 -0.352726301
v 0.435073950 0.601951629 -0.233527958
v 0.387394613 0.542352458 -0.305046964
v 0.423154116 0.601951629 -0.233527958
v 0.411234281 0.685390469 -0.209688290
v 0.137078094 0.733069806 -0.269287461
v 0.041719420 0.721149972 -0.281207295
v 0.172837597 0.578111961 -0.388485804
v 0.231032075 0.530160413 -0.358737253
v -0.031762152 0.668092340 -0.331638036
v 0.256276436 0.542352458 -0.364646135
v 0.327795442 0.601951629 -0.328886632
v 0.077478923 0.613871464 -0.400405638
v 0.172837597 0.661550801 -0.364646135
v 0.265404637 0.529497841 -0.347410843
v 0.232436768 0.685390469 -0.328886632
v 0.399314447 0.590031795 -0.293127130
v 0.005959917 0.661550801 -0.376565969
v 0.435073950 0.578111961 -0.269287461
v 0.405018083 0.544034395 -0.278476086
v 0.415117995 0.712221977 -0.219954902
v 0.160917762 0.721149972 -0.293127130
v 0.077478923 0.697310303 -0.340806467
v 0.077478923 0.733069806 -0.269287461
v -0.028939443 0.670603647 -0.327680763
v -0.030200230 0.662879043 -0.341612291
v 0.303955773 0.590031795 -0.340806467
v 0.148997928 0.613871464 -0.388485804
v 0.053639254 0.625791298 -0.400405638
v 0.268196270 0.649630966 -0.340806467
v 0.387394613 0.613871464 -0.293127130
v -0.017879751 0.685390469 -0.340806467
v 0.101318591 0.661550801 -0.376565969
v 0.394681901 0.541916427 -0.284006796
v 0.232436768 0.721149972 -0.269287461
v 0.196677265 0.709230138 -0.305046964
v 0.101318591 0.697310303 -0.340806467
v 0.053639254 0.709230138 -0.316966798
v 0.244356602 0.637711132 -0.352726301
v 0.005959917 0.673470635 -0.364646135
v 0.125158260 0.673470635 -0.364646135
v 0.387394613 0.709230138 -0.245447793
v 0.172837597 0.697310303 -0.328886632
v 0.125158260 0.685390469 -0.352726301
v 0.220516934 0.697310303 -0.316966798
v 0.137078094 0.709230138 -0.316966798
f 916 904 910
f 916 903 911
f 923 904 918
f 923 918 907
f 923 907 913
f 925 924 914
f 926 914 903
f 926 925 914
f 926 916 910
f 926 903 916
f 928 916 911
f 928 904 916
f 928 918 904
f 929 917 910
f 929 908 917
f 930 911 907
f 930 907 918
f 930 928 911
f 930 918 928
f 931 911 903
f 931 903 919
f 931 919 907
f 931 907 911
f 932 919 903
f 933 907 919
f 934 912 908
f 934 908 920
f 935 920 908
f 935 913 920
f 936 920 913
f 937 908 912
f 937 912 921
f 937 917 908
f 938 921 905
f 938 925 917
f 938 905 925
f 939 912 934
f 939 934 920
f 939 920 906
f 941 923 913
f 941 908 929
f 941 935 908
f 941 913 935
f 942 924 909
f 942 909 914
f 942 914 924
f 943 910 917
f 943 917 925
f 945 929 910
f 945 910 904
f 946 904 923
f 946 945 904
f 946 929 945
f 947 932 903
f 947 903 914
f 947 914 932
f 949 927 915
f 949 944 927
f 950 933 919
f 950 919 932
f 950 932 949
f 950 915 933
f 951 936 913
f 951 913 907
f 952 906 920
f 952 920 936
f 953 937 921
f 953 921 938
f 953 938 917
f 953 917 937
f 954 939 922
f 954 912 939
f 954 922 940
f 954 921 912
f 955 939 906
f 955 922 939
f 955 906 944
f 956 905 921
f 956 925 905
f 956 924 925
f 956 940 909
f 956 909 924
f 957 943 925
f 957 925 926
f 957 926 910
f 957 910 943
f 958 915 927
f 958 944 906
f 958 906 952
f 958 952 936
f 958 936 951
f 958 933 915
f 958 951 907
f 958 907 933
f 959 940 922
f 959 955 944
f 959 922 955
f 959 944 949
f 960 941 929
f 960 929 946
f 960 946 923
f 960 923 941
f 961 948 932
f 961 932 914
f 963 959 949
f 963 949 932
f 964 950 949
f 964 949 915
f 964 915 950
f 965 954 940
f 965 940 956
f 965 956 921
f 965 921 954
f 966 958 927
f 966 927 944
f 966 944 958
f 967 909 940
f 967 940 959
f 968 962 948
f 968 914 909
f 968 961 914
f 968 948 961
f 969 962 909
f 969 909 963
f 970 963 909
f 970 909 967
f 970 967 959
f 970 959 963
f 971 968 909
f 971 909 962
f 971 962 968
f 972 969 963
f 972 948 962
f 972 962 969
f 972 963 932
f 972 932 948
o bunny016
usemtl Material016
v -0.411234281 0.256276436 0.124067069
v -0.411234281 0.160917762 0.124067069
v -0.411234281 0.256276436 0.100227400
v -0.424502267 0.256437520 -0.019229073
v -0.613871464 0.041719420 0.112147235
v -0.423615147 0.220501150 -0.019344711
v -0.444025071 0.264212706 0.098971213
v -0.601951629 0.065559088 0.124067069
v -0.411234281 0.196677265 0.100227400
v -0.590031795 0.065559088 -0.007051108
v -0.426209324 0.261134255 -0.017323627
v -0.554272292 -0.005959917 0.124067069
v -0.432657977 0.258963652 0.123488716
v -0.411234281 0.160917762 0.112147235
v -0.601951629 0.089398757 0.064467898
v -0.578111961 0.089398757 -0.007051108
v -0.601951629 0.017879751 0.124067069
v -0.530052085 0.002946868 -0.006960879
v -0.578111961 0.101318591 0.124067069
v -0.613871464 0.041719420 0.016788561
v -0.601951629 0.089398757 0.100227400
v -0.446993784 0.256276436 0.028708395
v -0.578111961 -0.005959917 -0.007051108
v -0.431001240 0.173767563 -0.011867909
v -0.530045465 0.005679758 0.123559930
v -0.566192127 0.125158260 0.112147235
v -0.613871464 0.053639254 0.088307566
v -0.613871464 0.005959917 0.088307566
v -0.601951629 0.077478923 0.028708395
v -0.590031795 0.101318591 0.040628229
v -0.601951629 0.005959917 0.004868726
v -0.613871464 0.053639254 0.028708395
v -0.613871464 0.017879751 0.112147235
v -0.578111961 -0.005959917 0.064467898
v -0.590031795 0.005959917 0.124067069
v -0.578111961 0.113238425 0.028708395
v -0.613871464 0.017879751 0.016788561
v -0.613871464 0.005959917 0.064467898
v -0.566192127 -0.005959917 0.112147235
v -0.601951629 0.005959917 0.112147235
v -0.578111961 0.101318591 0.004868726
f 973 974 975
f 978 976 975
f 980 974 973
f 981 978 975
f 981 975 974
f 982 976 978
f 983 979 973
f 983 973 975
f 983 975 976
f 984 974 980
f 985 973 979
f 986 981 974
f 986 978 981
f 988 983 976
f 988 976 982
f 989 984 980
f 989 980 977
f 990 986 974
f 991 980 973
f 991 973 985
f 993 977 980
f 993 980 991
f 993 979 987
f 994 979 983
f 995 982 978
f 995 978 990
f 995 990 984
f 996 990 978
f 996 978 986
f 996 986 990
f 997 990 974
f 997 974 984
f 997 984 990
f 998 991 985
f 998 985 979
f 998 993 991
f 998 979 993
f 999 992 977
f 999 993 987
f 999 977 993
f 1000 977 992
f 1002 987 979
f 1002 979 994
f 1002 1001 987
f 1003 982 995
f 1004 999 987
f 1004 992 999
f 1004 987 1001
f 1004 982 992
f 1005 989 977
f 1005 977 1000
f 1006 1000 995
f 1006 995 984
f 1007 984 989
f 1007 989 1005
f 1008 1002 994
f 1008 994 983
f 1009 1000 992
f 1009 992 982
f 1009 982 1003
f 1010 1003 995
f 1010 995 1000
f 1010 1009 1003
f 1010 1000 1009
f 1011 1006 984
f 1011 1000 1006
f 1011 984 1007
f 1012 1007 1005
f 1012 1005 1000
f 1012 1011 1007
f 1012 1000 1011
f 1013 1008 983
f 1013 983 988
f 1013 1001 1002
f 1013 1002 1008
f 1013 988 982
f 1013 1004 1001
f 1013 982 1004
o bunny017
usemtl Material017
v 0.280116105 0.590031795 0.636619941
v 0.435073950 0.292035939 0.541261267
v 0.435073950 0.625791298 0.553181102
v 0.351635110 0.685390469 0.529341433
v 0.231960155 0.232633166 0.598433923
v 0.436587303 0.374867875 0.518695518
v 0.351635110 0.685390469 0.565100936
v 0.411234281 0.470833453 0.588940604
v 0.231526794 0.588434929 0.632478433
v 0.435073950 0.435073950 0.565100936
v 0.435183229 0.649676524 0.529596002
v 0.303955773 0.220516934 0.553181102
v 0.339715276 0.637711132 0.600860439
v 0.280116105 0.303955773 0.624700107
v 0.232436768 0.268196270 0.588940604
v 0.329995549 0.689450811 0.548672543
v 0.268196270 0.625791298 0.624700107
v 0.435073950 0.566192127 0.565100936
v 0.436114882 0.291884995 0.518604451
v 0.423154116 0.446993784 0.577020770
v 0.411234281 0.375474779 0.517421599
v 0.399587550 0.685781805 0.531052066
v 0.327795442 0.220516934 0.577020770
v 0.339715276 0.661550801 0.588940604
v 0.387394613 0.446993784 0.600860439
v 0.232436768 0.303955773 0.636619941
v 0.233714888 0.592274703 0.630517140
v 0.280116105 0.625791298 0.624700107
v 0.411234281 0.518512790 0.588940604
v 0.411234281 0.292035939 0.517421599
v 0.297084659 0.216654114 0.573446697
v 0.327795442 0.244356602 0.588940604
v 0.329125849 0.219499028 0.555380324
v 0.280116105 0.411234281 0.636619941
v 0.292035939 0.232436768 0.600860439
v 0.327795442 0.613871464 0.612780273
v 0.363554944 0.506592955 0.612780273
v 0.351635110 0.673470635 0.529341433
v 0.234200331 0.231710055 0.597919195
v 0.339715276 0.232436768 0.577020770
v 0.292035939 0.327795442 0.624700107
v 0.244356602 0.303955773 0.636619941
v 0.303955773 0.220516934 0.588940604
v 0.363554944 0.458913618 0.612780273
v 0.327795442 0.482753287 0.624700107
v 0.387394613 0.518512790 0.600860439
v 0.315875607 0.327795442 0.612780273
v 0.256276436 0.327795442 0.636619941
v 0.327795442 0.458913618 0.624700107
f 1024 1016 1019
f 1028 1018 1022
f 1028 1025 1018
f 1028 1017 1025
f 1029 1017 1028
f 1030 1022 1014
f 1030 1020 1029
f 1031 1023 1019
f 1031 1019 1016
f 1031 1021 1023
f 1032 1023 1015
f 1032 1019 1023
f 1033 1023 1021
f 1033 1015 1023
f 1034 1024 1019
f 1034 1017 1024
f 1034 1019 1032
f 1035 1020 1016
f 1035 1016 1024
f 1035 1024 1017
f 1035 1029 1020
f 1035 1017 1029
f 1037 1026 1016
f 1037 1016 1020
f 1037 1020 1030
f 1038 1033 1021
f 1038 1015 1033
f 1039 1022 1018
f 1039 1014 1022
f 1040 1029 1028
f 1040 1028 1022
f 1040 1030 1029
f 1040 1022 1030
f 1041 1030 1014
f 1041 1037 1030
f 1041 1026 1037
f 1042 1031 1016
f 1042 1021 1031
f 1042 1038 1021
f 1043 1034 1032
f 1043 1032 1025
f 1043 1017 1034
f 1045 1015 1038
f 1046 1032 1015
f 1046 1015 1036
f 1046 1025 1032
f 1046 1044 1025
f 1046 1036 1044
f 1047 1014 1039
f 1048 1039 1018
f 1048 1036 1045
f 1048 1045 1027
f 1049 1042 1016
f 1049 1016 1026
f 1049 1041 1014
f 1049 1026 1041
f 1050 1038 1042
f 1050 1049 1014
f 1051 1043 1025
f 1051 1025 1017
f 1051 1017 1043
f 1052 1018 1025
f 1052 1025 1044
f 1052 1048 1018
f 1053 1045 1036
f 1053 1036 1015
f 1053 1015 1045
f 1054 1027 1045
f 1055 1048 1027
f 1055 1039 1048
f 1055 1027 1054
f 1055 1047 1039
f 1056 1044 1036
f 1056 1036 1048
f 1056 1052 1044
f 1056 1048 1052
f 1057 1038 1050
f 1057 1054 1038
f 1057 1047 1054
f 1058 1050 1014
f 1058 1014 1047
f 1058 1057 1050
f 1059 1050 1042
f 1059 1042 1049
f 1059 1049 1050
f 1060 1054 1045
f 1060 1045 1038
f 1060 1038 1054
f 1061 1055 1054
f 1061 1054 1047
f 1061 1047 1055
f 1062 1058 1047
f 1062 1047 1057
f 1062 1057 1058
o bunny018
usemtl Material018
v -0.613499934 0.744769812 0.433283164
v -0.612059366 0.755837288 0.430570559
v -0.742534369 0.855977095 0.338660268
v -0.760506222 0.826104818 0.195452346
v -0.661550801 0.554272292 0.398223257
v -0.637711132 0.804588811 0.398223257
v -0.682295247 0.825826033 0.397759790
v -0.744989640 0.816508646 0.195586074
v -0.792668977 0.649630966 0.279024914
v -0.637711132 0.756909475 0.433982759
v -0.709230138 0.852268148 0.338624085
v -0.645742045 0.803189123 0.415257862
v -0.744989640 0.828428480 0.195586074
v -0.792668977 0.721149972 0.255185246
v -0.736338827 0.556372815 0.310937419
v -0.786677345 0.649543548 0.241848608
v -0.685390469 0.590031795 0.422062925
v -0.697310303 0.840348314 0.326704251
v -0.760234443 0.813320579 0.194957613
v -0.752816232 0.858405383 0.312839113
v -0.744989640 0.554272292 0.326704251
v -0.768077271 0.792384476 0.195534037
v -0.792668977 0.721149972 0.243265411
v -0.673470635 0.625791298 0.433982759
v -0.756909475 0.697310303 0.338624085
v -0.709230138 0.852268148 0.326704251
v -0.744989640 0.840348314 0.219425743
v -0.792668977 0.673470635 0.279024914
v -0.721149972 0.554272292 0.374383588
v -0.731469004 0.551766706 0.319373268
v -0.764652058 0.835031706 0.222580942
v -0.673470635 0.709230138 0.422062925
v -0.673470635 0.590031795 0.433982759
v -0.697310303 0.637711132 0.410143091
v -0.733069806 0.852268148 0.279024914
v -0.780749143 0.685390469 0.302864583
v -0.756909475 0.578111961 0.326704251
v -0.756909475 0.637711132 0.338624085
v -0.673470635 0.554272292 0.422062925
v -0.754446912 0.855960411 0.301694255
v -0.697310303 0.613871464 0.410143091
v -0.780749143 0.649630966 0.302864583
v -0.659125631 0.555641586 0.418570609
v -0.780749143 0.768829309 0.255185246
v -0.655578962 0.590076105 0.428034000
f 1067 1064 1063
f 1070 1064 1067
f 1072 1063 1064
f 1073 1069 1068
f 1073 1065 1069
f 1074 1064 1068
f 1074 1068 1069
f 1074 1072 1064
f 1074 1069 1072
f 1075 1068 1064
f 1075 1064 1070
f 1077 1070 1067
f 1078 1070 1077
f 1080 1068 1075
f 1081 1075 1070
f 1081 1066 1075
f 1082 1065 1073
f 1083 1078 1077
f 1083 1071 1078
f 1084 1066 1081
f 1084 1081 1070
f 1084 1070 1078
f 1085 1078 1071
f 1085 1071 1076
f 1085 1084 1078
f 1086 1069 1065
f 1088 1073 1068
f 1088 1068 1080
f 1088 1082 1073
f 1089 1075 1066
f 1089 1088 1080
f 1089 1080 1075
f 1090 1082 1076
f 1090 1076 1071
f 1090 1065 1082
f 1092 1083 1077
f 1092 1077 1067
f 1092 1091 1083
f 1093 1066 1084
f 1093 1084 1085
f 1093 1089 1066
f 1093 1085 1076
f 1094 1086 1072
f 1094 1072 1069
f 1094 1069 1086
f 1095 1063 1072
f 1095 1072 1086
f 1095 1086 1079
f 1096 1086 1065
f 1096 1065 1087
f 1096 1079 1086
f 1097 1089 1082
f 1097 1082 1088
f 1097 1088 1089
f 1098 1087 1065
f 1098 1065 1090
f 1098 1090 1071
f 1099 1071 1083
f 1099 1083 1091
f 1100 1099 1091
f 1100 1087 1098
f 1100 1096 1087
f 1101 1092 1067
f 1101 1091 1092
f 1101 1095 1079
f 1101 1079 1091
f 1102 1082 1089
f 1102 1089 1093
f 1103 1100 1091
f 1103 1091 1079
f 1103 1079 1096
f 1103 1096 1100
f 1104 1100 1098
f 1104 1098 1071
f 1104 1071 1099
f 1104 1099 1100
f 1105 1101 1067
f 1105 1067 1063
f 1105 1095 1101
f 1106 1102 1093
f 1106 1093 1076
f 1106 1076 1082
f 1106 1082 1102
f 1107 1105 1063
f 1107 1063 1095
f 1107 1095 1105
o bunny019
usemtl Material019
v -0.172837597 1.007225994 -0.018970942
v 0.256276436 0.852268148 -0.185848621
v 0.148997928 0.983386325 -0.114329616
v -0.399314447 0.864187983 -0.185848621
v -0.411234281 0.864187983 -0.150089119
v 0.232436768 0.899947485 -0.197768456
v -0.351635110 1.007225994 -0.090489947
v 0.005959917 0.959546657 -0.054730445
v 0.068193341 0.835303880 -0.212865752
v 0.256245475 0.935099336 -0.149458758
v -0.315875607 1.042985496 -0.030890776
v -0.447748421 1.006540672 -0.064055615
v -0.351635110 0.959546657 -0.138169284
v 0.149054167 0.983981064 -0.091063965
v -0.089398757 0.852268148 -0.162008953
v -0.196677265 0.983386325 -0.018970942
v -0.398336027 0.846965295 -0.176046870
v 0.256276436 0.864187983 -0.209688290
v 0.065559088 0.852268148 -0.221608124
v 0.256276436 0.911867320 -0.185848621
v -0.292035939 1.031065662 -0.054730445
v -0.446993784 0.935706988 -0.126249450
v -0.396231447 1.035712389 -0.039193623
v -0.446993784 0.995306159 -0.078570113
v 0.006262722 0.982592991 -0.054236888
v -0.315875607 1.042985496 -0.018970942
v 0.065559088 0.995306159 -0.090489947
v 0.256276436 0.911867320 -0.150089119
v 0.255067324 0.839552646 -0.199803236
v -0.170487133 0.987854136 -0.020866163
v -0.184757431 0.971466491 -0.030890776
v -0.446993784 0.959546657 -0.066650279
v 0.160917762 0.852268148 -0.221608124
v 0.089398757 0.876107817 -0.209688290
v -0.375474779 0.935706988 -0.150089119
v 0.244356602 0.876107817 -0.209688290
v 0.256494721 0.840491959 -0.199553033
v -0.268196270 1.007225994 -0.090489947
v -0.411029829 0.851319726 -0.172282024
v -0.444745191 1.009268049 -0.062461776
v -0.258397535 1.021502613 -0.016197745
v -0.364733351 1.041741639 -0.017420427
v 0.065559088 0.840348314 -0.185848621
v -0.449192214 0.929084616 -0.108694623
v 0.157796337 0.835479413 -0.213296614
v 0.184757431 0.899947485 -0.197768456
v -0.423154116 0.935706988 -0.138169284
v -0.411234281 0.876107817 -0.173928787
v -0.446993784 0.983386325 -0.054730445
v -0.375474779 1.019145828 -0.018970942
v 0.005959917 0.840348314 -0.185848621
v -0.444642375 0.918121065 -0.119527274
v -0.435073950 0.959546657 -0.114329616
v -0.399314447 0.971466491 -0.114329616
f 1121 1117 1110
f 1122 1109 1115
f 1124 1111 1116
f 1124 1122 1112
f 1126 1116 1111
f 1127 1110 1117
f 1128 1118 1110
f 1130 1128 1114
f 1130 1118 1128
f 1131 1114 1120
f 1131 1129 1119
f 1132 1121 1108
f 1132 1108 1115
f 1132 1115 1121
f 1133 1108 1121
f 1134 1121 1110
f 1134 1110 1118
f 1134 1133 1121
f 1134 1118 1133
f 1135 1121 1115
f 1135 1115 1109
f 1135 1117 1121
f 1137 1123 1115
f 1137 1115 1108
f 1137 1108 1123
f 1138 1122 1115
f 1138 1115 1123
f 1138 1123 1112
f 1138 1112 1122
f 1139 1112 1123
f 1140 1126 1113
f 1140 1125 1136
f 1141 1126 1120
f 1142 1126 1111
f 1142 1120 1126
f 1143 1127 1125
f 1143 1113 1127
f 1143 1140 1113
f 1143 1125 1140
f 1144 1125 1127
f 1144 1136 1125
f 1144 1109 1136
f 1144 1135 1109
f 1144 1127 1117
f 1144 1117 1135
f 1145 1128 1110
f 1145 1114 1128
f 1145 1127 1114
f 1145 1110 1127
f 1146 1124 1112
f 1146 1111 1124
f 1147 1130 1114
f 1147 1131 1119
f 1147 1114 1131
f 1148 1123 1108
f 1148 1108 1133
f 1149 1133 1118
f 1149 1118 1130
f 1149 1130 1147
f 1149 1148 1133
f 1150 1136 1109
f 1150 1109 1122
f 1151 1119 1129
f 1151 1146 1112
f 1151 1112 1139
f 1152 1140 1136
f 1152 1116 1126
f 1152 1126 1140
f 1152 1150 1116
f 1152 1136 1150
f 1153 1141 1120
f 1153 1113 1126
f 1153 1126 1141
f 1153 1120 1114
f 1153 1127 1113
f 1153 1114 1127
f 1154 1142 1111
f 1154 1120 1142
f 1155 1146 1129
f 1155 1111 1146
f 1155 1154 1111
f 1155 1129 1154
f 1156 1149 1147
f 1156 1147 1119
f 1156 1151 1139
f 1156 1119 1151
f 1157 1123 1148
f 1157 1148 1149
f 1157 1149 1156
f 1157 1156 1139
f 1157 1139 1123
f 1158 1124 1116
f 1158 1116 1150
f 1158 1150 1122
f 1158 1122 1124
f 1159 1151 1129
f 1159 1129 1146
f 1159 1146 1151
f 1160 1154 1129
f 1160 1129 1131
f 1160 1120 1154
f 1161 1160 1131
f 1161 1131 1120
f 1161 1120 1160
o bunny020
usemtl Material020
v 0.339715276 0.888027651 0.445902594
v 0.451217759 0.881163254 0.393698535
v 0.363554944 1.007225994 0.350543920
v 0.291174963 1.061892688 0.207046123
v 0.315875607 0.876107817 0.422062925
v 0.458913618 0.995306159 0.243265411
v 0.101318591 0.995306159 0.398223257
v 0.423154116 0.935706988 0.398223257
v 0.419922985 0.870295263 0.412899718
v 0.339715276 1.054905331 0.267105080
v 0.423154116 0.983386325 0.243265411
v 0.313388953 0.874682987 0.437945501
v 0.101479854 0.982570282 0.385615236
v 0.303955773 0.971466491 0.410143091
v 0.435073950 0.995306159 0.314784417
v 0.423154116 0.888027651 0.422062925
v 0.399314447 1.031065662 0.243265411
v 0.244356602 1.042985496 0.338624085
v 0.315875607 1.042985496 0.207505909
v 0.423154116 0.876107817 0.386303422
v 0.315875607 0.888027651 0.445902594
v 0.339229250 0.870809052 0.436526587
v 0.173139619 1.050025829 0.289604861
v 0.102614831 0.976826936 0.392691583
v 0.339715276 0.959546657 0.410143091
v 0.411234281 0.971466491 0.374383588
v 0.327795442 1.042985496 0.314784417
v 0.446993784 0.959546657 0.362463754
v 0.411234281 0.899947485 0.422062925
v 0.444574147 0.871755077 0.403281210
v 0.313250828 1.056551663 0.206382980
v 0.423154116 1.019145828 0.267105080
v 0.315875607 1.007225994 0.374383588
v 0.457012999 0.980700724 0.242666427
v 0.303955773 1.042985496 0.207505909
v 0.292035939 0.971466491 0.410143091
v 0.387394613 0.888027651 0.433982759
v 0.102894416 0.987370981 0.380127946
v 0.148997928 1.042985496 0.338624085
v 0.303955773 1.066825165 0.255185246
v 0.411234281 1.007225994 0.314784417
v 0.399314447 0.947626822 0.398223257
v 0.458913618 0.983386325 0.302864583
v 0.446993784 0.888027651 0.410143091
v 0.411234281 0.923787154 0.410143091
v 0.446993784 1.007225994 0.243265411
v 0.399314447 1.031065662 0.255185246
v 0.351635110 1.042985496 0.290944748
v 0.292035939 1.031065662 0.350543920
v 0.351635110 0.995306159 0.374383588
v 0.315875607 0.983386325 0.398223257
v 0.384538202 0.870879216 0.424994543
v 0.268196270 1.007225994 0.386303422
v 0.150048359 1.033760083 0.321532326
v 0.172837597 1.054905331 0.314784417
v 0.315875607 1.066825165 0.243265411
v 0.315875607 1.054905331 0.290944748
v 0.446993784 0.911867320 0.398223257
v 0.458913618 0.995306159 0.267105080
v 0.268196270 1.054905331 0.314784417
v 0.351635110 0.983386325 0.386303422
v 0.148997928 1.007225994 0.386303422
v 0.256276436 0.995306159 0.398223257
v 0.446993784 1.007225994 0.255185246
v 0.303955773 1.042985496 0.326704251
f 1181 1166 1172
f 1182 1162 1175
f 1183 1182 1173
f 1183 1162 1182
f 1183 1173 1166
f 1183 1181 1170
f 1183 1166 1181
f 1185 1168 1174
f 1185 1182 1168
f 1185 1173 1182
f 1185 1174 1166
f 1185 1166 1173
f 1186 1175 1162
f 1189 1187 1169
f 1189 1176 1187
f 1190 1186 1162
f 1191 1177 1170
f 1191 1170 1181
f 1195 1181 1172
f 1195 1167 1163
f 1195 1191 1181
f 1195 1163 1191
f 1195 1192 1167
f 1195 1180 1192
f 1196 1192 1180
f 1196 1165 1192
f 1196 1184 1165
f 1196 1166 1174
f 1196 1172 1166
f 1196 1195 1172
f 1196 1180 1195
f 1197 1182 1175
f 1197 1175 1168
f 1197 1168 1182
f 1198 1162 1183
f 1198 1190 1162
f 1198 1177 1190
f 1198 1170 1177
f 1199 1174 1168
f 1199 1196 1174
f 1199 1184 1196
f 1200 1199 1168
f 1202 1187 1176
f 1202 1164 1187
f 1202 1188 1164
f 1202 1176 1193
f 1203 1186 1169
f 1203 1169 1187
f 1204 1163 1167
f 1204 1176 1189
f 1204 1193 1176
f 1205 1191 1163
f 1205 1177 1191
f 1205 1190 1177
f 1206 1190 1169
f 1206 1169 1186
f 1206 1186 1190
f 1207 1192 1178
f 1207 1167 1192
f 1207 1178 1193
f 1208 1193 1178
f 1208 1171 1193
f 1209 1193 1171
f 1209 1171 1188
f 1209 1202 1193
f 1209 1188 1202
f 1211 1187 1164
f 1211 1164 1188
f 1212 1175 1186
f 1213 1198 1183
f 1213 1183 1170
f 1213 1170 1198
f 1214 1179 1200
f 1214 1210 1179
f 1214 1194 1210
f 1214 1212 1194
f 1214 1175 1212
f 1215 1200 1184
f 1215 1184 1199
f 1215 1199 1200
f 1216 1201 1165
f 1216 1165 1184
f 1216 1184 1200
f 1216 1200 1179
f 1217 1192 1165
f 1217 1165 1201
f 1217 1178 1192
f 1217 1201 1171
f 1217 1208 1178
f 1217 1171 1208
f 1218 1188 1171
f 1218 1171 1201
f 1219 1204 1189
f 1219 1189 1169
f 1219 1169 1190
f 1219 1190 1205
f 1219 1205 1163
f 1219 1163 1204
f 1220 1204 1167
f 1220 1167 1207
f 1220 1193 1204
f 1221 1179 1210
f 1221 1188 1218
f 1221 1216 1179
f 1221 1218 1201
f 1221 1201 1216
f 1222 1212 1186
f 1222 1187 1211
f 1222 1211 1194
f 1222 1194 1212
f 1222 1203 1187
f 1222 1186 1203
f 1223 1214 1200
f 1223 1200 1168
f 1223 1168 1214
f 1224 1214 1168
f 1224 1168 1175
f 1224 1175 1214
f 1225 1220 1207
f 1225 1207 1193
f 1225 1193 1220
f 1226 1221 1210
f 1226 1188 1221
f 1226 1210 1194
f 1226 1211 1188
f 1226 1194 1211
o bunny021
usemtl Material021
v -0.495514529 1.245774212 -0.054649551
v -0.482753287 1.186023507 -0.066650279
v -0.512201978 1.314905063 -0.378127093
v -0.589337946 1.315808529 -0.487581701
v -0.637711132 1.197943342 -0.078570113
v -0.542352458 1.281382181 -0.471924643
v -0.637678959 1.221802515 -0.066636635
v -0.482753287 1.197943342 -0.066650279
v -0.506592955 1.269462347 -0.328886632
v -0.541693507 1.304804587 -0.483964121
v -0.613871464 1.257542513 -0.424245306
v -0.530432624 1.317141684 -0.376565969
v -0.626326161 1.186052922 -0.055836378
v -0.489365692 1.184705980 -0.049730273
v -0.601951629 1.281382181 -0.483844478
v -0.526785342 1.314832142 -0.436827367
v -0.625791298 1.281382181 -0.400405638
v -0.518512790 1.174103673 -0.090489947
v -0.599844266 1.316817644 -0.447687050
v -0.632847843 1.201496568 -0.058258307
v -0.613871464 1.174103673 -0.078570113
v -0.490839488 1.196332160 -0.048615817
v -0.554272292 1.281382181 -0.483844478
v -0.518512790 1.281382181 -0.388485804
v -0.517171042 1.316666154 -0.400737550
v -0.613871464 1.293302016 -0.460004809
v -0.625791298 1.257542513 -0.376565969
v -0.637711132 1.221783010 -0.102409782
v -0.494209772 1.173861806 -0.055915459
v -0.623611626 1.281121031 -0.340418944
v -0.632469420 1.208768368 -0.060287454
v -0.616788752 1.174264110 -0.060762508
v -0.590031795 1.174103673 -0.102409782
v -0.601951629 1.269462347 -0.460004809
v -0.554272292 1.269462347 -0.460004809
v -0.592212311 1.318488343 -0.480056185
v -0.625791298 1.269462347 -0.400405638
v -0.613871464 1.305221850 -0.460004809
v -0.590031795 1.257542513 -0.424245306
v -0.637711132 1.209863176 -0.102409782
v -0.613871464 1.305221850 -0.448084975
v -0.566192127 1.174103673 -0.102409782
f 1234 1229 1227
f 1235 1228 1232
f 1235 1234 1228
f 1235 1229 1234
f 1238 1233 1227
f 1238 1227 1229
f 1240 1228 1234
f 1242 1236 1230
f 1245 1233 1238
f 1246 1233 1231
f 1246 1231 1239
f 1246 1239 1227
f 1248 1240 1234
f 1248 1234 1227
f 1248 1227 1239
f 1248 1239 1240
f 1249 1236 1232
f 1249 1241 1230
f 1249 1230 1236
f 1250 1229 1235
f 1250 1235 1232
f 1250 1232 1236
f 1250 1236 1242
f 1251 1238 1229
f 1251 1250 1242
f 1251 1229 1250
f 1252 1241 1237
f 1253 1247 1231
f 1253 1237 1247
f 1254 1231 1233
f 1254 1233 1243
f 1255 1232 1228
f 1255 1228 1240
f 1256 1243 1233
f 1256 1233 1245
f 1257 1246 1227
f 1257 1227 1233
f 1257 1233 1246
f 1258 1239 1231
f 1258 1231 1247
f 1258 1247 1255
f 1258 1255 1240
f 1258 1240 1239
f 1259 1247 1237
f 1259 1255 1247
f 1260 1237 1241
f 1260 1241 1249
f 1261 1260 1249
f 1261 1237 1260
f 1261 1249 1232
f 1261 1255 1244
f 1261 1232 1255
f 1262 1251 1242
f 1262 1242 1230
f 1262 1245 1238
f 1262 1238 1251
f 1263 1252 1237
f 1263 1243 1252
f 1263 1237 1253
f 1263 1253 1231
f 1263 1254 1243
f 1264 1230 1241
f 1264 1241 1252
f 1264 1262 1230
f 1264 1245 1262
f 1264 1252 1243
f 1265 1259 1237
f 1265 1237 1261
f 1265 1261 1244
f 1266 1263 1231
f 1266 1231 1254
f 1266 1254 1263
f 1267 1256 1245
f 1267 1245 1264
f 1267 1264 1243
f 1267 1243 1256
f 1268 1265 1244
f 1268 1259 1265
f 1268 1244 1255
f 1268 1255 1259
o bunny022
usemtl Material022
v -0.446993784 0.339715276 -0.042810610
v -0.335423387 0.402917044 -0.152247597
v -0.339715276 0.423154116 -0.138169284
v -0.566192127 0.542352458 -0.185848621
v -0.470833453 0.387394613 -0.150089119
v -0.482086142 0.542524150 -0.196084257
v -0.387394613 0.327795442 -0.078570113
v -0.613871464 0.435073950 -0.102409782
v -0.339342110 0.439475503 -0.165731915
v -0.554272292 0.542352458 -0.162008953
v -0.482753287 0.470833453 -0.197768456
v -0.411234281 0.339715276 -0.054730445
v -0.387394613 0.339715276 -0.114329616
v -0.518512790 0.339715276 -0.066650279
v -0.601951629 0.482753287 -0.102409782
v -0.575400763 0.543203813 -0.167473194
v -0.518512790 0.506592955 -0.197768456
v -0.554272292 0.458913618 -0.173928787
v -0.339715276 0.423154116 -0.173928787
v -0.387394613 0.351635110 -0.078570113
v -0.449294903 0.321047981 -0.048908000
v -0.383641140 0.329369117 -0.096727354
v -0.515310199 0.345865267 -0.050083033
v -0.399314447 0.327795442 -0.102409782
v -0.579594235 0.541887003 -0.165538375
v -0.470833453 0.470833453 -0.197768456
v -0.518512790 0.435073950 -0.173928787
v -0.506592955 0.482753287 -0.197768456
v -0.613871464 0.470833453 -0.138169284
v -0.554272292 0.494673121 -0.185848621
v -0.458913618 0.399314447 -0.162008953
v -0.411234281 0.327795442 -0.054730445
v -0.610111350 0.439779528 -0.086749072
v -0.460497508 0.323151079 -0.047007521
v -0.518512790 0.363554944 -0.102409782
v -0.399314447 0.339715276 -0.114329616
v -0.458913618 0.327795442 -0.078570113
v -0.470534536 0.507215999 -0.196357614
v -0.518512790 0.458913618 -0.185848621
v -0.566192127 0.435073950 -0.150089119
v -0.613871464 0.482753287 -0.138169284
v -0.566192127 0.518512790 -0.185848621
v -0.601951629 0.470833453 -0.150089119
v -0.494673121 0.446993784 -0.185848621
v -0.458913618 0.339715276 -0.042810610
v -0.470833453 0.375474779 -0.138169284
v -0.620360791 0.478259607 -0.109217956
v -0.578111961 0.494673121 -0.173928787
v -0.482753287 0.423154116 -0.173928787
v -0.590031795 0.458913618 -0.090489947
v -0.470833453 0.339715276 -0.090489947
v -0.618809435 0.455494209 -0.095670541
f 1275 1270 1271
f 1277 1274 1271
f 1277 1271 1270
f 1278 1271 1274
f 1280 1271 1269
f 1283 1269 1271
f 1283 1271 1278
f 1284 1278 1274
f 1284 1274 1272
f 1285 1272 1274
f 1287 1274 1277
f 1287 1277 1270
f 1287 1270 1281
f 1288 1280 1275
f 1288 1275 1271
f 1288 1271 1280
f 1290 1281 1270
f 1290 1270 1275
f 1292 1281 1290
f 1292 1290 1275
f 1292 1275 1289
f 1293 1283 1278
f 1293 1278 1284
f 1293 1284 1272
f 1294 1285 1274
f 1294 1279 1285
f 1294 1287 1279
f 1296 1285 1279
f 1298 1296 1286
f 1298 1285 1296
f 1299 1273 1295
f 1299 1287 1281
f 1300 1280 1269
f 1300 1269 1289
f 1300 1289 1275
f 1300 1275 1280
f 1301 1276 1282
f 1301 1282 1291
f 1302 1289 1269
f 1302 1291 1282
f 1303 1282 1276
f 1304 1292 1273
f 1304 1281 1292
f 1304 1299 1281
f 1304 1273 1299
f 1305 1292 1289
f 1305 1302 1282
f 1305 1289 1302
f 1306 1294 1274
f 1306 1274 1287
f 1306 1287 1294
f 1307 1295 1286
f 1307 1286 1296
f 1308 1303 1276
f 1308 1286 1295
f 1308 1295 1273
f 1308 1273 1303
f 1309 1293 1272
f 1310 1272 1285
f 1310 1285 1298
f 1311 1272 1310
f 1311 1309 1272
f 1311 1297 1309
f 1311 1286 1308
f 1311 1308 1276
f 1311 1276 1297
f 1312 1295 1307
f 1312 1307 1296
f 1312 1296 1279
f 1313 1301 1291
f 1313 1302 1269
f 1313 1291 1302
f 1314 1303 1273
f 1314 1273 1292
f 1315 1283 1293
f 1315 1293 1309
f 1315 1309 1297
f 1316 1298 1286
f 1316 1286 1311
f 1316 1311 1310
f 1316 1310 1298
f 1317 1299 1295
f 1317 1295 1312
f 1317 1312 1279
f 1317 1279 1287
f 1317 1287 1299
f 1318 1313 1269
f 1318 1269 1283
f 1318 1283 1301
f 1318 1301 1313
f 1319 1303 1314
f 1319 1305 1282
f 1319 1282 1303
f 1319 1314 1292
f 1319 1292 1305
f 1320 1301 1283
f 1320 1283 1315
f 1320 1276 1301
f 1320 1315 1297
f 1320 1297 1276
o bunny023
usemtl Material023
v 0.339715276 0.792668977 0.505501765
v 0.340073454 0.771074457 0.507829111
v 0.315875607 0.923787154 0.398223257
v -0.038340096 0.963721563 0.345677442
v -0.077478923 0.756909475 0.505501765
v 0.315875607 0.792668977 0.457822428
v 0.137078094 0.947626822 0.445902594
v 0.339715276 0.828428480 0.445902594
v 0.290037633 0.762833994 0.511985746
v -0.041719420 0.935706988 0.350543920
v 0.292035939 0.959546657 0.422062925
v 0.137078094 0.852268148 0.493581931
v -0.077478923 0.888027651 0.433982759
v 0.341012133 0.776958339 0.502008574
v 0.315875607 0.947626822 0.422062925
v 0.315875607 0.840348314 0.433982759
v 0.292035939 0.756909475 0.493581931
v 0.292035939 0.959546657 0.386303422
v -0.077478923 0.733069806 0.481662096
v 0.220516934 0.923787154 0.457822428
v 0.089398757 0.983386325 0.410143091
v 0.089398757 0.876107817 0.481662096
v 0.160917762 0.804588811 0.505501765
v -0.086861522 0.939167104 0.358032913
v 0.339715276 0.840348314 0.469742262
v 0.339715276 0.804588811 0.457822428
v 0.316464954 0.949030396 0.400896734
v -0.014082614 0.974683829 0.345075760
v -0.017879751 0.733069806 0.481662096
v 0.006007788 0.720963799 0.505371931
v 0.160917762 0.947626822 0.445902594
v 0.280116105 0.923787154 0.445902594
v 0.208597099 0.876107817 0.481662096
v 0.017879751 0.935706988 0.433982759
v 0.291373839 0.980380896 0.383652028
v 0.053639254 0.840348314 0.493581931
v 0.172837597 0.852268148 0.493581931
v 0.101318591 0.804588811 0.505501765
v -0.053639254 0.935706988 0.350543920
v -0.091864654 0.796976439 0.464579647
v 0.340021633 0.843688282 0.451812568
v 0.005959917 0.959546657 0.350543920
v -0.017879751 0.983386325 0.362463754
v -0.089398757 0.911867320 0.362463754
v 0.244356602 0.756909475 0.481662096
v -0.076688688 0.719656520 0.499498683
v 0.232436768 0.983386325 0.410143091
v 0.256276436 0.911867320 0.457822428
v 0.220516934 0.899947485 0.469742262
v 0.041719420 0.959546657 0.422062925
v 0.077478923 0.935706988 0.445902594
v -0.065559088 0.840348314 0.469742262
v -0.052109311 0.956040244 0.348340687
v -0.089398757 0.804588811 0.481662096
v 0.006932783 0.980554433 0.348433923
v -0.089398757 0.947626822 0.374383588
v -0.077478923 0.911867320 0.362463754
v -0.089398757 0.816508646 0.433982759
v -0.078142612 0.722404268 0.498623704
v 0.113238425 0.959546657 0.433982759
v 0.041719420 0.983386325 0.398223257
v 0.053639254 0.888027651 0.469742262
v 0.113238425 0.923787154 0.457822428
v -0.089398757 0.864187983 0.445902594
v -0.065559088 0.792668977 0.493581931
v -0.017879751 0.947626822 0.410143091
v -0.041719420 0.959546657 0.386303422
v -0.005959917 0.888027651 0.457822428
v -0.089398757 0.935706988 0.386303422
v -0.017879751 0.959546657 0.398223257
v -0.041719420 0.852268148 0.469742262
v -0.065559088 0.935706988 0.398223257
f 1329 1322 1321
f 1334 1321 1322
f 1335 1331 1321
f 1336 1328 1326
f 1336 1323 1328
f 1336 1330 1323
f 1336 1326 1330
f 1337 1326 1322
f 1337 1322 1329
f 1343 1329 1321
f 1345 1321 1334
f 1345 1335 1321
f 1346 1334 1322
f 1346 1322 1326
f 1346 1326 1328
f 1346 1328 1334
f 1347 1328 1323
f 1348 1330 1324
f 1350 1329 1325
f 1350 1337 1329
f 1351 1327 1340
f 1351 1341 1327
f 1352 1321 1331
f 1352 1331 1340
f 1355 1338 1348
f 1355 1331 1335
f 1355 1335 1347
f 1355 1347 1323
f 1355 1323 1338
f 1356 1332 1342
f 1357 1343 1321
f 1357 1332 1343
f 1357 1321 1353
f 1358 1325 1329
f 1358 1329 1343
f 1358 1356 1325
f 1358 1343 1332
f 1358 1332 1356
f 1359 1324 1330
f 1361 1345 1334
f 1361 1334 1328
f 1361 1328 1347
f 1361 1347 1335
f 1361 1335 1345
f 1362 1348 1338
f 1362 1330 1348
f 1362 1338 1323
f 1362 1323 1330
f 1363 1348 1324
f 1364 1349 1339
f 1364 1359 1330
f 1364 1344 1359
f 1365 1349 1326
f 1365 1326 1337
f 1365 1350 1349
f 1365 1337 1350
f 1366 1350 1325
f 1366 1339 1349
f 1366 1349 1350
f 1367 1341 1351
f 1367 1331 1355
f 1367 1363 1341
f 1367 1355 1363
f 1367 1351 1340
f 1367 1340 1331
f 1368 1352 1340
f 1368 1340 1321
f 1368 1321 1352
f 1369 1353 1321
f 1369 1321 1340
f 1369 1357 1353
f 1369 1332 1357
f 1369 1340 1327
f 1371 1370 1354
f 1373 1359 1344
f 1373 1344 1324
f 1373 1324 1359
f 1375 1363 1355
f 1375 1355 1348
f 1375 1348 1363
f 1376 1344 1364
f 1376 1364 1360
f 1376 1363 1324
f 1376 1324 1344
f 1377 1364 1330
f 1377 1330 1326
f 1377 1326 1349
f 1377 1349 1364
f 1378 1364 1339
f 1378 1339 1360
f 1378 1360 1364
f 1379 1360 1339
f 1379 1339 1366
f 1379 1374 1360
f 1379 1366 1325
f 1379 1325 1374
f 1380 1327 1341
f 1380 1341 1370
f 1380 1371 1327
f 1380 1370 1371
f 1381 1370 1341
f 1381 1341 1363
f 1382 1371 1354
f 1382 1342 1371
f 1382 1356 1342
f 1383 1371 1342
f 1383 1327 1371
f 1383 1369 1327
f 1383 1342 1332
f 1383 1332 1369
f 1384 1374 1372
f 1384 1360 1374
f 1384 1372 1354
f 1384 1354 1333
f 1385 1374 1325
f 1385 1325 1356
f 1385 1372 1374
f 1386 1333 1354
f 1386 1354 1370
f 1386 1370 1381
f 1387 1381 1363
f 1387 1363 1376
f 1388 1382 1354
f 1389 1384 1333
f 1389 1376 1360
f 1389 1360 1384
f 1389 1387 1376
f 1390 1386 1381
f 1390 1381 1387
f 1390 1387 1389
f 1391 1356 1382
f 1391 1382 1388
f 1391 1385 1356
f 1391 1372 1385
f 1391 1388 1354
f 1391 1354 1372
f 1392 1389 1333
f 1392 1333 1386
f 1392 1390 1389
f 1392 1386 1390
o bunny024
usemtl Material024
v 0.220516934 0.590031795 0.648539776
v 0.329591861 0.614578990 0.591356958
v 0.184757431 0.649630966 0.636619941
v -0.060086486 0.621306016 0.592652420
v 0.005274873 0.469980797 0.628264420
v 0.328440232 0.650432601 0.578762905
v 0.078565211 0.470443034 0.642868362
v -0.041719420 0.649630966 0.612780273
v 0.315875607 0.625791298 0.577020770
v 0.327795442 0.649630966 0.600860439
v 0.218542857 0.554471395 0.638619547
v -0.036581914 0.644388111 0.594152818
v 0.005959917 0.649630966 0.636619941
v -0.041719420 0.530432624 0.648539776
v 0.053639254 0.470833453 0.624700107
v 0.280116105 0.649630966 0.577020770
v 0.333416794 0.628005289 0.584582020
v 0.268196270 0.601951629 0.636619941
v 0.244356602 0.649630966 0.624700107
v 0.125158260 0.625791298 0.648539776
v -0.065559088 0.625791298 0.612780273
v -0.042899510 0.506206359 0.626421725
v 0.029799586 0.470833453 0.648539776
v 0.280116105 0.637711132 0.577020770
v 0.315875607 0.625791298 0.612780273
v 0.265893654 0.585893231 0.626002518
v 0.303955773 0.637711132 0.612780273
v -0.029799586 0.578111961 0.648539776
v -0.062084839 0.611530843 0.596048326
v -0.065559088 0.613871464 0.612780273
v -0.017879751 0.506592955 0.648539776
v 0.324193657 0.613060846 0.595814734
v 0.089398757 0.625791298 0.648539776
v -0.041719420 0.554272292 0.648539776
v -0.029799586 0.613871464 0.636619941
v 0.017879751 0.601951629 0.648539776
f 1403 1399 1394
f 1403 1393 1399
f 1404 1396 1400
f 1405 1395 1398
f 1405 1398 1400
f 1407 1397 1396
f 1407 1396 1401
f 1407 1399 1397
f 1407 1401 1394
f 1407 1394 1399
f 1408 1398 1401
f 1408 1396 1404
f 1408 1404 1400
f 1408 1400 1398
f 1409 1401 1398
f 1409 1394 1401
f 1409 1402 1394
f 1409 1398 1402
f 1410 1393 1403
f 1410 1395 1393
f 1411 1402 1398
f 1411 1398 1395
f 1411 1395 1410
f 1412 1393 1395
f 1412 1395 1405
f 1412 1406 1393
f 1413 1400 1396
f 1413 1405 1400
f 1415 1397 1399
f 1415 1399 1393
f 1415 1393 1406
f 1416 1408 1401
f 1416 1401 1396
f 1416 1396 1408
f 1417 1394 1402
f 1417 1402 1410
f 1418 1410 1403
f 1419 1411 1410
f 1419 1410 1402
f 1419 1402 1411
f 1420 1406 1412
f 1421 1396 1397
f 1421 1397 1414
f 1421 1413 1396
f 1422 1414 1406
f 1422 1406 1413
f 1422 1421 1414
f 1422 1413 1421
f 1423 1414 1397
f 1423 1397 1415
f 1423 1415 1406
f 1423 1406 1414
f 1424 1418 1403
f 1424 1403 1394
f 1424 1394 1417
f 1424 1417 1410
f 1424 1410 1418
f 1425 1420 1412
f 1425 1412 1405
f 1426 1420 1413
f 1426 1413 1406
f 1426 1406 1420
f 1427 1420 1405
f 1427 1405 1413
f 1427 1413 1420
f 1428 1425 1405
f 1428 1405 1420
f 1428 1420 1425
o bunny025
usemtl Material025
v -0.158985597 0.220602307 -0.137226054
v -0.031447228 0.143024538 -0.290085210
v -0.029799586 0.315875607 -0.352726301
v -0.053639254 0.303955773 -0.376565969
v -0.161254822 0.149908836 -0.257912169
v -0.029799586 0.292035939 -0.376565969
v -0.167056858 0.409251948 -0.259362108
v -0.029799586 0.196677265 -0.293127130
v -0.148997928 0.184757431 -0.138169284
v -0.029351438 0.328325255 -0.375206424
v -0.053639254 0.148997928 -0.305046964
v -0.148997928 0.315875607 -0.173928787
v -0.166857539 0.193539174 -0.141912531
v -0.125158260 0.327795442 -0.328886632
v -0.028138630 0.153284516 -0.297602542
v -0.148997928 0.148997928 -0.233527958
v -0.029799586 0.160917762 -0.281207295
v -0.148997928 0.411234281 -0.257367627
v -0.041719420 0.292035939 -0.376565969
v -0.166638394 0.314287028 -0.175960906
v -0.148997928 0.292035939 -0.162008953
v -0.101318591 0.327795442 -0.352726301
v -0.148997928 0.327795442 -0.293127130
v -0.160917762 0.148997928 -0.233527958
v -0.148997928 0.172837597 -0.162008953
v -0.163556471 0.410458668 -0.270261529
v -0.148997928 0.363554944 -0.209688290
v -0.165181271 0.291187442 -0.163704426
v -0.167392277 0.361446451 -0.211890726
v -0.101318591 0.339715276 -0.352726301
v -0.160917762 0.172837597 -0.162008953
v -0.148997928 0.411234281 -0.269287461
v -0.125158260 0.339715276 -0.328886632
v -0.064452862 0.340463158 -0.363041989
v -0.148997928 0.339715276 -0.293127130
f 1438 1434 1432
f 1439 1430 1433
f 1440 1436 1431
f 1441 1435 1433
f 1441 1437 1429
f 1443 1434 1438
f 1443 1438 1431
f 1443 1431 1436
f 1443 1439 1434
f 1443 1430 1439
f 1445 1437 1430
f 1445 1443 1436
f 1445 1430 1443
f 1446 1431 1438
f 1447 1439 1433
f 1447 1433 1432
f 1447 1432 1434
f 1447 1434 1439
f 1449 1429 1437
f 1449 1437 1445
f 1449 1445 1436
f 1449 1436 1440
f 1450 1432 1433
f 1450 1433 1442
f 1451 1442 1433
f 1452 1433 1430
f 1452 1430 1444
f 1452 1441 1433
f 1453 1444 1430
f 1453 1430 1437
f 1453 1452 1444
f 1454 1435 1446
f 1454 1451 1433
f 1454 1433 1435
f 1455 1440 1431
f 1455 1431 1446
f 1455 1448 1440
f 1455 1446 1435
f 1456 1448 1441
f 1456 1441 1429
f 1456 1429 1449
f 1456 1449 1440
f 1456 1440 1448
f 1457 1435 1441
f 1457 1441 1448
f 1457 1455 1435
f 1457 1448 1455
f 1458 1432 1450
f 1458 1450 1442
f 1459 1453 1437
f 1459 1437 1441
f 1459 1441 1452
f 1459 1452 1453
f 1460 1454 1446
f 1460 1446 1438
f 1461 1442 1451
f 1461 1458 1442
f 1461 1454 1458
f 1462 1438 1432
f 1462 1432 1458
f 1462 1458 1454
f 1462 1460 1438
f 1462 1454 1460
f 1463 1461 1451
f 1463 1451 1454
f 1463 1454 1461
o bunny026
usemtl Material026
v 0.637711132 0.673470635 0.350543920
v 0.721085614 0.433163497 0.183261418
v 0.673470635 0.709230138 0.171746406
v 0.643310488 0.718684223 0.018907342
v 0.673470635 0.435073950 0.219425743
v 0.685390469 0.649630966 0.040628229
v 0.619110189 0.747089084 0.293057534
v 0.673470635 0.661550801 0.255185246
v 0.677117891 0.435155796 0.256284437
v 0.678530450 0.483000397 0.039730555
v 0.685390469 0.673470635 0.124067069
v 0.661550801 0.744989640 0.064467898
v 0.622746563 0.649046747 0.348903666
v 0.661550801 0.661550801 0.302864583
v 0.712298411 0.425405753 0.215856662
v 0.709230138 0.446993784 0.076387732
v 0.661550801 0.709230138 0.016788561
v 0.721149972 0.446993784 0.124067069
v 0.685390469 0.649630966 0.195586074
v 0.685390469 0.673470635 0.076387732
v 0.649630966 0.744989640 0.243265411
v 0.639801549 0.745732717 0.040187324
v 0.618455752 0.694732760 0.334606884
v 0.637711132 0.649630966 0.350543920
v 0.613871464 0.697310303 0.302864583
v 0.685390469 0.590031795 0.255185246
v 0.649630966 0.673470635 0.326704251
v 0.703278735 0.429974507 0.077123677
v 0.646741986 0.708213098 0.017924902
v 0.661550801 0.721149972 0.016788561
v 0.721149972 0.446993784 0.183666240
v 0.673470635 0.685390469 0.231345577
v 0.685390469 0.661550801 0.052548063
v 0.661550801 0.744989640 0.159826572
v 0.637711132 0.744989640 0.290944748
v 0.619299537 0.672225005 0.347046691
v 0.637711132 0.697310303 0.338624085
v 0.637711132 0.709230138 0.040628229
v 0.613871464 0.744989640 0.267105080
v 0.721240666 0.433349445 0.124589898
v 0.693065793 0.441650530 0.075438608
v 0.673470635 0.697310303 0.207505909
v 0.673470635 0.697310303 0.040628229
v 0.649630966 0.721149972 0.290944748
v 0.613871464 0.733069806 0.267105080
v 0.661550801 0.709230138 0.255185246
v 0.661550801 0.733069806 0.207505909
v 0.673470635 0.709230138 0.064467898
f 1476 1468 1472
f 1478 1472 1468
f 1479 1473 1469
f 1480 1469 1473
f 1481 1479 1469
f 1483 1475 1474
f 1483 1474 1481
f 1485 1470 1475
f 1487 1476 1472
f 1487 1464 1476
f 1487 1478 1464
f 1487 1472 1478
f 1488 1473 1468
f 1488 1468 1476
f 1489 1471 1477
f 1489 1477 1478
f 1490 1478 1477
f 1490 1464 1478
f 1491 1478 1468
f 1491 1473 1479
f 1492 1480 1473
f 1492 1473 1467
f 1493 1469 1480
f 1493 1485 1475
f 1493 1467 1485
f 1493 1492 1467
f 1493 1480 1492
f 1494 1481 1474
f 1494 1474 1482
f 1494 1482 1471
f 1494 1471 1489
f 1494 1489 1478
f 1494 1478 1465
f 1495 1471 1482
f 1496 1483 1481
f 1496 1481 1469
f 1496 1469 1493
f 1497 1475 1470
f 1497 1470 1484
f 1497 1466 1474
f 1497 1474 1475
f 1498 1484 1470
f 1499 1476 1464
f 1499 1488 1476
f 1499 1486 1488
f 1500 1470 1486
f 1500 1498 1470
f 1500 1464 1490
f 1500 1499 1464
f 1500 1486 1499
f 1501 1467 1473
f 1501 1473 1488
f 1501 1485 1467
f 1502 1488 1486
f 1502 1486 1470
f 1502 1470 1485
f 1502 1485 1501
f 1503 1465 1478
f 1503 1478 1491
f 1503 1494 1465
f 1503 1481 1494
f 1503 1491 1479
f 1503 1479 1481
f 1504 1491 1468
f 1504 1468 1473
f 1504 1473 1491
f 1505 1495 1482
f 1505 1482 1474
f 1505 1474 1466
f 1506 1496 1493
f 1506 1493 1475
f 1507 1490 1477
f 1507 1484 1498
f 1507 1477 1471
f 1507 1500 1490
f 1507 1498 1500
f 1508 1502 1501
f 1508 1501 1488
f 1508 1488 1502
f 1509 1495 1505
f 1509 1484 1507
f 1509 1507 1471
f 1509 1471 1495
f 1510 1497 1484
f 1510 1509 1505
f 1510 1484 1509
f 1510 1505 1466
f 1510 1466 1497
f 1511 1506 1475
f 1511 1475 1483
f 1511 1483 1496
f 1511 1496 1506
o bunny027
usemtl Material027
v -0.339715276 0.172837597 0.457822428
v -0.340627559 0.155976845 0.452069106
v -0.363554944 0.220516934 0.159826572
v -0.438436298 0.264456431 0.124871971
v -0.399585931 0.165752155 0.434687144
v -0.338464868 0.328247884 0.420684416
v -0.350361803 0.154279641 0.452303716
v -0.387394613 0.137078094 0.171746406
v -0.387394613 0.256276436 0.147906737
v -0.351635110 0.172837597 0.457822428
v -0.437280966 0.307237294 0.306756091
v -0.339715276 0.220516934 0.386303422
v -0.422741853 0.172720709 0.123741688
v -0.399469395 0.137407863 0.195841101
v -0.363554944 0.148997928 0.195586074
v -0.375474779 0.137078094 0.195586074
v -0.363554944 0.244356602 0.171746406
v -0.375474779 0.327795442 0.350543920
v -0.386938489 0.329613375 0.373226604
v -0.339715276 0.160917762 0.422062925
v -0.339715276 0.315875607 0.386303422
v -0.399314447 0.172837597 0.124067069
v -0.435073950 0.268196270 0.267105080
v -0.405157927 0.145820876 0.177355584
v -0.363554944 0.196677265 0.159826572
v -0.375474779 0.137078094 0.183666240
v -0.387394613 0.244356602 0.135986903
v -0.423154116 0.268196270 0.124067069
v -0.369397907 0.331620034 0.393047902
v -0.435073950 0.315875607 0.290944748
v -0.339715276 0.327795442 0.398223257
v -0.435073950 0.244356602 0.159826572
v -0.435073950 0.280116105 0.290944748
v -0.363554944 0.172837597 0.171746406
v -0.399314447 0.220516934 0.112147235
v -0.345304466 0.330086097 0.415083724
v -0.423154116 0.315875607 0.290944748
v -0.375474779 0.256276436 0.171746406
v -0.363554944 0.327795442 0.362463754
v -0.435073950 0.256276436 0.219425743
v -0.435073950 0.244356602 0.124067069
v -0.375474779 0.148997928 0.171746406
v -0.375474779 0.184757431 0.147906737
v -0.339715276 0.196677265 0.398223257
v -0.399314447 0.244356602 0.124067069
v -0.399314447 0.208597099 0.112147235
v -0.416901029 0.219975448 0.115568631
v -0.416668850 0.210396469 0.116250295
f 1518 1513 1512
f 1521 1517 1516
f 1521 1512 1517
f 1521 1518 1512
f 1521 1516 1518
f 1525 1518 1516
f 1527 1513 1518
f 1527 1525 1519
f 1527 1518 1525
f 1530 1522 1516
f 1531 1517 1512
f 1531 1512 1513
f 1531 1513 1526
f 1532 1523 1514
f 1532 1517 1523
f 1532 1514 1528
f 1533 1519 1524
f 1534 1522 1515
f 1534 1524 1516
f 1535 1524 1519
f 1535 1519 1525
f 1535 1525 1516
f 1535 1516 1524
f 1536 1514 1523
f 1537 1526 1513
f 1537 1513 1527
f 1537 1527 1519
f 1537 1519 1533
f 1538 1528 1514
f 1538 1520 1528
f 1540 1530 1516
f 1540 1529 1530
f 1541 1530 1529
f 1541 1522 1530
f 1541 1539 1515
f 1541 1515 1522
f 1542 1532 1528
f 1542 1517 1532
f 1544 1534 1516
f 1544 1516 1522
f 1544 1522 1534
f 1545 1531 1526
f 1545 1526 1537
f 1545 1536 1523
f 1546 1514 1536
f 1546 1538 1514
f 1546 1515 1539
f 1547 1540 1516
f 1547 1516 1517
f 1547 1542 1540
f 1547 1517 1542
f 1548 1541 1529
f 1548 1529 1539
f 1548 1539 1541
f 1549 1542 1528
f 1549 1528 1520
f 1549 1520 1542
f 1550 1529 1540
f 1550 1540 1542
f 1550 1539 1529
f 1550 1542 1520
f 1550 1520 1539
f 1551 1534 1515
f 1551 1515 1543
f 1551 1543 1524
f 1551 1524 1534
f 1552 1543 1515
f 1552 1524 1543
f 1553 1545 1537
f 1553 1537 1533
f 1553 1533 1545
f 1554 1545 1533
f 1554 1536 1545
f 1555 1545 1523
f 1555 1531 1545
f 1555 1523 1517
f 1555 1517 1531
f 1556 1546 1539
f 1556 1538 1546
f 1556 1539 1520
f 1556 1520 1538
f 1557 1533 1524
f 1557 1554 1533
f 1557 1546 1536
f 1557 1536 1554
f 1558 1552 1515
f 1558 1515 1546
f 1558 1546 1557
f 1559 1558 1557
f 1559 1557 1524
f 1559 1524 1552
f 1559 1552 1558
o bunny028
usemtl Material028
v 0.446993784 0.995306159 0.302864583
v 0.530432624 0.935706988 0.243265411
v 0.470833453 0.995306159 0.100227400
v 0.315875607 1.042985496 -0.007051108
v 0.458913618 0.947626822 0.267105080
v 0.512022620 0.915937040 0.008516350
v 0.327795442 1.066825165 0.219425743
v 0.458913618 1.007225994 0.195586074
v 0.473331528 0.951855403 0.292386797
v 0.530432624 0.935706988 0.028708395
v 0.314920322 1.028487538 -0.005866086
v 0.526826977 0.920567171 0.242838877
v 0.363554944 1.054905331 0.100227400
v 0.482753287 0.983386325 0.243265411
v 0.411234281 1.031065662 0.231345577
v 0.470833453 0.971466491 0.290944748
v 0.354745189 1.024788911 0.281450460
v 0.518512790 0.959546657 0.159826572
v 0.518512790 0.935706988 0.004868726
v 0.312941817 1.055342185 0.218170615
v 0.506592955 0.923787154 0.243265411
v 0.524474545 0.916580624 0.032056971
v 0.327795442 1.066825165 0.088307566
v 0.435073950 1.019145828 0.112147235
v 0.470833453 0.983386325 0.279024914
v 0.351635110 1.054905331 0.243265411
v 0.435073950 1.019145828 0.219425743
v 0.363554944 1.054905331 0.207505909
v 0.433174172 0.979599166 0.300879486
v 0.327795442 1.031065662 0.243265411
v 0.518512790 0.959546657 0.135986903
v 0.399314447 1.031065662 0.052548063
v 0.327795442 1.042985496 -0.007051108
v 0.504392263 0.921125331 0.006105566
v 0.313138383 1.055765174 0.089379127
v 0.314709175 1.051017785 0.242212414
v 0.458913618 1.007225994 0.159826572
v 0.363554944 1.042985496 0.267105080
v 0.446993784 1.007225994 0.243265411
v 0.466588627 0.956186028 0.293992472
v 0.435073950 0.995306159 0.302864583
v 0.482753287 0.983386325 0.076387732
v 0.411234281 1.031065662 0.088307566
v 0.327795442 1.054905331 0.016788561
v 0.351635110 1.042985496 0.016788561
v 0.315875607 1.054905331 0.016788561
v 0.350473273 1.028346027 0.278331655
v 0.315875607 1.031065662 0.052548063
v 0.446993784 1.007225994 0.076387732
v 0.375474779 1.042985496 0.052548063
v 0.387394613 1.042985496 0.088307566
v 0.351635110 1.054905331 0.064467898
f 1570 1565 1564
f 1571 1561 1568
f 1571 1569 1561
f 1575 1568 1561
f 1575 1561 1560
f 1575 1560 1568
f 1577 1561 1569
f 1577 1573 1561
f 1577 1567 1573
f 1580 1564 1565
f 1580 1565 1571
f 1580 1571 1568
f 1580 1568 1564
f 1581 1571 1565
f 1581 1569 1571
f 1581 1578 1569
f 1581 1565 1578
f 1582 1566 1572
f 1584 1573 1560
f 1584 1560 1561
f 1584 1561 1573
f 1585 1560 1574
f 1586 1573 1567
f 1587 1572 1566
f 1587 1585 1574
f 1587 1566 1585
f 1587 1574 1586
f 1587 1586 1567
f 1588 1576 1564
f 1589 1570 1564
f 1589 1564 1576
f 1590 1577 1569
f 1590 1567 1577
f 1592 1578 1570
f 1592 1570 1563
f 1593 1578 1565
f 1593 1565 1570
f 1593 1570 1578
f 1594 1563 1570
f 1594 1570 1579
f 1594 1579 1566
f 1594 1566 1582
f 1595 1566 1579
f 1595 1579 1570
f 1596 1562 1583
f 1596 1590 1562
f 1596 1567 1590
f 1597 1576 1560
f 1597 1560 1585
f 1597 1585 1566
f 1597 1566 1595
f 1598 1560 1573
f 1598 1573 1586
f 1598 1586 1574
f 1598 1574 1560
f 1599 1588 1564
f 1599 1564 1568
f 1599 1568 1560
f 1599 1560 1588
f 1600 1588 1560
f 1600 1560 1576
f 1600 1576 1588
f 1601 1590 1569
f 1601 1562 1590
f 1601 1569 1578
f 1601 1578 1591
f 1602 1583 1562
f 1603 1592 1563
f 1604 1591 1578
f 1604 1578 1592
f 1604 1592 1603
f 1605 1594 1582
f 1605 1563 1594
f 1605 1603 1563
f 1605 1582 1603
f 1606 1595 1589
f 1606 1589 1576
f 1606 1597 1595
f 1606 1576 1597
f 1607 1595 1570
f 1607 1570 1589
f 1607 1589 1595
f 1608 1601 1591
f 1608 1591 1602
f 1608 1602 1562
f 1608 1562 1601
f 1609 1602 1591
f 1609 1604 1603
f 1609 1591 1604
f 1610 1609 1572
f 1610 1602 1609
f 1610 1583 1602
f 1610 1596 1583
f 1610 1567 1596
f 1610 1587 1567
f 1610 1572 1587
f 1611 1609 1603
f 1611 1603 1582
f 1611 1582 1572
f 1611 1572 1609
o bunny029
usemtl Material029
v -0.148669329 0.685479684 0.503733980
v -0.148997928 0.435073950 0.469742262
v -0.208597099 0.709230138 0.469742262
v -0.494919558 0.709633570 0.482827345
v -0.435073950 0.518512790 0.517421599
v -0.172837597 0.435073950 0.445902594
v -0.184757431 0.709230138 0.505501765
v -0.139929628 0.566337989 0.500849826
v -0.327795442 0.709230138 0.469742262
v -0.494719305 0.506461140 0.482031578
v -0.148997928 0.446993784 0.445902594
v -0.186618262 0.711476955 0.488540733
v -0.327795442 0.566192127 0.517421599
v -0.482753287 0.661550801 0.517421599
v -0.196677265 0.435073950 0.481662096
v -0.172837597 0.446993784 0.445902594
v -0.150028712 0.431810715 0.455983586
v -0.146477395 0.687551156 0.502840388
v -0.363554944 0.709230138 0.505501765
v -0.327795442 0.590031795 0.517421599
v -0.518512790 0.613871464 0.517421599
v -0.446993784 0.494673121 0.505501765
v -0.447204167 0.481268839 0.485029515
v -0.399314447 0.518512790 0.517421599
v -0.219971547 0.434829006 0.473554222
v -0.494673121 0.697310303 0.505501765
v -0.423154116 0.661550801 0.517421599
v -0.533872297 0.652072726 0.489007143
v -0.494673121 0.530432624 0.505501765
v -0.208597099 0.482753287 0.493581931
v -0.351635110 0.542352458 0.517421599
v -0.208597099 0.435073950 0.457822428
v -0.518512790 0.637711132 0.517421599
v -0.351635110 0.625791298 0.517421599
v -0.531140115 0.589980116 0.496769501
v -0.530432624 0.649630966 0.505501765
v -0.506592955 0.649630966 0.517421599
v -0.339715276 0.613871464 0.517421599
v -0.535267731 0.641143484 0.491986940
f 1622 1619 1613
f 1622 1620 1614
f 1623 1620 1615
f 1623 1614 1620
f 1624 1619 1612
f 1625 1616 1624
f 1626 1613 1619
f 1627 1615 1620
f 1627 1621 1615
f 1627 1617 1621
f 1627 1622 1617
f 1627 1620 1622
f 1628 1622 1613
f 1628 1617 1622
f 1628 1613 1626
f 1629 1612 1619
f 1629 1619 1622
f 1629 1622 1614
f 1629 1614 1623
f 1629 1623 1618
f 1629 1618 1612
f 1630 1623 1615
f 1630 1618 1623
f 1630 1625 1618
f 1631 1624 1612
f 1631 1612 1618
f 1631 1625 1624
f 1632 1616 1625
f 1633 1626 1616
f 1634 1621 1617
f 1634 1633 1621
f 1634 1626 1633
f 1635 1624 1616
f 1635 1616 1626
f 1636 1628 1626
f 1636 1626 1634
f 1637 1630 1615
f 1637 1625 1630
f 1638 1618 1625
f 1638 1625 1631
f 1639 1615 1621
f 1640 1621 1633
f 1640 1633 1616
f 1640 1616 1632
f 1641 1635 1626
f 1641 1626 1619
f 1642 1619 1624
f 1642 1624 1635
f 1642 1641 1619
f 1642 1635 1641
f 1643 1617 1628
f 1643 1628 1636
f 1643 1636 1634
f 1643 1634 1617
f 1644 1632 1625
f 1645 1638 1631
f 1645 1618 1638
f 1646 1639 1621
f 1646 1640 1632
f 1646 1621 1640
f 1647 1637 1615
f 1647 1615 1639
f 1647 1644 1637
f 1647 1646 1632
f 1647 1632 1644
f 1648 1644 1625
f 1648 1625 1637
f 1648 1637 1644
f 1649 1645 1631
f 1649 1631 1618
f 1649 1618 1645
f 1650 1647 1639
f 1650 1639 1646
f 1650 1646 1647
o bunny030
usemtl Material030
v -0.041719420 0.101318591 0.612780273
v 0.005959917 0.017879751 0.588940604
v 0.008789058 0.016410629 0.491179942
v -0.196506827 0.011750665 0.421876762
v -0.184757431 0.017879751 0.565100936
v 0.005959917 0.005959917 0.565100936
v -0.204244398 0.119013791 0.498719733
v 0.006081289 0.113361177 0.577378284
v -0.113238425 0.029799586 0.612780273
v 0.005959917 0.005959917 0.481662096
v -0.196677265 0.005959917 0.505501765
v -0.005959917 0.101318591 0.600860439
v -0.104764614 0.130745038 0.573288828
v -0.160917762 0.017879751 0.422062925
v -0.053639254 0.029799586 0.612780273
v -0.029799586 0.017879751 0.600860439
v -0.089398757 0.005959917 0.565100936
v -0.160917762 0.005959917 0.422062925
v -0.244356602 0.029799586 0.505501765
v -0.017879751 0.113238425 0.600860439
v -0.153394034 0.130036069 0.545327509
v -0.137078094 0.101318591 0.600860439
v -0.216417919 0.110109987 0.490798851
v -0.005959917 0.029799586 0.600860439
v -0.125158260 0.005959917 0.553181102
v -0.125158260 0.017879751 0.600860439
v -0.232436768 0.017879751 0.505501765
v -0.125158260 0.125158260 0.588940604
v -0.125158260 0.077478923 0.612780273
v -0.172837597 0.101318591 0.577020770
v -0.236304616 0.075036095 0.486897674
v -0.041719420 0.041719420 0.612780273
v -0.148997928 0.029799586 0.600860439
v -0.148997928 0.017879751 0.588940604
v -0.196856996 0.011773267 0.422259239
v -0.220516934 0.017879751 0.529341433
v -0.101318591 0.101318591 0.612780273
v -0.172837597 0.125158260 0.565100936
v -0.148997928 0.077478923 0.600860439
v -0.226133865 0.098051828 0.487300355
v -0.125158260 0.041719420 0.612780273
v -0.239124018 0.031224769 0.487724257
v -0.125158260 0.113238425 0.600860439
v -0.184757431 0.125158260 0.553181102
v -0.244356602 0.077478923 0.505501765
v -0.184757431 0.125158260 0.541261267
v -0.220516934 0.113238425 0.505501765
v -0.196677265 0.101318591 0.553181102
v -0.232436768 0.101318591 0.505501765
f 1656 1653 1652
f 1658 1652 1653
f 1660 1653 1656
f 1661 1660 1656
f 1662 1652 1658
f 1664 1658 1653
f 1664 1657 1658
f 1664 1653 1660
f 1665 1651 1659
f 1666 1656 1652
f 1666 1665 1659
f 1667 1661 1656
f 1667 1656 1666
f 1668 1660 1661
f 1668 1664 1660
f 1668 1654 1664
f 1670 1662 1658
f 1670 1651 1662
f 1670 1658 1663
f 1671 1663 1658
f 1671 1658 1657
f 1673 1664 1654
f 1673 1657 1664
f 1674 1662 1651
f 1674 1652 1662
f 1674 1666 1652
f 1674 1665 1666
f 1675 1655 1661
f 1675 1661 1667
f 1676 1667 1666
f 1676 1666 1659
f 1676 1675 1667
f 1678 1670 1663
f 1678 1651 1670
f 1679 1659 1651
f 1682 1674 1651
f 1682 1651 1665
f 1682 1665 1674
f 1683 1676 1659
f 1684 1655 1675
f 1684 1675 1676
f 1684 1683 1655
f 1684 1676 1683
f 1685 1677 1669
f 1685 1661 1677
f 1685 1668 1661
f 1685 1654 1668
f 1685 1681 1654
f 1686 1677 1661
f 1686 1661 1655
f 1686 1669 1677
f 1686 1655 1683
f 1687 1651 1678
f 1687 1679 1651
f 1687 1672 1679
f 1688 1678 1663
f 1688 1663 1671
f 1688 1680 1672
f 1689 1679 1672
f 1689 1672 1680
f 1689 1683 1679
f 1690 1673 1654
f 1690 1654 1681
f 1691 1683 1659
f 1691 1659 1679
f 1691 1679 1683
f 1692 1685 1669
f 1692 1681 1685
f 1693 1687 1678
f 1693 1672 1687
f 1693 1688 1672
f 1693 1678 1688
f 1694 1688 1671
f 1695 1692 1669
f 1695 1681 1692
f 1695 1669 1686
f 1695 1690 1681
f 1696 1694 1671
f 1696 1671 1657
f 1696 1657 1694
f 1697 1694 1657
f 1697 1657 1673
f 1698 1680 1688
f 1698 1688 1694
f 1698 1695 1686
f 1698 1689 1680
f 1698 1686 1683
f 1698 1683 1689
f 1699 1694 1697
f 1699 1698 1694
f 1699 1695 1698
f 1699 1690 1695
f 1699 1697 1673
f 1699 1673 1690
o bunny031
usemtl Material031
v 0.557780070 0.327617137 0.437705440
v 0.780749143 0.244356602 0.326704251
v 0.780749143 0.387394613 0.302864583
v 0.680003818 0.406353438 0.262671099
v 0.542352458 0.172837597 0.350543920
v 0.777008414 0.405308595 0.262271697
v 0.614821438 0.375383232 0.374915933
v 0.756909475 0.303955773 0.350543920
v 0.661550801 0.172837597 0.374383588
v 0.554272292 0.327795442 0.422062925
v 0.784500775 0.392558792 0.271289455
v 0.764654207 0.234409671 0.311221142
v 0.780749143 0.411234281 0.279024914
v 0.768829309 0.327795442 0.338624085
v 0.554272292 0.220516934 0.422062925
v 0.709230138 0.232436768 0.374383588
v 0.542352458 0.208597099 0.362463754
v 0.613871464 0.375474779 0.350543920
v 0.673604450 0.172727873 0.350718797
v 0.773352604 0.247851764 0.308471779
v 0.685390469 0.411234281 0.279024914
v 0.554272292 0.172837597 0.386303422
v 0.534300182 0.225350181 0.415697702
v 0.578111961 0.292035939 0.433982759
v 0.744989640 0.232436768 0.350543920
v 0.542352458 0.184757431 0.350543920
v 0.613871464 0.363554944 0.338624085
v 0.768829309 0.232436768 0.326704251
v 0.554272292 0.184757431 0.398223257
v 0.548004601 0.290208514 0.440082993
v 0.542352458 0.292035939 0.422062925
v 0.534943586 0.177847387 0.381944679
v 0.709230138 0.244356602 0.374383588
v 0.566192127 0.256276436 0.433982759
v 0.673470635 0.184757431 0.374383588
v 0.756909475 0.256276436 0.350543920
v 0.649630966 0.375474779 0.290944748
v 0.542352458 0.244356602 0.386303422
v 0.554272292 0.244356602 0.433982759
v 0.537855951 0.247698766 0.427826986
v 0.534227820 0.189307777 0.391391535
v 0.768829309 0.244356602 0.338624085
f 1706 1700 1702
f 1709 1700 1706
f 1710 1702 1701
f 1711 1704 1703
f 1711 1703 1705
f 1712 1705 1703
f 1712 1706 1702
f 1712 1710 1705
f 1712 1702 1710
f 1713 1707 1701
f 1713 1701 1702
f 1713 1702 1700
f 1713 1700 1707
f 1717 1709 1706
f 1718 1704 1711
f 1719 1710 1701
f 1719 1701 1711
f 1719 1711 1705
f 1719 1705 1710
f 1720 1712 1703
f 1720 1706 1712
f 1720 1717 1706
f 1720 1703 1717
f 1721 1718 1708
f 1721 1704 1718
f 1723 1707 1700
f 1724 1708 1701
f 1725 1703 1704
f 1726 1709 1717
f 1726 1717 1703
f 1727 1718 1711
f 1727 1711 1701
f 1727 1701 1708
f 1727 1708 1718
f 1728 1721 1708
f 1728 1708 1714
f 1728 1714 1722
f 1729 1723 1700
f 1730 1729 1700
f 1730 1700 1709
f 1731 1704 1721
f 1731 1721 1728
f 1731 1725 1704
f 1731 1716 1725
f 1732 1723 1715
f 1732 1715 1707
f 1732 1707 1723
f 1733 1715 1723
f 1733 1723 1729
f 1734 1724 1715
f 1734 1708 1724
f 1734 1733 1708
f 1734 1715 1733
f 1735 1701 1707
f 1735 1707 1715
f 1735 1715 1724
f 1736 1725 1716
f 1736 1703 1725
f 1736 1726 1703
f 1736 1716 1726
f 1737 1726 1716
f 1737 1709 1726
f 1737 1730 1709
f 1737 1722 1730
f 1738 1722 1714
f 1738 1733 1729
f 1738 1714 1708
f 1738 1708 1733
f 1739 1730 1722
f 1739 1729 1730
f 1739 1738 1729
f 1739 1722 1738
f 1740 1731 1728
f 1740 1728 1722
f 1740 1716 1731
f 1740 1737 1716
f 1740 1722 1737
f 1741 1735 1724
f 1741 1724 1701
f 1741 1701 1735
o bunny032
usemtl Material032
v 0.063934569 1.050056928 0.208294473
v 0.149031701 1.029692590 -0.030247717
v -0.164214957 1.011139212 0.089280179
v 0.005959917 0.983386325 -0.078570113
v 0.029799586 0.959546657 -0.066650279
v 0.077478923 1.042985496 -0.018970942
v 0.101318591 0.983386325 -0.066650279
v -0.102018506 0.997130244 0.220167597
v -0.077661831 0.972618607 -0.055278443
v 0.065559088 1.007225994 -0.078570113
v 0.113238425 1.054905331 0.004868726
v 0.137078094 1.031065662 0.016788561
v 0.100656690 0.990893720 -0.084978914
v -0.163298761 1.011528155 0.183180285
v 0.005959917 1.019145828 0.219425743
v 0.004019440 0.964630611 -0.081732993
v -0.077478923 0.995306159 -0.042810610
v -0.077478923 0.971466491 -0.018970942
v 0.065559088 1.019145828 -0.066650279
v 0.029799586 1.054905331 0.076387732
v 0.148903927 1.022967543 -0.044600457
v 0.137907155 1.049844437 0.029872885
v 0.027908772 0.967927275 -0.085153950
v -0.017879751 1.042985496 0.219425743
v 0.041719420 1.031065662 0.207505909
v 0.005959917 0.959546657 -0.066650279
v -0.089398757 1.007225994 -0.007051108
v -0.053639254 0.995306159 -0.054730445
v -0.160917762 0.995306159 0.100227400
v 0.041719420 1.019145828 -0.054730445
v 0.089398757 1.054905331 0.016788561
v 0.017879751 1.054905331 0.207505909
v 0.149144256 1.025116570 -0.040024437
v 0.066505273 1.050786649 0.207046618
v 0.138739364 1.044764323 0.007202129
v 0.029799586 0.995306159 -0.078570113
v 0.008541539 1.034935489 0.217882814
v -0.091435657 1.000614630 0.221584694
v 0.041719420 1.042985496 0.004868726
v -0.159917193 1.010427176 0.183870453
v -0.160917762 0.995306159 0.088307566
v 0.017879751 1.054905331 0.112147235
f 1754 1748 1746
f 1756 1749 1746
f 1756 1746 1748
f 1757 1750 1745
f 1758 1750 1744
f 1760 1747 1752
f 1762 1753 1748
f 1762 1748 1754
f 1762 1754 1751
f 1762 1751 1760
f 1762 1760 1752
f 1763 1753 1743
f 1764 1751 1754
f 1764 1757 1745
f 1764 1754 1746
f 1764 1746 1757
f 1765 1755 1749
f 1766 1742 1756
f 1766 1756 1748
f 1766 1748 1753
f 1767 1757 1746
f 1767 1750 1757
f 1767 1759 1750
f 1767 1746 1749
f 1767 1749 1759
f 1768 1758 1744
f 1768 1747 1758
f 1769 1745 1750
f 1769 1750 1758
f 1769 1760 1751
f 1770 1759 1749
f 1770 1755 1744
f 1771 1758 1747
f 1771 1747 1760
f 1771 1769 1758
f 1771 1760 1769
f 1772 1761 1752
f 1772 1752 1747
f 1773 1752 1761
f 1773 1765 1742
f 1773 1755 1765
f 1774 1743 1753
f 1774 1753 1762
f 1774 1762 1752
f 1774 1752 1743
f 1775 1763 1752
f 1775 1753 1763
f 1775 1766 1753
f 1775 1742 1766
f 1775 1773 1742
f 1775 1752 1773
f 1776 1763 1743
f 1776 1743 1752
f 1776 1752 1763
f 1777 1764 1745
f 1777 1751 1764
f 1777 1769 1751
f 1777 1745 1769
f 1778 1765 1756
f 1778 1756 1742
f 1778 1742 1765
f 1779 1765 1749
f 1779 1749 1756
f 1779 1756 1765
f 1780 1768 1744
f 1780 1744 1761
f 1780 1761 1772
f 1780 1772 1747
f 1780 1747 1768
f 1781 1770 1749
f 1781 1749 1755
f 1781 1755 1770
f 1782 1770 1744
f 1782 1744 1750
f 1782 1750 1759
f 1782 1759 1770
f 1783 1773 1761
f 1783 1761 1744
f 1783 1744 1755
f 1783 1755 1773
o bunny033
usemtl Material033
v -0.124445775 0.435364187 0.469218753
v -0.110643849 0.232234355 0.431794405
v -0.113238425 0.280116105 0.410143091
v -0.327795442 0.268196270 0.398223257
v -0.292035939 0.208597099 0.457822428
v -0.125158260 0.208597099 0.410143091
v -0.125158260 0.435073950 0.445902594
v -0.107011734 0.292881962 0.440304397
v -0.220516934 0.184757431 0.457822428
v -0.307910833 0.374104774 0.455397348
v -0.113238425 0.232436768 0.410143091
v -0.125158260 0.351635110 0.422062925
v -0.118752739 0.413843629 0.465035706
v -0.113238425 0.339715276 0.422062925
v -0.280116105 0.280116105 0.469742262
v -0.124849920 0.208300635 0.433591978
v -0.341249491 0.185258831 0.426214322
v -0.327795442 0.327795442 0.410143091
v -0.196833660 0.435106602 0.469041423
v -0.327795442 0.232436768 0.398223257
v -0.111266415 0.340070397 0.444088614
v -0.125158260 0.399314447 0.433982759
v -0.196677265 0.315875607 0.469742262
v -0.244356602 0.184757431 0.457822428
v -0.198572788 0.181409192 0.438999468
v -0.303955773 0.339715276 0.469742262
v -0.344065560 0.326221353 0.414939049
v -0.172837597 0.435073950 0.445902594
v -0.315875607 0.184757431 0.422062925
v -0.232436768 0.280116105 0.469742262
v -0.323857693 0.179303802 0.438081498
v -0.299596198 0.376984905 0.459276402
v -0.292035939 0.303955773 0.469742262
v -0.345581429 0.267908230 0.402656716
v -0.337490346 0.181675990 0.429563638
v -0.345557730 0.233756374 0.403315949
f 1794 1785 1789
f 1794 1791 1785
f 1794 1786 1791
f 1794 1787 1786
f 1795 1786 1787
f 1796 1785 1791
f 1796 1784 1792
f 1796 1790 1784
f 1797 1791 1786
f 1797 1790 1796
f 1797 1786 1795
f 1799 1789 1785
f 1799 1796 1792
f 1799 1785 1796
f 1801 1795 1787
f 1803 1794 1789
f 1803 1787 1794
f 1804 1797 1796
f 1804 1796 1791
f 1804 1791 1797
f 1805 1797 1795
f 1805 1790 1797
f 1805 1795 1801
f 1806 1792 1784
f 1807 1798 1788
f 1807 1792 1798
f 1808 1799 1792
f 1808 1789 1799
f 1809 1798 1806
f 1809 1806 1784
f 1809 1784 1802
f 1810 1809 1793
f 1810 1800 1809
f 1811 1802 1784
f 1811 1784 1790
f 1811 1801 1810
f 1811 1810 1793
f 1811 1793 1802
f 1811 1805 1801
f 1811 1790 1805
f 1812 1803 1789
f 1812 1800 1803
f 1812 1789 1808
f 1813 1806 1798
f 1813 1798 1792
f 1813 1792 1806
f 1814 1807 1788
f 1814 1808 1792
f 1814 1792 1807
f 1814 1788 1809
f 1815 1809 1802
f 1815 1802 1793
f 1815 1793 1809
f 1816 1809 1788
f 1816 1788 1798
f 1816 1798 1809
f 1817 1810 1801
f 1817 1801 1787
f 1817 1787 1803
f 1818 1812 1808
f 1818 1808 1814
f 1818 1800 1812
f 1818 1814 1809
f 1818 1809 1800
f 1819 1817 1803
f 1819 1803 1800
f 1819 1800 1810
f 1819 1810 1817
o bunny034
usemtl Material034
v 0.780749143 0.351635110 0.326704251
v 0.840348314 0.256276436 0.243265411
v 0.852268148 0.375474779 0.195586074
v 0.820723025 0.340630384 0.062457560
v 0.783268316 0.182725440 0.075441997
v 0.852268148 0.292035939 0.100227400
v 0.769674657 0.406788897 0.261501481
v 0.828428480 0.351635110 0.279024914
v 0.758841830 0.231523652 0.316433602
v 0.852268148 0.280116105 0.195586074
v 0.840348314 0.375474779 0.088307566
v 0.816508646 0.220516934 0.052548063
v 0.818578262 0.376309767 0.074913777
v 0.792668977 0.292035939 0.326704251
v 0.852268148 0.363554944 0.219425743
v 0.816508646 0.399314447 0.267105080
v 0.804588811 0.184757431 0.255185246
v 0.742445544 0.369918263 0.306692940
v 0.852268148 0.375474779 0.135986903
v 0.798086649 0.223019434 0.055686692
v 0.840348314 0.339715276 0.064467898
v 0.840348314 0.232436768 0.135986903
v 0.808889919 0.405474875 0.222132594
v 0.792668977 0.327795442 0.326704251
v 0.828428480 0.280116105 0.279024914
v 0.748028988 0.317520707 0.333033059
v 0.852268148 0.327795442 0.219425743
v 0.792668977 0.399314447 0.290944748
v 0.840348314 0.375474779 0.243265411
v 0.782549942 0.183210681 0.244473029
v 0.792668977 0.244356602 0.314784417
v 0.744989640 0.315875607 0.314784417
v 0.744908445 0.375010702 0.302421524
v 0.801254870 0.233641173 0.054599590
v 0.840348314 0.280116105 0.064467898
v 0.852268148 0.327795442 0.100227400
v 0.816508646 0.232436768 0.052548063
v 0.840348314 0.363554944 0.076387732
v 0.852268148 0.268196270 0.135986903
v 0.840348314 0.232436768 0.195586074
v 0.816508646 0.184757431 0.112147235
v 0.817787162 0.399969866 0.219980112
v 0.816508646 0.363554944 0.290944748
v 0.840348314 0.351635110 0.255185246
v 0.816508646 0.256276436 0.290944748
v 0.759501264 0.291997655 0.331314429
v 0.744989640 0.363554944 0.326704251
v 0.852268148 0.292035939 0.207505909
v 0.780749143 0.232436768 0.314784417
v 0.840348314 0.244356602 0.100227400
v 0.852268148 0.351635110 0.112147235
v 0.828428480 0.208597099 0.219425743
v 0.852268148 0.268196270 0.159826572
v 0.804588811 0.184757431 0.076387732
v 0.816508646 0.184757431 0.219425743
v 0.804588811 0.387394613 0.290944748
v 0.792668977 0.363554944 0.314784417
v 0.816508646 0.387394613 0.279024914
v 0.840348314 0.292035939 0.255185246
v 0.816508646 0.220516934 0.267105080
v 0.756909475 0.363554944 0.326704251
v 0.780749143 0.399314447 0.290944748
v 0.804588811 0.196677265 0.267105080
v 0.816508646 0.196677265 0.076387732
v 0.852268148 0.280116105 0.112147235
v 0.816508646 0.196677265 0.243265411
v 0.828428480 0.375474779 0.267105080
f 1829 1825 1822
f 1834 1829 1822
f 1837 1832 1824
f 1838 1822 1825
f 1839 1831 1824
f 1839 1824 1832
f 1840 1823 1832
f 1842 1832 1826
f 1842 1830 1832
f 1842 1826 1835
f 1842 1838 1830
f 1843 1833 1827
f 1844 1827 1833
f 1845 1843 1820
f 1845 1833 1843
f 1846 1829 1834
f 1847 1835 1826
f 1848 1834 1822
f 1848 1822 1835
f 1849 1836 1828
f 1849 1828 1824
f 1851 1837 1824
f 1851 1824 1828
f 1851 1828 1845
f 1852 1826 1832
f 1852 1832 1837
f 1853 1831 1839
f 1853 1839 1832
f 1853 1832 1823
f 1854 1840 1825
f 1854 1831 1840
f 1855 1838 1825
f 1855 1825 1840
f 1856 1840 1831
f 1856 1823 1840
f 1856 1853 1823
f 1856 1831 1853
f 1857 1840 1832
f 1857 1832 1830
f 1857 1830 1838
f 1858 1825 1829
f 1859 1829 1821
f 1859 1841 1858
f 1861 1842 1835
f 1861 1835 1822
f 1861 1822 1838
f 1861 1838 1842
f 1862 1843 1827
f 1863 1827 1844
f 1863 1848 1827
f 1863 1834 1848
f 1863 1846 1834
f 1864 1821 1844
f 1864 1844 1833
f 1864 1833 1850
f 1865 1845 1828
f 1865 1833 1845
f 1866 1851 1845
f 1866 1837 1851
f 1866 1852 1837
f 1867 1821 1829
f 1867 1829 1846
f 1868 1850 1833
f 1868 1828 1836
f 1868 1865 1828
f 1868 1833 1865
f 1869 1841 1860
f 1869 1858 1841
f 1870 1857 1838
f 1870 1838 1855
f 1870 1855 1840
f 1870 1840 1857
f 1871 1859 1821
f 1871 1860 1841
f 1871 1841 1859
f 1872 1859 1858
f 1872 1858 1829
f 1872 1829 1859
f 1873 1860 1824
f 1873 1824 1831
f 1874 1849 1824
f 1874 1824 1860
f 1874 1836 1849
f 1874 1860 1871
f 1875 1835 1847
f 1876 1820 1843
f 1876 1843 1862
f 1876 1862 1875
f 1876 1875 1847
f 1877 1848 1835
f 1877 1875 1862
f 1877 1835 1875
f 1878 1863 1844
f 1878 1844 1821
f 1878 1846 1863
f 1878 1867 1846
f 1878 1821 1867
f 1879 1821 1864
f 1880 1866 1845
f 1880 1845 1820
f 1880 1847 1866
f 1880 1876 1847
f 1880 1820 1876
f 1881 1866 1847
f 1881 1847 1826
f 1881 1826 1852
f 1881 1852 1866
f 1882 1868 1836
f 1882 1850 1868
f 1882 1879 1864
f 1882 1864 1850
f 1883 1869 1860
f 1883 1831 1854
f 1883 1854 1869
f 1883 1873 1831
f 1883 1860 1873
f 1884 1825 1858
f 1884 1858 1869
f 1884 1869 1854
f 1884 1854 1825
f 1885 1874 1871
f 1885 1836 1874
f 1885 1871 1821
f 1885 1821 1879
f 1885 1882 1836
f 1885 1879 1882
f 1886 1827 1848
f 1886 1848 1877
f 1886 1877 1862
f 1886 1862 1827
o bunny035
usemtl Material035
v -0.149969922 0.007341993 0.172795351
v -0.459017499 0.004441430 -0.078612424
v -0.530440755 0.005715466 0.124077720
v -0.458206479 0.004376743 -0.078282095
v -0.232436768 0.041719420 0.124067069
v -0.553458678 0.004071686 -0.006574499
v -0.303756388 0.003978766 -0.090466486
v -0.232436768 0.041719420 0.171746406
v -0.517852138 0.003989214 -0.053863659
v -0.184757431 -0.005959917 0.171746406
v -0.148997928 0.017879751 0.147906737
v -0.339874709 0.003226671 -0.090461177
v -0.280116105 0.041719420 0.112147235
v -0.411148203 0.002493800 0.173034823
v -0.172837597 -0.005959917 0.112147235
v -0.220516934 0.041719420 0.135986903
v -0.208597099 0.041719420 0.171746406
v -0.268196270 0.041719420 0.112147235
v -0.542438271 0.004901869 -0.042860879
v -0.554325912 0.005298800 -0.030922186
v -0.280116105 0.041719420 0.135986903
v -0.399314447 0.017879751 0.171746406
v -0.172837597 -0.005959917 0.159826572
v -0.148997928 0.005959917 0.147906737
v -0.304943821 0.003857606 -0.090606209
v -0.208597099 0.041719420 0.159826572
v -0.518634265 0.004130550 -0.054889822
v -0.554416971 0.004176079 -0.007135859
f 1895 1888 1890
f 1896 1889 1892
f 1898 1890 1888
f 1898 1888 1893
f 1898 1895 1890
f 1899 1893 1888
f 1899 1894 1891
f 1900 1889 1896
f 1900 1896 1887
f 1901 1895 1898
f 1901 1896 1892
f 1901 1892 1895
f 1902 1897 1893
f 1902 1893 1891
f 1902 1891 1894
f 1903 1887 1897
f 1903 1900 1887
f 1903 1894 1900
f 1903 1902 1894
f 1904 1899 1891
f 1904 1891 1893
f 1904 1893 1899
f 1905 1899 1888
f 1905 1895 1892
f 1906 1905 1892
f 1906 1899 1905
f 1907 1894 1899
f 1907 1906 1889
f 1907 1899 1906
f 1908 1900 1894
f 1908 1889 1900
f 1908 1907 1889
f 1908 1894 1907
f 1909 1887 1896
f 1909 1896 1901
f 1910 1897 1887
f 1910 1909 1901
f 1910 1887 1909
f 1910 1901 1893
f 1910 1893 1897
f 1911 1901 1898
f 1911 1898 1893
f 1911 1893 1901
f 1912 1903 1897
f 1912 1897 1902
f 1912 1902 1903
f 1913 1905 1888
f 1913 1888 1895
f 1913 1895 1905
f 1914 1906 1892
f 1914 1892 1889
f 1914 1889 1906
o bunny036
usemtl Material036
v 0.756752566 0.433933736 0.136165959
v 0.827752399 0.339568472 0.076710235
v 0.804588811 0.411234281 0.064467898
v 0.635185794 0.410782331 -0.059650558
v 0.594266289 0.229497702 -0.053000040
v 0.744989640 0.280116105 -0.042810610
v 0.678530450 0.483000397 0.039730555
v 0.828428480 0.387394613 0.064467898
v 0.697310303 0.423154116 0.135986903
v 0.709230138 0.232436768 -0.054730445
v 0.697310303 0.482753287 0.064467898
v 0.662220727 0.470826136 -0.007295471
v 0.819327423 0.381048132 0.080046731
v 0.758324365 0.433435764 0.134372300
v 0.816508646 0.327795442 0.028708395
v 0.601951629 0.244356602 -0.030890776
v 0.595282638 0.266219068 -0.058214716
v 0.709230138 0.256276436 -0.054730445
v 0.687850208 0.482842074 0.100203624
v 0.804588811 0.375474779 0.028708395
v 0.828428480 0.363554944 0.052548063
v 0.744989640 0.268196270 -0.042810610
v 0.822268835 0.327866200 0.061343648
v 0.712750966 0.231342432 -0.036636501
v 0.591260536 0.231242015 -0.056419825
v 0.625791298 0.411234281 -0.042810610
v 0.701668090 0.438307264 0.135757180
v 0.673470635 0.482753287 0.088307566
v 0.638666842 0.435027973 -0.055230972
v 0.816508646 0.351635110 0.028708395
v 0.590031795 0.268196270 -0.042810610
v 0.649630966 0.458913618 0.004868726
v 0.756909475 0.303955773 -0.030890776
v 0.816508646 0.375474779 0.040628229
f 1923 1916 1915
f 1926 1925 1917
f 1926 1921 1925
f 1927 1915 1916
f 1927 1916 1922
f 1928 1922 1917
f 1928 1927 1922
f 1928 1915 1927
f 1928 1917 1925
f 1930 1916 1923
f 1931 1918 1924
f 1932 1924 1918
f 1932 1918 1920
f 1932 1920 1924
f 1933 1928 1925
f 1933 1915 1928
f 1933 1925 1921
f 1934 1926 1917
f 1934 1917 1922
f 1935 1922 1916
f 1935 1916 1929
f 1936 1924 1920
f 1937 1929 1916
f 1938 1916 1930
f 1938 1937 1916
f 1938 1929 1937
f 1938 1936 1929
f 1938 1924 1936
f 1938 1930 1919
f 1938 1919 1924
f 1939 1931 1924
f 1939 1924 1919
f 1939 1919 1930
f 1941 1923 1915
f 1941 1915 1933
f 1942 1933 1921
f 1942 1921 1926
f 1942 1941 1933
f 1942 1923 1941
f 1943 1926 1934
f 1943 1918 1931
f 1943 1931 1940
f 1943 1920 1918
f 1944 1935 1929
f 1945 1942 1940
f 1945 1940 1931
f 1945 1931 1939
f 1945 1939 1930
f 1945 1930 1923
f 1945 1923 1942
f 1946 1942 1926
f 1946 1926 1943
f 1946 1943 1940
f 1946 1940 1942
f 1947 1943 1934
f 1947 1920 1943
f 1947 1934 1944
f 1947 1944 1929
f 1947 1936 1920
f 1947 1929 1936
f 1948 1944 1934
f 1948 1934 1922
f 1948 1922 1935
f 1948 1935 1944
o bunny037
usemtl Material037
v 0.077478923 0.840348314 -0.197768456
v 0.184757431 0.733069806 -0.221608124
v 0.077478923 0.756909475 -0.257367627
v -0.387394613 0.768829309 -0.221608124
v -0.411234281 0.792668977 -0.173928787
v -0.420142137 0.707190124 -0.214963892
v 0.077478923 0.840348314 -0.233527958
v -0.077478923 0.840348314 -0.173928787
v 0.089398757 0.709230138 -0.257367627
v -0.423154116 0.852268148 -0.185848621
v -0.411234281 0.709230138 -0.197768456
v -0.125158260 0.780749143 -0.245447793
v 0.125537800 0.843047772 -0.213885055
v 0.005959917 0.840348314 -0.185848621
v 0.184757431 0.744989640 -0.245447793
v -0.437100190 0.794883995 -0.183549041
v -0.423154116 0.733069806 -0.221608124
v -0.425166209 0.854855112 -0.166711389
v -0.292035939 0.840348314 -0.162008953
v 0.089398757 0.709230138 -0.245447793
v 0.053639254 0.756909475 -0.257367627
v -0.387394613 0.840348314 -0.197768456
v 0.185299776 0.781268981 -0.224698955
v -0.079277460 0.859200404 -0.181857188
v 0.077478923 0.828428480 -0.197768456
v 0.125161948 0.721200709 -0.257386287
v 0.125158260 0.840348314 -0.233527958
v -0.423154116 0.709230138 -0.197768456
v -0.411234281 0.828428480 -0.197768456
v -0.435073950 0.804588811 -0.197768456
v -0.125158260 0.721149972 -0.257367627
v -0.436174360 0.817576029 -0.178171140
v -0.125158260 0.828428480 -0.173928787
v 0.184861420 0.722588802 -0.247226342
v -0.077478923 0.744989640 -0.257367627
v -0.089398757 0.816508646 -0.233527958
v -0.351635110 0.780749143 -0.221608124
v -0.089398757 0.852268148 -0.209688290
v -0.292833729 0.857180197 -0.171194414
v 0.006288081 0.856647336 -0.192511334
v 0.113238425 0.744989640 -0.257367627
v -0.435073950 0.792668977 -0.197768456
v -0.125158260 0.709230138 -0.257367627
v 0.186859543 0.728968480 -0.241598830
v 0.005959917 0.852268148 -0.209688290
v 0.148997928 0.780749143 -0.245447793
v 0.125158260 0.792668977 -0.245447793
f 1962 1956 1950
f 1967 1953 1959
f 1967 1966 1953
f 1968 1950 1959
f 1968 1959 1954
f 1968 1954 1957
f 1969 1955 1951
f 1970 1958 1955
f 1971 1961 1949
f 1971 1949 1950
f 1972 1967 1956
f 1973 1962 1950
f 1973 1950 1949
f 1973 1949 1962
f 1974 1969 1951
f 1975 1951 1955
f 1975 1971 1963
f 1975 1961 1971
f 1976 1959 1953
f 1976 1953 1964
f 1976 1954 1959
f 1976 1965 1954
f 1977 1952 1965
f 1977 1970 1952
f 1977 1958 1970
f 1978 1977 1965
f 1978 1958 1977
f 1979 1965 1952
f 1980 1964 1953
f 1980 1953 1966
f 1980 1978 1964
f 1980 1966 1958
f 1980 1958 1978
f 1981 1967 1959
f 1981 1959 1950
f 1981 1950 1956
f 1981 1956 1967
f 1982 1968 1957
f 1982 1950 1968
f 1982 1957 1974
f 1982 1974 1963
f 1983 1960 1955
f 1983 1955 1969
f 1983 1969 1974
f 1983 1974 1979
f 1983 1979 1952
f 1983 1952 1960
f 1984 1970 1955
f 1984 1955 1960
f 1984 1960 1970
f 1985 1970 1960
f 1985 1960 1952
f 1985 1952 1970
f 1986 1955 1958
f 1986 1958 1972
f 1986 1975 1955
f 1987 1972 1958
f 1987 1958 1966
f 1987 1966 1967
f 1987 1967 1972
f 1988 1962 1949
f 1988 1949 1961
f 1988 1961 1975
f 1988 1986 1972
f 1988 1972 1956
f 1988 1956 1962
f 1989 1974 1951
f 1989 1963 1974
f 1990 1976 1964
f 1990 1965 1976
f 1990 1978 1965
f 1990 1964 1978
f 1991 1957 1954
f 1991 1954 1965
f 1991 1965 1979
f 1991 1979 1974
f 1991 1974 1957
f 1992 1971 1950
f 1992 1950 1982
f 1992 1982 1963
f 1992 1963 1971
f 1993 1988 1975
f 1993 1975 1986
f 1993 1986 1988
f 1994 1975 1963
f 1994 1963 1989
f 1995 1989 1951
f 1995 1951 1975
f 1995 1994 1989
f 1995 1975 1994
o bunny038
usemtl Material038
v 0.053488364 0.723193368 -0.249826216
v 0.054369239 0.717288397 -0.255770778
v 0.005959917 0.673470635 -0.364646135
v -0.053639254 0.578111961 -0.412325472
v -0.190219673 0.542018115 -0.259632268
v 0.005734714 0.553592948 -0.407267798
v 0.041719420 0.721149972 -0.281207295
v -0.172837597 0.554272292 -0.245447793
v -0.149841946 0.710231300 -0.238665557
v 0.005959917 0.625791298 -0.400405638
v -0.125158260 0.554272292 -0.388485804
v 0.052087559 0.718412610 -0.252009106
v -0.172837597 0.542352458 -0.257367627
v -0.077478923 0.625791298 -0.388485804
v -0.137078094 0.709230138 -0.257367627
v -0.192394328 0.557795299 -0.250354976
v -0.113238425 0.697310303 -0.233527958
v -0.077505797 0.721170064 -0.245709387
v 0.005959917 0.590031795 -0.412325472
v 0.005959917 0.661550801 -0.376565969
v 0.043294192 0.701051810 -0.290042910
v -0.051288140 0.552188685 -0.401248519
v -0.186016043 0.542275419 -0.269809280
v -0.113238425 0.590031795 -0.388485804
v -0.029799586 0.625791298 -0.400405638
v -0.017879751 0.697310303 -0.316966798
v -0.053639254 0.661550801 -0.364646135
v -0.148997928 0.673470635 -0.233527958
v -0.184757431 0.566192127 -0.293127130
v -0.137078094 0.673470635 -0.233527958
v 0.029799586 0.721149972 -0.281207295
v 0.006255049 0.555162584 -0.407033796
v -0.101318591 0.554272292 -0.400405638
v -0.113238425 0.613871464 -0.376565969
v -0.053639254 0.613871464 -0.400405638
v -0.029799586 0.590031795 -0.412325472
v -0.041719420 0.673470635 -0.352726301
v -0.077478923 0.661550801 -0.352726301
v -0.005959917 0.673470635 -0.364646135
v -0.053639254 0.649630966 -0.376565969
v -0.186031160 0.614815460 -0.250339564
v -0.184757431 0.554272292 -0.293127130
v -0.101318591 0.566192127 -0.400405638
v -0.148997928 0.697310303 -0.257367627
v -0.137078094 0.566192127 -0.376565969
v -0.113238425 0.625791298 -0.364646135
v -0.005959917 0.661550801 -0.376565969
v -0.184757431 0.601951629 -0.269287461
v -0.137078094 0.554272292 -0.376565969
v -0.125158260 0.566192127 -0.388485804
v -0.137078094 0.590031795 -0.364646135
v -0.125158260 0.625791298 -0.352726301
v -0.148997928 0.578111961 -0.352726301
f 2002 1996 1997
f 2007 1997 1996
f 2007 1996 2003
f 2007 2001 1997
f 2008 2003 2000
f 2008 2007 2003
f 2008 2001 2007
f 2011 2000 2003
f 2012 1996 2004
f 2013 2004 1996
f 2013 2010 2004
f 2014 2001 1999
f 2015 1998 2002
f 2015 2002 2005
f 2016 2005 2002
f 2016 2002 1997
f 2016 2014 2005
f 2016 1997 2014
f 2018 2008 2000
f 2018 2001 2008
f 2018 2017 2001
f 2019 2009 1999
f 2020 2005 2014
f 2020 2015 2005
f 2023 2011 2003
f 2023 2012 2004
f 2025 2003 1996
f 2025 1996 2012
f 2025 2023 2003
f 2025 2012 2023
f 2026 2013 1996
f 2026 1996 2002
f 2026 2010 2013
f 2026 2021 2010
f 2026 2002 1998
f 2027 2014 1997
f 2027 1997 2001
f 2027 2001 2014
f 2028 1999 2001
f 2028 2001 2017
f 2028 2018 2006
f 2028 2017 2018
f 2029 2009 2019
f 2030 1999 2009
f 2030 2009 2020
f 2031 2020 2014
f 2031 2014 1999
f 2031 2030 2020
f 2031 1999 2030
f 2032 2022 2010
f 2033 2022 2009
f 2033 2010 2022
f 2033 2009 2029
f 2034 1998 2015
f 2034 2022 2032
f 2034 2026 1998
f 2034 2021 2026
f 2034 2032 2010
f 2034 2010 2021
f 2035 2020 2009
f 2035 2009 2022
f 2036 2023 2004
f 2036 2011 2023
f 2037 2018 2000
f 2037 2000 2011
f 2037 2011 2024
f 2038 2019 1999
f 2038 1999 2028
f 2038 2028 2006
f 2039 2004 2010
f 2039 2036 2004
f 2040 2037 2024
f 2041 2033 2029
f 2041 2029 2010
f 2041 2010 2033
f 2042 2034 2015
f 2042 2015 2020
f 2042 2020 2035
f 2042 2035 2022
f 2042 2022 2034
f 2043 2024 2011
f 2043 2011 2036
f 2043 2036 2039
f 2044 2006 2018
f 2044 2018 2037
f 2044 2040 2006
f 2044 2037 2040
f 2045 2038 2006
f 2045 2019 2038
f 2045 2006 2040
f 2045 2029 2019
f 2046 2045 2040
f 2046 2029 2045
f 2046 2043 2039
f 2047 2046 2039
f 2047 2029 2046
f 2047 2039 2010
f 2047 2010 2029
f 2048 2046 2040
f 2048 2040 2024
f 2048 2024 2043
f 2048 2043 2046
o bunny039
usemtl Material039
v -0.506592955 0.685390469 0.505501765
v -0.482698247 0.649518344 0.505103734
v -0.530432624 0.864187983 0.422062925
v -0.662006888 0.745161128 0.398691866
v -0.661550801 0.542352458 0.433982759
v -0.613871464 0.852268148 0.481662096
v -0.527706535 0.873700221 0.471243787
v -0.554272292 0.566192127 0.505501765
v -0.637711132 0.542352458 0.410143091
v -0.637711132 0.828428480 0.422062925
v -0.661550801 0.697310303 0.433982759
v -0.494560894 0.819204427 0.438496872
v -0.557544142 0.857510815 0.480035152
v -0.542352458 0.876107817 0.445902594
v -0.542352458 0.554272292 0.505501765
v -0.649630966 0.613871464 0.457822428
v -0.554272292 0.625791298 0.505501765
v -0.662201484 0.541985071 0.411080094
v -0.637711132 0.733069806 0.398223257
v -0.625791298 0.816508646 0.410143091
v -0.637439216 0.825189768 0.447200540
v -0.494673121 0.816508646 0.457822428
v -0.530432624 0.876107817 0.445902594
v -0.518512790 0.804588811 0.422062925
v -0.613871464 0.852268148 0.469742262
v -0.542352458 0.864187983 0.422062925
v -0.534160136 0.550631295 0.490336206
v -0.613871464 0.554272292 0.469742262
v -0.601951629 0.566192127 0.481662096
v -0.661550801 0.590031795 0.445902594
v -0.542352458 0.649630966 0.505501765
v -0.631923105 0.538890332 0.430892908
v -0.667242561 0.698765047 0.405315125
v -0.649630966 0.697310303 0.398223257
v -0.649361154 0.804635836 0.409971251
v -0.637711132 0.744989640 0.398223257
v -0.661550801 0.744989640 0.422062925
v -0.480204839 0.682505072 0.495268719
v -0.518512790 0.816508646 0.422062925
v -0.526632116 0.557984591 0.496657791
v -0.494673121 0.792668977 0.433982759
v -0.637711132 0.566192127 0.457822428
v -0.661550801 0.625791298 0.445902594
v -0.646579649 0.812689904 0.416542652
v -0.494673121 0.792668977 0.469742262
v -0.482753287 0.673470635 0.481662096
v -0.649630966 0.625791298 0.457822428
f 2055 2049 2050
f 2061 2055 2054
f 2061 2054 2049
f 2061 2049 2055
f 2062 2054 2055
f 2063 2050 2049
f 2063 2049 2056
f 2065 2056 2049
f 2065 2054 2056
f 2069 2059 2054
f 2069 2054 2058
f 2070 2060 2055
f 2071 2060 2051
f 2071 2055 2060
f 2071 2062 2055
f 2071 2051 2062
f 2072 2057 2067
f 2073 2062 2058
f 2073 2058 2054
f 2073 2054 2062
f 2074 2062 2051
f 2074 2058 2062
f 2074 2068 2058
f 2074 2051 2068
f 2076 2063 2056
f 2076 2053 2063
f 2077 2056 2054
f 2077 2054 2064
f 2077 2076 2056
f 2077 2053 2076
f 2079 2065 2049
f 2079 2049 2054
f 2079 2054 2065
f 2080 2066 2057
f 2080 2053 2066
f 2080 2057 2075
f 2080 2075 2063
f 2080 2063 2053
f 2081 2052 2066
f 2081 2066 2053
f 2081 2053 2078
f 2082 2066 2052
f 2082 2067 2057
f 2082 2057 2066
f 2083 2068 2052
f 2083 2058 2068
f 2084 2052 2068
f 2084 2082 2052
f 2084 2067 2082
f 2084 2068 2051
f 2084 2072 2067
f 2085 2059 2069
f 2085 2081 2059
f 2085 2052 2081
f 2085 2083 2052
f 2086 2055 2050
f 2086 2060 2070
f 2087 2084 2051
f 2087 2072 2084
f 2088 2050 2063
f 2088 2063 2075
f 2089 2057 2072
f 2089 2060 2086
f 2089 2072 2087
f 2089 2087 2051
f 2089 2051 2060
f 2090 2078 2053
f 2090 2053 2077
f 2090 2077 2064
f 2090 2064 2078
f 2091 2078 2064
f 2091 2054 2059
f 2091 2081 2078
f 2091 2059 2081
f 2092 2069 2058
f 2092 2058 2083
f 2092 2085 2069
f 2092 2083 2085
f 2093 2086 2070
f 2093 2070 2055
f 2093 2055 2086
f 2094 2088 2075
f 2094 2050 2088
f 2094 2075 2057
f 2094 2057 2089
f 2094 2089 2086
f 2094 2086 2050
f 2095 2091 2064
f 2095 2064 2054
f 2095 2054 2091
o bunny040
usemtl Material040
v -0.784672327 1.109979121 0.080976453
v -0.639970037 0.896958783 -0.048895741
v -0.653316813 1.320597807 -0.017397257
v -0.654655856 1.282583271 -0.056868356
v -0.768829309 0.935706988 -0.007051108
v -0.612362058 1.187126312 -0.064045686
v -0.804588811 1.102584668 0.064467898
v -0.649630966 0.899947485 -0.030890776
v -0.673470635 0.959546657 -0.066650279
v -0.655216594 1.317735726 -0.042954204
v -0.804588811 1.102584668 0.076387732
v -0.768829309 1.054905331 -0.007051108
v -0.768829309 1.090664833 0.076387732
v -0.625791298 1.114504502 -0.042810610
v -0.780749143 0.899947485 0.028708395
v -0.649630966 0.899947485 -0.066650279
v -0.633147748 1.217161131 -0.070158679
v -0.673470635 1.293302016 -0.042810610
v -0.804588811 0.971466491 0.040628229
v -0.733069806 0.995306159 -0.042810610
v -0.649630966 1.233702844 -0.018970942
v -0.613226966 1.114191162 -0.064575351
v -0.744989640 0.899947485 0.040628229
v -0.733069806 0.899947485 -0.018970942
v -0.661550801 0.911867320 -0.066650279
v -0.792668977 1.090664833 0.040628229
v -0.780749143 1.031065662 0.004868726
v -0.792668977 0.923787154 0.028708395
v -0.673470635 1.066825165 -0.066650279
v -0.733069806 1.031065662 -0.042810610
v -0.637711132 0.899947485 -0.066650279
v -0.801931789 0.935850639 0.077435801
v -0.756909475 0.911867320 -0.007051108
v -0.673470635 0.899947485 -0.054730445
v -0.697310303 0.947626822 -0.054730445
v -0.721149972 0.947626822 -0.042810610
v -0.780749143 1.102584668 0.028708395
v -0.780749143 0.935706988 0.004868726
v -0.792668977 1.042985496 0.028708395
v -0.709230138 1.031065662 -0.054730445
v -0.756909475 1.054905331 -0.018970942
v -0.804588811 0.935706988 0.052548063
v -0.772979833 0.904560417 0.046996410
v -0.709230138 0.995306159 -0.054730445
v -0.709230138 0.923787154 -0.042810610
v -0.744989640 0.959546657 -0.030890776
v -0.804588811 0.947626822 0.040628229
v -0.780749143 0.911867320 0.016788561
v -0.804588811 1.042985496 0.052548063
f 2105 2098 2101
f 2106 2096 2098
f 2108 2098 2096
f 2109 2101 2098
f 2109 2108 2103
f 2112 2105 2101
f 2112 2099 2105
f 2113 2098 2105
f 2113 2106 2098
f 2113 2102 2106
f 2113 2105 2099
f 2114 2106 2102
f 2116 2109 2098
f 2116 2098 2108
f 2116 2108 2109
f 2117 2109 2103
f 2117 2103 2097
f 2117 2101 2109
f 2117 2112 2101
f 2118 2110 2097
f 2118 2097 2103
f 2118 2103 2108
f 2119 2097 2110
f 2120 2112 2111
f 2120 2104 2112
f 2121 2102 2113
f 2122 2107 2100
f 2122 2121 2107
f 2124 2112 2104
f 2124 2099 2112
f 2125 2113 2099
f 2126 2117 2097
f 2126 2097 2111
f 2126 2111 2112
f 2126 2112 2117
f 2127 2118 2108
f 2127 2108 2096
f 2127 2096 2106
f 2128 2119 2110
f 2129 2111 2097
f 2129 2097 2119
f 2129 2120 2111
f 2130 2104 2120
f 2131 2130 2120
f 2131 2115 2130
f 2131 2128 2100
f 2132 2121 2113
f 2132 2113 2107
f 2132 2107 2121
f 2133 2122 2100
f 2133 2114 2122
f 2134 2122 2114
f 2134 2102 2121
f 2134 2121 2122
f 2135 2124 2104
f 2135 2115 2125
f 2135 2125 2099
f 2135 2099 2124
f 2136 2107 2113
f 2136 2113 2125
f 2136 2125 2115
f 2136 2115 2100
f 2136 2100 2107
f 2137 2127 2106
f 2137 2106 2114
f 2137 2123 2110
f 2137 2110 2127
f 2138 2127 2110
f 2138 2110 2118
f 2138 2118 2127
f 2139 2130 2115
f 2139 2104 2130
f 2139 2135 2104
f 2139 2115 2135
f 2140 2131 2120
f 2140 2119 2128
f 2140 2128 2131
f 2140 2129 2119
f 2140 2120 2129
f 2141 2131 2100
f 2141 2100 2115
f 2141 2115 2131
f 2142 2133 2123
f 2142 2114 2133
f 2142 2137 2114
f 2142 2123 2137
f 2143 2110 2123
f 2143 2123 2133
f 2143 2128 2110
f 2143 2133 2100
f 2143 2100 2128
f 2144 2134 2114
f 2144 2114 2102
f 2144 2102 2134
o bunny041
usemtl Material041
v 0.270195286 0.531101997 -0.344612725
v 0.268773185 0.219189278 -0.308404865
v 0.268196270 0.423154116 -0.364646135
v 0.053639254 0.590031795 -0.412325472
v 0.220516934 0.148997928 -0.269287461
v 0.065559088 0.303955773 -0.388485804
v 0.184757431 0.566192127 -0.388485804
v 0.268196270 0.232436768 -0.328886632
v 0.268196270 0.280116105 -0.305046964
v 0.067204531 0.606085475 -0.387553834
v 0.148997928 0.482753287 -0.400405638
v 0.268196270 0.518512790 -0.364646135
v 0.148997928 0.315875607 -0.376565969
v 0.232436768 0.148997928 -0.305046964
v 0.231907254 0.127922996 -0.266748987
v 0.184757431 0.578111961 -0.352726301
v 0.053639254 0.292035939 -0.352726301
v 0.101318591 0.601951629 -0.400405638
v 0.065559088 0.482753287 -0.412325472
v 0.160917762 0.542352458 -0.400405638
v 0.208597099 0.578111961 -0.376565969
v 0.125158260 0.292035939 -0.376565969
v 0.208597099 0.327795442 -0.364646135
v 0.137078094 0.458913618 -0.400405638
v 0.078436339 0.219253844 -0.345355306
v 0.244356602 0.530432624 -0.340806467
v 0.054035481 0.602858661 -0.390806104
v 0.041719420 0.351635110 -0.400405638
v 0.160917762 0.530432624 -0.400405638
v 0.148997928 0.566192127 -0.400405638
v 0.089398757 0.566192127 -0.412325472
v 0.221085642 0.578425823 -0.354367236
v 0.053639254 0.351635110 -0.400405638
v 0.184757431 0.172837597 -0.328886632
v 0.256276436 0.339715276 -0.352726301
v 0.077478923 0.494673121 -0.412325472
v 0.220220030 0.126708475 -0.267864113
v 0.051133146 0.281992842 -0.367428058
v 0.053639254 0.482753287 -0.412325472
v 0.041615095 0.423208843 -0.399810306
v 0.125158260 0.590031795 -0.400405638
v 0.125599126 0.602846902 -0.378959010
v 0.089398757 0.244356602 -0.364646135
v 0.148997928 0.268196270 -0.364646135
v 0.232436768 0.172837597 -0.316966798
v 0.089398757 0.518512790 -0.412325472
v 0.053639254 0.280116105 -0.352726301
v 0.160917762 0.172837597 -0.328886632
v 0.053639254 0.303955773 -0.388485804
v 0.052313364 0.598916439 -0.392641241
v 0.065559088 0.590031795 -0.412325472
v 0.125158260 0.220516934 -0.352726301
v 0.076199116 0.222205342 -0.346645737
v 0.040797598 0.328176544 -0.383417633
v 0.041719420 0.387394613 -0.376565969
f 2152 2145 2146
f 2152 2147 2145
f 2153 2146 2145
f 2156 2145 2147
f 2158 2152 2146
f 2159 2146 2153
f 2159 2158 2146
f 2159 2153 2145
f 2160 2154 2149
f 2164 2151 2156
f 2164 2156 2147
f 2165 2156 2151
f 2165 2145 2156
f 2166 2157 2152
f 2167 2152 2157
f 2168 2155 2147
f 2168 2167 2157
f 2168 2147 2167
f 2170 2159 2145
f 2170 2149 2159
f 2170 2160 2149
f 2171 2161 2149
f 2171 2149 2154
f 2171 2162 2148
f 2171 2154 2162
f 2173 2164 2147
f 2173 2147 2155
f 2174 2151 2164
f 2174 2165 2151
f 2175 2163 2148
f 2175 2174 2164
f 2175 2164 2173
f 2176 2145 2165
f 2176 2170 2145
f 2176 2160 2170
f 2177 2166 2150
f 2177 2157 2166
f 2177 2150 2172
f 2177 2168 2157
f 2177 2172 2163
f 2178 2150 2166
f 2179 2167 2147
f 2179 2147 2152
f 2179 2152 2167
f 2180 2155 2168
f 2180 2163 2175
f 2180 2177 2163
f 2180 2168 2177
f 2181 2159 2149
f 2181 2149 2161
f 2181 2158 2159
f 2183 2172 2148
f 2183 2148 2163
f 2183 2163 2172
f 2184 2148 2172
f 2185 2162 2165
f 2185 2165 2174
f 2185 2174 2175
f 2186 2154 2160
f 2186 2160 2176
f 2186 2162 2154
f 2186 2176 2165
f 2186 2165 2162
f 2188 2178 2166
f 2188 2166 2152
f 2188 2152 2178
f 2189 2178 2152
f 2189 2152 2158
f 2189 2158 2178
f 2190 2180 2175
f 2190 2175 2173
f 2190 2173 2155
f 2190 2155 2180
f 2191 2181 2161
f 2191 2169 2181
f 2192 2181 2169
f 2192 2178 2158
f 2192 2158 2181
f 2192 2187 2178
f 2192 2169 2187
f 2193 2172 2150
f 2193 2150 2187
f 2194 2171 2148
f 2194 2148 2184
f 2195 2185 2175
f 2195 2175 2148
f 2195 2148 2162
f 2195 2162 2185
f 2196 2187 2150
f 2196 2150 2178
f 2196 2178 2187
f 2197 2191 2182
f 2197 2169 2191
f 2197 2182 2193
f 2197 2193 2187
f 2197 2187 2169
f 2198 2182 2191
f 2198 2193 2182
f 2198 2172 2193
f 2198 2184 2172
f 2199 2161 2171
f 2199 2171 2194
f 2199 2194 2184
f 2199 2184 2198
f 2199 2198 2191
f 2199 2191 2161
o bunny042
usemtl Material042
v -0.661550801 1.126424336 0.577020770
v -0.661447346 1.101443676 0.574849764
v -0.695694797 1.243178824 0.444057661
v -0.756909475 1.233702844 0.422062925
v -0.828428480 0.935706988 0.493581931
v -0.721149972 1.186023507 0.517421599
v -0.660750490 1.133925285 0.557548212
v -0.721149972 1.078744999 0.588940604
v -0.792668977 0.923787154 0.481662096
v -0.709230138 1.245622679 0.457822428
v -0.780749143 1.102584668 0.517421599
v -0.661550801 1.114504502 0.553181102
v -0.693140566 1.238902245 0.451959152
v -0.709230138 1.078744999 0.588940604
v -0.697310303 1.126424336 0.577020770
v -0.816187356 1.030953813 0.422026896
v -0.756909475 1.233702844 0.433982759
v -0.744989640 1.114504502 0.553181102
v -0.792668977 1.031065662 0.529341433
v -0.697310303 1.221783010 0.445902594
v -0.764037033 0.925749283 0.533333088
v -0.661683647 1.139077680 0.554434811
v -0.822059124 0.921489931 0.458473416
v -0.733069806 1.209863176 0.422062925
v -0.828428480 1.019145828 0.469742262
v -0.721149972 1.233702844 0.469742262
v -0.768829309 1.162183839 0.493581931
v -0.733069806 1.162183839 0.529341433
v -0.721149972 1.102584668 0.577020770
v -0.780749143 0.923787154 0.541261267
v -0.768829309 1.090664833 0.541261267
v -0.706333085 1.055214327 0.584053481
v -0.783058477 1.170140265 0.418214780
v -0.733048241 1.233674725 0.422041232
v -0.828428480 0.995306159 0.493581931
v -0.840348314 0.947626822 0.469742262
v -0.792668977 1.174103673 0.433982759
v -0.709230138 1.150264005 0.553181102
v -0.780749143 0.983386325 0.541261267
v -0.816508646 0.923787154 0.505501765
v -0.773804069 0.920929118 0.524413498
v -0.744989640 1.090664833 0.565100936
v -0.808758334 1.052075120 0.421486751
v -0.780749143 1.078744999 0.529341433
v -0.828428480 0.923787154 0.481662096
v -0.840348314 0.959546657 0.469742262
v -0.827717840 0.983297741 0.433908858
v -0.768829309 1.221783010 0.433982759
v -0.804588811 1.114504502 0.457822428
v -0.792668977 1.138344170 0.469742262
v -0.768829309 1.221783010 0.422062925
v -0.823560589 0.925391958 0.457408534
v -0.780749143 1.138344170 0.493581931
v -0.804588811 1.102584668 0.469742262
f 2206 2200 2201
f 2209 2205 2200
f 2209 2202 2203
f 2211 2206 2201
f 2212 2209 2200
f 2212 2202 2209
f 2212 2211 2202
f 2213 2201 2200
f 2213 2200 2207
f 2214 2207 2200
f 2214 2200 2205
f 2216 2209 2203
f 2219 2211 2208
f 2219 2202 2211
f 2220 2211 2201
f 2220 2208 2211
f 2221 2212 2200
f 2221 2200 2206
f 2221 2206 2211
f 2221 2211 2212
f 2222 2219 2208
f 2222 2215 2219
f 2223 2219 2215
f 2223 2202 2219
f 2225 2216 2205
f 2225 2205 2209
f 2225 2209 2216
f 2227 2217 2214
f 2227 2226 2217
f 2227 2205 2226
f 2228 2217 2207
f 2228 2207 2214
f 2228 2214 2217
f 2229 2218 2204
f 2230 2226 2210
f 2230 2217 2226
f 2231 2220 2201
f 2231 2201 2213
f 2231 2229 2220
f 2231 2213 2207
f 2231 2207 2229
f 2233 2203 2202
f 2233 2202 2223
f 2233 2232 2203
f 2233 2223 2232
f 2234 2204 2218
f 2235 2204 2234
f 2236 2232 2215
f 2237 2227 2214
f 2237 2214 2205
f 2237 2205 2227
f 2238 2229 2207
f 2238 2207 2218
f 2238 2218 2229
f 2239 2229 2204
f 2240 2222 2208
f 2240 2208 2220
f 2240 2220 2229
f 2240 2239 2222
f 2240 2229 2239
f 2241 2230 2218
f 2241 2218 2207
f 2241 2207 2217
f 2241 2217 2230
f 2242 2232 2223
f 2242 2223 2215
f 2242 2215 2232
f 2243 2230 2210
f 2243 2210 2234
f 2243 2234 2218
f 2243 2218 2230
f 2244 2235 2222
f 2244 2204 2235
f 2244 2239 2204
f 2244 2222 2239
f 2245 2235 2234
f 2245 2234 2224
f 2245 2224 2236
f 2246 2215 2222
f 2246 2235 2245
f 2246 2245 2236
f 2246 2236 2215
f 2247 2236 2226
f 2247 2216 2203
f 2247 2226 2205
f 2247 2205 2216
f 2248 2236 2224
f 2248 2224 2234
f 2250 2203 2232
f 2250 2232 2236
f 2250 2247 2203
f 2250 2236 2247
f 2251 2246 2222
f 2251 2222 2235
f 2251 2235 2246
f 2252 2249 2210
f 2252 2210 2226
f 2252 2226 2236
f 2252 2236 2249
f 2253 2248 2234
f 2253 2234 2210
f 2253 2210 2249
f 2253 2249 2236
f 2253 2236 2248
o bunny043
usemtl Material043
v -0.558591465 1.330533191 0.042471737
v -0.494673121 1.281382181 -0.030890776
v -0.518512790 1.448259861 -0.245447793
v -0.623405676 1.478611203 -0.271761991
v -0.655357606 1.316483026 -0.042651398
v -0.506592955 1.376740855 -0.269287461
v -0.566192127 1.484019363 -0.245447793
v -0.518512790 1.329061518 -0.007051108
v -0.660977230 1.315715345 0.040749852
v -0.494673121 1.424420192 -0.257367627
v -0.625791298 1.460179695 -0.269287461
v -0.497455671 1.280984551 -0.114595001
v -0.530432624 1.329061518 0.016788561
v -0.509402572 1.280138095 -0.019374047
v -0.625791298 1.460179695 -0.185848621
v -0.494673121 1.376740855 -0.162008953
v -0.518512790 1.412500358 -0.162008953
v -0.542352458 1.472099529 -0.269287461
v -0.653641101 1.328037218 -0.078676975
v -0.491228359 1.377049120 -0.269215797
v -0.550392714 1.326526460 0.038972348
v -0.494673121 1.293302016 -0.030890776
v -0.566192127 1.352901187 0.028708395
v -0.518512790 1.281382181 -0.066650279
v -0.613871464 1.484019363 -0.233527958
v -0.661550801 1.352901187 -0.042810610
v -0.518512790 1.424420192 -0.185848621
v -0.506592955 1.376740855 -0.126249450
v -0.570890095 1.475121946 -0.272423204
v -0.542352458 1.472099529 -0.257367627
v -0.494673121 1.424420192 -0.269287461
v -0.531421838 1.314734986 0.017242981
v -0.625791298 1.352901187 0.028708395
v -0.530432624 1.412500358 -0.138169284
v -0.625791298 1.484019363 -0.245447793
v -0.566192127 1.436340026 -0.138169284
v -0.661550801 1.329061518 0.040628229
v -0.530432624 1.448259861 -0.209688290
v -0.637711132 1.340981352 0.040628229
v -0.578111961 1.460179695 -0.185848621
v -0.554272292 1.436340026 -0.150089119
v -0.530432624 1.460179695 -0.245447793
v -0.601951629 1.484019363 -0.233527958
f 2264 2257 2259
f 2267 2265 2255
f 2270 2266 2261
f 2272 2264 2259
f 2272 2265 2258
f 2272 2259 2265
f 2273 2255 2265
f 2273 2263 2269
f 2273 2265 2259
f 2274 2254 2262
f 2274 2262 2267
f 2275 2266 2255
f 2275 2261 2266
f 2275 2269 2261
f 2275 2273 2269
f 2275 2255 2273
f 2276 2274 2266
f 2276 2254 2274
f 2277 2267 2262
f 2277 2262 2258
f 2277 2258 2265
f 2277 2265 2267
f 2279 2264 2272
f 2279 2272 2258
f 2279 2258 2262
f 2280 2263 2256
f 2281 2270 2261
f 2281 2261 2269
f 2281 2280 2270
f 2281 2269 2263
f 2281 2263 2280
f 2282 2257 2260
f 2282 2260 2271
f 2282 2273 2259
f 2282 2259 2257
f 2283 2271 2260
f 2284 2263 2273
f 2284 2282 2271
f 2284 2273 2282
f 2285 2255 2266
f 2285 2266 2274
f 2285 2274 2267
f 2285 2267 2255
f 2286 2276 2268
f 2287 2276 2266
f 2287 2266 2270
f 2287 2270 2280
f 2288 2278 2260
f 2288 2260 2257
f 2288 2268 2278
f 2288 2257 2264
f 2288 2264 2279
f 2290 2279 2262
f 2290 2288 2279
f 2290 2268 2288
f 2290 2262 2254
f 2291 2280 2256
f 2291 2287 2280
f 2292 2254 2276
f 2292 2276 2286
f 2292 2290 2254
f 2292 2286 2268
f 2292 2268 2290
f 2293 2289 2260
f 2293 2276 2289
f 2293 2278 2268
f 2293 2268 2276
f 2294 2289 2276
f 2294 2276 2287
f 2294 2287 2291
f 2294 2291 2260
f 2294 2260 2289
f 2295 2291 2256
f 2295 2283 2260
f 2295 2260 2291
f 2295 2256 2263
f 2295 2271 2283
f 2295 2284 2271
f 2295 2263 2284
f 2296 2293 2260
f 2296 2260 2278
f 2296 2278 2293
o bunny044
usemtl Material044
v 0.315875607 0.935706988 -0.114329616
v 0.435073950 0.709230138 -0.197768456
v 0.280116105 0.888027651 -0.197768456
v 0.125921711 0.719731819 -0.261229990
v 0.196677265 0.721149972 -0.221608124
v 0.423154116 0.721149972 -0.233527958
v 0.125158260 0.840348314 -0.233527958
v 0.387394613 0.804588811 -0.150089119
v 0.125158260 0.709230138 -0.245447793
v 0.339715276 0.935706988 -0.150089119
v 0.268196270 0.721149972 -0.257367627
v 0.423154116 0.709230138 -0.197768456
v 0.303955773 0.935706988 -0.114329616
v 0.266919284 0.702822732 -0.252376209
v 0.124402185 0.722669599 -0.253542585
v 0.399314447 0.744989640 -0.233527958
v 0.349023988 0.932507012 -0.121965915
v 0.256276436 0.911867320 -0.185848621
v 0.208597099 0.733069806 -0.257367627
v 0.244356602 0.709230138 -0.221608124
v 0.125158260 0.816508646 -0.209688290
v 0.306766236 0.954547768 -0.120422492
v 0.423154116 0.709230138 -0.233527958
v 0.423154116 0.768829309 -0.209688290
v 0.327795442 0.923787154 -0.162008953
v 0.363554944 0.721149972 -0.245447793
v 0.137078094 0.840348314 -0.233527958
v 0.399314447 0.804588811 -0.150089119
v 0.148997928 0.828428480 -0.197768456
v 0.317672835 0.952052609 -0.118225871
v 0.292035939 0.935706988 -0.162008953
v 0.256548561 0.941047806 -0.143709693
v 0.435073950 0.733069806 -0.221608124
v 0.432507811 0.707253299 -0.214824526
v 0.399314447 0.840348314 -0.173928787
v 0.315875607 0.888027651 -0.185848621
v 0.363554944 0.709230138 -0.245447793
v 0.268196270 0.864187983 -0.209688290
v 0.268196270 0.911867320 -0.185848621
v 0.351635110 0.899947485 -0.126249450
v 0.351635110 0.935706988 -0.138169284
v 0.256276436 0.923787154 -0.138169284
v 0.125537800 0.843047772 -0.213885055
v 0.292555069 0.950032696 -0.129914902
v 0.351635110 0.923787154 -0.150089119
v 0.400409363 0.841411441 -0.152710207
v 0.435073950 0.756909475 -0.209688290
v 0.434064779 0.766320261 -0.181283704
v 0.435073950 0.733069806 -0.185848621
v 0.435073950 0.768829309 -0.197768456
f 2308 2298 2304
f 2309 2304 2297
f 2309 2301 2304
f 2309 2305 2301
f 2310 2298 2308
f 2310 2305 2300
f 2310 2300 2307
f 2311 2303 2300
f 2311 2300 2305
f 2315 2307 2300
f 2316 2308 2304
f 2316 2304 2301
f 2316 2301 2305
f 2316 2310 2308
f 2316 2305 2310
f 2317 2311 2305
f 2317 2303 2311
f 2320 2312 2306
f 2321 2306 2312
f 2322 2312 2302
f 2322 2307 2312
f 2322 2302 2319
f 2323 2312 2307
f 2323 2303 2314
f 2323 2307 2315
f 2323 2315 2300
f 2323 2300 2303
f 2324 2297 2304
f 2324 2304 2298
f 2325 2317 2305
f 2325 2305 2309
f 2325 2309 2317
f 2326 2318 2309
f 2326 2309 2297
f 2326 2297 2313
f 2326 2306 2318
f 2327 2318 2306
f 2327 2306 2321
f 2328 2309 2318
f 2328 2327 2314
f 2328 2314 2303
f 2329 2319 2302
f 2329 2302 2312
f 2329 2312 2320
f 2330 2298 2310
f 2330 2310 2319
f 2330 2329 2298
f 2330 2319 2329
f 2332 2321 2312
f 2332 2312 2299
f 2332 2299 2321
f 2333 2322 2319
f 2333 2319 2310
f 2333 2310 2307
f 2333 2307 2322
f 2334 2323 2299
f 2334 2299 2312
f 2334 2312 2323
f 2335 2323 2314
f 2335 2299 2323
f 2335 2314 2327
f 2335 2327 2321
f 2335 2321 2299
f 2336 2324 2313
f 2336 2313 2297
f 2336 2297 2324
f 2337 2326 2313
f 2337 2306 2326
f 2338 2317 2309
f 2338 2309 2328
f 2339 2328 2303
f 2339 2303 2317
f 2339 2338 2328
f 2339 2317 2338
f 2340 2328 2318
f 2340 2318 2327
f 2340 2327 2328
f 2341 2320 2306
f 2341 2337 2331
f 2341 2306 2337
f 2342 2313 2324
f 2342 2337 2313
f 2342 2331 2337
f 2343 2341 2331
f 2343 2320 2341
f 2343 2329 2320
f 2343 2298 2329
f 2344 2342 2324
f 2345 2344 2324
f 2345 2324 2298
f 2345 2298 2343
f 2346 2343 2331
f 2346 2331 2342
f 2346 2342 2344
f 2346 2345 2343
f 2346 2344 2345
o bunny045
usemtl Material045
v 0.637711132 0.792668977 0.076387732
v 0.685390469 0.470833453 0.016788561
v 0.673470635 0.649630966 -0.007051108
v 0.601951629 0.744989640 -0.090489947
v 0.590031795 0.780749143 0.016788561
v 0.637711132 0.613871464 -0.102409782
v 0.637711132 0.768829309 0.004868726
v 0.685390469 0.625791298 0.040628229
v 0.661550801 0.470833453 0.028708395
v 0.601951629 0.792668977 -0.042810610
v 0.661550801 0.625791298 -0.054730445
v 0.649630966 0.768829309 0.040628229
v 0.685390469 0.625791298 0.028708395
v 0.613871464 0.780749143 0.076387732
v 0.679483914 0.470544989 0.041676126
v 0.662220727 0.470826136 -0.007295471
v 0.590031795 0.792668977 0.016788561
v 0.661550801 0.613871464 -0.054730445
v 0.649630966 0.637711132 -0.078570113
v 0.661550801 0.709230138 0.004868726
v 0.649630966 0.768829309 0.076387732
v 0.637711132 0.792668977 0.040628229
v 0.673470635 0.685390469 0.040628229
v 0.673470635 0.625791298 -0.018970942
v 0.589360903 0.709119201 -0.089949353
v 0.619515707 0.796180010 0.075573311
v 0.637711132 0.625791298 -0.102409782
v 0.661550801 0.649630966 -0.042810610
v 0.637711132 0.721149972 -0.042810610
v 0.645815490 0.743327462 0.076653193
v 0.625791298 0.792668977 0.004868726
v 0.673470635 0.685390469 0.028708395
v 0.685390469 0.542352458 0.016788561
v 0.622097172 0.612591018 -0.099828484
v 0.583689012 0.788852531 -0.040203139
v 0.590031795 0.709230138 -0.066650279
v 0.637711132 0.673470635 -0.078570113
v 0.649630966 0.673470635 -0.054730445
v 0.625791298 0.756909475 0.076387732
v 0.584001674 0.742782231 -0.087254354
v 0.613871464 0.733069806 -0.078570113
f 2359 2354 2348
f 2360 2351 2355
f 2361 2360 2355
f 2361 2348 2354
f 2362 2352 2348
f 2362 2361 2355
f 2362 2348 2361
f 2363 2351 2360
f 2364 2348 2352
f 2365 2364 2352
f 2365 2357 2364
f 2366 2353 2358
f 2367 2358 2347
f 2367 2361 2354
f 2368 2347 2358
f 2368 2358 2353
f 2369 2354 2359
f 2369 2367 2354
f 2369 2358 2367
f 2370 2357 2349
f 2370 2349 2359
f 2370 2364 2357
f 2370 2348 2364
f 2371 2362 2355
f 2372 2356 2363
f 2372 2347 2368
f 2372 2363 2360
f 2372 2360 2347
f 2373 2365 2352
f 2373 2371 2350
f 2374 2349 2357
f 2374 2357 2365
f 2374 2366 2349
f 2375 2353 2366
f 2376 2367 2347
f 2376 2347 2360
f 2376 2361 2367
f 2377 2368 2353
f 2377 2372 2368
f 2377 2356 2372
f 2377 2353 2375
f 2378 2366 2358
f 2378 2358 2369
f 2378 2349 2366
f 2378 2369 2359
f 2378 2359 2349
f 2379 2370 2359
f 2379 2359 2348
f 2379 2348 2370
f 2380 2352 2362
f 2380 2362 2371
f 2380 2373 2352
f 2380 2371 2373
f 2381 2351 2363
f 2381 2363 2356
f 2382 2371 2355
f 2382 2355 2351
f 2383 2373 2350
f 2383 2365 2373
f 2384 2375 2366
f 2384 2366 2374
f 2384 2383 2375
f 2384 2374 2365
f 2384 2365 2383
f 2385 2376 2360
f 2385 2360 2361
f 2385 2361 2376
f 2386 2381 2356
f 2386 2356 2350
f 2386 2350 2371
f 2386 2371 2382
f 2386 2382 2351
f 2386 2351 2381
f 2387 2383 2350
f 2387 2375 2383
f 2387 2377 2375
f 2387 2350 2356
f 2387 2356 2377
o bunny046
usemtl Material046
v -0.751097185 0.649702635 0.319118898
v -0.733903915 0.554069760 0.315155343
v -0.721149972 0.554272292 0.004868726
v -0.744989640 0.554272292 -0.018970942
v -0.804588811 0.613871464 0.195586074
v -0.730160448 0.537537407 0.000545200
v -0.770137404 0.709493653 0.063896371
v -0.744989640 0.649630966 0.302864583
v -0.780749143 0.601951629 0.290944748
v -0.722613923 0.541570147 -0.019673394
v -0.780749143 0.554272292 0.076387732
v -0.782308804 0.709584248 0.243624101
v -0.768829309 0.709230138 0.100227400
v -0.768829309 0.601951629 0.314784417
v -0.745194445 0.542253912 0.267185196
v -0.744989640 0.542352458 -0.018970942
v -0.726220822 0.553109661 -0.021543617
v -0.792668977 0.613871464 0.076387732
v -0.804588811 0.697310303 0.159826572
v -0.804588811 0.661550801 0.219425743
v -0.756909475 0.554272292 0.302864583
v -0.741981543 0.586526955 0.319186808
v -0.780749143 0.649630966 0.302864583
v -0.768829309 0.542352458 0.052548063
v -0.792668977 0.709230138 0.088307566
v -0.792668977 0.590031795 0.076387732
v -0.792668977 0.613871464 0.267105080
v -0.804588811 0.697310303 0.183666240
v -0.768829309 0.578111961 0.302864583
v -0.756909475 0.566192127 0.314784417
v -0.768829309 0.542352458 0.255185246
v -0.768829309 0.649630966 0.314784417
v -0.780749143 0.637711132 0.302864583
v -0.756909475 0.542352458 0.004868726
v -0.792668977 0.578111961 0.100227400
v -0.804588811 0.613871464 0.159826572
v -0.804588811 0.625791298 0.219425743
v -0.768829309 0.566192127 0.290944748
v -0.792668977 0.590031795 0.231345577
v -0.792668977 0.578111961 0.195586074
v -0.780749143 0.578111961 0.267105080
v -0.792668977 0.601951629 0.255185246
v -0.780749143 0.554272292 0.159826572
f 2395 2388 2389
f 2395 2389 2390
f 2397 2390 2389
f 2399 2388 2395
f 2400 2395 2390
f 2400 2390 2394
f 2400 2399 2395
f 2400 2394 2399
f 2402 2397 2389
f 2402 2393 2397
f 2403 2397 2393
f 2404 2394 2390
f 2404 2390 2397
f 2404 2391 2394
f 2404 2403 2391
f 2404 2397 2403
f 2407 2406 2392
f 2409 2389 2388
f 2409 2388 2401
f 2410 2399 2407
f 2412 2394 2391
f 2412 2391 2405
f 2412 2405 2406
f 2412 2399 2394
f 2413 2406 2405
f 2414 2410 2407
f 2415 2407 2399
f 2415 2406 2407
f 2415 2412 2406
f 2415 2399 2412
f 2416 2401 2396
f 2416 2396 2414
f 2417 2408 2389
f 2417 2416 2408
f 2417 2401 2416
f 2417 2409 2401
f 2417 2389 2409
f 2418 2402 2389
f 2418 2389 2408
f 2418 2398 2411
f 2418 2411 2393
f 2418 2393 2402
f 2419 2410 2401
f 2419 2401 2388
f 2419 2388 2399
f 2419 2399 2410
f 2420 2396 2401
f 2420 2401 2410
f 2420 2414 2396
f 2420 2410 2414
f 2421 2403 2393
f 2421 2393 2411
f 2421 2411 2398
f 2421 2398 2413
f 2421 2413 2405
f 2421 2405 2391
f 2421 2391 2403
f 2422 2413 2398
f 2423 2392 2406
f 2423 2406 2413
f 2423 2422 2392
f 2423 2413 2422
f 2424 2414 2407
f 2424 2407 2392
f 2425 2418 2408
f 2425 2408 2416
f 2427 2422 2398
f 2427 2418 2426
f 2427 2426 2392
f 2427 2392 2422
f 2428 2418 2425
f 2428 2426 2418
f 2428 2425 2416
f 2428 2416 2414
f 2429 2414 2424
f 2429 2424 2392
f 2429 2392 2426
f 2429 2428 2414
f 2429 2426 2428
f 2430 2427 2398
f 2430 2398 2418
f 2430 2418 2427
o bunny047
usemtl Material047
v -0.359338026 1.194819333 0.050110875
v -0.339715276 1.042985496 0.028708395
v -0.375278726 1.246131869 -0.006136419
v -0.501544421 1.278262345 -0.056283151
v -0.494673121 1.269462347 0.016788561
v -0.446993784 0.971466491 -0.090489947
v -0.346381307 1.212184285 0.026604013
v -0.351635110 1.078744999 0.052548063
v -0.411234281 1.281382181 0.004868726
v -0.339836427 1.035314258 -0.022119027
v -0.387394613 1.042985496 -0.054730445
v -0.482753287 0.959546657 -0.066650279
v -0.375474779 1.197943342 0.052548063
v -0.336996563 1.079964380 0.051887970
v -0.407916984 1.281066989 -0.014271588
v -0.496172898 1.287230016 0.011373700
v -0.446993784 0.959546657 -0.066650279
v -0.351386157 1.219745287 0.014798860
v -0.482753287 1.257542513 -0.054730445
v -0.363554944 1.042985496 -0.042810610
v -0.518512790 1.269462347 -0.007051108
v -0.482753287 0.983386325 -0.090489947
v -0.375474779 1.126424336 0.052548063
v -0.351635110 1.042985496 0.028708395
v -0.350112346 1.109550732 0.055403647
v -0.334997125 1.040082570 -0.010208277
v -0.508564239 1.285899209 -0.040562538
v -0.446150440 0.956902728 -0.088049861
v -0.339715276 1.054905331 -0.018970942
v -0.482753287 1.186023507 -0.066650279
v -0.518512790 1.269462347 -0.042810610
v -0.362491294 1.174384651 0.054220195
v -0.503983103 1.282567156 -0.054140697
v -0.511835777 1.287086643 -0.012698318
v -0.482862712 0.958021052 -0.084378655
v -0.470833453 0.983386325 -0.090489947
f 2439 2431 2437
f 2443 2431 2439
f 2444 2437 2431
f 2444 2438 2432
f 2445 2433 2441
f 2446 2443 2439
f 2446 2435 2443
f 2446 2439 2445
f 2447 2432 2442
f 2448 2433 2445
f 2448 2445 2439
f 2448 2439 2437
f 2449 2441 2436
f 2449 2445 2441
f 2449 2434 2445
f 2450 2436 2441
f 2450 2441 2433
f 2451 2442 2435
f 2451 2435 2446
f 2453 2442 2438
f 2453 2435 2442
f 2453 2443 2435
f 2454 2442 2432
f 2454 2432 2438
f 2454 2438 2442
f 2455 2438 2444
f 2455 2453 2438
f 2455 2444 2431
f 2456 2437 2444
f 2456 2444 2432
f 2456 2432 2447
f 2457 2446 2445
f 2458 2456 2447
f 2458 2440 2456
f 2458 2450 2440
f 2458 2436 2450
f 2458 2447 2442
f 2458 2452 2436
f 2459 2433 2448
f 2459 2450 2433
f 2459 2440 2450
f 2459 2456 2440
f 2459 2448 2437
f 2459 2437 2456
f 2460 2449 2436
f 2460 2434 2449
f 2462 2443 2453
f 2462 2453 2455
f 2462 2455 2431
f 2462 2431 2443
f 2463 2457 2445
f 2463 2445 2434
f 2463 2461 2457
f 2463 2434 2452
f 2463 2452 2461
f 2464 2451 2446
f 2464 2446 2457
f 2464 2461 2451
f 2464 2457 2461
f 2465 2458 2442
f 2465 2452 2458
f 2465 2461 2452
f 2465 2442 2451
f 2465 2451 2461
f 2466 2452 2434
f 2466 2434 2460
f 2466 2460 2436
f 2466 2436 2452
o bunny048
usemtl Material048
v -0.077478923 0.744989640 0.505501765
v -0.077478923 0.649630966 0.517421599
v -0.113238425 0.804588811 0.433982759
v -0.495573889 0.795300501 0.451259693
v -0.470833453 0.744989640 0.493581931
v -0.280116105 0.709230138 0.457822428
v -0.125158260 0.828428480 0.457822428
v -0.077478923 0.780749143 0.457822428
v -0.089398757 0.685390469 0.517421599
v -0.089398757 0.649630966 0.493581931
v -0.256276436 0.768829309 0.433982759
v -0.494673121 0.709230138 0.469742262
v -0.124072544 0.824845686 0.439652150
v -0.089398757 0.780749143 0.493581931
v -0.494673121 0.792668977 0.469742262
v -0.072930028 0.681969955 0.513886628
v -0.137078094 0.649630966 0.517421599
v -0.089398757 0.744989640 0.505501765
v -0.077478923 0.661550801 0.493581931
v -0.268196270 0.792668977 0.433982759
v -0.208597099 0.768829309 0.433982759
v -0.531617105 0.758210972 0.461256435
v -0.089286753 0.828232831 0.445595674
v -0.101318591 0.816508646 0.469742262
v -0.494673121 0.768829309 0.481662096
v -0.075883794 0.788952121 0.474138475
v -0.137078094 0.673470635 0.517421599
v -0.494673121 0.721149972 0.493581931
v -0.149450204 0.648433482 0.501988043
v -0.077478923 0.649630966 0.505501765
v -0.089398757 0.792668977 0.445902594
v -0.268196270 0.780749143 0.433982759
v -0.149780140 0.819089897 0.438485939
v -0.256276436 0.709230138 0.457822428
v -0.089398757 0.816508646 0.469742262
v -0.518512790 0.756909475 0.481662096
v -0.077478923 0.780749143 0.493581931
v -0.086461292 0.823297276 0.449772985
v -0.492754936 0.706089950 0.484512010
v -0.529766501 0.743886487 0.466029022
v -0.531674957 0.747047045 0.464747703
v -0.518512790 0.744989640 0.481662096
f 2478 2477 2472
f 2478 2472 2476
f 2479 2470 2473
f 2481 2473 2470
f 2482 2475 2468
f 2482 2467 2475
f 2483 2468 2475
f 2484 2475 2467
f 2484 2471 2475
f 2484 2480 2471
f 2484 2467 2480
f 2485 2474 2482
f 2486 2469 2477
f 2487 2472 2477
f 2487 2477 2469
f 2487 2469 2476
f 2488 2470 2477
f 2488 2477 2478
f 2488 2481 2470
f 2489 2469 2479
f 2489 2479 2473
f 2490 2481 2480
f 2490 2473 2481
f 2491 2471 2480
f 2491 2480 2481
f 2492 2482 2474
f 2493 2483 2475
f 2493 2475 2471
f 2494 2493 2471
f 2494 2483 2493
f 2495 2478 2476
f 2495 2468 2483
f 2496 2476 2485
f 2496 2495 2476
f 2496 2468 2495
f 2496 2485 2482
f 2496 2482 2468
f 2497 2474 2485
f 2497 2489 2474
f 2497 2469 2489
f 2497 2485 2476
f 2497 2476 2469
f 2498 2486 2477
f 2498 2477 2470
f 2498 2470 2486
f 2499 2479 2469
f 2499 2469 2486
f 2499 2486 2470
f 2499 2470 2479
f 2500 2487 2476
f 2500 2476 2472
f 2500 2472 2487
f 2501 2489 2473
f 2501 2473 2490
f 2501 2490 2480
f 2502 2491 2481
f 2502 2481 2488
f 2502 2494 2471
f 2502 2471 2491
f 2503 2467 2482
f 2503 2482 2492
f 2503 2501 2480
f 2503 2480 2467
f 2504 2492 2474
f 2504 2474 2489
f 2504 2489 2501
f 2504 2503 2492
f 2504 2501 2503
f 2505 2483 2494
f 2505 2495 2483
f 2505 2478 2495
f 2506 2478 2505
f 2507 2502 2488
f 2507 2488 2478
f 2507 2478 2506
f 2508 2494 2502
f 2508 2507 2506
f 2508 2502 2507
f 2508 2506 2505
f 2508 2505 2494
o bunny049
usemtl Material049
v -0.375464521 0.017711846 0.493622622
v -0.195675101 0.014738841 0.445199300
v -0.523778441 0.031073460 0.200194075
v -0.545126606 0.007191588 0.126175991
v -0.315875607 -0.005959917 0.326704251
v -0.244356602 0.029799586 0.279024914
v -0.506736753 0.016867026 0.445948116
v -0.244356602 -0.005959917 0.326704251
v -0.518512790 0.017879751 0.124067069
v -0.256276436 0.029799586 0.290944748
v -0.435103442 0.017069720 0.493741322
v -0.544938950 0.013985478 0.162069801
v -0.542352458 -0.005959917 0.135986903
v -0.376149910 0.017011055 0.490903715
v -0.196507016 0.012981265 0.338841836
v -0.506592955 0.029799586 0.183666240
v -0.197009858 0.014966251 0.446135999
v -0.470974650 0.016364833 0.482165148
v -0.434686174 0.016610770 0.491486136
v -0.411299955 0.002638669 0.124017504
v -0.518512790 0.029799586 0.183666240
v -0.446993784 -0.005959917 0.243265411
v -0.470482208 0.015607385 0.479763740
v -0.542352458 -0.005959917 0.124067069
v -0.244356602 -0.005959917 0.290944748
v -0.458913618 -0.005959917 0.231345577
v -0.351635110 -0.005959917 0.314784417
v -0.238918552 0.007529376 0.287787441
f 2517 2512 2511
f 2518 2514 2511
f 2519 2518 2511
f 2519 2509 2518
f 2520 2515 2511
f 2520 2511 2512
f 2521 2516 2513
f 2521 2520 2512
f 2521 2515 2520
f 2522 2516 2510
f 2522 2510 2509
f 2522 2509 2519
f 2523 2514 2510
f 2523 2510 2516
f 2524 2511 2514
f 2524 2514 2517
f 2525 2518 2509
f 2525 2509 2510
f 2525 2510 2514
f 2525 2514 2518
f 2526 2519 2511
f 2526 2511 2515
f 2527 2513 2516
f 2527 2522 2519
f 2527 2516 2522
f 2528 2517 2514
f 2529 2524 2517
f 2529 2517 2511
f 2529 2511 2524
f 2530 2521 2513
f 2531 2526 2515
f 2531 2515 2521
f 2531 2513 2527
f 2531 2527 2519
f 2531 2519 2526
f 2532 2521 2512
f 2532 2512 2517
f 2532 2517 2528
f 2532 2516 2521
f 2533 2523 2516
f 2533 2532 2528
f 2533 2516 2532
f 2534 2531 2521
f 2534 2521 2530
f 2534 2530 2531
f 2535 2531 2530
f 2535 2530 2513
f 2535 2513 2531
f 2536 2533 2528
f 2536 2528 2514
f 2536 2514 2523
f 2536 2523 2533
o bunny050
usemtl Material050
v -0.637711132 1.054905331 0.600860439
v -0.613871464 0.852268148 0.553181102
v -0.613788250 0.851159493 0.517997066
v -0.823560589 0.925391958 0.457408534
v -0.756909475 0.911867320 0.553181102
v -0.780749143 0.852268148 0.481662096
v -0.612990857 1.055420972 0.580669252
v -0.637711132 0.911867320 0.600860439
v -0.744989640 1.066825165 0.577020770
v -0.733069806 0.840348314 0.493581931
v -0.804588811 0.888027651 0.505501765
v -0.733069806 0.864187983 0.457822428
v -0.613086578 0.853730908 0.522849521
v -0.744989640 0.876107817 0.541261267
v -0.613871464 1.031065662 0.600860439
v -0.744989640 1.054905331 0.529341433
v -0.733069806 1.066825165 0.577020770
v -0.697310303 1.007225994 0.600860439
v -0.721149972 0.840348314 0.493581931
v -0.828428480 0.899947485 0.457822428
v -0.792668977 0.911867320 0.529341433
v -0.734582994 0.846959516 0.459399134
v -0.613871464 0.911867320 0.600860439
v -0.661550801 0.899947485 0.588940604
v -0.673470635 0.852268148 0.541261267
v -0.756909475 0.852268148 0.505501765
v -0.780749143 1.042985496 0.541261267
v -0.804588811 0.923787154 0.457822428
v -0.731358281 1.065805508 0.562634571
v -0.697310303 1.054905331 0.600860439
v -0.744989640 1.007225994 0.577020770
v -0.804588811 0.876107817 0.493581931
v -0.780749143 0.852268148 0.457822428
v -0.828428480 0.911867320 0.481662096
v -0.768829309 0.899947485 0.541261267
v -0.613871464 0.888027651 0.588940604
v -0.744989640 0.899947485 0.553181102
v -0.721149972 0.995306159 0.588940604
v -0.637711132 0.852268148 0.553181102
v -0.744989640 0.864187983 0.529341433
v -0.733069806 0.852268148 0.517421599
v -0.766206471 1.054357824 0.527166458
v -0.768829309 0.935706988 0.553181102
v -0.792668977 0.888027651 0.517421599
v -0.804588811 0.911867320 0.517421599
v -0.828428480 0.899947485 0.469742262
v -0.828428480 0.923787154 0.481662096
v -0.637711132 0.888027651 0.588940604
v -0.649630966 0.864187983 0.565100936
v -0.804588811 0.923787154 0.517421599
v -0.649630966 0.876107817 0.577020770
f 2548 2543 2539
f 2549 2538 2539
f 2549 2539 2543
f 2551 2543 2537
f 2551 2537 2544
f 2552 2543 2548
f 2553 2545 2537
f 2553 2537 2543
f 2554 2544 2537
f 2555 2539 2538
f 2555 2538 2546
f 2558 2555 2546
f 2558 2548 2539
f 2558 2539 2555
f 2559 2549 2543
f 2559 2543 2551
f 2559 2551 2544
f 2560 2544 2554
f 2562 2542 2546
f 2564 2552 2548
f 2564 2548 2540
f 2565 2545 2553
f 2565 2553 2543
f 2565 2543 2552
f 2566 2554 2537
f 2566 2537 2545
f 2566 2545 2554
f 2567 2554 2545
f 2568 2542 2562
f 2569 2556 2540
f 2569 2540 2548
f 2569 2548 2558
f 2569 2568 2556
f 2569 2542 2568
f 2569 2558 2546
f 2569 2546 2542
f 2570 2568 2547
f 2571 2550 2541
f 2571 2541 2557
f 2572 2538 2549
f 2572 2549 2559
f 2572 2559 2544
f 2573 2560 2541
f 2573 2541 2550
f 2573 2550 2560
f 2574 2560 2554
f 2574 2541 2560
f 2574 2554 2567
f 2575 2561 2546
f 2575 2546 2538
f 2575 2538 2572
f 2577 2562 2546
f 2577 2546 2561
f 2577 2576 2562
f 2577 2561 2576
f 2578 2540 2563
f 2578 2564 2540
f 2578 2552 2564
f 2578 2563 2545
f 2578 2565 2552
f 2578 2545 2565
f 2579 2557 2541
f 2579 2574 2567
f 2579 2541 2574
f 2579 2563 2557
f 2579 2567 2545
f 2579 2545 2563
f 2580 2547 2568
f 2580 2550 2571
f 2580 2571 2557
f 2580 2576 2550
f 2580 2568 2562
f 2580 2562 2576
f 2581 2570 2547
f 2581 2557 2563
f 2581 2580 2557
f 2581 2547 2580
f 2582 2570 2556
f 2582 2556 2568
f 2582 2568 2570
f 2583 2563 2540
f 2583 2540 2556
f 2583 2556 2570
f 2583 2570 2581
f 2584 2572 2544
f 2584 2544 2560
f 2584 2575 2572
f 2585 2576 2561
f 2585 2550 2576
f 2585 2561 2575
f 2585 2575 2584
f 2586 2583 2581
f 2586 2581 2563
f 2586 2563 2583
f 2587 2584 2560
f 2587 2560 2550
f 2587 2585 2584
f 2587 2550 2585
o bunny051
usemtl Material051
v 0.376978097 0.026914718 0.446770560
v 0.602753605 0.051979603 0.171796001
v 0.590031795 0.065559088 0.100227400
v 0.461513332 0.045427797 -0.002246769
v 0.506592955 0.005959917 0.100227400
v 0.458913618 0.053639254 0.016788561
v 0.435854823 0.040703242 0.350826656
v 0.530432624 0.017879751 0.219425743
v 0.338107041 0.012107555 0.251497893
v 0.601951629 0.041719420 0.052548063
v 0.602169388 0.065133931 0.040424327
v 0.339715276 0.029799586 0.422062925
v 0.590031795 0.029799586 0.171746406
v 0.351635110 0.005959917 0.445902594
v 0.446993784 0.005959917 0.040628229
v 0.436132998 0.036171467 0.002676686
v 0.578111961 0.065559088 0.064467898
v 0.495390586 0.051969537 0.003243072
v 0.606772904 0.055213298 0.098638950
v 0.411234281 0.041719420 0.112147235
v 0.506592955 0.005959917 0.159826572
v 0.554272292 0.017879751 0.088307566
v 0.339715276 0.005959917 0.445902594
v 0.363554944 0.005959917 0.433982759
v 0.494673121 0.029799586 0.004868726
v 0.411234281 0.005959917 0.088307566
v 0.542352458 0.017879751 0.195586074
v 0.590031795 0.029799586 0.100227400
v 0.470833453 0.005959917 0.052548063
v 0.554272292 0.017879751 0.159826572
v 0.341347374 0.019276656 0.447443413
v 0.482753287 0.005959917 0.207505909
v 0.590031795 0.041719420 0.040628229
v 0.458913618 0.017879751 0.016788561
v 0.428939925 0.025362908 0.020952638
v 0.506592955 0.017879751 0.040628229
v 0.434225005 0.034246887 0.006625891
v 0.518512790 0.029799586 0.016788561
v 0.566192127 0.029799586 0.052548063
f 2594 2588 2589
f 2594 2589 2590
f 2598 2590 2589
f 2599 2588 2594
f 2599 2594 2590
f 2600 2589 2588
f 2600 2597 2589
f 2602 2592 2601
f 2603 2593 2591
f 2604 2598 2593
f 2604 2590 2598
f 2604 2599 2590
f 2604 2593 2599
f 2605 2591 2593
f 2605 2593 2598
f 2606 2598 2589
f 2606 2589 2597
f 2606 2597 2598
f 2607 2599 2593
f 2607 2596 2599
f 2607 2603 2596
f 2607 2593 2603
f 2608 2601 2592
f 2609 2608 2592
f 2610 2599 2596
f 2610 2602 2601
f 2611 2600 2588
f 2611 2588 2601
f 2611 2595 2600
f 2611 2601 2608
f 2612 2591 2605
f 2612 2605 2598
f 2612 2603 2591
f 2613 2610 2596
f 2613 2602 2610
f 2614 2600 2595
f 2614 2595 2608
f 2615 2609 2597
f 2615 2597 2600
f 2615 2600 2609
f 2616 2609 2592
f 2616 2592 2602
f 2616 2602 2612
f 2617 2609 2600
f 2617 2608 2609
f 2617 2614 2608
f 2617 2600 2614
f 2618 2610 2601
f 2618 2601 2588
f 2618 2588 2599
f 2618 2599 2610
f 2619 2611 2608
f 2619 2608 2595
f 2619 2595 2611
f 2620 2612 2598
f 2620 2598 2597
f 2621 2612 2602
f 2621 2603 2612
f 2622 2602 2613
f 2622 2621 2602
f 2622 2603 2621
f 2622 2613 2596
f 2623 2616 2612
f 2624 2622 2596
f 2624 2596 2603
f 2624 2603 2622
f 2625 2623 2612
f 2625 2612 2620
f 2626 2620 2597
f 2626 2597 2609
f 2626 2609 2616
f 2626 2616 2623
f 2626 2625 2620
f 2626 2623 2625
o bunny052
usemtl Material052
v -0.630036060 1.373510280 -0.074373172
v -0.613871464 1.388660689 -0.114329616
v -0.578111961 1.495939198 -0.269287461
v -0.578111961 1.615137540 -0.626882488
v -0.620093366 1.328628147 -0.294054177
v -0.661550801 1.591297872 -0.507684146
v -0.613871464 1.436340026 -0.138169284
v -0.637711132 1.340981352 -0.078570113
v -0.568835360 1.489810473 -0.318869886
v -0.578111961 1.615137540 -0.543443649
v -0.578111961 1.472099529 -0.591122986
v -0.621873056 1.382602472 -0.082129808
v -0.649630966 1.388660689 -0.078570113
v -0.566192127 1.507859032 -0.316966798
v -0.625791298 1.615137540 -0.543443649
v -0.673470635 1.567458203 -0.543443649
v -0.563210781 1.460668919 -0.577908250
v -0.611890816 1.407636218 -0.116949011
v -0.637711132 1.460179695 -0.197768456
v -0.637711132 1.400580524 -0.090489947
v -0.653442397 1.329555096 -0.078518620
v -0.566192127 1.615137540 -0.555363483
v -0.625791298 1.507859032 -0.293127130
v -0.625791298 1.567458203 -0.591122986
v -0.649630966 1.603217706 -0.567283317
v -0.685390469 1.472099529 -0.436165141
v -0.591034159 1.412404053 -0.484090265
v -0.554272292 1.495939198 -0.579203151
v -0.556901604 1.495467375 -0.604414467
v -0.685390469 1.531698700 -0.424245306
v -0.625791298 1.436340026 -0.138169284
v -0.661550801 1.364821021 -0.078570113
v -0.633843674 1.322173521 -0.201470286
v -0.601951629 1.507859032 -0.293127130
v -0.649630966 1.591297872 -0.495764312
v -0.578111961 1.567458203 -0.626882488
v -0.625791298 1.615137540 -0.579203151
v -0.625791298 1.591297872 -0.591122986
v -0.673470635 1.579378037 -0.543443649
v -0.649630966 1.603217706 -0.531523815
v -0.685390469 1.519778866 -0.495764312
v -0.578111961 1.460179695 -0.579203151
v -0.673470635 1.424420192 -0.376565969
v -0.554272292 1.543618535 -0.591122986
v -0.560560831 1.473023597 -0.588677119
v -0.673470635 1.555538369 -0.448084975
v -0.637711132 1.424420192 -0.126249450
v -0.661550801 1.436340026 -0.185848621
v -0.685390469 1.412500358 -0.281207295
v -0.653641101 1.328037218 -0.078676975
v -0.578111961 1.531698700 -0.614962654
v -0.558491914 1.569374327 -0.619151060
v -0.637711132 1.603217706 -0.579203151
v -0.673470635 1.579378037 -0.519603980
v -0.673470635 1.543618535 -0.531523815
v -0.685390469 1.543618535 -0.495764312
v -0.673470635 1.495939198 -0.483844478
v -0.554272292 1.519778866 -0.579203151
v -0.685390469 1.495939198 -0.364646135
v -0.661550801 1.472099529 -0.257367627
v -0.673470635 1.340981352 -0.209688290
v -0.566192127 1.615137540 -0.626882488
v -0.685390469 1.543618535 -0.460004809
v -0.673470635 1.448259861 -0.245447793
v -0.685390469 1.436340026 -0.281207295
v -0.685390469 1.412500358 -0.328886632
v -0.673470635 1.329061518 -0.173928787
v -0.673470635 1.400580524 -0.173928787
v -0.685390469 1.424420192 -0.352726301
v -0.661550801 1.329061518 -0.209688290
v -0.673470635 1.329061518 -0.150089119
v -0.673470635 1.340981352 -0.138169284
v -0.673470635 1.364821021 -0.138169284
f 2634 2631 2628
f 2635 2628 2631
f 2638 2634 2628
f 2638 2627 2634
f 2639 2627 2638
f 2640 2628 2635
f 2641 2636 2630
f 2643 2635 2631
f 2644 2629 2633
f 2644 2633 2638
f 2644 2640 2629
f 2644 2638 2628
f 2644 2628 2640
f 2646 2639 2638
f 2646 2638 2633
f 2648 2636 2629
f 2648 2629 2640
f 2648 2630 2636
f 2649 2636 2641
f 2650 2637 2642
f 2653 2643 2631
f 2654 2640 2635
f 2654 2635 2643
f 2657 2646 2633
f 2657 2649 2645
f 2657 2633 2649
f 2658 2647 2627
f 2658 2627 2639
f 2659 2631 2634
f 2660 2649 2633
f 2660 2633 2629
f 2660 2629 2636
f 2660 2636 2649
f 2661 2649 2641
f 2661 2632 2645
f 2661 2645 2649
f 2662 2650 2630
f 2663 2651 2641
f 2663 2641 2630
f 2663 2630 2651
f 2664 2630 2650
f 2665 2651 2642
f 2665 2632 2651
f 2666 2651 2632
f 2666 2641 2651
f 2666 2661 2641
f 2666 2632 2661
f 2667 2665 2642
f 2667 2652 2656
f 2668 2637 2643
f 2668 2643 2653
f 2668 2653 2652
f 2668 2667 2637
f 2669 2653 2631
f 2669 2652 2653
f 2670 2648 2640
f 2670 2654 2655
f 2671 2643 2637
f 2671 2637 2655
f 2671 2655 2654
f 2671 2654 2643
f 2672 2645 2632
f 2672 2632 2656
f 2673 2657 2645
f 2673 2639 2646
f 2673 2646 2657
f 2674 2658 2639
f 2674 2639 2673
f 2674 2673 2645
f 2675 2656 2652
f 2676 2659 2634
f 2676 2647 2658
f 2676 2634 2627
f 2676 2627 2647
f 2677 2637 2650
f 2677 2650 2662
f 2677 2662 2655
f 2677 2655 2637
f 2678 2655 2662
f 2678 2670 2655
f 2678 2648 2670
f 2679 2651 2630
f 2679 2630 2664
f 2679 2664 2650
f 2679 2650 2642
f 2679 2642 2651
f 2680 2632 2665
f 2681 2667 2642
f 2681 2642 2637
f 2681 2637 2667
f 2682 2667 2656
f 2682 2665 2667
f 2682 2680 2665
f 2683 2668 2652
f 2683 2652 2667
f 2683 2667 2668
f 2684 2670 2640
f 2684 2640 2654
f 2684 2654 2670
f 2685 2674 2656
f 2685 2656 2675
f 2686 2674 2645
f 2686 2645 2672
f 2686 2672 2656
f 2686 2656 2674
f 2688 2678 2662
f 2688 2662 2630
f 2688 2630 2648
f 2688 2648 2678
f 2689 2682 2656
f 2689 2680 2682
f 2689 2656 2632
f 2689 2632 2680
f 2690 2674 2685
f 2691 2685 2675
f 2692 2675 2652
f 2692 2631 2687
f 2693 2692 2687
f 2693 2675 2692
f 2694 2690 2685
f 2694 2685 2691
f 2694 2658 2674
f 2694 2674 2690
f 2695 2692 2652
f 2695 2652 2669
f 2695 2669 2631
f 2695 2631 2692
f 2696 2693 2687
f 2696 2687 2631
f 2696 2631 2659
f 2696 2659 2693
f 2697 2693 2659
f 2697 2659 2676
f 2697 2675 2693
f 2698 2697 2676
f 2698 2676 2658
f 2698 2691 2675
f 2698 2675 2697
f 2699 2698 2658
f 2699 2658 2694
f 2699 2694 2691
f 2699 2691 2698
o bunny053
usemtl Material053
v -0.159917193 1.010427176 0.183870453
v -0.077478923 0.971466491 -0.018970942
v -0.327795442 1.090664833 0.028708395
v -0.256473768 1.006527500 -0.054458013
v -0.148997928 0.959546657 -0.042810610
v -0.076149675 0.975013568 -0.050747981
v -0.303955773 1.031065662 0.183666240
v -0.077478923 0.959546657 -0.042810610
v -0.232436768 1.019145828 -0.054730445
v -0.147985991 0.968868631 -0.060043082
v -0.089116670 1.006050351 0.052803439
v -0.292035939 1.066825165 0.183666240
v -0.339836427 1.035314258 -0.022119027
v -0.196677265 1.007225994 0.183666240
v -0.076223399 0.984273441 -0.027198598
v -0.077478923 0.959546657 -0.054730445
v -0.339715276 1.078744999 0.112147235
v -0.330601805 1.095151991 0.111011135
v -0.172837597 1.031065662 0.171746406
v -0.327795442 1.019145828 -0.018970942
v -0.339715276 1.054905331 -0.018970942
v -0.268196270 1.019145828 0.183666240
v -0.076626934 0.987819442 -0.016465458
v -0.089398757 1.007225994 0.004868726
v -0.307463270 1.064532456 0.183551630
v -0.339715276 1.031065662 0.016788561
v -0.344159323 1.094226734 0.050494818
v -0.184757431 1.031065662 0.183666240
v -0.327795442 1.054905331 -0.018970942
v -0.327795442 1.019145828 -0.007051108
v -0.315875607 1.090664833 0.076387732
v -0.351635110 1.078744999 0.064467898
v -0.341645735 1.095424354 0.061724288
v -0.346533847 1.087308909 0.033285340
v -0.351635110 1.078744999 0.052548063
f 2707 2701 2700
f 2708 2702 2705
f 2709 2704 2703
f 2709 2708 2705
f 2709 2703 2708
f 2710 2700 2701
f 2711 2706 2700
f 2713 2707 2700
f 2713 2704 2707
f 2714 2707 2705
f 2714 2701 2707
f 2715 2707 2704
f 2715 2704 2709
f 2715 2709 2705
f 2715 2705 2707
f 2718 2700 2710
f 2718 2717 2711
f 2718 2710 2717
f 2719 2712 2703
f 2719 2703 2704
f 2720 2708 2703
f 2720 2703 2712
f 2721 2704 2713
f 2721 2713 2700
f 2721 2700 2706
f 2722 2710 2701
f 2722 2701 2714
f 2723 2714 2705
f 2723 2705 2702
f 2723 2722 2714
f 2723 2710 2722
f 2724 2716 2706
f 2724 2706 2711
f 2724 2717 2716
f 2724 2711 2717
f 2725 2712 2719
f 2727 2718 2711
f 2727 2711 2700
f 2727 2700 2718
f 2728 2720 2702
f 2728 2702 2708
f 2728 2708 2720
f 2729 2719 2704
f 2729 2704 2721
f 2729 2721 2706
f 2729 2725 2719
f 2729 2706 2725
f 2730 2717 2710
f 2730 2710 2723
f 2730 2723 2702
f 2731 2725 2706
f 2731 2706 2716
f 2731 2716 2717
f 2732 2702 2726
f 2732 2730 2702
f 2732 2717 2730
f 2732 2731 2717
f 2732 2726 2731
f 2733 2726 2702
f 2733 2702 2720
f 2734 2712 2725
f 2734 2725 2731
f 2734 2720 2712
f 2734 2733 2720
f 2734 2731 2726
f 2734 2726 2733
o bunny054
usemtl Material054
v -0.205879256 0.123083955 0.491736616
v -0.196677265 0.005959917 0.493581931
v -0.207309634 0.187031602 0.438671459
v -0.468368652 0.144097989 0.433262066
v -0.458913618 0.029799586 0.529341433
v -0.195675101 0.014738841 0.445199300
v -0.206098379 0.177251320 0.443082614
v -0.351635110 0.065559088 0.529341433
v -0.315875607 0.172837597 0.422062925
v -0.470482208 0.015607385 0.479763740
v -0.208597099 0.184757431 0.457822428
v -0.196677265 0.029799586 0.457822428
v -0.363554944 0.017879751 0.529341433
v -0.197916897 0.018940455 0.494451872
v -0.435073950 0.137078094 0.505501765
v -0.339853970 0.014121037 0.445785827
v -0.470833453 0.089398757 0.517421599
v -0.435073950 0.172837597 0.445902594
v -0.351635110 0.029799586 0.529341433
v -0.446993784 0.005959917 0.505501765
v -0.387394613 0.101318591 0.529341433
v -0.473352210 0.141307272 0.434540834
v -0.470833453 0.017879751 0.517421599
v -0.339715276 0.184757431 0.445902594
v -0.435073950 0.172837597 0.433982759
v -0.363554944 0.005959917 0.505501765
v -0.470833453 0.005959917 0.493581931
v -0.375474779 0.137078094 0.505501765
v -0.435073950 0.101318591 0.529341433
v -0.470833453 0.148997928 0.469742262
v -0.446993784 0.017879751 0.529341433
v -0.315875607 0.184757431 0.457822428
v -0.315875607 0.184757431 0.422062925
v -0.341249491 0.185258831 0.426214322
v -0.458913618 0.125158260 0.505501765
v -0.458913618 0.089398757 0.529341433
v -0.470833453 0.113238425 0.505501765
v -0.458913618 0.148997928 0.481662096
v -0.458913618 0.160917762 0.457822428
v -0.454111074 0.151370468 0.432578523
v -0.435073950 0.160917762 0.469742262
f 2741 2735 2736
f 2741 2740 2737
f 2743 2737 2740
f 2745 2741 2737
f 2745 2735 2741
f 2746 2741 2736
f 2746 2736 2740
f 2746 2740 2741
f 2747 2742 2739
f 2748 2736 2735
f 2748 2735 2742
f 2750 2743 2740
f 2750 2738 2743
f 2750 2740 2736
f 2753 2747 2736
f 2753 2742 2747
f 2753 2748 2742
f 2753 2736 2748
f 2755 2742 2735
f 2755 2735 2745
f 2755 2739 2742
f 2756 2750 2744
f 2756 2738 2750
f 2757 2739 2751
f 2757 2751 2756
f 2759 2738 2756
f 2760 2754 2736
f 2760 2736 2747
f 2760 2747 2754
f 2761 2750 2736
f 2761 2736 2754
f 2761 2744 2750
f 2761 2754 2757
f 2761 2757 2756
f 2761 2756 2744
f 2762 2755 2745
f 2762 2745 2749
f 2762 2749 2755
f 2763 2755 2749
f 2763 2739 2755
f 2765 2757 2754
f 2765 2754 2747
f 2765 2747 2739
f 2765 2739 2757
f 2766 2745 2737
f 2766 2737 2758
f 2766 2749 2745
f 2766 2758 2752
f 2767 2737 2743
f 2767 2743 2738
f 2768 2759 2752
f 2768 2752 2758
f 2768 2767 2759
f 2768 2758 2737
f 2768 2737 2767
f 2769 2763 2749
f 2770 2751 2739
f 2770 2739 2763
f 2770 2763 2769
f 2771 2764 2756
f 2771 2756 2751
f 2771 2769 2764
f 2771 2770 2769
f 2771 2751 2770
f 2772 2769 2749
f 2772 2764 2769
f 2773 2759 2756
f 2773 2756 2764
f 2773 2752 2759
f 2773 2772 2752
f 2773 2764 2772
f 2774 2767 2738
f 2774 2738 2759
f 2774 2759 2767
f 2775 2766 2752
f 2775 2752 2772
f 2775 2772 2749
f 2775 2749 2766
o bunny055
usemtl Material055
v -0.503983103 1.282567156 -0.054140697
v -0.495514529 1.245774212 -0.054649551
v -0.482753287 1.364821021 -0.185848621
v -0.490016390 1.541783345 -0.628471530
v -0.529636920 1.280661712 -0.352968012
v -0.482753287 1.424420192 -0.603042820
v -0.508197412 1.542889824 -0.567949648
v -0.482753287 1.340981352 -0.162008953
v -0.520914082 1.247992244 -0.232954466
v -0.482753287 1.543618535 -0.591122986
v -0.504223534 1.329977884 -0.125557729
v -0.516492467 1.387648371 -0.603699000
v -0.501544421 1.278262345 -0.056283151
v -0.482753287 1.293302016 -0.233527958
v -0.518512790 1.257542513 -0.185848621
v -0.506592955 1.245622679 -0.269287461
v -0.485822500 1.460862655 -0.626974733
v -0.494673121 1.543618535 -0.567283317
v -0.491214148 1.544492524 -0.626125725
v -0.500993216 1.397367625 -0.258783187
v -0.530432624 1.293302016 -0.316966798
v -0.482753287 1.293302016 -0.150089119
v -0.495991441 1.243713394 -0.055749682
v -0.524500416 1.255473653 -0.267037806
v -0.494673121 1.293302016 -0.352726301
v -0.506592955 1.281382181 -0.364646135
v -0.486765710 1.458090836 -0.628464491
v -0.482753287 1.400580524 -0.257367627
v -0.506592955 1.543618535 -0.614962654
v -0.500529843 1.362061922 -0.187213471
v -0.518512790 1.412500358 -0.603042820
v -0.482753287 1.305221850 -0.150089119
v -0.494673121 1.257542513 -0.233527958
v -0.482753287 1.305221850 -0.293127130
v -0.494673121 1.388660689 -0.603042820
v -0.494673121 1.281382181 -0.316966798
f 2783 2778 2776
f 2783 2781 2778
f 2785 2778 2781
f 2786 2776 2778
f 2788 2783 2776
f 2788 2776 2777
f 2788 2777 2783
f 2789 2781 2783
f 2792 2785 2781
f 2792 2779 2785
f 2794 2785 2779
f 2794 2793 2785
f 2795 2782 2786
f 2796 2786 2782
f 2796 2790 2776
f 2796 2776 2786
f 2797 2789 2783
f 2798 2790 2784
f 2798 2777 2776
f 2798 2776 2790
f 2798 2784 2791
f 2798 2797 2777
f 2798 2789 2797
f 2799 2791 2784
f 2799 2780 2791
f 2799 2796 2780
f 2799 2784 2790
f 2799 2790 2796
f 2801 2791 2780
f 2801 2780 2787
f 2801 2800 2791
f 2802 2779 2792
f 2802 2792 2781
f 2803 2793 2782
f 2803 2778 2785
f 2803 2785 2793
f 2803 2782 2795
f 2804 2782 2793
f 2804 2793 2794
f 2804 2794 2779
f 2805 2795 2786
f 2805 2786 2778
f 2805 2803 2795
f 2805 2778 2803
f 2806 2787 2780
f 2806 2780 2796
f 2806 2796 2782
f 2806 2782 2804
f 2806 2804 2779
f 2806 2802 2787
f 2806 2779 2802
f 2807 2797 2783
f 2807 2783 2777
f 2807 2777 2797
f 2808 2798 2791
f 2808 2789 2798
f 2809 2781 2789
f 2809 2789 2808
f 2810 2801 2787
f 2810 2800 2801
f 2810 2809 2800
f 2810 2781 2809
f 2810 2802 2781
f 2810 2787 2802
f 2811 2808 2791
f 2811 2791 2800
f 2811 2809 2808
f 2811 2800 2809
o bunny056
usemtl Material056
v 0.776079285 0.178530252 0.248127252
v 0.804588811 0.172837597 0.231345577
v 0.788534810 0.188092092 0.077939760
v 0.601918935 0.125242395 -0.030758029
v 0.601951629 0.041719420 0.195586074
v 0.789020600 0.187891110 0.240818806
v 0.721149972 0.113238425 0.267105080
v 0.640392089 0.084237486 0.245461393
v 0.721149972 0.101318591 0.076387732
v 0.697310303 0.160917762 0.016788561
v 0.601951629 0.125158260 -0.007051108
v 0.792668977 0.172837597 0.243265411
v 0.797909639 0.190712645 0.101751675
v 0.702795354 0.130007720 0.271560689
v 0.649630966 0.065559088 0.231345577
v 0.733069806 0.101318591 0.183666240
v 0.613871464 0.053639254 0.028708395
v 0.768829309 0.184757431 0.076387732
v 0.721149972 0.137078094 0.004868726
v 0.597131524 0.052062701 0.089895632
v 0.605729125 0.057256361 0.197334329
v 0.744989640 0.125158260 0.255185246
v 0.733069806 0.125158260 0.267105080
v 0.797285142 0.191006649 0.229832205
v 0.792668977 0.160917762 0.088307566
v 0.637711132 0.065559088 0.231345577
v 0.661550801 0.077478923 0.243265411
v 0.685390469 0.077478923 0.207505909
v 0.719519738 0.162935623 0.006549270
v 0.613871464 0.101318591 -0.030890776
v 0.697310303 0.101318591 0.028708395
v 0.613871464 0.041719420 0.088307566
v 0.601951629 0.065559088 0.004868726
v 0.636042378 0.080703929 0.242432802
v 0.768829309 0.137078094 0.231345577
v 0.804588811 0.172837597 0.100227400
v 0.756909475 0.125158260 0.100227400
v 0.709230138 0.101318591 0.255185246
v 0.613871464 0.041719420 0.195586074
v 0.792668977 0.172837597 0.076387732
v 0.637711132 0.125158260 -0.030890776
v 0.673470635 0.077478923 0.052548063
v 0.637711132 0.089398757 -0.007051108
v 0.733069806 0.113238425 0.064467898
v 0.685390469 0.077478923 0.088307566
v 0.601951629 0.101318591 -0.030890776
v 0.601951629 0.053639254 0.028708395
v 0.756909475 0.125158260 0.219425743
v 0.733069806 0.101318591 0.159826572
v 0.733069806 0.113238425 0.243265411
v 0.661550801 0.065559088 0.207505909
v 0.637711132 0.113238425 -0.030890776
v 0.649630966 0.077478923 0.016788561
v 0.625791298 0.053639254 0.052548063
v 0.613871464 0.065559088 0.004868726
v 0.768829309 0.137078094 0.088307566
v 0.721149972 0.125158260 0.016788561
v 0.744989640 0.113238425 0.124067069
v 0.709230138 0.089398757 0.112147235
v 0.673470635 0.113238425 -0.007051108
v 0.637711132 0.065559088 0.028708395
v 0.721149972 0.113238425 0.040628229
v 0.673470635 0.101318591 0.004868726
f 2822 2821 2815
f 2822 2817 2821
f 2823 2817 2812
f 2823 2813 2817
f 2825 2819 2818
f 2825 2822 2819
f 2825 2812 2817
f 2825 2817 2822
f 2829 2821 2817
f 2829 2824 2814
f 2831 2822 2815
f 2831 2816 2822
f 2832 2822 2816
f 2833 2813 2823
f 2834 2823 2812
f 2834 2833 2823
f 2834 2818 2833
f 2834 2825 2818
f 2834 2812 2825
f 2835 2817 2813
f 2835 2813 2824
f 2835 2829 2817
f 2835 2824 2829
f 2837 2816 2826
f 2838 2818 2819
f 2838 2837 2826
f 2840 2829 2814
f 2840 2821 2829
f 2840 2815 2821
f 2843 2816 2831
f 2845 2832 2816
f 2845 2819 2822
f 2845 2822 2832
f 2845 2816 2837
f 2845 2838 2819
f 2845 2837 2838
f 2846 2813 2833
f 2846 2836 2813
f 2847 2814 2824
f 2847 2824 2813
f 2847 2813 2836
f 2848 2836 2846
f 2849 2826 2839
f 2849 2838 2826
f 2849 2818 2838
f 2849 2833 2818
f 2850 2826 2816
f 2850 2843 2839
f 2850 2816 2843
f 2851 2840 2814
f 2851 2830 2840
f 2851 2814 2847
f 2851 2847 2836
f 2851 2836 2830
f 2852 2840 2830
f 2852 2815 2840
f 2855 2820 2853
f 2855 2848 2820
f 2856 2839 2843
f 2856 2853 2820
f 2856 2843 2853
f 2857 2844 2831
f 2857 2831 2815
f 2857 2841 2844
f 2857 2852 2841
f 2857 2815 2852
f 2858 2843 2831
f 2858 2831 2844
f 2858 2844 2828
f 2858 2828 2843
f 2859 2846 2833
f 2859 2848 2846
f 2861 2833 2849
f 2861 2859 2833
f 2861 2827 2859
f 2861 2849 2839
f 2861 2839 2827
f 2862 2850 2839
f 2862 2839 2826
f 2862 2826 2850
f 2863 2852 2830
f 2863 2841 2852
f 2863 2854 2841
f 2864 2842 2853
f 2865 2853 2843
f 2865 2843 2828
f 2865 2828 2853
f 2866 2844 2841
f 2866 2841 2854
f 2866 2828 2844
f 2866 2864 2828
f 2866 2854 2864
f 2867 2836 2848
f 2867 2848 2855
f 2868 2830 2836
f 2868 2836 2867
f 2868 2842 2864
f 2869 2820 2848
f 2869 2827 2860
f 2869 2859 2827
f 2869 2848 2859
f 2870 2856 2820
f 2870 2869 2860
f 2870 2820 2869
f 2870 2860 2827
f 2870 2827 2839
f 2870 2839 2856
f 2871 2863 2830
f 2871 2854 2863
f 2871 2830 2868
f 2872 2864 2853
f 2872 2853 2828
f 2872 2828 2864
f 2873 2842 2868
f 2873 2855 2853
f 2873 2853 2842
f 2873 2868 2867
f 2873 2867 2855
f 2874 2868 2864
f 2874 2864 2854
f 2874 2871 2868
f 2874 2854 2871
o bunny057
usemtl Material057
v 0.637711132 0.160917762 0.374383588
v 0.637711132 0.137078094 0.362463754
v 0.639907135 0.072652230 0.196602402
v 0.542076807 0.030822950 0.171667969
v 0.394537817 0.026130422 0.409167509
v 0.530432624 0.172837597 0.350543920
v 0.638954803 0.169459729 0.360879747
v 0.411234281 0.017879751 0.410143091
v 0.566192127 0.053639254 0.171746406
v 0.454570143 0.084626328 0.414495443
v 0.434846475 0.018582368 0.243155894
v 0.637711132 0.101318591 0.326704251
v 0.518512790 0.172837597 0.374383588
v 0.636396542 0.176408082 0.363458375
v 0.590031795 0.029799586 0.183666240
v 0.613871464 0.077478923 0.195586074
v 0.470833453 0.077478923 0.410143091
v 0.404963628 0.033646679 0.411969093
v 0.398467894 0.021700607 0.350243034
v 0.625791298 0.113238425 0.350543920
v 0.518512790 0.172837597 0.362463754
v 0.637711132 0.065559088 0.255185246
v 0.602753605 0.051979603 0.171796001
v 0.506592955 0.017879751 0.231345577
v 0.399314447 0.041719420 0.350543920
v 0.625791298 0.077478923 0.302864583
v 0.578111961 0.029799586 0.207505909
v 0.625791298 0.053639254 0.219425743
v 0.590031795 0.029799586 0.171746406
v 0.598087433 0.049716196 0.171507439
v 0.506592955 0.017879751 0.243265411
f 2881 2875 2876
f 2882 2876 2875
f 2885 2883 2878
f 2885 2880 2883
f 2886 2881 2876
f 2886 2877 2881
f 2887 2884 2875
f 2887 2879 2884
f 2888 2881 2877
f 2888 2887 2875
f 2888 2875 2881
f 2890 2883 2880
f 2890 2888 2877
f 2890 2880 2888
f 2891 2884 2882
f 2891 2882 2875
f 2891 2875 2884
f 2892 2884 2879
f 2892 2879 2882
f 2892 2882 2884
f 2893 2885 2882
f 2893 2882 2879
f 2894 2886 2876
f 2894 2876 2882
f 2894 2882 2886
f 2895 2880 2885
f 2895 2888 2880
f 2895 2887 2888
f 2896 2877 2886
f 2897 2890 2877
f 2897 2883 2890
f 2898 2885 2878
f 2898 2882 2885
f 2899 2895 2885
f 2899 2885 2893
f 2899 2893 2879
f 2899 2879 2887
f 2899 2887 2895
f 2900 2896 2886
f 2900 2886 2882
f 2900 2882 2896
f 2901 2896 2882
f 2901 2889 2896
f 2902 2896 2889
f 2902 2877 2896
f 2903 2897 2877
f 2903 2898 2878
f 2903 2889 2898
f 2903 2902 2889
f 2903 2877 2902
f 2904 2878 2883
f 2904 2883 2897
f 2904 2903 2878
f 2904 2897 2903
f 2905 2898 2889
f 2905 2889 2901
f 2905 2901 2882
f 2905 2882 2898
o bunny058
usemtl Material058
v -0.823694674 1.053666885 0.148572354
v -0.721149972 0.804588811 0.052548063
v -0.792668977 1.078744999 0.100227400
v -0.743482890 0.901027116 0.018411203
v -0.840348314 0.911867320 0.135986903
v -0.721149972 0.852268148 0.052548063
v -0.744989640 0.816508646 0.135986903
v -0.756909475 0.792668977 0.052548063
v -0.816508646 1.066825165 0.076387732
v -0.721149972 0.804588811 0.040628229
v -0.795357379 1.079013386 0.074677872
v -0.816508646 0.864187983 0.147906737
v -0.744989640 0.840348314 0.135986903
v -0.744989640 0.792668977 0.100227400
v -0.840348314 1.031065662 0.135986903
v -0.810689273 1.081499869 0.122543704
v -0.804588811 0.911867320 0.052548063
v -0.726032211 0.848933666 0.035525151
v -0.756909475 0.876107817 0.016788561
v -0.840348314 0.911867320 0.147906737
v -0.768829309 0.792668977 0.076387732
v -0.768829309 0.864187983 0.147906737
v -0.765777290 0.791919802 0.124281247
v -0.733069806 0.792668977 0.064467898
v -0.840348314 0.935706988 0.124067069
v -0.816508646 1.078744999 0.088307566
v -0.822728409 1.056532529 0.147032182
v -0.744989640 0.876107817 0.016788561
v -0.737432729 0.794126175 0.038885120
v -0.792668977 0.899947485 0.040628229
v -0.829320563 1.029097357 0.151072736
v -0.816508646 0.864187983 0.124067069
v -0.816508646 0.899947485 0.076387732
v -0.804588811 0.852268148 0.147906737
v -0.739975548 0.790994292 0.042631499
v -0.840348314 1.019145828 0.124067069
v -0.828428480 1.066825165 0.124067069
v -0.804588811 0.935706988 0.052548063
v -0.804588811 0.888027651 0.064467898
v -0.828428480 0.888027651 0.124067069
v -0.776046068 0.845843899 0.146219963
v -0.760339391 0.817350583 0.135746206
v -0.828428480 1.066825165 0.112147235
v -0.816508646 0.888027651 0.088307566
f 2912 2907 2911
f 2915 2911 2907
f 2916 2911 2909
f 2916 2908 2911
f 2916 2909 2914
f 2918 2912 2911
f 2918 2911 2908
f 2919 2907 2912
f 2921 2908 2916
f 2921 2918 2908
f 2923 2909 2911
f 2923 2911 2915
f 2924 2914 2909
f 2925 2920 2910
f 2927 2912 2918
f 2927 2918 2906
f 2928 2919 2912
f 2928 2917 2926
f 2929 2915 2907
f 2929 2907 2919
f 2930 2910 2920
f 2931 2921 2916
f 2931 2916 2914
f 2932 2906 2918
f 2932 2918 2921
f 2933 2923 2915
f 2933 2909 2923
f 2933 2924 2909
f 2934 2913 2924
f 2934 2933 2915
f 2934 2924 2933
f 2935 2924 2913
f 2935 2914 2924
f 2936 2925 2917
f 2936 2906 2920
f 2936 2920 2925
f 2936 2927 2906
f 2937 2926 2917
f 2938 2913 2926
f 2938 2910 2930
f 2938 2930 2914
f 2938 2914 2922
f 2939 2917 2928
f 2939 2936 2917
f 2939 2927 2936
f 2940 2928 2926
f 2940 2926 2913
f 2940 2913 2934
f 2940 2934 2915
f 2940 2915 2929
f 2940 2929 2919
f 2940 2919 2928
f 2941 2930 2920
f 2941 2914 2930
f 2942 2921 2931
f 2942 2932 2921
f 2942 2920 2906
f 2942 2906 2932
f 2943 2935 2922
f 2943 2922 2914
f 2943 2914 2935
f 2944 2935 2913
f 2944 2913 2938
f 2944 2938 2922
f 2944 2922 2935
f 2945 2937 2917
f 2945 2925 2910
f 2945 2917 2925
f 2945 2926 2937
f 2946 2939 2912
f 2946 2912 2927
f 2946 2927 2939
f 2947 2939 2928
f 2947 2928 2912
f 2947 2912 2939
f 2948 2941 2920
f 2948 2920 2942
f 2948 2914 2941
f 2948 2942 2931
f 2948 2931 2914
f 2949 2938 2926
f 2949 2926 2945
f 2949 2945 2910
f 2949 2910 2938
o bunny059
usemtl Material059
v -0.089398757 0.852268148 0.445902594
v -0.091087874 0.819459218 0.450531228
v -0.113238425 0.935706988 0.314784417
v -0.339073936 0.947916153 0.339365833
v -0.530432624 0.828428480 0.445902594
v -0.101318591 0.947626822 0.362463754
v -0.085789335 0.929425911 0.366633198
v -0.494673121 0.816508646 0.457822428
v -0.339715276 0.911867320 0.338624085
v -0.113678236 0.952539727 0.318102529
v -0.447635468 0.900645652 0.420928721
v -0.089398757 0.816508646 0.433982759
v -0.089398757 0.888027651 0.422062925
v -0.148997928 0.816508646 0.457822428
v -0.506592955 0.852268148 0.410143091
v -0.184757431 0.935706988 0.314784417
v -0.182297995 0.954300842 0.319842185
v -0.102112855 0.950275078 0.328091295
v -0.423154116 0.899947485 0.422062925
v -0.530575937 0.852362858 0.433480419
v -0.345948096 0.946987108 0.346842685
v -0.089398757 0.899947485 0.362463754
v -0.256276436 0.792668977 0.422062925
v -0.088752065 0.934581622 0.361075134
v -0.113238425 0.852268148 0.445902594
v -0.113238425 0.947626822 0.362463754
v -0.532837018 0.820829364 0.430496173
v -0.446993784 0.899947485 0.398223257
v -0.101318591 0.935706988 0.326704251
v -0.196677265 0.792668977 0.422062925
v -0.148479409 0.790957896 0.454837323
v -0.506592955 0.840348314 0.410143091
v -0.493995201 0.790688487 0.453790663
v -0.148997928 0.792668977 0.433982759
v -0.387394613 0.792668977 0.433982759
v -0.527778982 0.811740027 0.436595126
f 2961 2956 2950
f 2961 2950 2951
f 2962 2956 2955
f 2962 2950 2956
f 2963 2951 2950
f 2963 2950 2957
f 2964 2953 2958
f 2965 2958 2953
f 2965 2959 2952
f 2966 2955 2959
f 2966 2965 2953
f 2966 2959 2965
f 2967 2952 2959
f 2967 2959 2955
f 2968 2960 2957
f 2968 2950 2962
f 2968 2962 2955
f 2969 2954 2957
f 2969 2957 2960
f 2969 2953 2964
f 2970 2966 2953
f 2971 2961 2952
f 2971 2956 2961
f 2972 2965 2952
f 2972 2958 2965
f 2973 2967 2955
f 2973 2955 2956
f 2973 2956 2967
f 2974 2968 2957
f 2974 2957 2950
f 2974 2950 2968
f 2975 2968 2955
f 2975 2960 2968
f 2975 2970 2960
f 2975 2955 2966
f 2975 2966 2970
f 2976 2969 2964
f 2976 2954 2969
f 2977 2969 2960
f 2977 2960 2970
f 2977 2970 2953
f 2977 2953 2969
f 2978 2967 2956
f 2978 2956 2971
f 2978 2971 2952
f 2978 2952 2967
f 2979 2972 2952
f 2980 2963 2957
f 2980 2951 2963
f 2980 2961 2951
f 2981 2976 2964
f 2981 2964 2958
f 2982 2957 2954
f 2982 2980 2957
f 2982 2972 2979
f 2982 2979 2980
f 2983 2979 2952
f 2983 2952 2961
f 2983 2980 2979
f 2983 2961 2980
f 2984 2981 2958
f 2984 2958 2972
f 2984 2972 2982
f 2985 2982 2954
f 2985 2954 2976
f 2985 2984 2982
f 2985 2976 2981
f 2985 2981 2984
o bunny060
usemtl Material060
v 0.446993784 0.542352458 0.565100936
v 0.625791298 0.351635110 0.386303422
v 0.578111961 0.625791298 0.457822428
v 0.601951629 0.554272292 0.374383588
v 0.437095566 0.231082978 0.495296792
v 0.613871464 0.554272292 0.410143091
v 0.430976328 0.647922719 0.531715768
v 0.578111961 0.351635110 0.445902594
v 0.615997606 0.352578907 0.368895413
v 0.617189516 0.554257195 0.376505191
v 0.494673121 0.649630966 0.517421599
v 0.566192127 0.649630966 0.410143091
v 0.396042026 0.436292472 0.572051474
v 0.482753287 0.482753287 0.541261267
v 0.601951629 0.351635110 0.422062925
v 0.482753287 0.268196270 0.457822428
v 0.554272292 0.256276436 0.445902594
v 0.625791298 0.435073950 0.386303422
v 0.601951629 0.625791298 0.422062925
v 0.620205783 0.435109770 0.370817843
v 0.446993784 0.649630966 0.541261267
v 0.554272292 0.625791298 0.481662096
v 0.435073950 0.280116105 0.493581931
v 0.586781442 0.649048936 0.408059753
v 0.411234281 0.411234281 0.577020770
v 0.613871464 0.446993784 0.410143091
v 0.554272292 0.530432624 0.481662096
v 0.518512790 0.268196270 0.433982759
v 0.611982866 0.340145628 0.373230325
v 0.566192127 0.280116105 0.445902594
v 0.470833453 0.601951629 0.541261267
v 0.435073950 0.601951629 0.553181102
v 0.528730539 0.660640324 0.467246901
v 0.542352458 0.661550801 0.481662096
v 0.482753287 0.506592955 0.541261267
v 0.399314447 0.411234281 0.541261267
v 0.482753287 0.280116105 0.457822428
v 0.446993784 0.470833453 0.565100936
v 0.411234281 0.435073950 0.577020770
v 0.428683545 0.247118985 0.511224891
v 0.578111961 0.566192127 0.457822428
v 0.590031795 0.339715276 0.433982759
v 0.540441494 0.257696818 0.431366625
v 0.443440834 0.234112897 0.490208435
v 0.542352458 0.303955773 0.469742262
v 0.446993784 0.601951629 0.553181102
v 0.439390131 0.651430328 0.527476237
v 0.530432624 0.649630966 0.493581931
v 0.590031795 0.649630966 0.433982759
v 0.399314447 0.435073950 0.553181102
v 0.431695054 0.233897364 0.502225285
v 0.399314447 0.411234281 0.577020770
v 0.566192127 0.530432624 0.469742262
v 0.546281344 0.261072873 0.427666015
v 0.446993784 0.268196270 0.529341433
v 0.530432624 0.661550801 0.481662096
v 0.399687469 0.375304749 0.553743739
v 0.446993784 0.232436768 0.505501765
v 0.435073950 0.423154116 0.565100936
v 0.446993784 0.244356602 0.517421599
f 3003 2995 2991
f 3003 2991 2987
f 3004 2988 2991
f 3004 2991 2995
f 3005 2994 2989
f 3005 2989 2995
f 3005 2995 3003
f 3005 3003 2987
f 3005 2987 2994
f 3008 2992 2997
f 3008 2997 2989
f 3009 2995 2989
f 3009 2989 2997
f 3009 3004 2995
f 3011 2991 2988
f 3011 3000 2987
f 3011 2987 2991
f 3012 2988 3007
f 3012 3007 2999
f 3012 2999 2993
f 3013 3001 2989
f 3013 2989 2994
f 3014 2994 2987
f 3014 2987 3002
f 3014 3013 2994
f 3015 3002 2987
f 3015 2987 3000
f 3016 2996 3006
f 3016 3007 2996
f 3016 2986 3007
f 3017 3006 2992
f 3017 2992 2998
f 3018 3009 2997
f 3019 3007 2988
f 3019 3009 3018
f 3019 3006 2996
f 3020 3007 2986
f 3020 2986 2999
f 3020 2999 3007
f 3021 2992 3008
f 3022 3008 2989
f 3022 2989 3001
f 3022 3001 3008
f 3023 2999 2986
f 3023 2986 3010
f 3024 3010 2986
f 3024 3017 2998
f 3024 2986 3017
f 3026 3011 2988
f 3026 3000 3011
f 3026 2988 3012
f 3027 3012 2993
f 3027 3015 3000
f 3027 2993 3015
f 3028 3002 2990
f 3029 3001 3013
f 3029 3008 3001
f 3029 2990 3008
f 3029 3028 2990
f 3029 3013 3028
f 3030 3015 2993
f 3030 2993 2999
f 3030 2999 3023
f 3031 3016 3006
f 3031 2986 3016
f 3031 3017 2986
f 3031 3006 3017
f 3032 3018 2997
f 3032 2997 2992
f 3032 2992 3006
f 3033 3019 2996
f 3033 2996 3007
f 3033 3007 3019
f 3034 3019 2988
f 3034 2988 3004
f 3034 3004 3009
f 3034 3009 3019
f 3035 3021 2998
f 3035 2998 2992
f 3035 2992 3021
f 3036 3021 3008
f 3036 3008 2990
f 3037 3024 2998
f 3037 3010 3024
f 3038 3026 3012
f 3038 3000 3026
f 3038 3027 3000
f 3038 3012 3027
f 3039 3014 3002
f 3039 3002 3028
f 3039 3028 3013
f 3039 3013 3014
f 3040 3002 3015
f 3040 3015 3030
f 3040 3037 3025
f 3040 3010 3037
f 3041 3019 3018
f 3041 3018 3032
f 3041 3032 3006
f 3041 3006 3019
f 3042 3036 3025
f 3042 3021 3036
f 3042 3025 3037
f 3042 3037 2998
f 3042 2998 3021
f 3043 3036 2990
f 3043 2990 3002
f 3044 3040 3030
f 3044 3030 3023
f 3044 3023 3010
f 3044 3010 3040
f 3045 3043 3002
f 3045 3002 3040
f 3045 3040 3025
f 3045 3025 3036
f 3045 3036 3043
o bunny061
usemtl Material061
v -0.637711132 1.066825165 0.600860439
v -0.507960284 1.101552925 0.444567092
v -0.542352458 1.269462347 0.457822428
v -0.691768549 1.249159233 0.439573827
v -0.711529720 1.056275329 0.580334546
v -0.544083329 1.263966021 0.439326723
v -0.673470635 1.186023507 0.541261267
v -0.554272292 1.114504502 0.541261267
v -0.615659119 1.053858565 0.581534086
v -0.697310303 1.221783010 0.445902594
v -0.506592955 1.209863176 0.457822428
v -0.514975694 1.209244290 0.440041135
v -0.673470635 1.269462347 0.445902594
v -0.601951629 1.186023507 0.541261267
v -0.697310303 1.102584668 0.588940604
v -0.512387599 1.098605407 0.451073282
v -0.697310303 1.054905331 0.600860439
v -0.578111961 1.090664833 0.565100936
v -0.697310303 1.257542513 0.457822428
v -0.530432624 1.102584668 0.445902594
v -0.520021745 1.232440252 0.443582590
v -0.530432624 1.138344170 0.505501765
v -0.530432624 1.221783010 0.481662096
v -0.637711132 1.245622679 0.493581931
v -0.685390469 1.150264005 0.565100936
v -0.613871464 1.126424336 0.577020770
v -0.554272292 1.090664833 0.541261267
v -0.637711132 1.054905331 0.600860439
v -0.706333085 1.055214327 0.584053481
v -0.709230138 1.090664833 0.588940604
v -0.673470635 1.078744999 0.600860439
v -0.713859110 1.094444407 0.560937513
v -0.518512790 1.233702844 0.457822428
v -0.518512790 1.221783010 0.469742262
v -0.554272292 1.209863176 0.505501765
v -0.590031795 1.257542513 0.481662096
v -0.625791298 1.233702844 0.505501765
v -0.685390469 1.233702844 0.493581931
v -0.673470635 1.269462347 0.457822428
v -0.625791298 1.150264005 0.565100936
v -0.613871464 1.090664833 0.588940604
v -0.590031795 1.126424336 0.565100936
v -0.612990857 1.055420972 0.580669252
v -0.697310303 1.066825165 0.600860439
v -0.697310303 1.162183839 0.553181102
v -0.649630966 1.078744999 0.600860439
v -0.713745583 1.070512043 0.572667119
v -0.709230138 1.102584668 0.577020770
v -0.554272292 1.245622679 0.481662096
v -0.566192127 1.114504502 0.553181102
v -0.613871464 1.233702844 0.505501765
v -0.625791298 1.257542513 0.481662096
v -0.625791298 1.102584668 0.588940604
v -0.590031795 1.197943342 0.529341433
v -0.578111961 1.138344170 0.553181102
v -0.578111961 1.102584668 0.565100936
f 3057 3047 3049
f 3057 3049 3051
f 3057 3056 3047
f 3058 3051 3049
f 3058 3048 3051
f 3061 3054 3050
f 3064 3049 3055
f 3064 3058 3049
f 3065 3055 3049
f 3065 3049 3047
f 3065 3050 3055
f 3065 3061 3050
f 3065 3047 3061
f 3066 3051 3048
f 3066 3057 3051
f 3066 3056 3057
f 3067 3056 3053
f 3067 3047 3056
f 3070 3059 3052
f 3071 3070 3060
f 3072 3061 3047
f 3072 3053 3063
f 3072 3067 3053
f 3072 3047 3067
f 3073 3062 3054
f 3073 3046 3062
f 3074 3062 3050
f 3074 3050 3054
f 3074 3054 3062
f 3075 3050 3062
f 3076 3062 3046
f 3076 3071 3060
f 3077 3064 3055
f 3078 3066 3048
f 3078 3056 3066
f 3079 3053 3056
f 3079 3056 3078
f 3079 3078 3048
f 3079 3048 3068
f 3080 3068 3048
f 3082 3069 3052
f 3082 3052 3059
f 3082 3081 3069
f 3083 3052 3069
f 3084 3058 3064
f 3084 3083 3069
f 3084 3064 3083
f 3084 3081 3048
f 3084 3048 3058
f 3085 3071 3059
f 3085 3059 3070
f 3085 3070 3071
f 3086 3073 3063
f 3086 3046 3073
f 3087 3059 3071
f 3087 3071 3086
f 3088 3072 3063
f 3088 3054 3061
f 3088 3061 3072
f 3088 3073 3054
f 3088 3063 3073
f 3089 3075 3062
f 3089 3060 3075
f 3089 3076 3060
f 3089 3062 3076
f 3090 3075 3060
f 3090 3060 3070
f 3090 3070 3052
f 3090 3052 3083
f 3090 3083 3064
f 3090 3064 3075
f 3091 3076 3046
f 3091 3071 3076
f 3091 3046 3086
f 3092 3077 3055
f 3092 3055 3050
f 3092 3050 3075
f 3092 3075 3077
f 3093 3077 3075
f 3093 3075 3064
f 3093 3064 3077
f 3094 3080 3048
f 3094 3048 3081
f 3095 3079 3068
f 3095 3053 3079
f 3095 3063 3053
f 3096 3082 3059
f 3096 3059 3081
f 3096 3081 3082
f 3097 3084 3069
f 3097 3069 3081
f 3097 3081 3084
f 3098 3091 3086
f 3098 3086 3071
f 3098 3071 3091
f 3099 3080 3094
f 3099 3059 3087
f 3099 3094 3081
f 3099 3081 3059
f 3100 3087 3095
f 3100 3099 3087
f 3100 3080 3099
f 3100 3095 3068
f 3100 3068 3080
f 3101 3095 3087
f 3101 3087 3086
f 3101 3086 3063
f 3101 3063 3095
o bunny062
usemtl Material062
v -0.339667257 0.003193058 -0.078578778
v -0.184757431 0.077478923 -0.293127130
v -0.296364563 0.116542828 -0.139865305
v -0.208597099 0.089398757 -0.316966798
v -0.256276436 -0.005959917 -0.305046964
v -0.196677265 0.113238425 -0.269287461
v -0.232686691 0.004431256 -0.221989683
v -0.196050810 0.040301708 -0.310512429
v -0.412166413 0.030736448 -0.105519035
v -0.183147156 0.098075785 -0.299892163
v -0.256276436 0.113238425 -0.269287461
v -0.303756388 0.003978766 -0.090466486
v -0.244356602 0.005959917 -0.316966798
v -0.232436768 -0.005959917 -0.305046964
v -0.184156703 0.064992975 -0.308974327
v -0.411234281 -0.005959917 -0.114329616
v -0.411517327 0.002814718 -0.078406487
v -0.184757431 0.101318591 -0.281207295
v -0.288620027 0.119730185 -0.153421084
v -0.232436768 0.113238425 -0.293127130
v -0.303955773 0.041719420 -0.269287461
v -0.184757431 0.089398757 -0.281207295
v -0.184725934 0.085341079 -0.306922879
v -0.315875607 0.113238425 -0.138169284
v -0.194480970 0.110293732 -0.288263569
v -0.268196270 0.005959917 -0.305046964
v -0.303955773 0.089398757 -0.233527958
v -0.280116105 0.053639254 -0.293127130
v -0.292035939 0.113238425 -0.221608124
v -0.303955773 0.005959917 -0.269287461
v -0.315875607 0.065559088 -0.233527958
v -0.256276436 0.089398757 -0.293127130
v -0.232436768 0.053639254 -0.316966798
v -0.315875607 0.113238425 -0.150089119
v -0.268196270 0.017879751 -0.305046964
v -0.244356602 0.017879751 -0.316966798
f 3113 3107 3104
f 3113 3104 3102
f 3114 3105 3109
f 3115 3109 3108
f 3115 3114 3109
f 3115 3106 3114
f 3115 3108 3113
f 3116 3103 3108
f 3116 3108 3109
f 3116 3109 3105
f 3117 3106 3115
f 3117 3115 3113
f 3117 3113 3102
f 3118 3102 3104
f 3118 3117 3102
f 3118 3110 3117
f 3119 3107 3113
f 3120 3104 3107
f 3121 3120 3107
f 3121 3112 3120
f 3122 3117 3110
f 3123 3116 3111
f 3123 3103 3116
f 3123 3111 3119
f 3123 3108 3103
f 3123 3119 3113
f 3123 3113 3108
f 3124 3116 3105
f 3124 3105 3111
f 3124 3111 3116
f 3125 3118 3104
f 3125 3110 3118
f 3125 3104 3120
f 3126 3119 3111
f 3126 3107 3119
f 3126 3121 3107
f 3126 3111 3105
f 3126 3105 3121
f 3127 3114 3106
f 3129 3122 3128
f 3130 3120 3112
f 3130 3112 3128
f 3130 3128 3110
f 3131 3127 3106
f 3131 3106 3117
f 3131 3117 3122
f 3131 3122 3127
f 3132 3128 3122
f 3132 3122 3110
f 3132 3110 3128
f 3133 3112 3121
f 3133 3121 3105
f 3133 3105 3129
f 3133 3129 3128
f 3133 3128 3112
f 3134 3129 3105
f 3134 3105 3114
f 3135 3125 3120
f 3135 3120 3130
f 3135 3130 3110
f 3135 3110 3125
f 3136 3114 3127
f 3136 3129 3134
f 3136 3127 3122
f 3136 3122 3129
f 3137 3136 3134
f 3137 3134 3114
f 3137 3114 3136
o bunny063
usemtl Material063
v 0.339715276 0.041719420 -0.185848621
v 0.339715276 0.005959917 -0.197768456
v 0.327795442 0.208597099 -0.305046964
v 0.041719420 0.137078094 -0.316966798
v 0.160875755 0.007189594 -0.221650221
v 0.208597099 0.017879751 -0.257367627
v 0.041719420 0.125158260 -0.269287461
v 0.340210764 0.041119927 -0.210203967
v 0.267906357 0.010263692 -0.185614926
v 0.315875607 0.017879751 -0.233527958
v 0.208597099 0.148997928 -0.316966798
v 0.078443519 0.040074760 -0.264175003
v 0.220516934 0.005959917 -0.245447793
v 0.303955773 0.220516934 -0.281207295
v 0.339715276 0.017879751 -0.209688290
v 0.330595809 0.215945051 -0.290108867
v 0.185080009 0.008437021 -0.209365028
v 0.337001777 0.017273568 -0.184689641
v 0.327795442 0.041719420 -0.185848621
v 0.148997928 0.137078094 -0.316966798
v 0.231209711 0.221338080 -0.313183201
v 0.268196270 0.017879751 -0.245447793
v 0.315875607 0.160917762 -0.293127130
v 0.160917762 0.017879751 -0.257367627
v 0.041719420 0.113238425 -0.293127130
v 0.292035939 0.005959917 -0.221608124
v 0.327795442 0.029799586 -0.233527958
v 0.077478923 0.113238425 -0.257367627
v 0.292035939 0.208597099 -0.316966798
v 0.042640583 0.154625230 -0.308117183
v 0.256276436 0.220516934 -0.293127130
v 0.325092424 0.224929884 -0.296454837
v 0.292035939 0.029799586 -0.245447793
v 0.043191847 0.110907651 -0.277913202
v 0.040887103 0.143913379 -0.301123199
v 0.327795442 0.172837597 -0.293127130
v 0.196677265 0.125158260 -0.245447793
v 0.290341017 0.224470997 -0.306795095
v 0.076920030 0.042860509 -0.265148812
v 0.113238425 0.125158260 -0.257367627
f 3145 3138 3139
f 3149 3142 3144
f 3150 3139 3142
f 3152 3145 3139
f 3152 3140 3145
f 3153 3145 3140
f 3153 3138 3145
f 3153 3151 3138
f 3154 3142 3139
f 3154 3139 3146
f 3154 3146 3144
f 3154 3144 3142
f 3155 3146 3139
f 3155 3139 3138
f 3156 3138 3151
f 3156 3155 3138
f 3156 3146 3155
f 3157 3148 3143
f 3157 3143 3141
f 3157 3141 3148
f 3159 3143 3148
f 3159 3150 3143
f 3159 3147 3150
f 3161 3149 3141
f 3161 3141 3143
f 3161 3143 3150
f 3161 3150 3142
f 3161 3142 3149
f 3163 3150 3147
f 3163 3147 3139
f 3163 3139 3150
f 3164 3147 3160
f 3164 3152 3139
f 3164 3139 3147
f 3165 3144 3146
f 3165 3146 3156
f 3166 3148 3141
f 3166 3141 3158
f 3166 3160 3148
f 3167 3158 3141
f 3168 3144 3151
f 3168 3167 3144
f 3168 3158 3167
f 3169 3153 3140
f 3169 3140 3166
f 3169 3151 3153
f 3169 3168 3151
f 3170 3159 3148
f 3170 3147 3159
f 3170 3160 3147
f 3170 3148 3160
f 3171 3149 3144
f 3171 3144 3162
f 3172 3162 3144
f 3172 3141 3162
f 3172 3167 3141
f 3172 3144 3167
f 3173 3140 3152
f 3173 3152 3164
f 3173 3164 3160
f 3173 3166 3140
f 3173 3160 3166
f 3174 3156 3151
f 3175 3169 3166
f 3175 3166 3158
f 3175 3158 3168
f 3175 3168 3169
f 3176 3171 3162
f 3176 3149 3171
f 3176 3162 3141
f 3176 3141 3149
f 3177 3165 3156
f 3177 3156 3174
f 3177 3144 3165
f 3177 3174 3151
f 3177 3151 3144
o bunny064
usemtl Material064
v 0.411319140 0.028692143 0.112262859
v 0.435096942 0.014259653 0.088239252
v 0.256276436 0.065559088 -0.102409782
v 0.233311788 0.014466594 -0.154082154
v 0.232785293 0.007983986 0.124793263
v 0.340501237 0.014602770 -0.150424816
v 0.423154116 0.029799586 0.076387732
v 0.240526726 0.008453849 0.126317164
v 0.182801567 0.058814327 0.015577034
v 0.220516934 0.065559088 -0.126249450
v 0.220516934 0.005959917 0.016788561
v 0.423154116 0.029799586 0.088307566
v 0.375481617 0.017860525 -0.078572773
v 0.415244471 0.025714424 0.109416560
v 0.208597099 0.065559088 0.016788561
v 0.280116105 0.029799586 -0.150089119
v 0.244356602 0.065559088 -0.114329616
v 0.184757431 0.041719420 -0.126249450
v 0.337824423 0.013843633 -0.149281504
v 0.184757431 0.041719420 0.016788561
v 0.232368244 0.007905529 0.123924292
v 0.435178029 0.014704726 0.064531045
v 0.399314447 0.041719420 0.088307566
v 0.435021267 0.014254929 0.088464099
v 0.183278523 0.055416468 -0.123665656
v 0.232436768 0.065559088 -0.007051108
v 0.399314447 0.041719420 0.100227400
v 0.375474779 0.041719420 0.100227400
v 0.256276436 0.065559088 -0.066650279
f 3190 3183 3180
f 3190 3180 3184
f 3191 3178 3185
f 3191 3189 3178
f 3192 3186 3182
f 3192 3182 3185
f 3192 3187 3186
f 3192 3180 3187
f 3193 3187 3183
f 3193 3183 3181
f 3193 3181 3187
f 3194 3187 3180
f 3194 3180 3183
f 3194 3183 3187
f 3195 3181 3188
f 3196 3188 3181
f 3196 3181 3183
f 3196 3179 3188
f 3197 3195 3188
f 3197 3186 3195
f 3198 3197 3188
f 3198 3182 3186
f 3198 3186 3197
f 3199 3189 3179
f 3199 3184 3189
f 3199 3190 3184
f 3199 3183 3190
f 3199 3196 3183
f 3199 3179 3196
f 3200 3189 3184
f 3200 3184 3180
f 3201 3191 3185
f 3201 3179 3189
f 3201 3189 3191
f 3201 3185 3182
f 3201 3182 3198
f 3201 3198 3188
f 3201 3188 3179
f 3202 3187 3181
f 3202 3181 3195
f 3202 3195 3186
f 3202 3186 3187
f 3203 3180 3192
f 3204 3178 3189
f 3204 3189 3200
f 3204 3203 3192
f 3204 3200 3180
f 3205 3185 3178
f 3205 3178 3204
f 3205 3204 3192
f 3205 3192 3185
f 3206 3204 3180
f 3206 3180 3203
f 3206 3203 3204
o bunny065
usemtl Material065
v -0.391690470 0.144705792 0.247772717
v -0.375474779 0.137078094 0.243265411
v -0.417820051 0.174704842 0.129264925
v -0.582969619 0.061880352 0.117060626
v -0.518512790 0.005959917 0.279024914
v -0.554272292 0.113238425 0.135986903
v -0.391958897 0.170128069 0.166800353
v -0.482894888 0.009282749 0.279209297
v -0.446993784 0.172837597 0.135986903
v -0.513443028 0.039619297 0.284402189
v -0.382550270 0.152442621 0.239679821
v -0.482689955 0.006983120 0.195535422
v -0.446993784 0.172837597 0.124067069
v -0.411234281 0.172837597 0.171746406
v -0.590031795 0.065559088 0.135986903
v -0.380848703 0.152499179 0.198457036
v -0.375474779 0.125158260 0.231345577
v -0.375474779 0.125158260 0.195586074
v -0.542347441 0.006110756 0.124060497
v -0.554272292 0.113238425 0.124067069
v -0.407375013 0.175122987 0.142348750
v -0.566192127 0.101318591 0.135986903
v -0.590031795 0.041719420 0.147906737
v -0.482698700 0.009274039 0.278953835
v -0.411234281 0.160917762 0.124067069
v -0.566192127 0.101318591 0.124067069
v -0.590031795 0.005959917 0.135986903
v -0.399314447 0.160917762 0.135986903
v -0.590031795 0.017879751 0.147906737
v -0.590031795 0.005959917 0.124067069
f 3214 3208 3207
f 3215 3212 3207
f 3216 3207 3212
f 3216 3214 3207
f 3216 3211 3214
f 3217 3207 3208
f 3219 3215 3209
f 3219 3212 3215
f 3220 3217 3213
f 3220 3215 3207
f 3220 3207 3217
f 3222 3217 3208
f 3222 3213 3217
f 3224 3223 3218
f 3224 3213 3222
f 3224 3222 3208
f 3224 3208 3223
f 3225 3224 3218
f 3225 3218 3211
f 3226 3219 3210
f 3226 3212 3219
f 3227 3220 3213
f 3227 3209 3215
f 3227 3215 3220
f 3228 3221 3216
f 3228 3216 3212
f 3228 3212 3226
f 3229 3211 3216
f 3229 3216 3221
f 3230 3218 3223
f 3230 3214 3211
f 3230 3211 3218
f 3230 3223 3208
f 3230 3208 3214
f 3231 3219 3209
f 3231 3225 3210
f 3231 3210 3219
f 3232 3226 3210
f 3232 3210 3221
f 3232 3228 3226
f 3232 3221 3228
f 3233 3229 3221
f 3234 3224 3225
f 3234 3225 3231
f 3234 3213 3224
f 3234 3227 3213
f 3234 3231 3209
f 3234 3209 3227
f 3235 3233 3211
f 3235 3211 3229
f 3235 3229 3233
f 3236 3210 3225
f 3236 3225 3211
f 3236 3211 3233
f 3236 3233 3221
f 3236 3221 3210
o bunny066
usemtl Material066
v -0.399314447 1.007225994 0.433982759
v -0.292180373 0.936831347 0.339660610
v -0.399314447 1.281382181 0.314784417
v -0.414490881 1.313184484 0.218992313
v -0.399314447 0.888027651 0.374383588
v -0.292035939 1.042985496 0.243265411
v -0.418134798 1.040351882 0.414902041
v -0.351635110 1.066825165 0.362463754
v -0.364358127 0.883333402 0.392349766
v -0.292035939 0.959546657 0.338624085
v -0.387394613 1.305221850 0.219425743
v -0.363554944 1.114504502 0.219425743
v -0.292035939 0.971466491 0.267105080
v -0.399314447 1.042985496 0.422062925
v -0.417979377 1.302130033 0.288769277
v -0.416147116 0.889058474 0.401032597
v -0.399314447 0.947626822 0.433982759
v -0.292035939 1.007225994 0.290944748
v -0.387394613 1.281382181 0.279024914
v -0.301781840 1.039620215 0.226767265
v -0.342188707 1.113061943 0.218877353
v -0.303955773 0.923787154 0.326704251
v -0.289534009 1.011614193 0.234112296
v -0.417638069 1.004899018 0.428077235
v -0.416585168 1.280060878 0.312342138
v -0.363554944 1.042985496 0.386303422
v -0.399314447 1.317141684 0.267105080
v -0.405565405 0.887462142 0.394752306
v -0.387394613 1.162183839 0.219425743
v -0.399314447 0.888027651 0.410143091
v -0.387394613 1.305221850 0.231345577
v -0.399314447 1.305221850 0.290944748
v -0.339715276 1.138344170 0.219425743
v -0.339715276 0.923787154 0.326704251
v -0.292035939 0.935706988 0.314784417
v -0.315875607 1.019145828 0.231345577
v -0.416976632 0.950351933 0.426003723
v -0.375474779 1.007225994 0.410143091
v -0.399314447 1.317141684 0.219425743
v -0.416637814 1.309013878 0.266551047
v -0.399314447 1.209863176 0.219425743
v -0.303955773 0.971466491 0.267105080
v -0.411234281 1.281382181 0.219425743
f 3246 3239 3244
f 3246 3237 3238
f 3252 3251 3240
f 3252 3243 3251
f 3253 3245 3238
f 3253 3238 3237
f 3254 3239 3246
f 3255 3254 3242
f 3256 3247 3242
f 3257 3240 3247
f 3257 3256 3248
f 3258 3245 3241
f 3258 3238 3245
f 3259 3246 3238
f 3259 3254 3246
f 3259 3242 3254
f 3259 3256 3242
f 3260 3250 3243
f 3260 3237 3250
f 3260 3253 3237
f 3261 3250 3239
f 3261 3243 3250
f 3261 3251 3243
f 3262 3244 3239
f 3262 3239 3250
f 3262 3246 3244
f 3262 3250 3237
f 3264 3252 3241
f 3264 3241 3245
f 3265 3248 3241
f 3265 3241 3252
f 3265 3257 3248
f 3265 3240 3257
f 3266 3245 3253
f 3266 3264 3245
f 3266 3252 3264
f 3267 3255 3242
f 3267 3242 3247
f 3267 3263 3255
f 3267 3247 3263
f 3268 3239 3254
f 3268 3254 3255
f 3268 3255 3263
f 3268 3263 3251
f 3268 3261 3239
f 3268 3251 3261
f 3269 3257 3247
f 3269 3247 3256
f 3269 3256 3257
f 3270 3258 3241
f 3270 3249 3258
f 3271 3258 3249
f 3271 3238 3258
f 3271 3259 3238
f 3271 3249 3259
f 3272 3241 3248
f 3272 3248 3256
f 3272 3256 3259
f 3273 3260 3243
f 3273 3243 3252
f 3273 3253 3260
f 3273 3266 3253
f 3273 3252 3266
f 3274 3262 3237
f 3274 3237 3246
f 3274 3246 3262
f 3275 3263 3247
f 3275 3247 3240
f 3275 3240 3263
f 3276 3263 3240
f 3276 3240 3251
f 3276 3251 3263
f 3277 3265 3252
f 3277 3240 3265
f 3278 3270 3241
f 3278 3249 3270
f 3278 3241 3272
f 3278 3272 3259
f 3278 3259 3249
f 3279 3277 3252
f 3279 3252 3240
f 3279 3240 3277
o bunny067
usemtl Material067
v 0.054035481 0.602858661 -0.390806104
v 0.042979674 0.326017624 -0.382423302
v 0.053639254 0.423154116 -0.412325472
v -0.065559088 0.554272292 -0.412325472
v -0.089398757 0.375474779 -0.340806467
v -0.065559088 0.375474779 -0.400405638
v 0.053639254 0.590031795 -0.412325472
v 0.055192780 0.422339163 -0.397351031
v -0.065559088 0.351635110 -0.340806467
v -0.078745148 0.555175610 -0.392217710
v 0.029799586 0.327795442 -0.400405638
v -0.077478923 0.435073950 -0.412325472
v 0.005959917 0.601951629 -0.412325472
v -0.077478923 0.375474779 -0.340806467
v -0.089398757 0.339715276 -0.364646135
v 0.005843098 0.604558632 -0.393848086
v 0.041719420 0.339715276 -0.400405638
v -0.041719420 0.399314447 -0.412325472
v -0.077478923 0.542352458 -0.412325472
v 0.029799586 0.601951629 -0.412325472
v -0.089832449 0.339537940 -0.341293648
v -0.041719420 0.327795442 -0.388485804
v -0.089398757 0.387394613 -0.388485804
v 0.041719420 0.399314447 -0.412325472
v -0.065559088 0.339715276 -0.340806467
v -0.077478923 0.339715276 -0.376565969
v -0.005959917 0.327795442 -0.400405638
v -0.067044649 0.326791105 -0.354880521
v -0.092635662 0.397023827 -0.368691410
v -0.017879751 0.387394613 -0.412325472
v -0.065559088 0.327795442 -0.376565969
v -0.077478923 0.363554944 -0.388485804
v -0.029799586 0.339715276 -0.400405638
v -0.041719420 0.327795442 -0.352726301
v -0.089398757 0.399314447 -0.388485804
v 0.017879751 0.387394613 -0.412325472
f 3286 3282 3283
f 3287 3280 3281
f 3287 3281 3282
f 3287 3286 3280
f 3287 3282 3286
f 3288 3281 3280
f 3291 3283 3282
f 3292 3286 3283
f 3292 3283 3289
f 3293 3288 3280
f 3293 3280 3284
f 3293 3284 3288
f 3295 3289 3284
f 3295 3284 3280
f 3295 3292 3289
f 3296 3282 3281
f 3296 3281 3290
f 3297 3291 3282
f 3298 3289 3283
f 3298 3283 3291
f 3299 3280 3286
f 3299 3286 3292
f 3299 3295 3280
f 3299 3292 3295
f 3302 3298 3291
f 3303 3296 3290
f 3303 3282 3296
f 3303 3297 3282
f 3304 3288 3284
f 3304 3284 3300
f 3304 3281 3288
f 3305 3294 3302
f 3306 3290 3281
f 3306 3281 3301
f 3307 3300 3294
f 3307 3301 3281
f 3308 3289 3298
f 3308 3284 3289
f 3308 3300 3284
f 3308 3302 3294
f 3308 3294 3300
f 3309 3297 3303
f 3309 3306 3297
f 3309 3290 3306
f 3310 3294 3305
f 3310 3307 3294
f 3310 3301 3307
f 3310 3305 3285
f 3311 3305 3302
f 3311 3285 3305
f 3311 3302 3291
f 3311 3291 3285
f 3312 3306 3301
f 3312 3297 3306
f 3312 3285 3291
f 3312 3291 3297
f 3312 3310 3285
f 3312 3301 3310
f 3313 3304 3300
f 3313 3300 3307
f 3313 3307 3281
f 3313 3281 3304
f 3314 3308 3298
f 3314 3298 3302
f 3314 3302 3308
f 3315 3309 3303
f 3315 3303 3290
f 3315 3290 3309
o bunny068
usemtl Material068
v -0.721149972 0.506592955 0.231345577
v -0.552332001 0.307844991 0.218232675
v -0.733069806 0.530432624 0.076387732
v -0.750921687 0.538726200 0.062718390
v -0.697310303 0.399314447 0.183666240
v -0.565229423 0.318013204 0.064938174
v -0.757687184 0.545473288 0.219009728
v -0.709230138 0.435073950 0.231345577
v -0.549492726 0.302648533 0.102562197
v -0.709230138 0.423154116 0.064467898
v -0.759228504 0.546641901 0.078913795
v -0.613871464 0.327795442 0.219425743
v -0.685390469 0.458913618 0.231345577
v -0.768829309 0.506592955 0.183666240
v -0.744989640 0.482753287 0.231345577
v -0.742844225 0.526488670 0.060695286
v -0.754231231 0.543549042 0.065172569
v -0.697310303 0.411234281 0.219425743
v -0.556759930 0.310889262 0.220955369
v -0.566192127 0.292035939 0.207505909
v -0.601951629 0.315875607 0.076387732
v -0.687136395 0.433851271 0.231688062
v -0.744989640 0.470833453 0.076387732
v -0.768829309 0.530432624 0.219425743
v -0.740699726 0.508678078 0.230096669
v -0.744989640 0.470833453 0.207505909
v -0.756909475 0.506592955 0.064467898
v -0.569519838 0.320406559 0.062842326
v -0.578111961 0.303955773 0.219425743
v -0.554272292 0.292035939 0.207505909
v -0.661550801 0.363554944 0.147906737
v -0.590031795 0.303955773 0.195586074
v -0.566192127 0.292035939 0.100227400
v -0.697310303 0.399314447 0.112147235
v -0.768829309 0.530432624 0.076387732
v -0.756909475 0.494673121 0.219425743
v -0.733069806 0.458913618 0.064467898
v -0.613871464 0.327795442 0.064467898
v -0.578111961 0.303955773 0.076387732
v -0.590031795 0.303955773 0.100227400
v -0.721149972 0.435073950 0.076387732
v -0.661550801 0.363554944 0.124067069
v -0.768829309 0.506592955 0.124067069
v -0.768829309 0.518512790 0.207505909
v -0.590031795 0.315875607 0.064467898
f 3316 3317 3318
f 3321 3319 3318
f 3322 3316 3318
f 3324 3321 3318
f 3324 3318 3317
f 3326 3322 3318
f 3331 3319 3321
f 3332 3326 3318
f 3332 3318 3319
f 3333 3327 3323
f 3333 3320 3327
f 3333 3323 3330
f 3334 3317 3316
f 3334 3316 3328
f 3337 3328 3316
f 3337 3334 3328
f 3337 3323 3334
f 3337 3330 3323
f 3337 3316 3330
f 3339 3322 3326
f 3340 3330 3316
f 3340 3316 3322
f 3340 3339 3330
f 3340 3322 3339
f 3341 3329 3320
f 3341 3333 3330
f 3341 3320 3333
f 3342 3319 3331
f 3342 3332 3319
f 3343 3331 3321
f 3344 3334 3323
f 3344 3323 3327
f 3344 3317 3334
f 3345 3324 3317
f 3345 3344 3335
f 3345 3317 3344
f 3347 3327 3320
f 3347 3320 3346
f 3347 3344 3327
f 3347 3335 3344
f 3348 3321 3324
f 3348 3335 3347
f 3348 3345 3335
f 3348 3324 3345
f 3349 3320 3329
f 3349 3346 3320
f 3350 3339 3326
f 3350 3329 3339
f 3350 3326 3332
f 3350 3332 3342
f 3351 3330 3339
f 3351 3341 3330
f 3351 3329 3341
f 3352 3342 3331
f 3352 3331 3325
f 3352 3325 3338
f 3352 3338 3342
f 3353 3325 3331
f 3353 3331 3343
f 3353 3349 3325
f 3354 3348 3336
f 3354 3321 3348
f 3355 3347 3346
f 3355 3348 3347
f 3355 3336 3348
f 3356 3338 3325
f 3356 3325 3349
f 3357 3346 3349
f 3357 3355 3346
f 3357 3336 3355
f 3357 3353 3336
f 3357 3349 3353
f 3358 3329 3350
f 3358 3338 3356
f 3358 3356 3349
f 3358 3349 3329
f 3358 3350 3342
f 3358 3342 3338
f 3359 3351 3339
f 3359 3339 3329
f 3359 3329 3351
f 3360 3343 3321
f 3360 3321 3354
f 3360 3353 3343
f 3360 3354 3336
f 3360 3336 3353
o bunny069
usemtl Material069
v -0.661550801 0.423154116 0.076387732
v -0.517632634 0.318597537 -0.005940511
v -0.518197292 0.471474188 -0.172343985
v -0.637711132 0.542352458 -0.150089119
v -0.673470635 0.435073950 -0.054730445
v -0.733069806 0.542352458 0.064467898
v -0.590031795 0.315875607 0.052548063
v -0.530432624 0.387394613 -0.126249450
v -0.613871464 0.542352458 -0.126249450
v -0.733069806 0.458913618 0.064467898
v -0.566192127 0.339715276 0.064467898
v -0.518512790 0.387394613 -0.126249450
v -0.554272292 0.315875607 -0.018970942
v -0.625791298 0.446993784 -0.114329616
v -0.613407334 0.542664106 -0.149340271
v -0.754231231 0.543549042 0.065172569
v -0.637711132 0.351635110 0.064467898
v -0.518512790 0.339715276 -0.007051108
v -0.565229423 0.318013204 0.064938174
v -0.530432624 0.423154116 -0.162008953
v -0.518512790 0.423154116 -0.162008953
v -0.518512790 0.315875607 -0.030890776
v -0.673470635 0.530432624 -0.114329616
v -0.649630966 0.423154116 -0.066650279
v -0.673761592 0.410912655 0.076308901
v -0.729041323 0.555195933 -0.016927108
v -0.709230138 0.435073950 0.028708395
v -0.625791298 0.351635110 0.028708395
v -0.590031795 0.315875607 0.064467898
v -0.566192127 0.411234281 -0.126249450
v -0.590031795 0.482753287 -0.162008953
v -0.518512790 0.446993784 -0.173928787
v -0.518512790 0.339715276 -0.066650279
v -0.637711132 0.446993784 -0.102409782
v -0.756909475 0.518512790 0.064467898
v -0.649630966 0.363554944 0.064467898
v -0.697310303 0.554272292 -0.090489947
v -0.661550801 0.554272292 -0.078570113
v -0.601951629 0.327795442 0.040628229
v -0.578111961 0.327795442 -0.007051108
v -0.649630966 0.363554944 0.052548063
v -0.566192127 0.423154116 -0.138169284
v -0.625791298 0.435073950 -0.102409782
v -0.578111961 0.399314447 -0.102409782
v -0.542352458 0.446993784 -0.173928787
v -0.625791298 0.506592955 -0.150089119
v -0.530432624 0.339715276 -0.066650279
v -0.744989640 0.482753287 0.064467898
v -0.756909475 0.530432624 0.028708395
v -0.733069806 0.542352458 -0.042810610
v -0.709230138 0.554272292 -0.018970942
v -0.669158463 0.552691670 -0.097503754
v -0.637711132 0.351635110 0.052548063
v -0.661550801 0.411234281 -0.030890776
v -0.733069806 0.458913618 0.052548063
v -0.637711132 0.530432624 -0.150089119
v -0.649630966 0.506592955 -0.126249450
v -0.530432624 0.315875607 -0.030890776
v -0.733069806 0.554272292 -0.042810610
v -0.756909475 0.518512790 0.052548063
v -0.697310303 0.542352458 -0.090489947
v -0.685390469 0.554272292 -0.042810610
v -0.685390469 0.435073950 -0.030890776
v -0.709230138 0.458913618 -0.018970942
v -0.747291963 0.547862748 0.031473500
v -0.744989640 0.482753287 0.052548063
v -0.685390469 0.494673121 -0.078570113
v -0.744989640 0.530432624 -0.007051108
v -0.709230138 0.470833453 -0.030890776
f 3369 3366 3363
f 3371 3366 3361
f 3375 3369 3363
f 3375 3363 3364
f 3376 3361 3366
f 3378 3371 3362
f 3378 3362 3363
f 3378 3363 3366
f 3378 3366 3371
f 3379 3362 3371
f 3379 3371 3361
f 3380 3372 3368
f 3381 3363 3362
f 3381 3362 3372
f 3381 3372 3380
f 3382 3367 3373
f 3382 3362 3379
f 3384 3373 3365
f 3385 3361 3376
f 3385 3379 3361
f 3386 3376 3366
f 3389 3377 3367
f 3389 3382 3379
f 3389 3367 3382
f 3389 3385 3377
f 3389 3379 3385
f 3390 3380 3368
f 3392 3381 3380
f 3392 3363 3381
f 3393 3372 3362
f 3393 3362 3382
f 3393 3368 3372
f 3395 3385 3376
f 3396 3385 3370
f 3396 3377 3385
f 3397 3375 3364
f 3397 3364 3383
f 3398 3366 3369
f 3398 3397 3386
f 3398 3369 3375
f 3400 3365 3373
f 3400 3373 3367
f 3400 3367 3399
f 3401 3377 3396
f 3401 3396 3370
f 3402 3380 3390
f 3403 3402 3390
f 3403 3374 3402
f 3403 3394 3374
f 3403 3384 3365
f 3403 3365 3394
f 3404 3390 3368
f 3404 3368 3373
f 3404 3373 3384
f 3404 3403 3390
f 3404 3384 3403
f 3405 3374 3391
f 3405 3402 3374
f 3405 3380 3402
f 3405 3392 3380
f 3405 3363 3392
f 3405 3364 3363
f 3406 3391 3374
f 3406 3374 3394
f 3407 3393 3382
f 3407 3373 3368
f 3407 3368 3393
f 3408 3370 3385
f 3408 3385 3395
f 3409 3395 3376
f 3411 3386 3366
f 3412 3398 3375
f 3412 3375 3397
f 3412 3397 3398
f 3413 3399 3367
f 3413 3367 3377
f 3413 3377 3401
f 3413 3400 3399
f 3413 3388 3400
f 3414 3400 3388
f 3414 3365 3400
f 3414 3388 3413
f 3415 3401 3370
f 3415 3387 3401
f 3415 3370 3408
f 3416 3406 3383
f 3416 3383 3364
f 3416 3391 3406
f 3416 3405 3391
f 3416 3364 3405
f 3417 3406 3394
f 3417 3383 3406
f 3418 3407 3382
f 3418 3382 3373
f 3418 3373 3407
f 3419 3410 3409
f 3419 3386 3397
f 3419 3397 3410
f 3420 3408 3395
f 3420 3395 3409
f 3421 3410 3397
f 3421 3397 3383
f 3422 3398 3386
f 3422 3386 3411
f 3422 3411 3366
f 3422 3366 3398
f 3423 3401 3387
f 3423 3365 3414
f 3423 3414 3413
f 3423 3413 3401
f 3424 3365 3423
f 3424 3423 3387
f 3424 3387 3415
f 3425 3419 3409
f 3425 3409 3376
f 3425 3376 3386
f 3425 3386 3419
f 3426 3415 3408
f 3426 3408 3420
f 3426 3420 3409
f 3426 3424 3415
f 3427 3421 3383
f 3427 3410 3421
f 3427 3394 3365
f 3427 3417 3394
f 3427 3383 3417
f 3428 3409 3410
f 3428 3426 3409
f 3428 3424 3426
f 3429 3365 3424
f 3429 3427 3365
f 3429 3410 3427
f 3429 3428 3410
f 3429 3424 3428
o bunny070
usemtl Material070
v -0.554272292 0.983386325 0.600860439
v -0.411234281 0.899947485 0.422062925
v -0.411234281 0.983386325 0.445902594
v -0.423154116 0.935706988 0.398223257
v -0.613788250 0.851159493 0.517997066
v -0.403821794 0.932368280 0.405838167
v -0.612862547 1.021755884 0.588071319
v -0.530432624 0.923787154 0.577020770
v -0.506592955 0.852268148 0.410143091
v -0.411234281 0.959546657 0.445902594
v -0.407900459 0.984658694 0.425522538
v -0.518512790 1.031065662 0.541261267
v -0.613871464 0.911867320 0.600860439
v -0.506592955 0.983386325 0.553181102
v -0.578111961 0.864187983 0.565100936
v -0.411192126 0.899946611 0.398296106
v -0.506592955 1.019145828 0.469742262
v -0.411234281 0.923787154 0.433982759
v -0.590031795 1.019145828 0.600860439
v -0.482753287 1.019145828 0.493581931
v -0.625796238 0.983085724 0.596688916
v -0.566192127 0.911867320 0.600860439
v -0.518512790 0.995306159 0.565100936
v -0.506592955 0.959546657 0.553181102
v -0.530432624 0.888027651 0.553181102
v -0.458918683 0.851662485 0.420769011
v -0.613871464 0.852268148 0.553181102
v -0.435073950 0.899947485 0.398223257
v -0.530432624 0.864187983 0.422062925
v -0.423154116 0.983386325 0.422062925
v -0.537599807 1.033830367 0.533546167
v -0.542352458 1.019145828 0.577020770
v -0.482445605 1.019338452 0.470250055
v -0.625782195 0.983940233 0.596627324
v -0.542352458 0.923787154 0.588940604
v -0.613871464 0.888027651 0.588940604
v -0.518512790 1.019145828 0.553181102
v -0.518512790 0.935706988 0.565100936
v -0.530432624 0.899947485 0.565100936
v -0.542352458 0.876107817 0.553181102
v -0.575851013 0.845488169 0.471780550
v -0.590031795 0.852268148 0.553181102
v -0.626035445 0.923604794 0.589684004
v -0.506592955 0.864187983 0.410143091
v -0.578111961 0.864187983 0.469742262
v -0.542352458 0.995306159 0.588940604
v -0.614907955 1.016464436 0.589507865
v -0.554272292 0.971466491 0.600860439
v -0.578111961 0.888027651 0.588940604
v -0.554272292 0.899947485 0.588940604
v -0.435073950 0.911867320 0.398223257
v -0.554272292 0.876107817 0.565100936
f 3439 3435 3432
f 3440 3435 3433
f 3440 3432 3435
f 3443 3439 3432
f 3445 3435 3431
f 3445 3433 3435
f 3447 3431 3435
f 3447 3435 3439
f 3447 3439 3437
f 3447 3437 3431
f 3448 3442 3430
f 3449 3441 3432
f 3449 3432 3440
f 3450 3442 3448
f 3451 3430 3442
f 3452 3443 3432
f 3453 3439 3443
f 3453 3443 3452
f 3455 3445 3431
f 3455 3438 3445
f 3457 3445 3438
f 3457 3433 3445
f 3459 3440 3433
f 3459 3433 3446
f 3460 3446 3436
f 3460 3448 3441
f 3460 3436 3448
f 3461 3448 3430
f 3461 3441 3448
f 3462 3449 3440
f 3462 3446 3460
f 3462 3460 3441
f 3462 3441 3449
f 3462 3459 3446
f 3462 3440 3459
f 3463 3450 3448
f 3465 3451 3442
f 3465 3456 3444
f 3466 3452 3432
f 3466 3432 3441
f 3466 3461 3452
f 3466 3441 3461
f 3467 3437 3439
f 3467 3439 3453
f 3467 3464 3437
f 3467 3453 3452
f 3467 3452 3430
f 3468 3454 3431
f 3468 3431 3437
f 3468 3437 3464
f 3469 3455 3431
f 3469 3431 3454
f 3470 3438 3455
f 3470 3458 3438
f 3470 3456 3434
f 3471 3444 3456
f 3471 3469 3444
f 3471 3455 3469
f 3471 3470 3455
f 3471 3456 3470
f 3472 3434 3456
f 3472 3463 3434
f 3472 3450 3463
f 3472 3456 3465
f 3472 3465 3442
f 3472 3442 3450
f 3473 3457 3438
f 3473 3438 3458
f 3473 3458 3446
f 3473 3446 3433
f 3474 3434 3436
f 3474 3436 3446
f 3474 3446 3458
f 3474 3470 3434
f 3474 3458 3470
f 3475 3461 3430
f 3475 3430 3452
f 3475 3452 3461
f 3476 3436 3434
f 3476 3434 3463
f 3476 3463 3448
f 3476 3448 3436
f 3477 3430 3451
f 3477 3451 3464
f 3477 3467 3430
f 3477 3464 3467
f 3478 3465 3444
f 3478 3451 3465
f 3479 3468 3464
f 3479 3464 3451
f 3479 3451 3478
f 3479 3454 3468
f 3480 3473 3433
f 3480 3433 3457
f 3480 3457 3473
f 3481 3444 3469
f 3481 3469 3454
f 3481 3454 3479
f 3481 3479 3478
f 3481 3478 3444
o bunny071
usemtl Material071
v -0.375474779 1.281382181 0.219425743
v -0.232436768 1.257542513 0.040628229
v -0.256276436 1.281382181 -0.018970942
v -0.375474779 1.233702844 -0.018970942
v -0.383504738 1.208696092 0.217489691
v -0.268196270 1.245622679 -0.018970942
v -0.381995326 1.290316344 0.177300758
v -0.238498012 1.287192333 0.046610789
v -0.232436768 1.269462347 0.052548063
v -0.231012260 1.278090944 -0.019649868
v -0.327795442 1.209863176 0.004868726
v -0.373394372 1.251025940 -0.009264748
v -0.399314447 1.233702844 0.219425743
v -0.363554944 1.209863176 0.195586074
v -0.232436768 1.257542513 -0.007051108
v -0.303955773 1.233702844 -0.018970942
v -0.377314371 1.217415711 0.012141441
v -0.384380070 1.210301313 0.220152560
v -0.393268198 1.284532864 0.220391726
v -0.315875607 1.209863176 0.076387732
v -0.244356602 1.257542513 -0.018970942
v -0.256276436 1.245622679 -0.007051108
v -0.387394613 1.209863176 0.171746406
v -0.399314447 1.233702844 0.207505909
v -0.390539749 1.286716151 0.198590409
v -0.292035939 1.221783010 0.028708395
v -0.315875607 1.209863176 0.028708395
v -0.399314447 1.269462347 0.195586074
v -0.292035939 1.221783010 0.040628229
f 3489 3488 3482
f 3489 3484 3488
f 3490 3489 3482
f 3491 3484 3489
f 3491 3490 3483
f 3491 3489 3490
f 3491 3485 3484
f 3493 3488 3484
f 3493 3484 3485
f 3495 3483 3490
f 3496 3491 3483
f 3497 3491 3487
f 3497 3485 3491
f 3497 3492 3485
f 3497 3487 3492
f 3498 3485 3492
f 3499 3486 3495
f 3499 3495 3490
f 3499 3490 3482
f 3500 3482 3488
f 3500 3499 3482
f 3500 3494 3499
f 3501 3483 3495
f 3501 3495 3486
f 3502 3487 3491
f 3502 3491 3496
f 3503 3492 3487
f 3503 3502 3496
f 3503 3487 3502
f 3504 3498 3492
f 3504 3492 3486
f 3504 3499 3494
f 3504 3486 3499
f 3505 3485 3498
f 3505 3504 3494
f 3505 3498 3504
f 3506 3500 3488
f 3506 3488 3493
f 3507 3496 3483
f 3507 3503 3496
f 3508 3501 3486
f 3508 3486 3492
f 3508 3507 3501
f 3508 3492 3503
f 3508 3503 3507
f 3509 3485 3505
f 3509 3500 3506
f 3509 3506 3493
f 3509 3493 3485
f 3509 3505 3494
f 3509 3494 3500
f 3510 3507 3483
f 3510 3483 3501
f 3510 3501 3507
o bunny072
usemtl Material072
v -0.733069806 0.876107817 0.052548063
v -0.542352458 0.744989640 -0.138169284
v -0.597648472 0.886668635 -0.069435057
v -0.554272292 0.780749143 -0.162008953
v -0.746855207 0.707259191 0.009320555
v -0.538583537 0.789893020 -0.143722228
v -0.685390469 0.899947485 -0.042810610
v -0.709230138 0.816508646 0.040628229
v -0.637711132 0.709230138 -0.138169284
v -0.542352458 0.780749143 -0.126249450
v -0.541991277 0.744723616 -0.161398804
v -0.542352458 0.780749143 -0.162008953
v -0.721149972 0.899947485 0.028708395
v -0.613871464 0.888027651 -0.078570113
v -0.613871464 0.888027651 -0.042810610
v -0.733069806 0.709230138 0.016788561
v -0.637711132 0.721149972 -0.138169284
v -0.566192127 0.744989640 -0.162008953
v -0.612891702 0.708443962 -0.136453243
v -0.748284941 0.897586307 0.025159635
v -0.636761368 0.901204095 -0.052171933
v -0.661550801 0.899947485 -0.054730445
v -0.709230138 0.852268148 0.040628229
v -0.637711132 0.899947485 -0.030890776
v -0.601951629 0.852268148 -0.054730445
v -0.733069806 0.733069806 0.028708395
v -0.590031795 0.792668977 -0.138169284
v -0.709230138 0.744989640 -0.066650279
v -0.566192127 0.756909475 -0.162008953
v -0.613871464 0.709230138 -0.114329616
v -0.701542746 0.706985999 -0.058908729
v -0.738680839 0.904467925 0.011662772
v -0.755237210 0.708910168 0.029424445
v -0.607546596 0.890935282 -0.063168564
v -0.613871464 0.876107817 -0.042810610
v -0.756909475 0.744989640 0.004868726
v -0.673470635 0.744989640 -0.102409782
v -0.715397547 0.904273500 -0.009598829
v -0.752641361 0.871508652 0.046680336
v -0.721149972 0.792668977 0.040628229
v -0.733069806 0.768829309 -0.030890776
v -0.649630966 0.733069806 -0.126249450
v -0.745290584 0.852087262 0.052317285
v -0.756909475 0.768829309 0.028708395
v -0.756909475 0.768829309 0.016788561
f 3520 3516 3513
f 3520 3512 3516
f 3520 3518 3512
f 3521 3516 3512
f 3522 3513 3516
f 3522 3516 3521
f 3524 3522 3514
f 3524 3513 3522
f 3525 3520 3513
f 3528 3521 3519
f 3528 3522 3521
f 3528 3514 3522
f 3528 3519 3527
f 3529 3521 3512
f 3529 3519 3521
f 3530 3511 3523
f 3532 3524 3514
f 3532 3514 3517
f 3532 3531 3524
f 3533 3525 3511
f 3533 3511 3518
f 3533 3518 3525
f 3534 3523 3511
f 3534 3511 3525
f 3534 3525 3513
f 3535 3518 3520
f 3535 3520 3525
f 3536 3526 3512
f 3536 3512 3518
f 3537 3527 3517
f 3537 3517 3514
f 3537 3514 3527
f 3539 3528 3527
f 3539 3527 3514
f 3539 3514 3528
f 3540 3529 3512
f 3540 3512 3526
f 3540 3526 3515
f 3540 3515 3529
f 3541 3529 3515
f 3541 3519 3529
f 3541 3538 3519
f 3542 3530 3523
f 3542 3523 3534
f 3543 3515 3526
f 3543 3526 3536
f 3544 3513 3524
f 3544 3524 3531
f 3544 3534 3513
f 3544 3531 3534
f 3545 3535 3525
f 3545 3525 3518
f 3545 3518 3535
f 3546 3515 3543
f 3546 3541 3515
f 3546 3538 3541
f 3547 3527 3519
f 3547 3519 3538
f 3547 3542 3517
f 3547 3538 3542
f 3548 3542 3534
f 3548 3534 3531
f 3548 3531 3532
f 3548 3532 3517
f 3548 3517 3542
f 3549 3511 3530
f 3550 3543 3536
f 3550 3536 3518
f 3550 3518 3511
f 3551 3542 3538
f 3551 3538 3546
f 3551 3546 3530
f 3551 3530 3542
f 3552 3547 3517
f 3552 3517 3527
f 3552 3527 3547
f 3553 3549 3543
f 3553 3511 3549
f 3553 3550 3511
f 3553 3543 3550
f 3554 3546 3543
f 3554 3543 3549
f 3555 3549 3530
f 3555 3530 3546
f 3555 3554 3549
f 3555 3546 3554
o bunny073
usemtl Material073
v -0.232436768 0.470833453 0.493581931
v -0.193121666 0.398466924 0.465533720
v -0.220687278 0.483044146 0.480157840
v -0.363554944 0.339715276 0.374383588
v -0.482753287 0.470833453 0.493581931
v -0.194305110 0.434578699 0.468452573
v -0.244356602 0.339715276 0.481662096
v -0.482753287 0.482753287 0.493581931
v -0.219401994 0.480849551 0.479587952
v -0.196677265 0.399314447 0.481662096
v -0.375474779 0.446993784 0.493581931
v -0.339715276 0.327795442 0.445902594
v -0.208547254 0.327759436 0.457995746
v -0.233746848 0.484990221 0.482013012
v -0.482753287 0.435073950 0.433982759
v -0.196677265 0.435073950 0.481662096
v -0.220516934 0.351635110 0.481662096
v -0.244356602 0.458913618 0.493581931
v -0.435073950 0.458913618 0.493581931
v -0.470833453 0.423154116 0.469742262
v -0.363554944 0.327795442 0.374383588
v -0.276859537 0.329093045 0.461288255
v -0.484628580 0.479603266 0.476598756
v -0.470833453 0.435073950 0.433982759
v -0.232436768 0.339715276 0.481662096
v -0.482753287 0.411234281 0.457822428
v -0.378335595 0.327044620 0.375437746
v -0.351635110 0.446993784 0.493581931
v -0.482788054 0.411145899 0.434071681
v -0.375474779 0.327795442 0.410143091
f 3561 3557 3559
f 3563 3560 3556
f 3564 3561 3559
f 3564 3559 3558
f 3566 3556 3560
f 3568 3557 3565
f 3569 3563 3556
f 3569 3556 3558
f 3571 3565 3557
f 3571 3557 3561
f 3571 3561 3564
f 3571 3564 3558
f 3571 3558 3556
f 3571 3556 3565
f 3572 3565 3556
f 3572 3568 3565
f 3573 3556 3566
f 3573 3572 3556
f 3574 3566 3560
f 3574 3560 3562
f 3574 3562 3566
f 3575 3567 3562
f 3575 3562 3560
f 3576 3559 3557
f 3576 3557 3568
f 3577 3562 3567
f 3577 3567 3568
f 3578 3560 3563
f 3578 3563 3569
f 3578 3569 3558
f 3579 3558 3559
f 3579 3559 3570
f 3579 3578 3558
f 3579 3570 3578
f 3580 3568 3572
f 3580 3577 3568
f 3580 3562 3577
f 3580 3572 3573
f 3580 3566 3562
f 3581 3575 3560
f 3581 3567 3575
f 3581 3560 3578
f 3582 3576 3568
f 3582 3568 3567
f 3582 3570 3559
f 3582 3559 3576
f 3583 3580 3573
f 3583 3573 3566
f 3583 3566 3580
f 3584 3581 3578
f 3584 3578 3570
f 3584 3582 3581
f 3584 3570 3582
f 3585 3582 3567
f 3585 3567 3581
f 3585 3581 3582
o bunny074
usemtl Material074
v -0.017801211 0.065500601 0.445476238
v 0.184815226 0.063897784 0.350647070
v -0.160917762 0.065559088 0.052548063
v -0.161389787 0.055756842 -0.138643071
v -0.148612388 0.041367306 0.314904283
v 0.183278523 0.055416468 -0.123665656
v 0.160927411 0.065281726 0.386320644
v -0.137078094 0.065559088 0.398223257
v -0.160917762 0.041719420 0.052548063
v 0.005918989 0.059880437 -0.136543433
v 0.005959917 0.041719420 0.243265411
v 0.125158414 0.065553532 0.410143428
v -0.077478923 0.053639254 0.445902594
v 0.184878703 0.054470958 -0.126461324
v -0.158973767 0.056837964 -0.136218032
v -0.053639254 0.041719420 0.064467898
v -0.053639254 0.041719420 0.302864583
v -0.113238425 0.053639254 0.422062925
v -0.077478923 0.065559088 0.445902594
v -0.160917762 0.041719420 0.040628229
v 0.005998387 0.058976831 -0.139697483
v 0.005959917 0.041719420 0.207505909
v -0.089398757 0.041719420 0.314784417
v -0.113238425 0.065559088 0.422062925
v -0.125158260 0.041719420 0.040628229
v -0.041719420 0.041719420 0.088307566
f 3592 3587 3591
f 3593 3588 3590
f 3594 3590 3588
f 3594 3588 3589
f 3595 3592 3591
f 3595 3588 3592
f 3597 3592 3588
f 3598 3597 3586
f 3598 3592 3597
f 3599 3591 3587
f 3599 3587 3596
f 3600 3589 3588
f 3600 3588 3595
f 3602 3596 3587
f 3602 3587 3592
f 3602 3592 3598
f 3602 3590 3596
f 3603 3593 3590
f 3603 3590 3598
f 3604 3598 3586
f 3604 3603 3598
f 3604 3586 3597
f 3604 3597 3588
f 3604 3588 3593
f 3605 3594 3589
f 3605 3589 3599
f 3605 3590 3594
f 3606 3595 3591
f 3606 3591 3599
f 3606 3599 3589
f 3606 3600 3595
f 3606 3589 3600
f 3607 3599 3596
f 3607 3596 3590
f 3608 3602 3598
f 3608 3598 3590
f 3608 3590 3602
f 3609 3604 3593
f 3609 3593 3603
f 3609 3603 3604
f 3610 3605 3599
f 3610 3599 3601
f 3610 3601 3590
f 3610 3590 3605
f 3611 3601 3599
f 3611 3599 3607
f 3611 3607 3590
f 3611 3590 3601
o bunny075
usemtl Material075
v -0.184757431 0.256276436 -0.090489947
v -0.148997928 0.196677265 -0.126249450
v -0.208273566 0.435420729 -0.184390750
v -0.315875607 0.435073950 -0.185848621
v -0.340533725 0.231750030 -0.094037065
v -0.151541296 0.220220752 -0.162516957
v -0.387394613 0.375474779 -0.102409782
v -0.160917762 0.268196270 -0.102409782
v -0.196677265 0.184757431 -0.090489947
v -0.172837597 0.268196270 -0.173928787
v -0.327795442 0.435073950 -0.150089119
v -0.375474779 0.351635110 -0.090489947
v -0.387394613 0.387394613 -0.150089119
v -0.148997928 0.280116105 -0.162008953
v -0.172837597 0.196677265 -0.090489947
v -0.243584020 0.183924341 -0.107812428
v -0.208597099 0.399314447 -0.185848621
v -0.339342110 0.439475503 -0.165731915
v -0.220516934 0.435073950 -0.162008953
v -0.388845034 0.327187340 -0.092685758
v -0.375918680 0.291834402 -0.091179968
v -0.303955773 0.411234281 -0.185848621
v -0.339715276 0.244356602 -0.114329616
v -0.148997928 0.280116105 -0.150089119
v -0.159243146 0.280449376 -0.173262841
v -0.172837597 0.232436768 -0.090489947
v -0.160917762 0.196677265 -0.102409782
v -0.170532097 0.193268669 -0.136716359
v -0.220516934 0.184757431 -0.090489947
v -0.387871196 0.403077975 -0.145159594
v -0.208597099 0.423154116 -0.162008953
v -0.375474779 0.375474779 -0.102409782
v -0.184757431 0.292035939 -0.102409782
v -0.392117711 0.347439016 -0.097733275
v -0.375474779 0.292035939 -0.114329616
v -0.315875607 0.423154116 -0.185848621
v -0.220516934 0.399314447 -0.185848621
v -0.327795442 0.399314447 -0.173928787
v -0.148997928 0.256276436 -0.126249450
v -0.157253653 0.268946329 -0.172509025
v -0.157954167 0.201319468 -0.140411190
v -0.207749822 0.182309421 -0.112660326
v -0.387394613 0.399314447 -0.126249450
v -0.184757431 0.339715276 -0.126249450
v -0.160917762 0.280116105 -0.114329616
v -0.220516934 0.411234281 -0.150089119
v -0.387394613 0.327795442 -0.114329616
f 3623 3620 3612
f 3625 3613 3617
f 3626 3612 3620
f 3628 3615 3614
f 3629 3614 3615
f 3630 3629 3622
f 3630 3614 3629
f 3632 3623 3631
f 3633 3615 3628
f 3634 3621 3617
f 3634 3627 3616
f 3634 3617 3627
f 3634 3633 3621
f 3635 3625 3614
f 3635 3613 3625
f 3636 3614 3625
f 3636 3628 3614
f 3637 3626 3619
f 3637 3619 3612
f 3637 3612 3626
f 3638 3626 3620
f 3638 3620 3613
f 3638 3613 3619
f 3638 3619 3626
f 3639 3627 3617
f 3640 3616 3627
f 3640 3632 3616
f 3640 3620 3623
f 3640 3623 3632
f 3641 3629 3615
f 3641 3615 3624
f 3642 3614 3630
f 3642 3635 3614
f 3643 3630 3622
f 3643 3622 3618
f 3643 3618 3623
f 3644 3623 3612
f 3644 3612 3619
f 3645 3631 3623
f 3645 3623 3618
f 3645 3641 3624
f 3646 3632 3631
f 3646 3624 3634
f 3646 3634 3616
f 3646 3616 3632
f 3647 3633 3624
f 3647 3624 3615
f 3647 3615 3633
f 3648 3633 3628
f 3648 3628 3621
f 3648 3621 3633
f 3649 3634 3624
f 3649 3624 3633
f 3649 3633 3634
f 3650 3619 3613
f 3650 3613 3635
f 3651 3621 3628
f 3651 3628 3636
f 3651 3617 3621
f 3651 3636 3625
f 3651 3625 3617
f 3652 3639 3617
f 3652 3617 3613
f 3652 3613 3639
f 3653 3639 3613
f 3653 3613 3620
f 3653 3627 3639
f 3653 3640 3627
f 3653 3620 3640
f 3654 3618 3622
f 3654 3622 3629
f 3654 3629 3641
f 3654 3645 3618
f 3654 3641 3645
f 3655 3642 3630
f 3655 3644 3619
f 3656 3635 3642
f 3656 3650 3635
f 3656 3619 3650
f 3656 3655 3619
f 3656 3642 3655
f 3657 3623 3644
f 3657 3643 3623
f 3657 3630 3643
f 3657 3655 3630
f 3657 3644 3655
f 3658 3645 3624
f 3658 3624 3646
f 3658 3646 3631
f 3658 3631 3645
o bunny076
usemtl Material076
v 0.339709362 0.016844261 0.410148799
v 0.125127922 0.059926412 0.016477806
v 0.280116105 0.065559088 0.386303422
v 0.125191925 0.059889897 0.017133409
v 0.196677265 0.005959917 0.064467898
v 0.184815226 0.063897784 0.350647070
v 0.220516934 0.053639254 0.016788561
v 0.113238425 0.041719420 0.171746406
v 0.280116105 0.065559088 0.326704251
v 0.269269759 0.017194135 0.413874049
v 0.208597099 0.017879751 0.016788561
v 0.160917762 0.017879751 0.112147235
v 0.125046131 0.057599858 0.255110613
v 0.192660041 0.056243175 0.013975728
v 0.315875607 0.041719420 0.362463754
v 0.280116105 0.041719420 0.410143091
v 0.184757431 0.005959917 0.207505909
v 0.208597099 0.005959917 0.040628229
v 0.338618020 0.012130080 0.251580893
v 0.113238425 0.041719420 0.159826572
v 0.112708606 0.056048031 0.135444810
v 0.292035939 0.053639254 0.398223257
v 0.268196270 0.041719420 0.410143091
v 0.184757431 0.005959917 0.100227400
v 0.224921503 0.022934379 0.020335952
v 0.315875607 0.041719420 0.338624085
v 0.113121609 0.054567718 0.184180554
v 0.233897464 0.010689004 0.053450198
v 0.339777439 0.016843510 0.410083092
f 3667 3664 3661
f 3667 3660 3664
f 3670 3660 3663
f 3671 3664 3660
f 3671 3668 3664
f 3672 3667 3665
f 3672 3660 3667
f 3672 3669 3660
f 3672 3665 3669
f 3673 3667 3661
f 3674 3668 3659
f 3675 3659 3668
f 3675 3666 3670
f 3675 3671 3666
f 3675 3668 3671
f 3676 3663 3660
f 3676 3660 3669
f 3676 3675 3663
f 3677 3675 3676
f 3677 3665 3667
f 3678 3670 3666
f 3678 3660 3670
f 3679 3671 3660
f 3679 3678 3666
f 3679 3660 3678
f 3680 3674 3659
f 3680 3661 3674
f 3681 3674 3661
f 3681 3661 3664
f 3681 3664 3668
f 3681 3668 3674
f 3682 3675 3670
f 3682 3670 3663
f 3682 3663 3675
f 3683 3669 3665
f 3683 3665 3677
f 3683 3676 3669
f 3684 3677 3667
f 3684 3667 3673
f 3685 3679 3666
f 3685 3666 3671
f 3685 3671 3679
f 3686 3683 3677
f 3686 3677 3676
f 3686 3676 3683
f 3687 3684 3673
f 3687 3677 3684
f 3687 3659 3675
f 3687 3675 3677
f 3687 3673 3661
f 3687 3680 3659
f 3687 3661 3680
o bunny077
usemtl Material077
v -0.017879751 0.125158260 0.600860439
v 0.009362865 0.116680065 0.575124694
v -0.017695822 0.232518286 0.541109778
v -0.172837597 0.220516934 0.410143091
v -0.246864806 0.123562818 0.463505508
v -0.113238425 0.220516934 0.410143091
v 0.005959917 0.137078094 0.588940604
v -0.187040937 0.090929859 0.543208597
v -0.196898940 0.220459204 0.433149362
v 0.007707360 0.168206813 0.536473991
v -0.113238425 0.232436768 0.410143091
v -0.244356602 0.137078094 0.445902594
v -0.017879751 0.113238425 0.600860439
v -0.017879751 0.148997928 0.588940604
v -0.172837597 0.089398757 0.529341433
v -0.160917762 0.137078094 0.565100936
v -0.101318591 0.208597099 0.422062925
v 0.006751913 0.185730393 0.539449931
v -0.101318591 0.232436768 0.469742262
v -0.193951099 0.221226897 0.432312090
v -0.160917762 0.208597099 0.410143091
v -0.244543669 0.162301159 0.451277469
v 0.002799713 0.110042289 0.579631875
v -0.193317562 0.091511375 0.532244319
v -0.208597099 0.125158260 0.457822428
v -0.125158260 0.172837597 0.553181102
v -0.089398757 0.137078094 0.600860439
v -0.220516934 0.125158260 0.505501765
v -0.089398757 0.232436768 0.433982759
v -0.023257715 0.235336150 0.535873192
v -0.125379256 0.231678403 0.417390095
v -0.172837597 0.208597099 0.410143091
v -0.244356602 0.148997928 0.469742262
v -0.220516934 0.113238425 0.505501765
v -0.113238425 0.196677265 0.422062925
v -0.196677265 0.137078094 0.445902594
v -0.160917762 0.148997928 0.553181102
v -0.041719420 0.137078094 0.600860439
v -0.125158260 0.160917762 0.565100936
v -0.101318591 0.125158260 0.600860439
v -0.184757431 0.137078094 0.541261267
v -0.017879751 0.232436768 0.517421599
v -0.125158260 0.232436768 0.433982759
v -0.148997928 0.184757431 0.422062925
v -0.101318591 0.160917762 0.577020770
v -0.180596926 0.094601426 0.547878272
v -0.098120817 0.107798704 0.593829746
f 3698 3693 3691
f 3700 3694 3688
f 3701 3694 3690
f 3701 3688 3694
f 3704 3697 3689
f 3704 3693 3698
f 3705 3694 3689
f 3705 3689 3697
f 3705 3690 3694
f 3707 3691 3696
f 3708 3691 3693
f 3709 3696 3691
f 3709 3691 3699
f 3709 3699 3692
f 3710 3689 3694
f 3710 3694 3700
f 3710 3700 3695
f 3710 3695 3702
f 3711 3702 3695
f 3711 3692 3702
f 3712 3702 3692
f 3712 3692 3699
f 3712 3710 3702
f 3714 3700 3688
f 3716 3704 3698
f 3716 3697 3704
f 3717 3716 3698
f 3717 3696 3713
f 3717 3707 3696
f 3717 3706 3707
f 3718 3698 3691
f 3718 3691 3707
f 3719 3708 3699
f 3719 3699 3691
f 3719 3691 3708
f 3720 3696 3709
f 3720 3709 3692
f 3721 3711 3695
f 3721 3692 3711
f 3721 3695 3715
f 3721 3720 3692
f 3721 3715 3720
f 3722 3693 3704
f 3722 3704 3689
f 3723 3689 3710
f 3723 3710 3712
f 3723 3722 3689
f 3723 3712 3699
f 3723 3699 3708
f 3724 3713 3696
f 3724 3703 3713
f 3724 3696 3720
f 3725 3714 3688
f 3725 3688 3701
f 3725 3701 3690
f 3725 3690 3714
f 3726 3713 3703
f 3726 3703 3714
f 3727 3714 3703
f 3727 3700 3714
f 3728 3715 3695
f 3728 3695 3703
f 3728 3720 3715
f 3728 3724 3720
f 3728 3703 3724
f 3729 3705 3697
f 3729 3697 3716
f 3729 3690 3705
f 3729 3717 3690
f 3729 3716 3717
f 3730 3717 3698
f 3730 3706 3717
f 3730 3698 3718
f 3730 3718 3707
f 3730 3707 3706
f 3731 3708 3693
f 3731 3693 3722
f 3731 3723 3708
f 3731 3722 3723
f 3732 3726 3714
f 3732 3714 3690
f 3732 3690 3717
f 3732 3717 3713
f 3732 3713 3726
f 3733 3727 3703
f 3733 3703 3695
f 3733 3695 3727
f 3734 3727 3695
f 3734 3695 3700
f 3734 3700 3727
o bunny078
usemtl Material078
v -0.518512790 1.245622679 0.457822428
v -0.405659034 1.270288919 0.293511218
v -0.423154116 1.317141684 0.338624085
v -0.472172984 1.333836464 0.231146818
v -0.637711132 1.293302016 0.362463754
v -0.409319915 1.307548058 0.231600365
v -0.458913618 1.233702844 0.410143091
v -0.590031795 1.317141684 0.398223257
v -0.411234281 1.317141684 0.302864583
v -0.637589323 1.327761348 0.302597300
v -0.423154116 1.269462347 0.362463754
v -0.457802787 1.233696548 0.387199618
v -0.602121468 1.262645553 0.449810051
v -0.470833453 1.317141684 0.386303422
v -0.435073950 1.340981352 0.231345577
v -0.435073950 1.305221850 0.231345577
v -0.637711132 1.317141684 0.386303422
v -0.411234281 1.305221850 0.326704251
v -0.542352458 1.281382181 0.445902594
v -0.542352458 1.233702844 0.433982759
v -0.458913618 1.281382181 0.410143091
v -0.423154116 1.329061518 0.290944748
v -0.506592955 1.340981352 0.326704251
v -0.625791298 1.340981352 0.314784417
v -0.458913618 1.317141684 0.231345577
v -0.423154116 1.269462347 0.290944748
v -0.415126918 1.312411615 0.230827496
v -0.639277432 1.326897559 0.305450786
v -0.601951629 1.293302016 0.433982759
v -0.638451688 1.299279036 0.388705817
v -0.423154116 1.281382181 0.362463754
v -0.411234281 1.293302016 0.326704251
v -0.530432624 1.257542513 0.457822428
v -0.542352458 1.317141684 0.398223257
v -0.601951629 1.257542513 0.433982759
v -0.542498538 1.233604927 0.457632402
v -0.482753287 1.233702844 0.433982759
v -0.470833453 1.293302016 0.410143091
v -0.458913618 1.340981352 0.290944748
v -0.625791298 1.329061518 0.362463754
v -0.601951629 1.281382181 0.445902594
v -0.423154116 1.305221850 0.350543920
v -0.554272292 1.293302016 0.433982759
v -0.482753287 1.329061518 0.362463754
v -0.462502526 1.233655623 0.393024640
v -0.518512790 1.233702844 0.457822428
v -0.482753287 1.245622679 0.433982759
v -0.506592955 1.281382181 0.433982759
v -0.435073950 1.329061518 0.314784417
v -0.435073950 1.340981352 0.243265411
v -0.578111961 1.340981352 0.326704251
v -0.435073950 1.293302016 0.374383588
v -0.506592955 1.305221850 0.410143091
v -0.470833453 1.340981352 0.302864583
v -0.470833453 1.269462347 0.422062925
f 3743 3736 3740
f 3745 3741 3736
f 3746 3736 3741
f 3749 3743 3740
f 3750 3739 3744
f 3752 3743 3737
f 3752 3736 3743
f 3755 3737 3748
f 3755 3741 3745
f 3756 3737 3743
f 3756 3743 3749
f 3758 3749 3738
f 3758 3738 3744
f 3758 3757 3749
f 3759 3750 3744
f 3759 3744 3738
f 3760 3750 3740
f 3760 3740 3736
f 3760 3736 3746
f 3760 3739 3750
f 3760 3754 3739
f 3760 3746 3754
f 3761 3749 3740
f 3761 3740 3750
f 3761 3738 3749
f 3761 3759 3738
f 3761 3750 3759
f 3762 3744 3739
f 3762 3758 3744
f 3762 3751 3758
f 3763 3742 3751
f 3764 3747 3751
f 3764 3762 3739
f 3764 3751 3762
f 3765 3745 3752
f 3765 3755 3745
f 3766 3752 3745
f 3766 3745 3736
f 3766 3736 3752
f 3768 3742 3763
f 3768 3757 3742
f 3769 3739 3754
f 3769 3764 3739
f 3769 3747 3764
f 3770 3769 3754
f 3770 3747 3769
f 3770 3767 3747
f 3771 3741 3755
f 3771 3770 3741
f 3772 3755 3748
f 3773 3749 3757
f 3774 3758 3751
f 3774 3751 3742
f 3775 3763 3751
f 3775 3751 3747
f 3775 3753 3763
f 3775 3767 3753
f 3775 3747 3767
f 3776 3765 3752
f 3776 3752 3737
f 3776 3737 3755
f 3777 3768 3763
f 3777 3763 3753
f 3778 3768 3748
f 3778 3757 3768
f 3779 3746 3741
f 3779 3741 3770
f 3779 3770 3754
f 3779 3754 3746
f 3780 3735 3767
f 3780 3767 3770
f 3780 3771 3735
f 3780 3770 3771
f 3781 3771 3755
f 3781 3735 3771
f 3782 3753 3767
f 3782 3767 3735
f 3782 3735 3772
f 3782 3772 3748
f 3782 3748 3753
f 3783 3737 3756
f 3783 3756 3773
f 3783 3773 3778
f 3783 3778 3748
f 3783 3748 3737
f 3784 3773 3756
f 3784 3756 3749
f 3784 3749 3773
f 3785 3757 3758
f 3785 3758 3774
f 3785 3774 3742
f 3785 3742 3757
f 3786 3776 3755
f 3786 3755 3765
f 3786 3765 3776
f 3787 3777 3753
f 3787 3753 3748
f 3787 3748 3768
f 3787 3768 3777
f 3788 3778 3773
f 3788 3773 3757
f 3788 3757 3778
f 3789 3781 3755
f 3789 3735 3781
f 3789 3772 3735
f 3789 3755 3772
o bunny079
usemtl Material079
v -0.436835278 0.273676429 0.221512995
v -0.432204478 0.266767652 0.204105456
v -0.422969748 0.328449785 -0.066041282
v -0.494673121 0.327795442 -0.066650279
v -0.554272292 0.292035939 0.219425743
v -0.424502267 0.256437520 -0.019229073
v -0.423154116 0.327795442 -0.042810610
v -0.446993784 0.256276436 0.207505909
v -0.435073950 0.303955773 -0.066650279
v -0.566192127 0.315875607 0.004868726
v -0.434072066 0.271859305 0.218238466
v -0.556759930 0.310889262 0.220955369
v -0.554272292 0.351635110 0.004868726
v -0.415512920 0.306772737 -0.059899789
v -0.482753287 0.268196270 0.219425743
v -0.425933212 0.253185330 0.124732349
v -0.470833453 0.256276436 0.076387732
v -0.494673121 0.315875607 -0.054730445
v -0.458799648 0.340049464 -0.066348287
v -0.547049144 0.306461333 0.222313694
v -0.458913618 0.292035939 0.219425743
v -0.568061128 0.311725659 0.099314402
v -0.567571000 0.350142964 -0.008340230
v -0.423154116 0.268196270 0.124067069
v -0.470833453 0.256276436 0.171746406
v -0.446993784 0.256276436 0.004868726
v -0.542352458 0.280116105 0.124067069
v -0.518512790 0.327795442 -0.054730445
v -0.482753287 0.351635110 -0.042810610
v -0.571230637 0.346182691 0.000158173
v -0.458913618 0.256276436 0.195586074
v -0.554272292 0.292035939 0.076387732
v -0.542352458 0.280116105 0.183666240
v -0.518569788 0.351553315 -0.054801009
v -0.566192127 0.327795442 -0.007051108
v -0.518512790 0.315875607 -0.042810610
v -0.566192127 0.303955773 0.052548063
v -0.494673121 0.268196270 0.207505909
v -0.492525450 0.346276246 -0.060786814
v -0.506592955 0.268196270 0.183666240
v -0.530432624 0.280116105 0.207505909
f 3800 3796 3790
f 3800 3797 3791
f 3800 3790 3797
f 3803 3792 3796
f 3803 3798 3792
f 3803 3795 3798
f 3804 3797 3790
f 3805 3791 3797
f 3807 3798 3795
f 3807 3793 3798
f 3808 3798 3793
f 3808 3792 3798
f 3809 3801 3794
f 3809 3804 3790
f 3809 3794 3804
f 3810 3790 3796
f 3810 3809 3790
f 3810 3801 3809
f 3811 3794 3801
f 3812 3801 3802
f 3813 3800 3791
f 3813 3791 3805
f 3813 3805 3795
f 3813 3795 3803
f 3813 3803 3796
f 3813 3796 3800
f 3814 3806 3805
f 3815 3795 3805
f 3815 3805 3806
f 3815 3799 3795
f 3816 3815 3806
f 3816 3806 3814
f 3817 3793 3807
f 3818 3796 3792
f 3818 3792 3808
f 3818 3810 3796
f 3818 3802 3801
f 3818 3801 3810
f 3819 3811 3801
f 3819 3801 3812
f 3820 3814 3805
f 3820 3805 3797
f 3821 3815 3816
f 3821 3816 3794
f 3822 3816 3814
f 3822 3794 3816
f 3823 3817 3812
f 3823 3793 3817
f 3823 3812 3802
f 3823 3802 3818
f 3824 3812 3817
f 3824 3819 3812
f 3824 3799 3819
f 3825 3817 3807
f 3825 3807 3795
f 3825 3795 3799
f 3825 3824 3817
f 3825 3799 3824
f 3826 3819 3799
f 3826 3811 3819
f 3826 3799 3815
f 3826 3815 3821
f 3826 3821 3794
f 3826 3794 3811
f 3827 3814 3820
f 3827 3804 3794
f 3827 3820 3797
f 3827 3797 3804
f 3828 3823 3818
f 3828 3818 3808
f 3828 3808 3793
f 3828 3793 3823
f 3829 3827 3822
f 3829 3822 3814
f 3829 3814 3827
f 3830 3827 3794
f 3830 3794 3822
f 3830 3822 3827
o bunny080
usemtl Material080
v 0.663647620 0.613083934 -0.004904377
v 0.673470635 0.446993784 -0.007051108
v 0.613871464 0.578111961 -0.150089119
v 0.518512790 0.590031795 -0.221608124
v 0.506592955 0.435073950 -0.197768456
v 0.601951629 0.613871464 -0.150089119
v 0.673470635 0.601951629 -0.030890776
v 0.659168098 0.435397447 -0.006130388
v 0.500336300 0.588222562 -0.212529350
v 0.637711132 0.435073950 -0.090489947
v 0.530432624 0.458913618 -0.221608124
v 0.590031795 0.590031795 -0.173928787
v 0.673470635 0.613871464 -0.018970942
v 0.649630966 0.613871464 -0.078570113
v 0.649630966 0.613871464 -0.007051108
v 0.540238741 0.613064546 -0.182225866
v 0.657455765 0.434011585 -0.010074754
v 0.673470635 0.446993784 -0.018970942
v 0.566192127 0.435073950 -0.173928787
v 0.590031795 0.518512790 -0.173928787
v 0.504684021 0.435258185 -0.219289013
v 0.566192127 0.613871464 -0.185848621
v 0.578111961 0.554272292 -0.185848621
v 0.649630966 0.566192127 -0.090489947
v 0.661550801 0.613871464 -0.054730445
v 0.542352458 0.613871464 -0.162008953
v 0.661550801 0.435073950 -0.042810610
v 0.613871464 0.542352458 -0.150089119
v 0.554272292 0.601951629 -0.197768456
v 0.530432624 0.470833453 -0.221608124
v 0.578111961 0.530432624 -0.185848621
v 0.649630966 0.578111961 -0.090489947
v 0.673470635 0.578111961 -0.030890776
f 3838 3832 3831
f 3842 3836 3833
f 3843 3831 3832
f 3843 3832 3837
f 3844 3833 3836
f 3844 3836 3843
f 3845 3838 3831
f 3845 3835 3838
f 3845 3839 3835
f 3845 3843 3836
f 3845 3831 3843
f 3846 3834 3839
f 3847 3838 3835
f 3848 3837 3832
f 3849 3847 3835
f 3849 3840 3847
f 3850 3849 3841
f 3850 3840 3849
f 3851 3839 3834
f 3851 3834 3841
f 3851 3835 3839
f 3851 3849 3835
f 3851 3841 3849
f 3852 3836 3842
f 3852 3834 3846
f 3852 3845 3836
f 3853 3842 3833
f 3855 3844 3843
f 3855 3843 3837
f 3856 3846 3839
f 3856 3839 3845
f 3856 3852 3846
f 3856 3845 3852
f 3857 3847 3840
f 3857 3854 3848
f 3857 3840 3854
f 3857 3838 3847
f 3857 3848 3832
f 3857 3832 3838
f 3858 3840 3850
f 3858 3854 3840
f 3858 3833 3854
f 3858 3853 3833
f 3859 3852 3842
f 3859 3834 3852
f 3859 3853 3834
f 3859 3842 3853
f 3860 3853 3841
f 3860 3841 3834
f 3860 3834 3853
f 3861 3850 3841
f 3861 3841 3853
f 3861 3858 3850
f 3861 3853 3858
f 3862 3854 3833
f 3862 3833 3844
f 3862 3844 3855
f 3862 3855 3837
f 3862 3837 3854
f 3863 3854 3837
f 3863 3837 3848
f 3863 3848 3854
o bunny081
usemtl Material081
v 0.637802230 0.327767567 -0.019021062
v 0.638825158 0.294429662 -0.025295497
v 0.578111961 0.435073950 -0.162008953
v 0.398632404 0.256204364 -0.279462515
v 0.554272292 0.232436768 -0.066650279
v 0.470833453 0.244356602 -0.245447793
v 0.518512790 0.423154116 -0.173928787
v 0.649630966 0.435073950 -0.066650279
v 0.613871464 0.280116105 -0.018970942
v 0.446993784 0.339715276 -0.269287461
v 0.406768785 0.215695466 -0.265086985
v 0.601951629 0.232436768 -0.066650279
v 0.399314447 0.232436768 -0.257367627
v 0.649630966 0.399314447 -0.066650279
v 0.641249505 0.435477166 -0.050340881
v 0.625791298 0.280116105 -0.018970942
v 0.613871464 0.315875607 -0.018970942
v 0.423154116 0.220516934 -0.281207295
v 0.542352458 0.339715276 -0.197768456
v 0.516449042 0.435360244 -0.207910183
v 0.432033281 0.340790416 -0.264589099
v 0.582448259 0.228220417 -0.060692365
v 0.446993784 0.220516934 -0.209688290
v 0.398682935 0.224409209 -0.275734985
v 0.637711132 0.339715276 -0.066650279
v 0.637711132 0.411234281 -0.090489947
v 0.521602335 0.436298934 -0.202080189
v 0.626054863 0.265581781 -0.037587086
v 0.554272292 0.244356602 -0.066650279
v 0.554272292 0.435073950 -0.138169284
v 0.470833453 0.220516934 -0.233527958
v 0.530432624 0.399314447 -0.209688290
v 0.446993784 0.244356602 -0.269287461
v 0.590031795 0.292035939 -0.126249450
v 0.518512790 0.435073950 -0.185848621
v 0.601732429 0.231993708 -0.051996812
v 0.637711132 0.303955773 -0.042810610
v 0.637711132 0.435073950 -0.090489947
v 0.590031795 0.363554944 -0.150089119
v 0.625791298 0.363554944 -0.102409782
v 0.554272292 0.303955773 -0.173928787
v 0.566192127 0.280116105 -0.150089119
v 0.613871464 0.339715276 -0.114329616
v 0.590031795 0.411234281 -0.150089119
v 0.637711132 0.363554944 -0.078570113
v 0.554272292 0.339715276 -0.185848621
v 0.506592955 0.232436768 -0.197768456
v 0.601951629 0.303955773 -0.114329616
v 0.601951629 0.327795442 -0.126249450
v 0.578111961 0.268196270 -0.126249450
f 3877 3871 3864
f 3877 3864 3865
f 3878 3864 3871
f 3879 3865 3864
f 3880 3868 3872
f 3880 3864 3878
f 3880 3879 3864
f 3880 3872 3879
f 3881 3867 3873
f 3884 3873 3867
f 3884 3883 3873
f 3884 3876 3870
f 3884 3867 3876
f 3886 3876 3874
f 3886 3868 3876
f 3886 3885 3868
f 3886 3874 3885
f 3887 3876 3867
f 3887 3874 3876
f 3887 3881 3874
f 3887 3867 3881
f 3889 3871 3877
f 3890 3866 3883
f 3891 3865 3879
f 3892 3876 3868
f 3892 3868 3880
f 3892 3880 3870
f 3892 3870 3876
f 3893 3880 3878
f 3893 3870 3880
f 3893 3878 3890
f 3894 3874 3881
f 3894 3885 3874
f 3894 3875 3885
f 3894 3881 3869
f 3895 3866 3882
f 3895 3883 3866
f 3895 3873 3883
f 3896 3881 3873
f 3896 3895 3882
f 3896 3873 3895
f 3896 3882 3869
f 3896 3869 3881
f 3898 3884 3870
f 3898 3883 3884
f 3898 3870 3893
f 3898 3893 3890
f 3898 3890 3883
f 3899 3872 3868
f 3899 3868 3885
f 3899 3879 3872
f 3899 3891 3879
f 3899 3885 3875
f 3899 3875 3891
f 3900 3888 3877
f 3900 3877 3865
f 3900 3865 3891
f 3900 3891 3875
f 3901 3871 3889
f 3901 3866 3890
f 3901 3890 3878
f 3901 3878 3871
f 3902 3882 3866
f 3902 3901 3889
f 3903 3889 3877
f 3903 3902 3889
f 3905 3869 3904
f 3906 3900 3875
f 3906 3888 3900
f 3906 3902 3903
f 3907 3902 3866
f 3907 3866 3901
f 3907 3901 3902
f 3908 3903 3877
f 3908 3877 3888
f 3908 3906 3903
f 3908 3888 3906
f 3909 3904 3869
f 3909 3869 3882
f 3909 3882 3902
f 3910 3894 3869
f 3910 3869 3905
f 3910 3875 3894
f 3911 3906 3875
f 3911 3875 3897
f 3911 3897 3906
f 3912 3906 3897
f 3912 3904 3909
f 3912 3909 3902
f 3912 3902 3906
f 3912 3905 3904
f 3912 3897 3905
f 3913 3897 3875
f 3913 3875 3910
f 3913 3910 3905
f 3913 3905 3897
o bunny082
usemtl Material082
v 0.506592955 0.709230138 0.481662096
v 0.625791298 0.554272292 0.386303422
v 0.613871464 0.685390469 0.386303422
v 0.574879254 0.838420424 0.290077593
v 0.494673121 0.661550801 0.469742262
v 0.637711132 0.733069806 0.302864583
v 0.542352458 0.828428480 0.386303422
v 0.554272292 0.661550801 0.469742262
v 0.601951629 0.554272292 0.374383588
v 0.625791298 0.661550801 0.374383588
v 0.489593699 0.835319631 0.401496511
v 0.601951629 0.816508646 0.314784417
v 0.530432624 0.733069806 0.457822428
v 0.592866175 0.554389181 0.412611207
v 0.508599414 0.650704258 0.484603687
v 0.634528260 0.708309672 0.289677182
v 0.625791298 0.709230138 0.350543920
v 0.637711132 0.721149972 0.314784417
v 0.613871464 0.601951629 0.410143091
v 0.490183745 0.705424848 0.474497479
v 0.554272292 0.840348314 0.362463754
v 0.494673121 0.828428480 0.374383588
v 0.590031795 0.840348314 0.290944748
v 0.590031795 0.792668977 0.350543920
v 0.518512790 0.697310303 0.481662096
v 0.506592955 0.840348314 0.410143091
v 0.578111961 0.709230138 0.422062925
v 0.599030314 0.554225620 0.404478553
v 0.613871464 0.554272292 0.410143091
v 0.625700287 0.554270065 0.362409360
v 0.613871464 0.709230138 0.290944748
v 0.601951629 0.768829309 0.350543920
v 0.625791298 0.613871464 0.386303422
v 0.625791298 0.744989640 0.326704251
v 0.637711132 0.709230138 0.314784417
v 0.613871464 0.649630966 0.398223257
v 0.496862056 0.663713513 0.487603305
v 0.494673121 0.840348314 0.374383588
v 0.625791298 0.768829309 0.290944748
v 0.578111961 0.840348314 0.326704251
v 0.628543926 0.729396006 0.287247601
v 0.566192127 0.804588811 0.374383588
v 0.530432624 0.709230138 0.469742262
v 0.530432624 0.673470635 0.481662096
v 0.506592955 0.756909475 0.457822428
v 0.518512790 0.828428480 0.410143091
v 0.563024338 0.845992181 0.306873397
v 0.578111961 0.661550801 0.445902594
v 0.566192127 0.733069806 0.422062925
v 0.554272292 0.649630966 0.469742262
v 0.542352458 0.828428480 0.314784417
v 0.601951629 0.733069806 0.374383588
v 0.625791298 0.768829309 0.302864583
v 0.590031795 0.840348314 0.302864583
v 0.590031795 0.768829309 0.290944748
v 0.494673121 0.756909475 0.457822428
v 0.542352458 0.840348314 0.314784417
v 0.578111961 0.804588811 0.290944748
v 0.554272292 0.828428480 0.302864583
f 3927 3918 3922
f 3928 3918 3927
f 3930 3916 3923
f 3931 3930 3923
f 3933 3924 3918
f 3935 3922 3918
f 3935 3918 3924
f 3937 3925 3934
f 3938 3926 3914
f 3939 3920 3934
f 3941 3927 3922
f 3942 3928 3927
f 3942 3932 3921
f 3942 3915 3932
f 3942 3941 3915
f 3942 3927 3941
f 3943 3941 3922
f 3943 3915 3941
f 3944 3943 3922
f 3944 3929 3943
f 3945 3925 3937
f 3945 3937 3940
f 3946 3931 3923
f 3946 3915 3931
f 3946 3932 3915
f 3947 3931 3919
f 3947 3930 3931
f 3947 3925 3945
f 3947 3945 3916
f 3947 3916 3930
f 3948 3929 3919
f 3948 3919 3931
f 3948 3943 3929
f 3948 3931 3915
f 3948 3915 3943
f 3949 3923 3916
f 3949 3946 3923
f 3949 3932 3946
f 3950 3914 3933
f 3950 3938 3914
f 3950 3933 3918
f 3950 3918 3928
f 3951 3935 3924
f 3951 3924 3939
f 3952 3919 3929
f 3953 3934 3925
f 3954 3917 3936
f 3954 3929 3944
f 3954 3952 3929
f 3954 3936 3952
f 3955 3937 3934
f 3955 3934 3920
f 3956 3938 3921
f 3956 3921 3926
f 3956 3926 3938
f 3957 3921 3938
f 3957 3950 3928
f 3957 3938 3950
f 3958 3914 3926
f 3958 3926 3939
f 3959 3939 3926
f 3959 3926 3920
f 3959 3920 3939
f 3960 3939 3934
f 3960 3951 3939
f 3960 3936 3917
f 3960 3934 3953
f 3961 3916 3940
f 3961 3949 3916
f 3961 3921 3932
f 3961 3932 3949
f 3961 3926 3921
f 3962 3920 3926
f 3962 3961 3940
f 3962 3926 3961
f 3962 3955 3920
f 3962 3940 3937
f 3962 3937 3955
f 3963 3942 3921
f 3963 3928 3942
f 3963 3957 3928
f 3963 3921 3957
f 3964 3935 3951
f 3964 3944 3922
f 3964 3922 3935
f 3965 3945 3940
f 3965 3940 3916
f 3965 3916 3945
f 3966 3947 3919
f 3966 3925 3947
f 3966 3919 3952
f 3966 3952 3936
f 3967 3953 3925
f 3967 3960 3953
f 3967 3936 3960
f 3967 3966 3936
f 3967 3925 3966
f 3968 3954 3944
f 3968 3944 3964
f 3969 3933 3914
f 3969 3914 3958
f 3969 3924 3933
f 3969 3958 3939
f 3969 3939 3924
f 3970 3960 3917
f 3970 3964 3951
f 3970 3951 3960
f 3971 3917 3954
f 3971 3954 3968
f 3972 3970 3917
f 3972 3964 3970
f 3972 3917 3971
f 3972 3971 3968
f 3972 3968 3964
o bunny083
usemtl Material083
v -0.494209772 1.173861806 -0.055915459
v -0.482753287 0.971466491 -0.066650279
v -0.482753287 0.995306159 -0.090489947
v -0.613871464 1.174103673 -0.078570113
v -0.637711132 0.911867320 -0.042810610
v -0.506592955 1.162183839 -0.078570113
v -0.481221078 1.115204027 -0.058801666
v -0.616788752 1.174264110 -0.060762508
v -0.578061080 0.888011582 -0.078462100
v -0.566192127 1.066825165 -0.090489947
v -0.524889682 1.177955168 -0.070533222
v -0.482753287 1.090664833 -0.078570113
v -0.482753287 1.031065662 -0.054730445
v -0.649630966 1.054905331 -0.078570113
v -0.484286505 0.968317992 -0.081693365
v -0.613871464 0.888027651 -0.042810610
v -0.494673121 1.007225994 -0.090489947
v -0.578111961 0.971466491 -0.090489947
v -0.498111458 1.175898474 -0.057856739
v -0.651085034 1.079374547 -0.057471697
v -0.637711132 0.888027651 -0.066650279
v -0.601951629 1.054905331 -0.090489947
v -0.590031795 0.888027651 -0.054730445
v -0.613871464 0.899947485 -0.042810610
v -0.649731169 0.923754397 -0.054971605
v -0.638394105 0.887124027 -0.044650430
v -0.613871464 0.888027651 -0.078570113
v -0.590031795 1.066825165 -0.090489947
v -0.625791298 0.911867320 -0.042810610
v -0.649630966 0.971466491 -0.078570113
v -0.637711132 0.935706988 -0.078570113
v -0.601951629 1.019145828 -0.090489947
v -0.590031795 0.983386325 -0.090489947
f 3979 3974 3975
f 3980 3977 3973
f 3982 3976 3978
f 3983 3978 3976
f 3983 3976 3980
f 3984 3978 3973
f 3984 3973 3979
f 3984 3979 3975
f 3984 3975 3978
f 3985 3974 3979
f 3985 3979 3973
f 3987 3981 3975
f 3987 3975 3974
f 3987 3974 3981
f 3988 3974 3985
f 3989 3982 3978
f 3989 3978 3975
f 3989 3975 3982
f 3990 3982 3975
f 3990 3975 3981
f 3991 3973 3978
f 3991 3978 3983
f 3991 3983 3980
f 3991 3980 3973
f 3992 3980 3976
f 3992 3976 3986
f 3992 3977 3980
f 3994 3986 3976
f 3994 3982 3990
f 3995 3981 3974
f 3995 3974 3988
f 3996 3988 3985
f 3996 3985 3973
f 3996 3977 3988
f 3997 3977 3992
f 3998 3988 3977
f 3998 3997 3993
f 3998 3977 3997
f 3998 3995 3988
f 3998 3981 3995
f 3999 3990 3981
f 3999 3998 3993
f 3999 3981 3998
f 4000 3994 3976
f 4000 3976 3982
f 4000 3982 3994
f 4001 3996 3973
f 4001 3973 3977
f 4001 3977 3996
f 4002 3997 3992
f 4002 3992 3986
f 4002 3993 3997
f 4002 3986 3994
f 4003 3999 3993
f 4003 3993 4002
f 4004 4002 3994
f 4004 3994 3990
f 4004 4003 4002
f 4005 3990 3999
f 4005 3999 4003
f 4005 4004 3990
f 4005 4003 4004
o bunny084
usemtl Material084
v 0.375474779 0.268196270 0.565100936
v 0.542352458 0.160917762 0.386303422
v 0.548716590 0.264376304 0.427093692
v 0.530432624 0.184757431 0.362463754
v 0.374751807 0.021142829 0.409886129
v 0.547329385 0.181180950 0.368409780
v 0.458913618 0.292035939 0.481662096
v 0.435073950 0.065559088 0.469742262
v 0.549858968 0.251770776 0.416076893
v 0.506592955 0.101318591 0.374383588
v 0.411234281 0.292035939 0.553181102
v 0.530432624 0.256276436 0.410143091
v 0.339715276 0.256276436 0.541261267
v 0.542352458 0.244356602 0.445902594
v 0.542352458 0.184757431 0.410143091
v 0.490941038 0.104747773 0.373015195
v 0.544419585 0.171352133 0.364933389
v 0.411234281 0.017879751 0.422062925
v 0.506592955 0.101318591 0.386303422
v 0.479741988 0.292322170 0.489121473
v 0.399314447 0.244356602 0.553181102
v 0.530432624 0.268196270 0.422062925
v 0.374493870 0.292098468 0.551110750
v 0.387394613 0.041719420 0.493581931
v 0.351635110 0.172837597 0.481662096
v 0.542352458 0.220516934 0.433982759
v 0.530432624 0.137078094 0.386303422
v 0.411234281 0.017879751 0.410143091
v 0.446993784 0.053639254 0.433982759
v 0.518512790 0.268196270 0.469742262
v 0.411234281 0.268196270 0.553181102
v 0.538354206 0.270406826 0.439553360
v 0.484982007 0.291148916 0.484179161
v 0.338865424 0.268353984 0.563956473
v 0.351635110 0.220516934 0.565100936
v 0.411234281 0.029799586 0.457822428
v 0.375474779 0.017879751 0.469742262
v 0.530432624 0.160917762 0.410143091
v 0.470833453 0.077478923 0.422062925
v 0.530432624 0.137078094 0.374383588
v 0.423154116 0.029799586 0.433982759
v 0.375474779 0.256276436 0.565100936
v 0.530432624 0.244356602 0.457822428
v 0.423154116 0.041719420 0.457822428
v 0.387394613 0.017879751 0.469742262
v 0.324562566 0.222990435 0.559756847
v 0.518512790 0.256276436 0.469742262
v 0.435073950 0.244356602 0.529341433
v 0.369325021 0.045377991 0.484708668
v 0.326360588 0.233242364 0.563094706
v 0.339715276 0.148997928 0.481662096
v 0.338549624 0.123504908 0.497994343
v 0.327795442 0.232436768 0.541261267
v 0.339715276 0.196677265 0.505501765
v 0.339715276 0.125158260 0.481662096
v 0.327795442 0.220516934 0.541261267
f 4014 4011 4009
f 4017 4009 4012
f 4017 4014 4009
f 4017 4008 4014
f 4018 4012 4009
f 4019 4014 4008
f 4020 4007 4011
f 4020 4011 4014
f 4021 4010 4009
f 4022 4009 4011
f 4022 4011 4007
f 4022 4021 4009
f 4022 4015 4021
f 4024 4023 4015
f 4027 4017 4012
f 4027 4008 4017
f 4028 4012 4018
f 4028 4025 4012
f 4028 4016 4025
f 4030 4018 4009
f 4030 4009 4010
f 4031 4020 4014
f 4031 4014 4019
f 4031 4019 4013
f 4032 4024 4015
f 4033 4021 4015
f 4033 4010 4021
f 4033 4015 4023
f 4035 4025 4016
f 4036 4016 4006
f 4036 4035 4016
f 4037 4008 4027
f 4037 4035 4019
f 4037 4019 4008
f 4038 4027 4012
f 4038 4012 4025
f 4038 4037 4027
f 4038 4025 4035
f 4038 4035 4037
f 4039 4028 4018
f 4039 4006 4016
f 4039 4016 4028
f 4040 4029 4026
f 4040 4006 4039
f 4041 4013 4029
f 4042 4033 4023
f 4042 4010 4033
f 4043 4031 4013
f 4043 4020 4031
f 4043 4013 4032
f 4043 4032 4007
f 4043 4007 4020
f 4044 4032 4013
f 4044 4024 4032
f 4044 4034 4024
f 4044 4013 4034
f 4045 4022 4007
f 4045 4007 4032
f 4045 4032 4015
f 4045 4015 4022
f 4046 4023 4024
f 4046 4024 4034
f 4046 4041 4023
f 4046 4034 4041
f 4047 4036 4006
f 4047 4026 4036
f 4047 4040 4026
f 4047 4006 4040
f 4048 4019 4035
f 4048 4013 4019
f 4049 4041 4034
f 4049 4034 4013
f 4049 4013 4041
f 4050 4041 4029
f 4050 4029 4042
f 4050 4042 4023
f 4050 4023 4041
f 4051 4029 4040
f 4052 4048 4035
f 4052 4035 4036
f 4052 4036 4048
f 4053 4048 4036
f 4053 4013 4048
f 4053 4036 4026
f 4053 4029 4013
f 4053 4026 4029
f 4054 4042 4029
f 4054 4029 4051
f 4055 4051 4040
f 4055 4040 4039
f 4056 4030 4010
f 4057 4054 4051
f 4057 4042 4054
f 4057 4010 4042
f 4058 4055 4039
f 4058 4039 4018
f 4058 4051 4055
f 4059 4018 4030
f 4059 4030 4056
f 4059 4058 4018
f 4059 4056 4058
f 4060 4057 4051
f 4060 4056 4010
f 4060 4010 4057
f 4060 4058 4056
f 4061 4060 4051
f 4061 4051 4058
f 4061 4058 4060
o bunny085
usemtl Material085
v 0.314036341 1.045026546 0.031000041
v 0.319436487 1.040675760 0.024291164
v 0.280116105 1.031065662 -0.054730445
v 0.172837597 0.947626822 -0.150089119
v 0.148997928 0.947626822 -0.102409782
v 0.302746710 0.930103657 -0.141552205
v 0.315875607 1.054905331 0.016788561
v 0.292035939 1.031065662 0.028708395
v 0.101318591 1.042985496 -0.018970942
v 0.315875607 0.959546657 -0.138169284
v 0.172635337 0.924383994 -0.150662761
v 0.315875607 0.947626822 -0.102409782
v 0.101318591 1.019145828 -0.078570113
v 0.268196270 1.066825165 0.016788561
v 0.101318591 1.019145828 -0.007051108
v 0.256537642 0.928913681 -0.155407228
v 0.315875607 0.971466491 -0.126249450
v 0.313279593 0.941233971 -0.132541318
v 0.256276436 0.923787154 -0.138169284
v 0.065559088 0.995306159 -0.090489947
v 0.303955773 1.054905331 0.004868726
v 0.160917762 1.066825165 0.016788561
v 0.268196270 1.066825165 0.028708395
v 0.303955773 0.947626822 -0.150089119
v 0.268196270 1.007225994 -0.090489947
v 0.089398757 0.995306159 -0.102409782
v 0.148997928 0.959546657 -0.138169284
v 0.067158201 0.979120291 -0.086183552
v 0.100096174 1.037496491 0.003493887
v 0.101318591 1.031065662 -0.054730445
v 0.280116105 1.042985496 -0.030890776
v 0.292035939 1.019145828 -0.066650279
v 0.137907155 1.049844437 0.029872885
v 0.220516934 0.959546657 -0.150089119
v 0.148997928 1.019145828 -0.078570113
v 0.292035939 0.995306159 -0.102409782
v 0.089398757 1.007225994 -0.090489947
v 0.125158260 1.054905331 0.004868726
v 0.064934240 0.984603773 -0.079530224
v 0.125158260 1.054905331 -0.007051108
v 0.160917762 1.066825165 0.028708395
v 0.102190576 1.038398200 0.005849439
v 0.244356602 0.959546657 -0.150089119
f 4068 4062 4063
f 4069 4063 4062
f 4073 4063 4069
f 4073 4071 4063
f 4076 4066 4069
f 4077 4072 4065
f 4078 4068 4063
f 4078 4063 4071
f 4079 4073 4067
f 4079 4071 4073
f 4080 4073 4069
f 4080 4069 4066
f 4080 4066 4072
f 4080 4067 4073
f 4080 4077 4067
f 4080 4072 4077
f 4082 4075 4068
f 4082 4068 4078
f 4084 4062 4068
f 4084 4068 4075
f 4084 4075 4083
f 4085 4067 4077
f 4085 4079 4067
f 4085 4071 4079
f 4088 4065 4072
f 4088 4072 4081
f 4088 4081 4087
f 4089 4081 4072
f 4089 4072 4066
f 4089 4066 4076
f 4090 4070 4081
f 4091 4081 4070
f 4091 4074 4081
f 4092 4082 4064
f 4092 4075 4082
f 4093 4082 4078
f 4093 4078 4064
f 4093 4064 4082
f 4094 4069 4062
f 4094 4076 4069
f 4095 4077 4065
f 4095 4088 4087
f 4095 4065 4088
f 4096 4064 4086
f 4096 4092 4064
f 4096 4074 4092
f 4096 4095 4074
f 4097 4086 4064
f 4097 4064 4078
f 4098 4087 4081
f 4098 4081 4074
f 4098 4095 4087
f 4098 4074 4095
f 4099 4070 4090
f 4100 4089 4076
f 4100 4076 4090
f 4100 4090 4081
f 4100 4081 4089
f 4101 4091 4070
f 4101 4074 4091
f 4101 4092 4074
f 4101 4083 4075
f 4101 4075 4092
f 4101 4099 4083
f 4101 4070 4099
f 4102 4084 4083
f 4102 4083 4099
f 4102 4094 4062
f 4102 4062 4084
f 4103 4090 4076
f 4103 4076 4094
f 4103 4099 4090
f 4103 4102 4099
f 4103 4094 4102
f 4104 4085 4077
f 4104 4077 4095
f 4104 4071 4085
f 4104 4078 4071
f 4104 4097 4078
f 4104 4086 4097
f 4104 4096 4086
f 4104 4095 4096
o bunny086
usemtl Material086
v 0.567611829 0.841263827 0.303514867
v 0.649630966 0.744989640 0.219425743
v 0.578111961 0.888027651 0.219425743
v 0.522207602 0.927568978 0.076129601
v 0.613871464 0.744989640 0.243265411
v 0.625791298 0.816508646 0.076387732
v 0.521487189 0.926443408 0.243617272
v 0.625791298 0.780749143 0.290944748
v 0.578111961 0.888027651 0.076387732
v 0.625791298 0.756909475 0.076387732
v 0.542352458 0.923787154 0.243265411
v 0.566192127 0.816508646 0.302864583
v 0.625791298 0.816508646 0.195586074
v 0.622022068 0.743479104 0.289424613
v 0.643873552 0.747674245 0.075958982
v 0.613871464 0.840348314 0.124067069
v 0.518512790 0.911867320 0.076387732
v 0.601951629 0.828428480 0.290944748
v 0.581656027 0.818794082 0.304487918
v 0.649630966 0.756909475 0.219425743
v 0.637711132 0.756909475 0.279024914
v 0.601951629 0.756909475 0.290944748
v 0.645815490 0.743327462 0.076653193
v 0.613871464 0.840348314 0.171746406
v 0.566192127 0.899947485 0.243265411
v 0.601951629 0.852268148 0.231345577
v 0.590031795 0.840348314 0.290944748
v 0.619110189 0.747089084 0.293057534
v 0.625791298 0.804588811 0.243265411
v 0.649630966 0.768829309 0.076387732
v 0.627289430 0.740437677 0.276183768
v 0.601951629 0.756909475 0.279024914
v 0.601951629 0.840348314 0.267105080
v 0.649630966 0.768829309 0.183666240
v 0.613871464 0.828428480 0.243265411
v 0.566192127 0.816508646 0.290944748
f 4115 4111 4105
f 4115 4108 4111
f 4115 4113 4108
f 4116 4105 4111
f 4119 4113 4110
f 4119 4108 4113
f 4120 4113 4107
f 4120 4110 4113
f 4120 4117 4110
f 4121 4114 4109
f 4121 4119 4114
f 4121 4108 4119
f 4121 4116 4111
f 4121 4111 4108
f 4123 4105 4116
f 4123 4122 4105
f 4123 4112 4122
f 4125 4106 4124
f 4126 4109 4118
f 4127 4109 4114
f 4127 4114 4119
f 4128 4120 4107
f 4128 4117 4120
f 4129 4115 4122
f 4129 4107 4113
f 4129 4113 4115
f 4130 4107 4129
f 4130 4128 4107
f 4130 4117 4128
f 4131 4122 4115
f 4131 4115 4105
f 4131 4105 4122
f 4132 4112 4123
f 4132 4125 4112
f 4132 4118 4125
f 4132 4123 4116
f 4132 4126 4118
f 4132 4116 4126
f 4133 4125 4124
f 4133 4112 4125
f 4134 4110 4117
f 4134 4124 4106
f 4134 4106 4127
f 4134 4127 4119
f 4134 4119 4110
f 4135 4125 4118
f 4135 4106 4125
f 4135 4127 4106
f 4135 4118 4109
f 4135 4109 4127
f 4136 4121 4109
f 4136 4109 4126
f 4136 4126 4116
f 4137 4130 4129
f 4137 4129 4122
f 4138 4133 4124
f 4138 4117 4133
f 4138 4134 4117
f 4138 4124 4134
f 4139 4133 4117
f 4139 4117 4130
f 4139 4130 4137
f 4139 4137 4122
f 4139 4122 4112
f 4139 4112 4133
f 4140 4136 4116
f 4140 4116 4121
f 4140 4121 4136
o bunny087
usemtl Material087
v -0.554272292 1.484019363 -0.269287461
v -0.494510353 1.388743083 -0.269261938
v -0.518512790 1.591297872 -0.567283317
v -0.542352458 1.579378037 -0.603042820
v -0.590031795 1.519778866 -0.448084975
v -0.482753287 1.460179695 -0.507684146
v -0.494673121 1.424420192 -0.269287461
v -0.578111961 1.460179695 -0.269287461
v -0.585813243 1.598947139 -0.549987883
v -0.510924391 1.572234708 -0.599298382
v -0.497069152 1.423452680 -0.483959208
v -0.497123838 1.393453963 -0.267802620
v -0.518512790 1.460179695 -0.281207295
v -0.494673121 1.543618535 -0.555363483
v -0.482753287 1.472099529 -0.507684146
v -0.554272292 1.603217706 -0.555363483
v -0.590031795 1.579378037 -0.555363483
v -0.590031795 1.519778866 -0.340806467
v -0.536737671 1.599399816 -0.599777433
v -0.495807652 1.507664473 -0.567532421
v -0.491724760 1.389674430 -0.328763859
v -0.506592955 1.388660689 -0.328886632
v -0.506592955 1.448259861 -0.281207295
v -0.530432624 1.472099529 -0.281207295
v -0.506592955 1.567458203 -0.555363483
v -0.494673121 1.543618535 -0.567283317
v -0.554272292 1.495939198 -0.293127130
v -0.530432624 1.567458203 -0.603042820
v -0.578111961 1.495939198 -0.281207295
v -0.578111961 1.591297872 -0.519603980
v -0.590031795 1.495939198 -0.376565969
v -0.590690426 1.502532222 -0.330679355
v -0.588382610 1.594288249 -0.541342131
v -0.520724215 1.589723841 -0.603940748
v -0.567919467 1.600518261 -0.568954853
v -0.493713254 1.460725698 -0.519705687
v -0.482753287 1.472099529 -0.519603980
v -0.580441273 1.479607912 -0.270842202
v -0.566192127 1.495939198 -0.281207295
v -0.578111961 1.460179695 -0.281207295
v -0.566192127 1.591297872 -0.519603980
f 4152 4147 4141
f 4152 4142 4147
f 4152 4148 4142
f 4152 4141 4148
f 4153 4141 4147
f 4155 4147 4142
f 4155 4142 4146
f 4155 4154 4147
f 4157 4151 4145
f 4159 4156 4143
f 4161 4151 4146
f 4161 4146 4142
f 4162 4151 4161
f 4162 4161 4142
f 4162 4142 4148
f 4163 4153 4147
f 4163 4147 4143
f 4163 4143 4153
f 4164 4153 4143
f 4164 4141 4153
f 4165 4154 4143
f 4165 4143 4147
f 4165 4147 4154
f 4166 4150 4143
f 4166 4143 4154
f 4166 4160 4150
f 4166 4154 4155
f 4167 4143 4156
f 4167 4164 4143
f 4167 4141 4164
f 4168 4157 4144
f 4168 4151 4157
f 4168 4160 4151
f 4168 4150 4160
f 4170 4156 4149
f 4170 4149 4158
f 4170 4158 4169
f 4171 4145 4151
f 4171 4151 4162
f 4172 4158 4157
f 4172 4157 4145
f 4172 4145 4171
f 4172 4171 4148
f 4173 4158 4149
f 4173 4149 4157
f 4173 4157 4158
f 4174 4159 4143
f 4174 4143 4150
f 4174 4150 4168
f 4174 4168 4144
f 4174 4144 4159
f 4175 4149 4156
f 4175 4156 4159
f 4175 4157 4149
f 4175 4159 4144
f 4175 4144 4157
f 4176 4146 4151
f 4176 4151 4160
f 4177 4166 4155
f 4177 4155 4146
f 4177 4160 4166
f 4177 4176 4160
f 4177 4146 4176
f 4178 4148 4141
f 4178 4141 4169
f 4178 4172 4148
f 4178 4169 4158
f 4178 4158 4172
f 4179 4169 4141
f 4179 4141 4167
f 4179 4167 4156
f 4179 4170 4169
f 4180 4171 4162
f 4180 4162 4148
f 4180 4148 4171
f 4181 4179 4156
f 4181 4156 4170
f 4181 4170 4179
o bunny088
usemtl Material088
v -0.506442660 1.330152316 0.303110100
v -0.446984954 1.329108618 0.231346887
v -0.554272292 1.352901187 0.207505909
v -0.661550801 1.329061518 0.040628229
v -0.671597815 1.312484405 0.052945187
v -0.470823662 1.339752578 0.111993932
v -0.542352458 1.352901187 0.255185246
v -0.709384345 1.317625086 0.267182533
v -0.637711132 1.340981352 0.040628229
v -0.578345639 1.333838409 0.040461016
v -0.449124098 1.335251281 0.149459191
v -0.470810997 1.329141629 0.279036120
v -0.542352458 1.352901187 0.219425743
v -0.673470635 1.340981352 0.279024914
v -0.709385769 1.317653346 0.147835254
v -0.660977230 1.315715345 0.040749852
v -0.630164399 1.328016593 0.039700931
v -0.445424219 1.337992241 0.146954276
v -0.613948740 1.329886354 0.303034149
v -0.590031795 1.352901187 0.243265411
v -0.673470635 1.329061518 0.052548063
v -0.697310303 1.340981352 0.219425743
v -0.675689526 1.325119747 0.280290972
v -0.578111961 1.352901187 0.255185246
v -0.590031795 1.352901187 0.207505909
v -0.685390469 1.340981352 0.255185246
v -0.697310303 1.340981352 0.171746406
v -0.649630966 1.340981352 0.064467898
f 4190 4184 4187
f 4191 4190 4187
f 4192 4183 4186
f 4192 4191 4187
f 4193 4188 4182
f 4193 4183 4188
f 4193 4182 4189
f 4193 4189 4186
f 4193 4186 4183
f 4194 4187 4184
f 4194 4184 4188
f 4196 4186 4189
f 4197 4192 4186
f 4197 4191 4192
f 4198 4185 4190
f 4198 4190 4191
f 4198 4197 4185
f 4198 4191 4197
f 4199 4188 4183
f 4199 4183 4192
f 4199 4192 4187
f 4199 4194 4188
f 4199 4187 4194
f 4200 4189 4182
f 4201 4188 4184
f 4202 4186 4196
f 4202 4197 4186
f 4202 4185 4197
f 4202 4190 4185
f 4203 4196 4189
f 4204 4200 4195
f 4204 4195 4189
f 4204 4189 4200
f 4205 4200 4182
f 4205 4182 4188
f 4205 4195 4200
f 4205 4201 4195
f 4205 4188 4201
f 4206 4201 4184
f 4206 4184 4190
f 4206 4203 4201
f 4207 4203 4189
f 4207 4189 4195
f 4207 4195 4201
f 4207 4201 4203
f 4208 4202 4196
f 4208 4196 4203
f 4208 4203 4206
f 4209 4190 4202
f 4209 4202 4208
f 4209 4208 4206
f 4209 4206 4190
o bunny089
usemtl Material089
v 0.114271762 0.100458907 -0.265422756
v 0.113962050 0.065334620 -0.263628440
v 0.041719420 0.125158260 -0.305046964
v -0.184757431 0.101318591 -0.316966798
v -0.156884489 0.155171722 -0.252126122
v -0.101318591 0.041719420 -0.316966798
v 0.089398757 0.077478923 -0.281207295
v -0.134999949 0.166789965 -0.250382113
v -0.101318591 0.089398757 -0.316966798
v -0.196050810 0.040301708 -0.310512429
v 0.041763843 0.149269305 -0.304620191
v 0.065559088 0.041719420 -0.281207295
v 0.041719420 0.041719420 -0.257367627
v -0.137078094 0.172837597 -0.269287461
v -0.197908382 0.114889052 -0.283933529
v -0.106709831 0.172805434 -0.261354787
v -0.160917762 0.101318591 -0.316966798
v -0.041719420 0.041719420 -0.305046964
v 0.078443519 0.040074760 -0.264175003
v -0.160917762 0.160917762 -0.269287461
v -0.148997928 0.148997928 -0.293127130
v -0.197144659 0.042777165 -0.309862524
v 0.112784076 0.101696587 -0.265745693
v -0.101011363 0.172839429 -0.269060247
v -0.014556219 0.027609850 -0.280510063
v -0.196677265 0.113238425 -0.305046964
v 0.007426236 0.028833489 -0.274238794
v -0.098889799 0.028250235 -0.301631117
v -0.199983544 0.105751502 -0.288528849
v -0.005959917 0.029799586 -0.293127130
f 4216 4210 4211
f 4217 4211 4210
f 4218 4215 4213
f 4218 4212 4215
f 4219 4213 4215
f 4220 4216 4212
f 4220 4210 4216
f 4220 4212 4218
f 4221 4212 4216
f 4221 4216 4211
f 4222 4217 4214
f 4222 4211 4217
f 4222 4214 4219
f 4225 4223 4217
f 4226 4220 4218
f 4226 4218 4213
f 4226 4213 4220
f 4227 4215 4212
f 4227 4212 4221
f 4228 4221 4211
f 4228 4211 4222
f 4229 4214 4217
f 4229 4217 4223
f 4229 4224 4214
f 4230 4223 4220
f 4230 4220 4213
f 4230 4229 4223
f 4231 4219 4214
f 4231 4214 4224
f 4231 4213 4219
f 4232 4225 4217
f 4232 4217 4210
f 4232 4210 4220
f 4232 4220 4225
f 4233 4225 4220
f 4233 4220 4223
f 4233 4223 4225
f 4235 4224 4229
f 4235 4213 4231
f 4235 4230 4213
f 4235 4229 4230
f 4236 4228 4222
f 4236 4222 4219
f 4236 4219 4234
f 4237 4234 4219
f 4237 4219 4215
f 4238 4235 4231
f 4238 4231 4224
f 4238 4224 4235
f 4239 4236 4234
f 4239 4221 4228
f 4239 4228 4236
f 4239 4234 4237
f 4239 4227 4221
f 4239 4237 4215
f 4239 4215 4227
o bunny090
usemtl Material090
v -0.673470635 0.554272292 0.422062925
v -0.537785540 0.383977289 0.379780945
v -0.661550801 0.554272292 0.398223257
v -0.756805807 0.542381495 0.219421872
v -0.673470635 0.423154116 0.326704251
v -0.542352458 0.399314447 0.362463754
v -0.752647589 0.556322986 0.265437894
v -0.554222424 0.435156111 0.421959463
v -0.733069806 0.554272292 0.267105080
v -0.613871464 0.327795442 0.219425743
v -0.659125631 0.555641586 0.418570609
v -0.733069806 0.518512790 0.338624085
v -0.554272292 0.435073950 0.398223257
v -0.541974963 0.411856225 0.409359901
v -0.590031795 0.423154116 0.422062925
v -0.601951629 0.363554944 0.219425743
v -0.733069806 0.470833453 0.255185246
v -0.733069806 0.554272292 0.350543920
v -0.756909475 0.530432624 0.279024914
v -0.539525907 0.403971344 0.404278833
v -0.542352458 0.411234281 0.386303422
v -0.554272292 0.411234281 0.422062925
v -0.578111961 0.375474779 0.374383588
v -0.697310303 0.494673121 0.374383588
v -0.596850207 0.334938858 0.218296364
v -0.685390469 0.399314447 0.231345577
v -0.709230138 0.470833453 0.326704251
v -0.709230138 0.554272292 0.386303422
v -0.756909475 0.554272292 0.290944748
v -0.733069806 0.506592955 0.326704251
v -0.756909475 0.506592955 0.219425743
v -0.538579889 0.394418235 0.392835269
v -0.554272292 0.375474779 0.386303422
v -0.625791298 0.399314447 0.362463754
v -0.673470635 0.530432624 0.422062925
v -0.542352458 0.387394613 0.350543920
v -0.649630966 0.387394613 0.302864583
v -0.685390469 0.411234281 0.267105080
v -0.697310303 0.470833453 0.350543920
v -0.733069806 0.542352458 0.350543920
v -0.744989640 0.554272292 0.326704251
v -0.756909475 0.506592955 0.243265411
v -0.721149972 0.506592955 0.350543920
v -0.685390469 0.399314447 0.219425743
v -0.613871464 0.327795442 0.231345577
v -0.566192127 0.411234281 0.422062925
v -0.545491036 0.369385733 0.354085598
v -0.590031795 0.399314447 0.398223257
v -0.649630966 0.458913618 0.398223257
v -0.637711132 0.387394613 0.326704251
v -0.709230138 0.446993784 0.279024914
v -0.673470635 0.411234281 0.302864583
v -0.661550801 0.435073950 0.362463754
v -0.744989640 0.542352458 0.326704251
v -0.697310303 0.530432624 0.398223257
v -0.601951629 0.351635110 0.302864583
v -0.595519358 0.335477563 0.227715183
v -0.566192127 0.387394613 0.398223257
v -0.673470635 0.506592955 0.410143091
v -0.601951629 0.375474779 0.350543920
v -0.661550801 0.446993784 0.374383588
v -0.756909475 0.542352458 0.290944748
v -0.709230138 0.542352458 0.386303422
f 4248 4243 4246
f 4250 4248 4246
f 4250 4242 4248
f 4250 4240 4247
f 4252 4250 4247
f 4252 4242 4250
f 4252 4248 4242
f 4252 4245 4248
f 4253 4252 4247
f 4255 4248 4245
f 4255 4243 4248
f 4260 4245 4252
f 4260 4252 4253
f 4260 4253 4259
f 4260 4241 4245
f 4261 4247 4240
f 4261 4240 4254
f 4261 4253 4247
f 4261 4259 4253
f 4264 4243 4255
f 4267 4250 4246
f 4267 4246 4257
f 4267 4240 4250
f 4268 4246 4243
f 4269 4256 4266
f 4270 4243 4264
f 4270 4268 4243
f 4270 4258 4268
f 4271 4260 4259
f 4271 4241 4260
f 4272 4241 4271
f 4272 4271 4259
f 4272 4259 4261
f 4274 4254 4240
f 4274 4240 4267
f 4275 4264 4255
f 4275 4255 4245
f 4275 4245 4241
f 4277 4256 4265
f 4278 4266 4244
f 4278 4269 4266
f 4279 4267 4257
f 4280 4257 4246
f 4280 4246 4268
f 4280 4279 4257
f 4281 4269 4258
f 4281 4256 4269
f 4281 4258 4270
f 4281 4270 4265
f 4281 4265 4256
f 4282 4251 4269
f 4282 4278 4263
f 4282 4269 4278
f 4283 4249 4265
f 4283 4265 4270
f 4283 4270 4264
f 4283 4264 4249
f 4284 4265 4249
f 4284 4277 4265
f 4285 4272 4261
f 4285 4261 4254
f 4286 4241 4272
f 4286 4275 4241
f 4286 4264 4275
f 4286 4272 4284
f 4287 4285 4254
f 4288 4287 4254
f 4289 4273 4244
f 4289 4276 4284
f 4290 4266 4256
f 4290 4256 4277
f 4290 4244 4266
f 4291 4290 4277
f 4291 4244 4290
f 4291 4289 4244
f 4291 4276 4289
f 4291 4284 4276
f 4291 4277 4284
f 4292 4278 4244
f 4292 4244 4273
f 4292 4273 4287
f 4292 4287 4288
f 4292 4263 4278
f 4293 4251 4279
f 4293 4279 4280
f 4293 4280 4268
f 4294 4282 4263
f 4294 4274 4267
f 4295 4284 4272
f 4295 4272 4262
f 4295 4289 4284
f 4296 4286 4284
f 4296 4264 4286
f 4296 4284 4249
f 4296 4249 4264
f 4297 4287 4262
f 4297 4262 4272
f 4297 4272 4285
f 4297 4285 4287
f 4298 4288 4254
f 4298 4254 4274
f 4298 4274 4294
f 4298 4294 4263
f 4298 4263 4288
f 4299 4273 4289
f 4299 4287 4273
f 4299 4262 4287
f 4299 4295 4262
f 4299 4289 4295
f 4300 4292 4288
f 4300 4288 4263
f 4300 4263 4292
f 4301 4293 4268
f 4301 4268 4258
f 4301 4251 4293
f 4301 4269 4251
f 4301 4258 4269
f 4302 4294 4267
f 4302 4267 4279
f 4302 4279 4251
f 4302 4251 4282
f 4302 4282 4294
o bunny091
usemtl Material091
v -0.601951629 1.364821021 -0.328886632
v -0.566168913 1.293571807 -0.483690481
v -0.566192127 1.472099529 -0.531523815
v -0.571448686 1.459012295 -0.557398762
v -0.625791298 1.281382181 -0.400405638
v -0.563128490 1.326168767 -0.537653990
v -0.641264755 1.443948630 -0.403660361
v -0.566192127 1.448259861 -0.519603980
v -0.625637721 1.281363781 -0.328859328
v -0.566192127 1.472099529 -0.543443649
v -0.590031795 1.317141684 -0.531523815
v -0.625791298 1.436340026 -0.364646135
v -0.589944032 1.273522711 -0.426530619
v -0.642699607 1.417609948 -0.356393475
v -0.567714811 1.388753661 -0.555799713
v -0.583309846 1.470886678 -0.533591456
v -0.613871464 1.281382181 -0.448084975
v -0.566192127 1.305221850 -0.531523815
v -0.613871464 1.412500358 -0.352726301
v -0.637711132 1.448259861 -0.388485804
v -0.601951629 1.317141684 -0.328886632
v -0.623503813 1.378513305 -0.327912742
v -0.590031795 1.436340026 -0.543443649
v -0.579484881 1.471794625 -0.543975227
v -0.601951629 1.305221850 -0.495764312
v -0.566192127 1.293302016 -0.507684146
v -0.590031795 1.293302016 -0.507684146
v -0.578111961 1.317141684 -0.543443649
v -0.601951629 1.388660689 -0.352726301
v -0.625791298 1.448259861 -0.388485804
v -0.637711132 1.436340026 -0.364646135
v -0.601951629 1.460179695 -0.519603980
v -0.601951629 1.305221850 -0.340806467
v -0.625791298 1.424420192 -0.352726301
v -0.578111961 1.305221850 -0.531523815
v -0.601951629 1.448259861 -0.519603980
f 4310 4303 4304
f 4310 4305 4303
f 4310 4308 4305
f 4310 4304 4308
f 4312 4305 4308
f 4315 4311 4307
f 4316 4309 4307
f 4316 4307 4311
f 4317 4312 4308
f 4317 4306 4312
f 4319 4307 4309
f 4319 4315 4307
f 4321 4305 4314
f 4322 4309 4316
f 4322 4305 4318
f 4323 4304 4303
f 4324 4316 4311
f 4324 4323 4303
f 4324 4311 4323
f 4325 4306 4317
f 4326 4318 4305
f 4326 4305 4312
f 4326 4312 4306
f 4326 4306 4325
f 4327 4319 4309
f 4328 4320 4308
f 4328 4308 4304
f 4328 4304 4315
f 4329 4327 4313
f 4329 4319 4327
f 4329 4320 4328
f 4329 4328 4315
f 4329 4315 4319
f 4330 4317 4308
f 4330 4308 4320
f 4330 4325 4317
f 4330 4313 4325
f 4331 4321 4303
f 4331 4303 4305
f 4331 4305 4321
f 4332 4322 4314
f 4332 4314 4305
f 4332 4305 4322
f 4333 4322 4316
f 4333 4314 4322
f 4334 4322 4318
f 4334 4309 4322
f 4334 4318 4326
f 4334 4326 4325
f 4335 4315 4304
f 4335 4304 4323
f 4335 4323 4311
f 4335 4311 4315
f 4336 4321 4314
f 4336 4314 4333
f 4336 4333 4316
f 4336 4316 4324
f 4336 4324 4303
f 4336 4303 4321
f 4337 4330 4320
f 4337 4320 4329
f 4337 4329 4313
f 4337 4313 4330
f 4338 4334 4325
f 4338 4325 4313
f 4338 4313 4327
f 4338 4327 4309
f 4338 4309 4334
o bunny092
usemtl Material092
v 0.148997928 1.007225994 0.386303422
v 0.172806704 1.032099830 0.327215375
v 0.065559088 1.054905331 0.279024914
v -0.086731008 1.010395421 0.182565960
v -0.077478923 0.923787154 0.350543920
v 0.066505273 1.050786649 0.207046618
v 0.172837597 1.054905331 0.314784417
v 0.113238425 0.971466491 0.374383588
v -0.101318591 0.959546657 0.350543920
v -0.065559088 1.031065662 0.183666240
v 0.101318591 1.031065662 0.350543920
v 0.029799586 1.054905331 0.207505909
v 0.173139619 1.050025829 0.289604861
v 0.148934755 0.985725942 0.388597949
v -0.041719420 1.007225994 0.183666240
v -0.101318591 0.971466491 0.243265411
v -0.101318591 1.007225994 0.243265411
v 0.137078094 1.054905331 0.314784417
v 0.017879751 0.959546657 0.410143091
v 0.017879751 1.007225994 0.350543920
v -0.005959917 1.042985496 0.243265411
v -0.028904110 1.028265910 0.183376466
v 0.173092662 1.034446746 0.322484089
v 0.160917762 1.019145828 0.314784417
v -0.101693189 0.924439025 0.363268116
v -0.077478923 0.995306159 0.195586074
v -0.089398757 1.019145828 0.219425743
v -0.103069590 0.991073208 0.234409406
v 0.101318591 1.042985496 0.326704251
v 0.113238425 1.007225994 0.386303422
v 0.041938613 0.946746039 0.409275212
v 0.017879751 0.971466491 0.398223257
v -0.089398757 0.983386325 0.314784417
v 0.029799586 1.054905331 0.231345577
v 0.148997928 0.995306159 0.350543920
v 0.041719420 1.031065662 0.207505909
v -0.101318591 0.947626822 0.362463754
v -0.089398757 0.971466491 0.243265411
v -0.089398757 0.995306159 0.195586074
v -0.090008566 1.009226212 0.183917749
v -0.065559088 1.031065662 0.195586074
v -0.029799586 1.031065662 0.255185246
v -0.104655919 0.929594737 0.357710052
v 0.053639254 1.019145828 0.350543920
v 0.041719420 0.947626822 0.386303422
v 0.019787232 0.942074378 0.406006055
v 0.005959917 0.995306159 0.362463754
v 0.053639254 0.995306159 0.386303422
v -0.101318591 0.971466491 0.326704251
v -0.029799586 0.995306159 0.338624085
v 0.041719420 1.054905331 0.255185246
v -0.101318591 1.007225994 0.231345577
v 0.077478923 1.042985496 0.314784417
v 0.065559088 1.007225994 0.374383588
v -0.005959917 1.031065662 0.279024914
v 0.041719420 1.042985496 0.290944748
v 0.017879751 1.019145828 0.326704251
v 0.053639254 1.031065662 0.326704251
v -0.041719420 1.007225994 0.302864583
f 4345 4339 4340
f 4350 4345 4344
f 4350 4341 4345
f 4351 4344 4345
f 4352 4340 4339
f 4353 4346 4343
f 4356 4345 4341
f 4356 4339 4345
f 4360 4350 4344
f 4360 4348 4350
f 4360 4344 4353
f 4360 4353 4342
f 4360 4342 4348
f 4361 4351 4345
f 4361 4345 4340
f 4362 4351 4361
f 4362 4361 4340
f 4362 4340 4352
f 4363 4354 4343
f 4364 4353 4343
f 4367 4356 4341
f 4367 4349 4356
f 4368 4357 4339
f 4368 4356 4349
f 4368 4339 4356
f 4369 4352 4339
f 4369 4339 4357
f 4369 4346 4352
f 4370 4347 4357
f 4372 4350 4348
f 4372 4341 4350
f 4373 4362 4352
f 4373 4352 4346
f 4373 4346 4353
f 4373 4353 4362
f 4374 4362 4353
f 4374 4353 4344
f 4374 4344 4351
f 4374 4351 4362
f 4375 4363 4357
f 4375 4357 4347
f 4376 4364 4343
f 4376 4343 4354
f 4376 4354 4364
f 4377 4364 4354
f 4377 4342 4353
f 4377 4353 4364
f 4378 4365 4348
f 4378 4348 4342
f 4378 4342 4377
f 4378 4377 4354
f 4378 4354 4366
f 4379 4365 4359
f 4379 4348 4365
f 4379 4372 4348
f 4379 4359 4372
f 4380 4365 4355
f 4380 4359 4365
f 4381 4366 4354
f 4381 4354 4363
f 4381 4363 4375
f 4381 4375 4347
f 4381 4355 4366
f 4382 4349 4367
f 4383 4343 4346
f 4383 4346 4369
f 4384 4363 4343
f 4384 4383 4369
f 4384 4343 4383
f 4384 4369 4357
f 4384 4357 4363
f 4385 4358 4347
f 4385 4347 4370
f 4386 4370 4357
f 4386 4357 4368
f 4386 4385 4370
f 4386 4382 4358
f 4386 4358 4385
f 4387 4371 4355
f 4387 4347 4371
f 4387 4381 4347
f 4387 4355 4381
f 4388 4371 4347
f 4388 4347 4358
f 4389 4372 4359
f 4389 4341 4372
f 4390 4355 4365
f 4390 4365 4378
f 4390 4378 4366
f 4390 4366 4355
f 4391 4382 4367
f 4391 4367 4341
f 4392 4386 4368
f 4392 4368 4349
f 4392 4349 4382
f 4392 4382 4386
f 4393 4380 4355
f 4393 4355 4371
f 4393 4359 4380
f 4394 4391 4341
f 4394 4359 4393
f 4394 4389 4359
f 4394 4341 4389
f 4395 4371 4388
f 4395 4394 4393
f 4395 4388 4358
f 4395 4358 4382
f 4396 4382 4391
f 4396 4391 4394
f 4396 4395 4382
f 4396 4394 4395
f 4397 4395 4393
f 4397 4393 4371
f 4397 4371 4395
o bunny093
usemtl Material093
v 0.446993784 0.661550801 0.541261267
v 0.518512790 0.649630966 0.493581931
v 0.470833453 0.840348314 0.433982759
v 0.411234281 0.864187983 0.398223257
v 0.315875607 0.840348314 0.433982759
v 0.494673121 0.828428480 0.386303422
v 0.494673121 0.733069806 0.481662096
v 0.399034769 0.649228695 0.539495006
v 0.339715276 0.780749143 0.517421599
v 0.375474779 0.876107817 0.445902594
v 0.447421774 0.876620054 0.398972559
v 0.482753287 0.828428480 0.386303422
v 0.518512790 0.673470635 0.493581931
v 0.399314447 0.768829309 0.517421599
v 0.482753287 0.649630966 0.481662096
v 0.446993784 0.649630966 0.541261267
v 0.423154116 0.685390469 0.541261267
v 0.339792057 0.757363324 0.518086907
v 0.329111027 0.880587839 0.431524696
v 0.497913259 0.843556086 0.391819032
v 0.446993784 0.876107817 0.422062925
v 0.327795442 0.864187983 0.422062925
v 0.482753287 0.840348314 0.386303422
v 0.458913618 0.685390469 0.529341433
v 0.470833453 0.649630966 0.529341433
v 0.494673121 0.828428480 0.422062925
v 0.470833453 0.721149972 0.505501765
v 0.375474779 0.780749143 0.517421599
v 0.516990629 0.648914932 0.479482461
v 0.482753287 0.756909475 0.422062925
v 0.315875607 0.864187983 0.457822428
v 0.415074773 0.881486055 0.407510570
v 0.313388953 0.874682987 0.437945501
v 0.411234281 0.733069806 0.529341433
v 0.506592955 0.649630966 0.505501765
v 0.470833453 0.661550801 0.529341433
v 0.482753287 0.828428480 0.433982759
v 0.506592955 0.768829309 0.445902594
v 0.423154116 0.768829309 0.505501765
v 0.316392473 0.837874746 0.453016605
v 0.316525251 0.877148137 0.436196791
v 0.351635110 0.864187983 0.457822428
v 0.506592955 0.661550801 0.505501765
f 4412 4405 4402
f 4414 4406 4405
f 4414 4413 4398
f 4414 4405 4413
f 4415 4402 4405
f 4415 4405 4406
f 4418 4417 4408
f 4418 4411 4400
f 4419 4409 4402
f 4419 4401 4409
f 4419 4416 4401
f 4420 4403 4409
f 4420 4417 4403
f 4420 4408 4417
f 4420 4409 4401
f 4420 4401 4408
f 4422 4398 4413
f 4423 4404 4410
f 4423 4418 4400
f 4423 4417 4418
f 4424 4411 4421
f 4424 4421 4410
f 4424 4410 4404
f 4425 4418 4407
f 4425 4411 4418
f 4426 4405 4412
f 4426 4422 4413
f 4426 4413 4405
f 4426 4403 4417
f 4426 4417 4410
f 4426 4410 4399
f 4427 4412 4402
f 4427 4402 4409
f 4427 4426 4412
f 4427 4409 4403
f 4427 4403 4426
f 4428 4415 4406
f 4428 4406 4425
f 4429 4408 4401
f 4429 4401 4416
f 4429 4418 4408
f 4429 4416 4407
f 4429 4407 4418
f 4430 4419 4402
f 4431 4421 4411
f 4431 4414 4398
f 4431 4398 4421
f 4431 4411 4425
f 4431 4425 4406
f 4431 4406 4414
f 4432 4399 4410
f 4432 4426 4399
f 4432 4422 4426
f 4433 4421 4398
f 4433 4398 4422
f 4433 4410 4421
f 4433 4422 4432
f 4434 4423 4400
f 4434 4404 4423
f 4434 4424 4404
f 4434 4400 4424
f 4435 4423 4410
f 4435 4410 4417
f 4435 4417 4423
f 4436 4424 4400
f 4436 4400 4411
f 4436 4411 4424
f 4437 4402 4415
f 4437 4415 4428
f 4437 4430 4402
f 4437 4428 4430
f 4438 4428 4407
f 4438 4407 4416
f 4438 4430 4428
f 4438 4416 4419
f 4438 4419 4430
f 4439 4428 4425
f 4439 4425 4407
f 4439 4407 4428
f 4440 4433 4432
f 4440 4432 4410
f 4440 4410 4433
o bunny094
usemtl Material094
v 0.435178029 0.014704726 0.064531045
v 0.326743745 0.126909258 -0.252741823
v 0.374552783 0.016265117 0.054024215
v 0.327795442 0.101318591 -0.257367627
v 0.438025209 0.132599510 -0.163696572
v 0.327307396 0.012564064 -0.149705834
v 0.399314447 0.125158260 -0.233527958
v 0.423154116 0.137078094 -0.138169284
v 0.339535841 0.012229948 -0.078505317
v 0.321957000 0.046102070 -0.224214921
v 0.351635110 0.113238425 -0.257367627
v 0.348048587 0.129141153 -0.247151128
v 0.387394613 0.029799586 -0.173928787
v 0.327795442 0.125158260 -0.233527958
v 0.423154116 0.029799586 0.052548063
v 0.435073950 0.137078094 -0.138169284
v 0.435073950 0.005959917 0.016788561
v 0.339715276 0.041719420 -0.233527958
v 0.411234281 0.101318591 -0.221608124
v 0.423154116 0.077478923 -0.030890776
v 0.397675192 0.015009025 0.067092409
v 0.435073950 0.029799586 0.052548063
v 0.351635110 0.005959917 -0.185848621
v 0.376241846 0.012502943 0.050964077
v 0.327795442 0.065559088 -0.245447793
v 0.411234281 0.125158260 -0.221608124
v 0.423154116 0.077478923 -0.162008953
v 0.351635110 0.029799586 -0.221608124
v 0.375474779 0.101318591 -0.245447793
v 0.399066731 0.013516737 0.064317602
v 0.435073950 0.077478923 -0.030890776
v 0.387394613 0.017879751 -0.150089119
v 0.326709537 0.015979389 -0.184855821
v 0.324096083 0.033664974 -0.217021096
v 0.339715276 0.065559088 -0.245447793
v 0.435073950 0.113238425 -0.173928787
v 0.411234281 0.077478923 -0.197768456
v 0.363554944 0.029799586 -0.209688290
v 0.399314447 0.113238425 -0.233527958
v 0.375474779 0.077478923 -0.233527958
v 0.375474779 0.017879751 -0.173928787
v 0.363554944 0.005959917 -0.162008953
v 0.339715276 0.101318591 -0.257367627
v 0.435073950 0.101318591 -0.162008953
v 0.423154116 0.101318591 -0.197768456
v 0.387394613 0.053639254 -0.209688290
v 0.435073950 0.017879751 -0.007051108
f 4450 4442 4444
f 4451 4444 4442
f 4452 4445 4447
f 4452 4442 4448
f 4452 4451 4442
f 4452 4447 4451
f 4454 4448 4442
f 4454 4443 4448
f 4454 4449 4443
f 4454 4446 4449
f 4454 4450 4446
f 4454 4442 4450
f 4456 4452 4448
f 4456 4445 4452
f 4457 4445 4441
f 4460 4448 4443
f 4460 4456 4448
f 4461 4460 4443
f 4461 4455 4460
f 4462 4441 4445
f 4462 4461 4441
f 4462 4455 4461
f 4462 4460 4455
f 4463 4449 4446
f 4464 4443 4449
f 4464 4463 4457
f 4464 4449 4463
f 4464 4461 4443
f 4465 4450 4444
f 4466 4459 4447
f 4466 4447 4445
f 4469 4451 4447
f 4470 4457 4441
f 4470 4441 4461
f 4470 4464 4457
f 4470 4461 4464
f 4471 4462 4445
f 4471 4445 4456
f 4471 4456 4460
f 4471 4460 4462
f 4473 4463 4446
f 4473 4446 4450
f 4474 4465 4458
f 4474 4450 4465
f 4474 4473 4450
f 4474 4463 4473
f 4474 4468 4463
f 4474 4458 4468
f 4475 4465 4444
f 4475 4458 4465
f 4475 4451 4469
f 4475 4468 4458
f 4476 4466 4445
f 4476 4459 4466
f 4477 4467 4453
f 4478 4463 4468
f 4479 4469 4447
f 4479 4447 4459
f 4479 4459 4469
f 4480 4469 4459
f 4480 4459 4468
f 4480 4475 4469
f 4480 4468 4475
f 4481 4472 4463
f 4481 4453 4472
f 4481 4478 4453
f 4481 4463 4478
f 4482 4472 4457
f 4482 4457 4463
f 4482 4463 4472
f 4483 4475 4444
f 4483 4444 4451
f 4483 4451 4475
f 4484 4476 4445
f 4484 4467 4477
f 4485 4477 4459
f 4485 4459 4476
f 4485 4484 4477
f 4485 4476 4484
f 4486 4477 4453
f 4486 4453 4478
f 4486 4459 4477
f 4486 4478 4468
f 4486 4468 4459
f 4487 4484 4445
f 4487 4445 4457
f 4487 4467 4484
f 4487 4457 4472
f 4487 4472 4453
f 4487 4453 4467
o bunny095
usemtl Material095
v 0.823291742 0.338599888 0.066918217
v 0.828428480 0.256276436 0.064467898
v 0.780749143 0.292035939 -0.018970942
v 0.708595757 0.266759263 -0.037953354
v 0.721149972 0.148997928 0.076387732
v 0.754132809 0.325653509 -0.001696038
v 0.828428480 0.339715276 0.040628229
v 0.804588811 0.184757431 0.076387732
v 0.768829309 0.315875607 -0.018970942
v 0.756909475 0.327795442 0.016788561
v 0.828428480 0.280116105 0.040628229
v 0.808675936 0.231033038 0.075110533
v 0.733069806 0.184757431 -0.030890776
v 0.744989640 0.268196270 -0.042810610
v 0.756909475 0.315875607 -0.018970942
v 0.804588811 0.339715276 0.016788561
v 0.768829309 0.327795442 0.028708395
v 0.710005146 0.269951827 -0.036824769
v 0.804588811 0.208597099 0.040628229
v 0.792668977 0.232436768 0.076387732
v 0.733069806 0.125158260 0.028708395
v 0.733069806 0.220516934 -0.042810610
v 0.780749143 0.327795442 -0.007051108
v 0.792343706 0.339550722 0.029189935
v 0.820723025 0.340630384 0.062457560
v 0.828428480 0.256276436 0.052548063
v 0.792668977 0.232436768 0.004868726
v 0.756909475 0.137078094 0.076387732
v 0.716494365 0.131203416 0.042353298
v 0.792668977 0.172837597 0.052548063
v 0.707848354 0.232728672 -0.039162649
v 0.756909475 0.232436768 -0.030890776
v 0.780749143 0.268196270 -0.018970942
v 0.804588811 0.244356602 0.016788561
v 0.721149972 0.184757431 -0.030890776
v 0.726669528 0.129911127 0.074342539
v 0.756909475 0.137078094 0.052548063
v 0.804588811 0.184757431 0.064467898
v 0.780749143 0.184757431 0.016788561
v 0.744989640 0.256276436 -0.042810610
v 0.721149972 0.125158260 0.028708395
v 0.733069806 0.125158260 0.040628229
v 0.768829309 0.160917762 0.028708395
v 0.756909475 0.196677265 -0.018970942
v 0.768829309 0.196677265 -0.007051108
f 4494 4488 4489
f 4498 4494 4489
f 4498 4490 4494
f 4499 4495 4489
f 4499 4489 4488
f 4501 4496 4490
f 4502 4496 4501
f 4503 4494 4490
f 4504 4497 4492
f 4504 4492 4488
f 4505 4497 4493
f 4505 4491 4492
f 4505 4492 4497
f 4505 4493 4502
f 4505 4502 4501
f 4505 4501 4491
f 4507 4499 4488
f 4507 4488 4492
f 4507 4492 4495
f 4507 4495 4499
f 4510 4503 4490
f 4510 4490 4496
f 4510 4496 4502
f 4510 4502 4493
f 4510 4493 4503
f 4511 4503 4493
f 4511 4493 4497
f 4512 4504 4488
f 4512 4497 4504
f 4512 4511 4497
f 4512 4488 4494
f 4512 4494 4503
f 4512 4503 4511
f 4513 4498 4489
f 4513 4489 4495
f 4515 4495 4492
f 4517 4495 4515
f 4518 4491 4501
f 4518 4501 4509
f 4518 4516 4492
f 4518 4492 4491
f 4519 4500 4509
f 4520 4490 4498
f 4520 4501 4490
f 4521 4513 4506
f 4521 4506 4514
f 4521 4498 4513
f 4521 4520 4498
f 4521 4514 4520
f 4522 4500 4508
f 4522 4518 4509
f 4522 4509 4500
f 4523 4515 4492
f 4523 4492 4516
f 4524 4517 4515
f 4524 4515 4508
f 4525 4513 4495
f 4525 4495 4517
f 4525 4517 4506
f 4525 4506 4513
f 4526 4514 4506
f 4526 4506 4517
f 4527 4519 4509
f 4527 4509 4501
f 4527 4520 4519
f 4527 4501 4520
f 4528 4522 4508
f 4528 4516 4518
f 4528 4518 4522
f 4528 4523 4516
f 4529 4508 4515
f 4529 4515 4523
f 4529 4528 4508
f 4529 4523 4528
f 4530 4526 4517
f 4530 4524 4508
f 4530 4517 4524
f 4531 4519 4520
f 4531 4500 4519
f 4531 4530 4508
f 4531 4508 4500
f 4532 4514 4526
f 4532 4526 4530
f 4532 4530 4531
f 4532 4531 4520
f 4532 4520 4514
o bunny096
usemtl Material096
v -0.172837597 0.065559088 0.028708395
v -0.158470491 0.054196385 0.027471687
v -0.123079333 0.055198096 -0.171097940
v -0.303975659 0.003531646 -0.173946808
v -0.304331587 0.003971998 0.005441492
v -0.244356602 0.065559088 -0.078570113
v -0.125054396 0.057315731 -0.138347841
v -0.172837597 0.053639254 0.028708395
v -0.256276436 -0.005959917 0.004868726
v -0.148997928 0.065559088 -0.173928787
v -0.244356602 0.065559088 -0.054730445
v -0.125158260 0.041719420 -0.162008953
v -0.177818515 0.025168532 -0.180468388
v -0.220516934 0.053639254 -0.138169284
v -0.208597099 0.065559088 -0.007051108
v -0.172837597 0.041719420 0.016788561
v -0.125595434 0.045943006 -0.179066103
v -0.184757431 0.053639254 -0.173928787
v -0.232436768 -0.005959917 -0.173928787
v -0.172837597 0.017879751 -0.162008953
v -0.232436768 -0.005959917 -0.162008953
f 4538 4536 4537
f 4539 4533 4534
f 4540 4534 4533
f 4540 4533 4537
f 4541 4540 4537
f 4541 4534 4540
f 4541 4537 4536
f 4542 4539 4535
f 4542 4538 4533
f 4542 4533 4539
f 4543 4538 4537
f 4543 4533 4538
f 4544 4539 4534
f 4544 4535 4539
f 4546 4536 4538
f 4546 4538 4542
f 4547 4543 4537
f 4547 4537 4533
f 4547 4533 4543
f 4548 4544 4534
f 4548 4534 4541
f 4548 4541 4544
f 4549 4545 4542
f 4549 4542 4535
f 4549 4535 4544
f 4550 4545 4536
f 4550 4542 4545
f 4550 4546 4542
f 4550 4536 4546
f 4551 4541 4536
f 4551 4536 4545
f 4551 4545 4549
f 4552 4544 4541
f 4552 4551 4549
f 4552 4549 4544
f 4553 4552 4541
f 4553 4541 4551
f 4553 4551 4552
o bunny097
usemtl Material097
v 0.078565211 0.470443034 0.642868362
v 0.080244415 0.270622976 0.606510157
v 0.077478923 0.411234281 0.612780273
v -0.029799586 0.351635110 0.541261267
v -0.053639254 0.494673121 0.636619941
v -0.005959917 0.196677265 0.517421599
v 0.065559088 0.470833453 0.624700107
v 0.077478923 0.458913618 0.624700107
v 0.065559088 0.280116105 0.624700107
v 0.077478923 0.280116105 0.588940604
v -0.077478923 0.458913618 0.588940604
v 0.006536846 0.506923588 0.632755448
v 0.077478923 0.280116105 0.624700107
v 0.065559088 0.423154116 0.648539776
v -0.005959917 0.220516934 0.577020770
v 0.053639254 0.244356602 0.565100936
v -0.047660449 0.349595010 0.544930750
v -0.053639254 0.482753287 0.588940604
v 0.041719420 0.470833453 0.648539776
v 0.077478923 0.423154116 0.648539776
v 0.053639254 0.292035939 0.624700107
v 0.041719420 0.196677265 0.577020770
v -0.023590084 0.193961698 0.525003136
v -0.077478923 0.470833453 0.612780273
v -0.076723438 0.483222874 0.588494863
v -0.029799586 0.506592955 0.612780273
v -0.053639254 0.506592955 0.636619941
v 0.041719420 0.458913618 0.648539776
v 0.017879751 0.303955773 0.612780273
v 0.029799586 0.196677265 0.577020770
v 0.042893997 0.197916336 0.562160319
v -0.017879751 0.196677265 0.553181102
v -0.077478923 0.458913618 0.600860439
v -0.077478923 0.482753287 0.612780273
v -0.056509830 0.505652557 0.616968119
v 0.003229694 0.181403370 0.535585594
v 0.053639254 0.232436768 0.565100936
v 0.077478923 0.268196270 0.588940604
v -0.017879751 0.220516934 0.565100936
v -0.005959917 0.184757431 0.553181102
v -0.005959917 0.184757431 0.517421599
v -0.019456931 0.186903650 0.525588120
v 0.005959917 0.184757431 0.553181102
f 4559 4557 4556
f 4561 4554 4555
f 4561 4555 4556
f 4561 4560 4554
f 4561 4556 4557
f 4561 4557 4560
f 4563 4556 4555
f 4565 4554 4560
f 4567 4562 4566
f 4569 4559 4556
f 4569 4556 4563
f 4570 4557 4559
f 4571 4560 4557
f 4572 4554 4565
f 4573 4566 4555
f 4573 4555 4554
f 4573 4567 4566
f 4573 4572 4567
f 4573 4554 4572
f 4574 4567 4558
f 4574 4562 4567
f 4574 4568 4562
f 4575 4566 4562
f 4575 4555 4566
f 4576 4570 4559
f 4576 4564 4570
f 4577 4568 4558
f 4578 4570 4564
f 4578 4571 4557
f 4578 4557 4570
f 4579 4565 4560
f 4579 4560 4571
f 4579 4571 4578
f 4580 4572 4565
f 4580 4558 4572
f 4580 4565 4579
f 4580 4577 4558
f 4581 4572 4558
f 4581 4558 4567
f 4581 4567 4572
f 4582 4574 4558
f 4582 4558 4568
f 4582 4568 4574
f 4583 4575 4562
f 4583 4562 4568
f 4584 4555 4575
f 4586 4577 4564
f 4586 4564 4576
f 4586 4585 4577
f 4586 4576 4585
f 4587 4578 4564
f 4587 4564 4577
f 4587 4577 4580
f 4588 4580 4579
f 4588 4579 4578
f 4588 4587 4580
f 4588 4578 4587
f 4589 4584 4575
f 4590 4559 4569
f 4590 4569 4563
f 4591 4563 4555
f 4591 4555 4584
f 4591 4590 4563
f 4591 4584 4590
f 4592 4585 4568
f 4592 4568 4577
f 4592 4577 4585
f 4593 4583 4568
f 4593 4568 4585
f 4593 4575 4583
f 4594 4576 4559
f 4594 4584 4589
f 4594 4590 4584
f 4594 4559 4590
f 4595 4593 4585
f 4595 4585 4576
f 4595 4576 4594
f 4595 4594 4589
f 4595 4589 4593
f 4596 4593 4589
f 4596 4589 4575
f 4596 4575 4593
o bunny098
usemtl Material098
v -0.176004399 0.011618926 0.425902969
v -0.100535893 0.055784375 0.339208750
v -0.160917762 0.065559088 0.374383588
v -0.214454743 0.026413429 0.168018003
v -0.125158260 0.005959917 0.195586074
v -0.101257748 0.050876532 0.171690943
v -0.244582262 0.008131920 0.338533229
v -0.124450321 0.056718011 0.386832243
v -0.101318591 0.041719420 0.326704251
v -0.125158260 0.065559088 0.314784417
v -0.147338748 0.007478071 0.176600546
v -0.196856996 0.011773267 0.422259239
v -0.244356602 0.029799586 0.279024914
v -0.125158260 0.005959917 0.207505909
v -0.148997928 0.065559088 0.386303422
v -0.101318591 0.029799586 0.183666240
v -0.125158260 0.053639254 0.183666240
v -0.108609690 0.050729842 0.170932708
v -0.199138876 0.008623009 0.173136848
v -0.196677265 0.029799586 0.398223257
v -0.217867219 0.029596083 0.169754046
v -0.238918552 0.007529376 0.287787441
v -0.100422842 0.054372532 0.315453530
v -0.101318591 0.029799586 0.195586074
v -0.160917762 0.065559088 0.362463754
v -0.172837597 0.053639254 0.386303422
v -0.113238425 0.017879751 0.207505909
v -0.137078094 0.065559088 0.326704251
f 4605 4604 4597
f 4605 4598 4604
f 4606 4598 4602
f 4608 4603 4597
f 4610 4597 4603
f 4610 4605 4597
f 4611 4597 4604
f 4611 4608 4597
f 4611 4606 4599
f 4611 4604 4598
f 4611 4598 4606
f 4612 4607 4602
f 4612 4601 4607
f 4613 4606 4602
f 4614 4607 4600
f 4614 4602 4607
f 4614 4613 4602
f 4615 4600 4607
f 4615 4607 4601
f 4616 4603 4608
f 4616 4609 4603
f 4617 4614 4600
f 4617 4613 4614
f 4618 4610 4603
f 4618 4601 4610
f 4618 4615 4601
f 4618 4600 4615
f 4618 4617 4600
f 4618 4603 4609
f 4618 4609 4617
f 4619 4612 4602
f 4619 4602 4598
f 4619 4598 4605
f 4620 4619 4605
f 4620 4612 4619
f 4621 4599 4606
f 4621 4613 4617
f 4621 4617 4609
f 4621 4609 4599
f 4622 4599 4609
f 4622 4609 4616
f 4622 4611 4599
f 4622 4616 4608
f 4622 4608 4611
f 4623 4620 4605
f 4623 4605 4610
f 4623 4612 4620
f 4623 4610 4601
f 4623 4601 4612
f 4624 4621 4606
f 4624 4606 4613
f 4624 4613 4621
o bunny099
usemtl Material099
v -0.172837597 0.518512790 -0.257367627
v -0.062394241 0.402382759 -0.391474252
v -0.139525286 0.603159581 -0.306242865
v -0.101318591 0.554272292 -0.400405638
v -0.160917762 0.435073950 -0.340806467
v -0.075299357 0.552717404 -0.393981872
v -0.113238425 0.351635110 -0.293127130
v -0.089398757 0.411234281 -0.400405638
v -0.184757431 0.542352458 -0.305046964
v -0.148997928 0.601951629 -0.328886632
v -0.160917762 0.435073950 -0.245447793
v -0.065559088 0.423154116 -0.376565969
v -0.125158260 0.470833453 -0.388485804
v -0.137078094 0.339715276 -0.316966798
v -0.065496421 0.435123480 -0.399840306
v -0.182971615 0.553448471 -0.268139963
v -0.078745148 0.555175610 -0.392217710
v -0.148997928 0.554272292 -0.364646135
v -0.184757431 0.411234281 -0.257367627
v -0.089398757 0.363554944 -0.328886632
v -0.125158260 0.423154116 -0.376565969
v -0.113238425 0.494673121 -0.400405638
v -0.101318591 0.339715276 -0.352726301
v -0.077478923 0.399314447 -0.400405638
v -0.143404539 0.599190691 -0.302313570
v -0.184757431 0.554272292 -0.293127130
v -0.131666695 0.599280523 -0.326242174
v -0.125158260 0.554272292 -0.388485804
v -0.160917762 0.566192127 -0.340806467
v -0.160917762 0.458913618 -0.352726301
v -0.160917762 0.363554944 -0.293127130
v -0.162780699 0.378722182 -0.242180488
v -0.179949965 0.436282434 -0.243815415
v -0.084320088 0.341791942 -0.347021248
v -0.137078094 0.375474779 -0.340806467
v -0.101318591 0.446993784 -0.400405638
v -0.101318591 0.375474779 -0.376565969
v -0.160917762 0.590031795 -0.316966798
v -0.189329968 0.518350675 -0.259446202
v -0.148997928 0.590031795 -0.340806467
v -0.113238425 0.530432624 -0.400405638
v -0.160917762 0.542352458 -0.352726301
v -0.184757431 0.458913618 -0.305046964
v -0.137078094 0.458913618 -0.376565969
v -0.160917762 0.351635110 -0.269287461
v -0.174543186 0.414569965 -0.242007207
v -0.113238425 0.339715276 -0.293127130
v -0.148997928 0.423154116 -0.352726301
v -0.113238425 0.351635110 -0.352726301
v -0.101318591 0.399314447 -0.388485804
v -0.172837597 0.566192127 -0.316966798
v -0.172837597 0.435073950 -0.316966798
v -0.172837597 0.375474779 -0.257367627
v -0.160917762 0.351635110 -0.281207295
v -0.095344809 0.337283937 -0.335566049
v -0.140489080 0.338594137 -0.270406229
v -0.125158260 0.351635110 -0.340806467
v -0.148997928 0.339715276 -0.293127130
v -0.142603281 0.341817099 -0.267190083
f 4635 4631 4627
f 4635 4627 4625
f 4636 4630 4627
f 4636 4626 4630
f 4639 4630 4626
f 4639 4628 4630
f 4641 4630 4628
f 4641 4628 4634
f 4644 4636 4627
f 4644 4627 4631
f 4645 4637 4632
f 4646 4628 4632
f 4648 4639 4626
f 4648 4632 4628
f 4648 4628 4639
f 4649 4640 4625
f 4649 4625 4627
f 4651 4641 4634
f 4651 4634 4627
f 4651 4627 4630
f 4651 4630 4641
f 4652 4646 4637
f 4655 4629 4638
f 4656 4631 4635
f 4657 4635 4625
f 4658 4626 4636
f 4658 4636 4644
f 4658 4648 4626
f 4658 4647 4648
f 4660 4646 4632
f 4660 4632 4637
f 4660 4637 4646
f 4661 4648 4647
f 4661 4632 4648
f 4662 4649 4627
f 4662 4627 4634
f 4662 4640 4649
f 4662 4650 4640
f 4663 4640 4650
f 4663 4643 4657
f 4663 4657 4625
f 4663 4625 4640
f 4663 4650 4633
f 4664 4652 4642
f 4664 4634 4628
f 4664 4628 4652
f 4664 4642 4653
f 4664 4662 4634
f 4664 4653 4662
f 4665 4652 4628
f 4665 4628 4646
f 4665 4646 4652
f 4666 4653 4642
f 4666 4633 4653
f 4666 4654 4633
f 4666 4642 4652
f 4667 4633 4654
f 4667 4663 4633
f 4667 4643 4663
f 4667 4654 4629
f 4668 4637 4645
f 4668 4645 4654
f 4668 4652 4637
f 4668 4666 4652
f 4668 4654 4666
f 4670 4657 4643
f 4670 4643 4656
f 4670 4656 4635
f 4670 4635 4657
f 4671 4658 4644
f 4671 4644 4631
f 4671 4631 4656
f 4672 4654 4645
f 4672 4629 4654
f 4672 4659 4638
f 4672 4638 4629
f 4673 4661 4647
f 4674 4661 4645
f 4674 4645 4632
f 4674 4632 4661
f 4675 4662 4653
f 4675 4653 4633
f 4675 4633 4650
f 4675 4650 4662
f 4676 4667 4629
f 4676 4629 4655
f 4676 4655 4667
f 4677 4669 4656
f 4677 4656 4643
f 4678 4655 4638
f 4678 4669 4677
f 4678 4677 4643
f 4678 4667 4655
f 4678 4643 4667
f 4679 4638 4647
f 4679 4647 4658
f 4679 4658 4671
f 4680 4679 4671
f 4681 4638 4659
f 4681 4645 4661
f 4681 4661 4673
f 4681 4672 4645
f 4681 4659 4672
f 4681 4673 4647
f 4681 4647 4638
f 4682 4638 4679
f 4682 4679 4680
f 4682 4678 4638
f 4682 4680 4669
f 4682 4669 4678
f 4683 4680 4671
f 4683 4671 4656
f 4683 4656 4669
f 4683 4669 4680
o bunny100
usemtl Material100
v -0.327795442 1.114504502 0.231345577
v -0.292035939 1.054905331 0.231345577
v -0.339715276 1.209863176 0.124067069
v -0.364343192 1.213099364 0.019904849
v -0.363554944 1.102584668 0.052548063
v -0.339715276 1.197943342 0.016788561
v -0.384380070 1.210301313 0.220152560
v -0.363554944 1.209863176 0.207505909
v -0.327795442 1.054905331 0.231345577
v -0.292035939 1.066825165 0.183666240
v -0.342141377 1.215998173 0.019793127
v -0.363554944 1.197943342 0.016788561
v -0.363554944 1.197943342 0.219425743
v -0.308528048 1.047768341 0.233842229
v -0.387394613 1.174103673 0.219425743
v -0.342427177 1.107954937 0.233387090
v -0.292035939 1.066825165 0.207505909
v -0.302327524 1.057285366 0.111523778
v -0.303955773 1.078744999 0.112147235
v -0.376664984 1.212488228 0.186835194
v -0.344159323 1.094226734 0.050494818
v -0.363554944 1.102584668 0.064467898
v -0.387394613 1.197943342 0.183666240
v -0.347431056 1.116956399 0.232277668
v -0.292978785 1.042369196 0.183635432
v -0.315875607 1.042985496 0.195586074
v -0.327795442 1.090664833 0.052548063
v -0.387394613 1.174103673 0.207505909
v -0.301781840 1.039620215 0.226767265
v -0.327795442 1.054905331 0.207505909
f 4691 4685 4686
f 4694 4686 4693
f 4694 4691 4686
f 4695 4694 4689
f 4695 4687 4694
f 4696 4684 4685
f 4696 4685 4691
f 4696 4691 4690
f 4696 4690 4684
f 4697 4685 4684
f 4699 4684 4690
f 4699 4697 4684
f 4699 4692 4697
f 4700 4693 4686
f 4700 4686 4685
f 4700 4685 4693
f 4702 4694 4693
f 4702 4689 4694
f 4702 4701 4689
f 4702 4693 4701
f 4703 4694 4687
f 4703 4687 4690
f 4703 4690 4691
f 4703 4691 4694
f 4704 4695 4689
f 4704 4688 4695
f 4704 4701 4688
f 4705 4698 4688
f 4705 4688 4692
f 4705 4692 4698
f 4706 4695 4688
f 4706 4687 4695
f 4706 4698 4690
f 4706 4690 4687
f 4707 4698 4692
f 4707 4692 4699
f 4707 4699 4690
f 4707 4690 4698
f 4708 4701 4693
f 4708 4693 4685
f 4709 4688 4701
f 4709 4701 4708
f 4710 4704 4689
f 4710 4689 4701
f 4710 4701 4704
f 4711 4706 4688
f 4711 4688 4698
f 4711 4698 4706
f 4712 4708 4685
f 4712 4685 4697
f 4712 4709 4708
f 4712 4697 4692
f 4712 4692 4709
f 4713 4709 4692
f 4713 4692 4688
f 4713 4688 4709
o bunny101
usemtl Material101
v -0.602121468 1.262645553 0.449810051
v -0.601951629 1.257542513 0.433982759
v -0.613323086 1.335128046 0.277821618
v -0.721149972 1.329061518 0.267105080
v -0.792668977 1.209863176 0.386303422
v -0.649630966 1.305221850 0.410143091
v -0.601859550 1.323475136 0.337506554
v -0.734675356 1.211762141 0.447464698
v -0.768829309 1.209863176 0.362463754
v -0.649630966 1.340981352 0.302864583
v -0.768829309 1.281382181 0.350543920
v -0.601951629 1.293302016 0.433982759
v -0.613871464 1.317141684 0.290944748
v -0.721149972 1.209863176 0.433982759
v -0.758012473 1.295510324 0.279526188
v -0.673470635 1.340981352 0.279024914
v -0.721149972 1.305221850 0.362463754
v -0.768829309 1.233702844 0.422062925
v -0.601951629 1.281382181 0.445902594
v -0.601951629 1.305221850 0.410143091
v -0.726318454 1.215976201 0.450931219
v -0.773350396 1.204328880 0.405554106
v -0.791240749 1.209467670 0.350071330
v -0.697310303 1.305221850 0.267105080
v -0.756909475 1.305221850 0.314784417
v -0.673159816 1.327943965 0.266927733
v -0.709230138 1.329061518 0.302864583
v -0.792668977 1.245622679 0.362463754
v -0.733069806 1.281382181 0.398223257
v -0.601584234 1.320207540 0.347163212
v -0.649630966 1.281382181 0.445902594
v -0.649630966 1.329061518 0.350543920
v -0.733069806 1.233702844 0.445902594
v -0.763758864 1.206070461 0.418918042
v -0.723600958 1.312905090 0.268336130
v -0.637711132 1.317141684 0.279024914
v -0.744989640 1.317141684 0.279024914
v -0.721149972 1.329061518 0.279024914
v -0.733069806 1.317141684 0.314784417
v -0.673470635 1.340981352 0.290944748
v -0.780749143 1.245622679 0.386303422
v -0.792668977 1.221783010 0.386303422
v -0.792668977 1.245622679 0.350543920
v -0.768829309 1.293302016 0.326704251
v -0.756909475 1.269462347 0.386303422
v -0.709230138 1.305221850 0.374383588
v -0.625791298 1.293302016 0.433982759
v -0.685390469 1.281382181 0.433982759
v -0.709230138 1.257542513 0.445902594
v -0.780749143 1.221783010 0.410143091
v -0.753789898 1.297971891 0.277268994
v -0.744989640 1.317141684 0.290944748
v -0.673470635 1.329061518 0.338624085
v -0.733069806 1.293302016 0.374383588
v -0.673470635 1.305221850 0.398223257
v -0.685390469 1.269462347 0.445902594
v -0.709230138 1.269462347 0.433982759
v -0.673470635 1.317141684 0.374383588
f 4723 4720 4716
f 4726 4720 4715
f 4726 4716 4720
f 4726 4715 4722
f 4727 4715 4714
f 4727 4722 4715
f 4729 4723 4716
f 4732 4714 4715
f 4733 4719 4725
f 4734 4727 4714
f 4734 4721 4727
f 4735 4722 4727
f 4736 4735 4718
f 4736 4722 4735
f 4736 4726 4722
f 4737 4736 4728
f 4739 4729 4716
f 4739 4717 4729
f 4739 4737 4717
f 4739 4716 4737
f 4743 4732 4715
f 4743 4715 4720
f 4743 4725 4732
f 4743 4733 4725
f 4743 4720 4733
f 4744 4732 4725
f 4744 4734 4714
f 4744 4714 4732
f 4745 4719 4733
f 4745 4733 4720
f 4745 4720 4723
f 4746 4731 4721
f 4746 4721 4734
f 4747 4735 4727
f 4747 4727 4721
f 4747 4718 4735
f 4748 4717 4737
f 4749 4737 4716
f 4749 4716 4726
f 4749 4726 4736
f 4749 4736 4737
f 4751 4729 4717
f 4751 4717 4750
f 4752 4738 4730
f 4752 4740 4751
f 4753 4723 4729
f 4753 4751 4740
f 4753 4729 4751
f 4753 4745 4723
f 4754 4724 4741
f 4755 4741 4718
f 4755 4754 4741
f 4755 4731 4754
f 4756 4736 4718
f 4756 4718 4741
f 4756 4728 4736
f 4757 4741 4724
f 4757 4756 4741
f 4757 4728 4756
f 4757 4750 4728
f 4757 4724 4742
f 4757 4730 4738
f 4758 4742 4724
f 4758 4731 4742
f 4758 4754 4731
f 4758 4724 4754
f 4759 4730 4742
f 4759 4752 4730
f 4760 4744 4725
f 4760 4725 4719
f 4760 4719 4744
f 4761 4744 4719
f 4761 4759 4742
f 4762 4746 4734
f 4762 4731 4746
f 4763 4747 4721
f 4763 4721 4731
f 4763 4718 4747
f 4763 4755 4718
f 4763 4731 4755
f 4764 4748 4737
f 4764 4737 4728
f 4764 4717 4748
f 4764 4750 4717
f 4764 4728 4750
f 4765 4752 4751
f 4765 4751 4750
f 4765 4738 4752
f 4765 4757 4738
f 4765 4750 4757
f 4766 4753 4740
f 4766 4745 4753
f 4766 4740 4752
f 4767 4757 4742
f 4767 4742 4730
f 4767 4730 4757
f 4768 4761 4719
f 4768 4759 4761
f 4769 4762 4734
f 4769 4734 4744
f 4769 4744 4761
f 4769 4761 4762
f 4770 4762 4761
f 4770 4761 4742
f 4770 4742 4731
f 4770 4731 4762
f 4771 4719 4745
f 4771 4745 4766
f 4771 4768 4719
f 4771 4759 4768
f 4771 4766 4752
f 4771 4752 4759
o bunny102
usemtl Material102
v -0.423154116 0.387394613 0.445902594
v -0.370646856 0.318914151 0.382191732
v -0.375500111 0.375906659 0.421537734
v -0.590031795 0.351635110 0.219425743
v -0.554272292 0.327795442 0.314784417
v -0.446993784 0.292035939 0.219425743
v -0.422255058 0.403834127 0.439163212
v -0.375474779 0.351635110 0.422062925
v -0.387394613 0.303955773 0.302864583
v -0.554272292 0.292035939 0.219425743
v -0.446993784 0.399314447 0.410143091
v -0.542352458 0.387394613 0.410143091
v -0.375474779 0.339715276 0.362463754
v -0.601951629 0.327795442 0.255185246
v -0.434072066 0.271859305 0.218238466
v -0.411234281 0.292035939 0.338624085
v -0.494673121 0.387394613 0.433982759
v -0.539525907 0.403971344 0.404278833
v -0.435073950 0.292035939 0.231345577
v -0.554272292 0.303955773 0.267105080
v -0.596850207 0.334938858 0.218296364
v -0.590031795 0.363554944 0.338624085
v -0.530432624 0.351635110 0.374383588
v -0.387394613 0.315875607 0.386303422
v -0.446993784 0.268196270 0.255185246
v -0.383508117 0.293055950 0.337191984
v -0.446993784 0.387394613 0.445902594
v -0.530432624 0.399314447 0.374383588
v -0.491692929 0.406890544 0.426360461
v -0.578111961 0.303955773 0.231345577
v -0.566192127 0.315875607 0.279024914
v -0.506592955 0.327795442 0.350543920
v -0.608482801 0.368856103 0.270031664
v -0.585895728 0.382256378 0.335363381
v -0.554272292 0.363554944 0.374383588
v -0.518512790 0.363554944 0.398223257
v -0.470833453 0.268196270 0.219425743
v -0.518512790 0.280116105 0.231345577
v -0.458913618 0.280116105 0.279024914
v -0.393777404 0.288671705 0.306200104
v -0.411234281 0.351635110 0.422062925
v -0.590031795 0.375474779 0.267105080
v -0.445805630 0.405287451 0.436996133
v -0.578111961 0.303955773 0.219425743
v -0.601951629 0.339715276 0.279024914
v -0.566192127 0.327795442 0.302864583
v -0.506592955 0.303955773 0.302864583
v -0.458913618 0.327795442 0.374383588
v -0.607082260 0.347693246 0.225295922
v -0.604149432 0.372715684 0.291738264
v -0.542352458 0.375474779 0.398223257
v -0.518512790 0.280116105 0.219425743
v -0.470833453 0.268196270 0.231345577
v -0.554272292 0.292035939 0.231345577
v -0.506592955 0.280116105 0.243265411
v -0.458913618 0.375474779 0.433982759
v -0.458913618 0.351635110 0.410143091
v -0.542352458 0.399314447 0.374383588
v -0.601951629 0.351635110 0.290944748
v -0.411234281 0.339715276 0.410143091
v -0.446993784 0.339715276 0.398223257
v -0.494673121 0.363554944 0.410143091
f 4778 4772 4774
f 4779 4773 4774
f 4779 4774 4772
f 4782 4778 4774
f 4782 4777 4775
f 4782 4774 4777
f 4784 4777 4774
f 4784 4774 4773
f 4784 4773 4780
f 4786 4775 4777
f 4789 4783 4788
f 4790 4784 4780
f 4790 4777 4784
f 4790 4786 4777
f 4790 4780 4786
f 4792 4786 4781
f 4792 4775 4786
f 4795 4773 4779
f 4797 4780 4773
f 4797 4795 4787
f 4797 4773 4795
f 4797 4796 4786
f 4797 4787 4796
f 4798 4772 4778
f 4798 4779 4772
f 4799 4778 4782
f 4800 4789 4788
f 4800 4799 4789
f 4800 4778 4799
f 4800 4788 4798
f 4802 4791 4776
f 4802 4801 4791
f 4802 4785 4801
f 4803 4776 4791
f 4803 4794 4776
f 4805 4793 4783
f 4805 4783 4789
f 4806 4793 4776
f 4806 4776 4794
f 4808 4786 4796
f 4810 4796 4787
f 4811 4797 4786
f 4811 4786 4780
f 4811 4780 4797
f 4812 4795 4779
f 4812 4779 4798
f 4813 4799 4782
f 4813 4782 4775
f 4814 4800 4798
f 4814 4798 4778
f 4814 4778 4800
f 4815 4792 4781
f 4815 4781 4801
f 4815 4801 4785
f 4816 4785 4802
f 4816 4804 4785
f 4817 4802 4776
f 4817 4776 4793
f 4817 4816 4802
f 4817 4793 4816
f 4818 4803 4791
f 4818 4787 4803
f 4818 4810 4787
f 4818 4791 4810
f 4819 4803 4787
f 4820 4785 4804
f 4820 4815 4785
f 4820 4792 4815
f 4820 4775 4792
f 4820 4813 4775
f 4820 4804 4813
f 4821 4793 4805
f 4821 4813 4804
f 4821 4805 4789
f 4821 4789 4813
f 4822 4806 4794
f 4822 4794 4807
f 4822 4783 4793
f 4822 4793 4806
f 4822 4788 4783
f 4823 4781 4786
f 4823 4786 4808
f 4823 4809 4781
f 4823 4808 4809
f 4824 4809 4808
f 4824 4808 4796
f 4825 4801 4781
f 4825 4781 4809
f 4825 4791 4801
f 4826 4796 4810
f 4826 4824 4796
f 4826 4809 4824
f 4826 4810 4791
f 4826 4825 4809
f 4826 4791 4825
f 4827 4812 4798
f 4827 4798 4788
f 4828 4807 4794
f 4828 4812 4827
f 4828 4827 4788
f 4829 4813 4789
f 4829 4789 4799
f 4829 4799 4813
f 4830 4816 4793
f 4830 4793 4821
f 4830 4821 4804
f 4830 4804 4816
f 4831 4828 4795
f 4831 4795 4812
f 4831 4812 4828
f 4832 4795 4828
f 4832 4819 4787
f 4832 4787 4795
f 4832 4803 4819
f 4832 4828 4794
f 4832 4794 4803
f 4833 4828 4788
f 4833 4807 4828
f 4833 4822 4807
f 4833 4788 4822
o bunny103
usemtl Material103
v 0.804588811 0.411234281 0.267105080
v 0.840348314 0.375474779 0.231345577
v 0.828428480 0.423154116 0.135986903
v 0.771375392 0.408114661 0.070360346
v 0.685390469 0.399314447 0.231345577
v 0.821430791 0.373929536 0.079149957
v 0.828428480 0.423154116 0.195586074
v 0.697015801 0.400717926 0.267889440
v 0.721149972 0.446993784 0.124067069
v 0.840348314 0.387394613 0.100227400
v 0.804588811 0.375474779 0.088307566
v 0.828428480 0.411234281 0.231345577
v 0.819227282 0.370757873 0.251195576
v 0.804588811 0.423154116 0.076387732
v 0.697310303 0.423154116 0.171746406
v 0.780749143 0.446993784 0.195586074
v 0.830330509 0.371682513 0.103250183
v 0.840348314 0.399314447 0.219425743
v 0.757019196 0.413249472 0.075094999
v 0.812630541 0.381113311 0.070428542
v 0.804588811 0.435073950 0.219425743
v 0.828428480 0.387394613 0.255185246
v 0.804588811 0.399314447 0.267105080
v 0.816508646 0.423154116 0.088307566
v 0.680409598 0.435229662 0.245356641
v 0.840348314 0.399314447 0.124067069
v 0.673470635 0.411234281 0.231345577
v 0.721240666 0.433349445 0.124589898
v 0.756909475 0.435073950 0.088307566
v 0.828428480 0.399314447 0.076387732
v 0.840348314 0.387394613 0.231345577
v 0.815367585 0.374791861 0.254365318
v 0.804588811 0.435073950 0.112147235
v 0.721149972 0.446993784 0.207505909
v 0.709230138 0.423154116 0.267105080
v 0.780749143 0.435073950 0.243265411
v 0.828428480 0.411234281 0.100227400
v 0.681986645 0.416499934 0.249536823
v 0.673470635 0.435073950 0.219425743
v 0.780749143 0.435073950 0.088307566
v 0.768829309 0.446993784 0.135986903
v 0.780749143 0.423154116 0.267105080
v 0.768829309 0.446993784 0.207505909
v 0.673470635 0.423154116 0.219425743
v 0.780749143 0.446993784 0.159826572
v 0.756909475 0.446993784 0.124067069
f 4846 4841 4838
f 4846 4838 4844
f 4849 4840 4836
f 4850 4843 4835
f 4850 4839 4843
f 4850 4835 4846
f 4850 4846 4844
f 4850 4844 4839
f 4851 4835 4843
f 4851 4840 4845
f 4851 4836 4840
f 4852 4844 4838
f 4853 4839 4844
f 4853 4837 4847
f 4853 4852 4837
f 4853 4844 4852
f 4854 4845 4840
f 4854 4834 4845
f 4854 4840 4849
f 4855 4846 4835
f 4855 4851 4845
f 4855 4845 4834
f 4856 4834 4841
f 4856 4855 4834
f 4859 4851 4843
f 4859 4836 4851
f 4860 4852 4838
f 4860 4848 4852
f 4860 4838 4841
f 4861 4852 4848
f 4861 4848 4842
f 4861 4842 4852
f 4862 4847 4837
f 4862 4837 4852
f 4862 4852 4842
f 4863 4853 4847
f 4863 4843 4839
f 4863 4839 4853
f 4863 4847 4857
f 4863 4859 4843
f 4864 4855 4835
f 4864 4835 4851
f 4864 4851 4855
f 4865 4856 4841
f 4865 4841 4846
f 4865 4846 4855
f 4865 4855 4856
f 4866 4836 4857
f 4866 4857 4847
f 4867 4849 4842
f 4868 4858 4841
f 4869 4854 4849
f 4869 4834 4854
f 4870 4857 4836
f 4870 4836 4859
f 4870 4863 4857
f 4870 4859 4863
f 4871 4860 4841
f 4871 4841 4858
f 4871 4858 4860
f 4872 4860 4858
f 4872 4867 4842
f 4872 4858 4867
f 4873 4866 4847
f 4873 4847 4862
f 4873 4862 4842
f 4874 4842 4849
f 4875 4868 4841
f 4875 4841 4834
f 4875 4834 4869
f 4875 4869 4858
f 4875 4858 4868
f 4876 4867 4858
f 4876 4858 4869
f 4876 4869 4849
f 4876 4849 4867
f 4877 4848 4860
f 4877 4860 4872
f 4877 4872 4842
f 4877 4842 4848
f 4878 4874 4849
f 4878 4866 4874
f 4878 4849 4836
f 4878 4836 4866
f 4879 4873 4842
f 4879 4842 4874
f 4879 4874 4866
f 4879 4866 4873
o bunny104
usemtl Material104
v -0.172837597 0.303955773 -0.114329616
v -0.160917762 0.292035939 -0.126249450
v -0.183642818 0.590157466 -0.253441931
v -0.196677265 0.554272292 -0.281207295
v -0.172837597 0.280116105 -0.185848621
v -0.244356602 0.506592955 -0.185848621
v -0.185403655 0.279664518 -0.115261565
v -0.157532038 0.364648206 -0.244347832
v -0.208597099 0.590031795 -0.221608124
v -0.196677265 0.470833453 -0.281207295
v -0.171636006 0.277134192 -0.129508149
v -0.177465498 0.277200110 -0.119571814
v -0.244562793 0.480552866 -0.192036390
v -0.160917762 0.423154116 -0.233527958
v -0.155285580 0.281236986 -0.183608867
v -0.178260258 0.551275057 -0.277032456
v -0.220516934 0.506592955 -0.185848621
v -0.220516934 0.590031795 -0.257367627
v -0.172837597 0.363554944 -0.245447793
v -0.184757431 0.280116105 -0.150089119
v -0.244356602 0.506592955 -0.221608124
v -0.160917762 0.387394613 -0.197768456
v -0.172837597 0.327795442 -0.221608124
v -0.155313778 0.329351629 -0.219617441
v -0.160917762 0.423154116 -0.245447793
v -0.179919259 0.472216231 -0.279843367
v -0.220516934 0.590031795 -0.221608124
v -0.220516934 0.578111961 -0.257367627
v -0.245283426 0.541234082 -0.213044398
v -0.160917762 0.327795442 -0.150089119
f 4880 4881 4882
f 4886 4880 4885
f 4888 4880 4882
f 4891 4881 4880
f 4891 4880 4886
f 4891 4890 4881
f 4891 4884 4890
f 4892 4886 4885
f 4894 4890 4884
f 4894 4881 4890
f 4895 4883 4882
f 4895 4882 4893
f 4896 4888 4885
f 4896 4885 4880
f 4896 4880 4888
f 4897 4882 4883
f 4897 4883 4889
f 4898 4889 4887
f 4899 4891 4886
f 4899 4884 4891
f 4899 4886 4892
f 4900 4899 4892
f 4900 4884 4899
f 4901 4893 4882
f 4902 4894 4884
f 4902 4898 4887
f 4902 4889 4898
f 4902 4900 4889
f 4902 4884 4900
f 4903 4893 4901
f 4903 4902 4887
f 4903 4894 4902
f 4904 4895 4893
f 4904 4887 4895
f 4904 4903 4887
f 4904 4893 4903
f 4905 4889 4883
f 4905 4883 4895
f 4905 4895 4887
f 4905 4887 4889
f 4906 4888 4882
f 4906 4882 4897
f 4906 4885 4888
f 4907 4900 4897
f 4907 4897 4889
f 4907 4889 4900
f 4908 4900 4892
f 4908 4892 4885
f 4908 4897 4900
f 4908 4906 4897
f 4908 4885 4906
f 4909 4901 4882
f 4909 4882 4881
f 4909 4881 4894
f 4909 4903 4901
f 4909 4894 4903
o bunny105
usemtl Material105
v -0.744989640 0.864187983 0.457822428
v -0.745648374 0.850317577 0.458444853
v -0.756909475 0.852268148 0.124067069
v -0.831211198 0.935298180 0.147445178
v -0.828428480 0.899947485 0.457822428
v -0.733069806 0.864187983 0.302864583
v -0.822059124 0.921489931 0.458473416
v -0.768829309 0.816508646 0.231345577
v -0.816508646 0.923787154 0.147906737
v -0.733069806 0.864187983 0.374383588
v -0.804588811 0.864187983 0.457822428
v -0.840348314 0.935706988 0.302864583
v -0.741401435 0.815624362 0.265968659
v -0.816508646 0.864187983 0.147906737
v -0.816508646 0.935706988 0.279024914
v -0.804588811 0.923787154 0.362463754
v -0.816508646 0.876107817 0.457822428
v -0.823560589 0.925391958 0.457408534
v -0.760283479 0.814410911 0.124666781
v -0.734586261 0.848292783 0.373500309
v -0.792668977 0.852268148 0.445902594
v -0.840348314 0.899947485 0.147906737
v -0.831769006 0.936967372 0.149329756
v -0.744989640 0.876107817 0.314784417
v -0.828428480 0.876107817 0.231345577
v -0.759554091 0.817157816 0.123881480
v -0.756909475 0.816508646 0.267105080
v -0.780749143 0.852268148 0.457822428
v -0.779572637 0.853487046 0.124288910
v -0.840348314 0.899947485 0.255185246
v -0.744989640 0.876107817 0.350543920
v -0.828428480 0.876107817 0.159826572
v -0.840348314 0.911867320 0.290944748
v -0.828428480 0.888027651 0.433982759
v -0.840348314 0.923787154 0.302864583
f 4916 4911 4910
f 4918 4915 4912
f 4918 4912 4913
f 4919 4910 4911
f 4920 4911 4916
f 4922 4912 4915
f 4925 4910 4919
f 4926 4920 4916
f 4926 4916 4914
f 4926 4917 4920
f 4927 4921 4914
f 4927 4914 4916
f 4927 4924 4921
f 4927 4925 4924
f 4927 4916 4910
f 4927 4910 4925
f 4928 4922 4917
f 4928 4917 4923
f 4929 4922 4915
f 4929 4915 4919
f 4929 4919 4911
f 4929 4911 4922
f 4930 4920 4917
f 4931 4928 4923
f 4932 4924 4918
f 4932 4918 4913
f 4932 4921 4924
f 4932 4931 4921
f 4932 4913 4931
f 4933 4915 4918
f 4933 4918 4924
f 4933 4919 4915
f 4934 4923 4917
f 4934 4917 4926
f 4935 4912 4922
f 4935 4922 4928
f 4936 4930 4917
f 4936 4917 4922
f 4936 4922 4911
f 4937 4911 4920
f 4937 4920 4930
f 4937 4936 4911
f 4937 4930 4936
f 4938 4931 4913
f 4938 4913 4912
f 4938 4912 4935
f 4938 4935 4928
f 4938 4928 4931
f 4939 4921 4931
f 4939 4931 4934
f 4940 4925 4919
f 4940 4919 4933
f 4940 4933 4924
f 4940 4924 4925
f 4941 4934 4931
f 4941 4931 4923
f 4941 4923 4934
f 4942 4921 4939
f 4943 4939 4934
f 4943 4934 4926
f 4943 4926 4914
f 4943 4942 4939
f 4943 4914 4942
f 4944 4942 4914
f 4944 4914 4921
f 4944 4921 4942
o bunny106
usemtl Material106
v -0.447946700 0.962534097 -0.081327227
v -0.363554944 0.888027651 -0.138169284
v -0.375474779 0.911867320 -0.162008953
v -0.494673121 0.828428480 -0.173928787
v -0.590031795 0.828428480 -0.078570113
v -0.411029829 0.851319726 -0.172282024
v -0.566192127 0.971466491 -0.090489947
v -0.365676104 0.929875384 -0.133938183
v -0.458913618 0.935706988 -0.078570113
v -0.363096528 0.885901130 -0.158316633
v -0.435073950 0.876107817 -0.173928787
v -0.482753287 0.792668977 -0.150089119
v -0.601951629 0.828428480 -0.114329616
v -0.363554944 0.911867320 -0.126249450
v -0.446993784 0.959546657 -0.102409782
v -0.554272292 0.971466491 -0.066650279
v -0.363554944 0.911867320 -0.162008953
v -0.411234281 0.876107817 -0.173928787
v -0.411234281 0.923787154 -0.150089119
v -0.482753287 0.840348314 -0.173928787
v -0.482418287 0.792333476 -0.172614868
v -0.566192127 0.780749143 -0.114329616
v -0.578111961 0.804588811 -0.138169284
v -0.602161993 0.888094088 -0.067096855
v -0.362431093 0.920003551 -0.141980775
v -0.446993784 0.947626822 -0.078570113
v -0.590031795 0.852268148 -0.066650279
v -0.482493141 0.972000707 -0.080062659
v -0.506592955 0.804588811 -0.173928787
v -0.605038843 0.819116457 -0.095571096
v -0.501716975 0.788705675 -0.165152983
v -0.518512790 0.828428480 -0.162008953
v -0.579245801 0.970471070 -0.076824757
v -0.542352458 0.923787154 -0.066650279
v -0.577946041 0.971612155 -0.077081239
v -0.582603637 0.784152026 -0.123134126
v -0.606947275 0.856544664 -0.074007212
v -0.601951629 0.876107817 -0.090489947
v -0.566192127 0.876107817 -0.066650279
v -0.542352458 0.935706988 -0.066650279
v -0.578289774 0.780883854 -0.126597997
v -0.601951629 0.816508646 -0.114329616
v -0.607198209 0.832860338 -0.087205296
v -0.578111961 0.792668977 -0.138169284
f 4956 4954 4946
f 4958 4952 4945
f 4959 4945 4952
f 4961 4954 4950
f 4961 4959 4952
f 4961 4955 4947
f 4962 4948 4955
f 4962 4961 4950
f 4962 4955 4961
f 4963 4955 4951
f 4963 4947 4955
f 4963 4961 4947
f 4963 4951 4959
f 4963 4959 4961
f 4964 4955 4948
f 4964 4948 4951
f 4964 4951 4955
f 4965 4950 4954
f 4965 4954 4956
f 4965 4962 4950
f 4966 4956 4946
f 4966 4946 4949
f 4967 4957 4951
f 4969 4958 4946
f 4969 4946 4954
f 4969 4954 4961
f 4969 4961 4952
f 4969 4952 4958
f 4970 4958 4945
f 4970 4953 4958
f 4970 4945 4960
f 4971 4958 4953
f 4971 4949 4946
f 4971 4946 4958
f 4971 4953 4970
f 4971 4960 4968
f 4972 4959 4951
f 4972 4945 4959
f 4972 4960 4945
f 4973 4948 4962
f 4973 4962 4965
f 4974 4966 4949
f 4975 4965 4956
f 4975 4956 4966
f 4975 4973 4965
f 4976 4967 4951
f 4976 4951 4948
f 4976 4973 4967
f 4976 4948 4973
f 4977 4951 4957
f 4977 4968 4960
f 4978 4960 4971
f 4979 4972 4951
f 4979 4960 4972
f 4979 4977 4960
f 4979 4951 4977
f 4980 4966 4974
f 4981 4971 4968
f 4981 4949 4971
f 4982 4977 4957
f 4982 4968 4977
f 4982 4981 4968
f 4983 4978 4971
f 4983 4971 4970
f 4983 4970 4978
f 4984 4978 4970
f 4984 4970 4960
f 4984 4960 4978
f 4985 4975 4966
f 4985 4966 4980
f 4986 4980 4974
f 4986 4957 4967
f 4987 4974 4949
f 4987 4949 4981
f 4987 4986 4974
f 4987 4957 4986
f 4987 4982 4957
f 4987 4981 4982
f 4988 4973 4975
f 4988 4975 4985
f 4988 4967 4973
f 4988 4985 4980
f 4988 4986 4967
f 4988 4980 4986
o bunny107
usemtl Material107
v -0.101318591 0.959546657 0.338624085
v -0.100740382 0.945698941 0.337614343
v -0.100929167 1.005948654 0.183505627
v -0.296553374 1.047824145 0.183908120
v -0.292180373 0.936831347 0.339660610
v -0.089398757 0.983386325 0.302864583
v -0.196361531 0.939544469 0.342735186
v -0.308528048 1.047768341 0.233842229
v -0.280116105 1.019145828 0.183666240
v -0.089398757 0.959546657 0.279024914
v -0.292035939 0.959546657 0.338624085
v -0.315875607 1.031065662 0.219425743
v -0.208597099 0.995306159 0.302864583
v -0.125158260 1.019145828 0.195586074
v -0.256276436 1.042985496 0.183666240
v -0.160917762 0.995306159 0.183666240
v -0.091820364 0.965096635 0.306351877
v -0.086534174 0.999760455 0.228309348
v -0.196677265 0.935706988 0.326704251
v -0.315875607 1.042985496 0.219425743
v -0.303955773 1.007225994 0.219425743
v -0.256276436 0.995306159 0.302864583
v -0.303955773 1.031065662 0.183666240
v -0.125158260 1.019145828 0.183666240
v -0.256276436 1.042985496 0.195586074
v -0.089398757 0.983386325 0.219425743
v -0.088251466 1.002836902 0.218177344
v -0.101318591 0.947626822 0.302864583
v -0.172837597 0.947626822 0.290944748
v -0.315875607 1.031065662 0.231345577
v -0.280116105 0.983386325 0.314784417
v -0.184757431 1.031065662 0.183666240
v -0.184757431 1.031065662 0.195586074
v -0.148997928 0.947626822 0.290944748
v -0.292035939 0.971466491 0.326704251
v -0.196677265 1.031065662 0.207505909
v -0.113238425 0.959546657 0.267105080
f 4994 4989 4990
f 4995 4990 4989
f 4999 4995 4989
f 4999 4993 4995
f 5001 4989 4994
f 5001 4994 4996
f 5001 4999 4989
f 5002 4996 4994
f 5004 4997 4991
f 5004 4993 4997
f 5005 4998 4994
f 5005 4994 4990
f 5005 4990 4998
f 5006 4994 4998
f 5007 4990 4995
f 5007 4995 4993
f 5008 4996 4992
f 5009 4997 4993
f 5009 4993 5000
f 5010 5001 4996
f 5010 4999 5001
f 5011 4992 5003
f 5011 4997 5009
f 5011 5009 5000
f 5011 5008 4992
f 5011 5000 5008
f 5011 5003 4991
f 5011 4991 4997
f 5013 5003 4992
f 5013 4992 4996
f 5014 5004 4991
f 5014 5006 4998
f 5015 5002 4994
f 5015 4994 5006
f 5015 5012 5002
f 5015 4991 5012
f 5015 5014 4991
f 5015 5006 5014
f 5016 4998 4990
f 5016 4990 5007
f 5016 5014 4998
f 5017 5007 4993
f 5017 4993 5004
f 5018 4999 4996
f 5018 4996 5008
f 5018 4993 4999
f 5018 5008 5000
f 5018 5000 4993
f 5019 5010 4996
f 5019 4999 5010
f 5020 5002 5012
f 5020 5003 5013
f 5020 5012 4991
f 5020 4991 5003
f 5021 5013 4996
f 5021 5020 5013
f 5021 5002 5020
f 5022 5016 5007
f 5022 5007 5017
f 5022 5017 5004
f 5023 5019 4996
f 5023 4996 4999
f 5023 4999 5019
f 5024 5021 4996
f 5024 4996 5002
f 5024 5002 5021
f 5025 5014 5016
f 5025 5016 5022
f 5025 5022 5004
f 5025 5004 5014
o bunny108
usemtl Material108
v -0.506592955 1.579378037 -0.567283317
v -0.482753287 1.412500358 -0.614962654
v -0.470833453 1.507859032 -0.650722157
v -0.518512790 1.567458203 -0.662641991
v -0.578111961 1.388660689 -0.567283317
v -0.518512790 1.436340026 -0.650722157
v -0.494673121 1.591297872 -0.650722157
v -0.494673121 1.555538369 -0.567283317
v -0.566192127 1.615137540 -0.567283317
v -0.482753287 1.472099529 -0.662641991
v -0.566192127 1.579378037 -0.638802323
v -0.518512790 1.388660689 -0.626882488
v -0.470833453 1.472099529 -0.626882488
v -0.494673121 1.591297872 -0.614962654
v -0.554272292 1.388660689 -0.555363483
v -0.518512790 1.484019363 -0.662641991
v -0.482753287 1.555538369 -0.662641991
v -0.554272292 1.388660689 -0.614962654
v -0.578111961 1.460179695 -0.579203151
v -0.554272292 1.615137540 -0.638802323
v -0.482753287 1.424420192 -0.638802323
v -0.482753287 1.424420192 -0.603042820
v -0.482753287 1.555538369 -0.603042820
v -0.494673121 1.579378037 -0.591122986
v -0.530432624 1.615137540 -0.591122986
v -0.494673121 1.400580524 -0.603042820
v -0.568656748 1.388083376 -0.552654684
v -0.506592955 1.472099529 -0.662641991
v -0.482753287 1.567458203 -0.650722157
v -0.494673121 1.567458203 -0.662641991
v -0.566192127 1.507859032 -0.626882488
v -0.530432624 1.412500358 -0.638802323
v -0.578111961 1.448259861 -0.579203151
v -0.573429000 1.461219708 -0.553550295
v -0.566192127 1.615137540 -0.626882488
v -0.566192127 1.603217706 -0.638802323
v -0.506592955 1.388660689 -0.626882488
v -0.470833453 1.472099529 -0.650722157
v -0.494673121 1.543618535 -0.567283317
v -0.470833453 1.495939198 -0.626882488
v -0.506592955 1.603217706 -0.603042820
v -0.482753287 1.567458203 -0.614962654
v -0.554272292 1.615137540 -0.567283317
v -0.530432624 1.615137540 -0.638802323
v -0.554272292 1.460179695 -0.555363483
v -0.542352458 1.436340026 -0.638802323
v -0.542352458 1.591297872 -0.650722157
v -0.482753287 1.412500358 -0.626882488
v -0.494673121 1.436340026 -0.650722157
v -0.513359460 1.392051167 -0.600845130
v -0.470833453 1.507859032 -0.638802323
v -0.506592955 1.603217706 -0.638802323
v -0.542352458 1.507859032 -0.650722157
v -0.554272292 1.436340026 -0.626882488
v -0.494673121 1.412500358 -0.638802323
f 5041 5029 5035
f 5042 5028 5035
f 5042 5035 5029
f 5047 5027 5038
f 5049 5026 5033
f 5049 5033 5048
f 5050 5045 5034
f 5051 5047 5040
f 5051 5027 5047
f 5052 5043 5037
f 5052 5030 5043
f 5053 5041 5035
f 5053 5035 5031
f 5053 5031 5041
f 5054 5042 5032
f 5054 5032 5039
f 5054 5028 5042
f 5055 5042 5029
f 5055 5029 5032
f 5055 5032 5042
f 5056 5043 5030
f 5057 5037 5043
f 5057 5041 5031
f 5058 5044 5036
f 5058 5030 5044
f 5058 5056 5030
f 5058 5036 5056
f 5059 5044 5030
f 5059 5034 5044
f 5059 5030 5052
f 5060 5044 5034
f 5060 5034 5045
f 5061 5060 5045
f 5061 5036 5044
f 5061 5044 5060
f 5062 5037 5057
f 5062 5027 5051
f 5062 5052 5037
f 5062 5040 5052
f 5063 5038 5027
f 5063 5028 5038
f 5063 5046 5035
f 5063 5035 5028
f 5064 5047 5038
f 5064 5038 5033
f 5064 5033 5040
f 5064 5040 5047
f 5065 5038 5028
f 5065 5048 5033
f 5065 5033 5038
f 5066 5049 5039
f 5066 5026 5049
f 5066 5050 5026
f 5066 5039 5032
f 5067 5049 5048
f 5067 5039 5049
f 5067 5054 5039
f 5067 5028 5054
f 5067 5048 5065
f 5068 5050 5034
f 5068 5026 5050
f 5068 5059 5026
f 5068 5034 5059
f 5069 5032 5045
f 5069 5045 5050
f 5069 5050 5066
f 5070 5052 5040
f 5070 5040 5033
f 5070 5059 5052
f 5070 5033 5026
f 5070 5026 5059
f 5071 5057 5043
f 5071 5041 5057
f 5072 5061 5045
f 5072 5036 5061
f 5072 5029 5041
f 5072 5045 5032
f 5072 5032 5029
f 5073 5062 5046
f 5073 5027 5062
f 5073 5063 5027
f 5073 5046 5063
f 5074 5031 5035
f 5074 5035 5046
f 5074 5057 5031
f 5075 5062 5051
f 5075 5051 5040
f 5075 5040 5062
f 5076 5067 5065
f 5076 5065 5028
f 5076 5028 5067
f 5077 5069 5066
f 5077 5066 5032
f 5077 5032 5069
f 5078 5071 5036
f 5078 5041 5071
f 5078 5072 5041
f 5078 5036 5072
f 5079 5071 5043
f 5079 5043 5056
f 5079 5056 5036
f 5079 5036 5071
f 5080 5074 5046
f 5080 5046 5062
f 5080 5062 5057
f 5080 5057 5074
o bunny109
usemtl Material109
v -0.654104905 1.328269633 -0.042619194
v -0.595343996 1.206890518 -0.134420551
v -0.613871464 1.352901187 -0.257367627
v -0.637711132 1.281382181 -0.340806467
v -0.661550801 1.221783010 -0.054730445
v -0.598101142 1.254050294 -0.339708827
v -0.643778101 1.359984673 -0.248246691
v -0.601951629 1.233702844 -0.126249450
v -0.625791298 1.221783010 -0.054730445
v -0.615666195 1.352819194 -0.329171086
v -0.625791298 1.245622679 -0.316966798
v -0.625791298 1.364821021 -0.245447793
v -0.661550801 1.317141684 -0.185848621
v -0.653963893 1.329522334 -0.042922000
v -0.613871464 1.197943342 -0.138169284
v -0.659727199 1.281198204 -0.042277849
v -0.601951629 1.221783010 -0.114329616
v -0.623087820 1.282486408 -0.342445039
v -0.637711132 1.305221850 -0.328886632
v -0.637711132 1.269462347 -0.340806467
v -0.637827724 1.364728078 -0.269341249
v -0.615981913 1.353349331 -0.327331907
v -0.625791298 1.233702844 -0.054730445
v -0.655588789 1.334771464 -0.182693839
v -0.606654610 1.205372296 -0.110453257
v -0.661550801 1.221783010 -0.066650279
v -0.613871464 1.245622679 -0.340806467
v -0.601578692 1.204783945 -0.113528573
v -0.608501036 1.260357027 -0.342468948
v -0.647157517 1.354941808 -0.232353317
v -0.649630966 1.269462347 -0.245447793
v -0.661550801 1.245622679 -0.102409782
f 5086 5083 5082
f 5088 5082 5083
f 5090 5083 5086
f 5094 5088 5083
f 5094 5083 5092
f 5094 5093 5081
f 5096 5089 5081
f 5096 5085 5089
f 5096 5093 5085
f 5096 5081 5093
f 5097 5082 5088
f 5097 5088 5094
f 5098 5084 5090
f 5099 5090 5084
f 5099 5093 5087
f 5099 5084 5093
f 5100 5084 5098
f 5100 5093 5084
f 5101 5094 5092
f 5101 5087 5094
f 5101 5099 5087
f 5101 5090 5099
f 5102 5092 5083
f 5102 5083 5090
f 5102 5101 5092
f 5102 5090 5101
f 5103 5094 5081
f 5103 5081 5089
f 5103 5097 5094
f 5104 5093 5094
f 5105 5089 5085
f 5105 5085 5095
f 5106 5095 5085
f 5106 5091 5095
f 5106 5100 5091
f 5106 5085 5093
f 5107 5095 5091
f 5107 5086 5082
f 5107 5082 5095
f 5107 5091 5100
f 5108 5082 5097
f 5108 5089 5105
f 5108 5105 5095
f 5108 5095 5082
f 5108 5103 5089
f 5108 5097 5103
f 5109 5098 5090
f 5109 5090 5086
f 5109 5086 5107
f 5109 5107 5100
f 5109 5100 5098
f 5110 5104 5094
f 5110 5094 5087
f 5110 5087 5093
f 5110 5093 5104
f 5111 5093 5100
f 5111 5100 5106
f 5112 5111 5106
f 5112 5106 5093
f 5112 5093 5111
o bunny110
usemtl Material110
v -0.125158260 0.756909475 -0.221608124
v -0.124817100 0.708790702 -0.243776065
v -0.148997928 0.756909475 -0.245447793
v -0.399314447 0.709230138 -0.233527958
v -0.220516934 0.542352458 -0.209688290
v -0.220516934 0.590031795 -0.257367627
v -0.387937326 0.745698003 -0.211644854
v -0.123194393 0.755370188 -0.235611207
v -0.148997928 0.613871464 -0.245447793
v -0.155442048 0.617691154 -0.261211201
v -0.423649175 0.554408759 -0.216176402
v -0.184784601 0.756955200 -0.221717210
v -0.387394613 0.721149972 -0.233527958
v -0.196677265 0.744989640 -0.209688290
v -0.125158260 0.744989640 -0.221608124
v -0.218496518 0.543120219 -0.226565891
v -0.172837597 0.685390469 -0.257367627
v -0.423154116 0.601951629 -0.233527958
v -0.424278083 0.710046120 -0.212190788
v -0.196677265 0.733069806 -0.209688290
v -0.183642818 0.590157466 -0.253441931
v -0.244356602 0.542352458 -0.233527958
v -0.220516934 0.613871464 -0.257367627
v -0.399314447 0.578111961 -0.233527958
v -0.423154116 0.673470635 -0.233527958
v -0.245283426 0.541234082 -0.213044398
v -0.208597099 0.637711132 -0.257367627
v -0.422745324 0.554159606 -0.216250608
f 5120 5114 5115
f 5120 5115 5113
f 5122 5115 5114
f 5122 5114 5121
f 5124 5113 5115
f 5124 5115 5119
f 5125 5119 5115
f 5126 5119 5117
f 5126 5124 5119
f 5126 5113 5124
f 5127 5120 5113
f 5127 5114 5120
f 5127 5121 5114
f 5127 5117 5121
f 5127 5113 5126
f 5128 5122 5121
f 5128 5121 5117
f 5129 5116 5125
f 5129 5125 5115
f 5129 5115 5122
f 5131 5123 5117
f 5131 5117 5119
f 5131 5130 5123
f 5131 5125 5116
f 5131 5119 5125
f 5132 5127 5126
f 5132 5126 5117
f 5132 5117 5127
f 5133 5118 5122
f 5133 5122 5128
f 5134 5133 5128
f 5134 5118 5133
f 5135 5122 5118
f 5135 5118 5130
f 5136 5130 5118
f 5136 5123 5130
f 5136 5118 5134
f 5137 5131 5116
f 5137 5130 5131
f 5137 5135 5130
f 5138 5134 5128
f 5138 5128 5117
f 5139 5129 5122
f 5139 5122 5135
f 5139 5135 5137
f 5139 5137 5116
f 5139 5116 5129
f 5140 5136 5134
f 5140 5123 5136
f 5140 5134 5138
f 5140 5138 5117
f 5140 5117 5123
o bunny111
usemtl Material111
v 0.232436768 0.590031795 0.648539776
v 0.232436768 0.292035939 0.636619941
v 0.233698432 0.289751094 0.617130590
v 0.052783451 0.398827234 0.616202604
v 0.101318591 0.423154116 0.660459610
v 0.077064829 0.291536573 0.613860970
v 0.233714888 0.592274703 0.630517140
v 0.196677265 0.458913618 0.660459610
v 0.077028019 0.554746387 0.643573054
v 0.148997928 0.292035939 0.636619941
v 0.101318591 0.399314447 0.612780273
v 0.065559088 0.387394613 0.636619941
v 0.235917993 0.313456262 0.623681733
v 0.160917762 0.411234281 0.660459610
v 0.232436768 0.530432624 0.648539776
v 0.113238425 0.506592955 0.660459610
v 0.221544057 0.593212264 0.632514159
v 0.101318591 0.315875607 0.636619941
v 0.053538301 0.375418883 0.613189188
v 0.077478923 0.411234281 0.648539776
v 0.184757431 0.435073950 0.660459610
v 0.113238425 0.411234281 0.660459610
v 0.220516934 0.423154116 0.648539776
v 0.184757431 0.494673121 0.660459610
v 0.101318591 0.494673121 0.660459610
v 0.220516934 0.590031795 0.648539776
v 0.196677265 0.482753287 0.660459610
v 0.148997928 0.506592955 0.660459610
f 5149 5147 5144
f 5150 5146 5143
f 5150 5143 5142
f 5151 5143 5146
f 5151 5147 5143
f 5151 5144 5147
f 5152 5149 5144
f 5153 5147 5141
f 5153 5142 5143
f 5153 5143 5147
f 5154 5148 5145
f 5154 5150 5142
f 5155 5141 5148
f 5155 5153 5141
f 5155 5142 5153
f 5156 5145 5148
f 5157 5141 5147
f 5157 5147 5149
f 5158 5146 5150
f 5158 5152 5146
f 5159 5151 5146
f 5159 5144 5151
f 5159 5152 5144
f 5159 5146 5152
f 5160 5149 5152
f 5160 5158 5145
f 5160 5152 5158
f 5161 5154 5142
f 5161 5142 5148
f 5161 5148 5154
f 5162 5154 5145
f 5162 5150 5154
f 5162 5158 5150
f 5162 5145 5158
f 5163 5155 5148
f 5163 5148 5142
f 5163 5142 5155
f 5164 5156 5148
f 5165 5156 5149
f 5165 5145 5156
f 5165 5160 5145
f 5165 5149 5160
f 5166 5156 5141
f 5166 5149 5156
f 5166 5157 5149
f 5166 5141 5157
f 5167 5164 5148
f 5167 5148 5141
f 5167 5141 5164
f 5168 5164 5141
f 5168 5141 5156
f 5168 5156 5164
o bunny112
usemtl Material112
v -0.196677265 0.446993784 -0.173928787
v -0.196677265 0.435073950 -0.173928787
v -0.244356602 0.518512790 -0.221608124
v -0.434310390 0.554283876 -0.215365551
v -0.470833453 0.458913618 -0.162008953
v -0.244356602 0.542352458 -0.197768456
v -0.201545368 0.434138959 -0.188351480
v -0.363554944 0.446993784 -0.150089119
v -0.243434842 0.555384558 -0.218270351
v -0.339715276 0.542352458 -0.197768456
v -0.470833453 0.435073950 -0.185848621
v -0.220516934 0.470833453 -0.173928787
v -0.435073950 0.506592955 -0.221608124
v -0.203304775 0.445720873 -0.189256051
v -0.436761937 0.553711966 -0.214424073
v -0.375474779 0.446993784 -0.150089119
v -0.363910370 0.430453765 -0.159831613
v -0.220516934 0.446993784 -0.197768456
v -0.470833453 0.506592955 -0.209688290
v -0.375817267 0.430621943 -0.159476980
v -0.375474779 0.506592955 -0.221608124
v -0.232436768 0.446993784 -0.197768456
v -0.472517463 0.503188023 -0.194260934
v -0.470833453 0.494673121 -0.209688290
v -0.471056390 0.434428717 -0.162927655
f 5175 5169 5170
f 5176 5170 5169
f 5177 5174 5169
f 5178 5176 5174
f 5180 5176 5169
f 5180 5169 5174
f 5180 5174 5176
f 5181 5177 5171
f 5181 5172 5177
f 5182 5175 5171
f 5182 5171 5177
f 5182 5177 5169
f 5182 5169 5175
f 5183 5178 5174
f 5183 5173 5178
f 5183 5177 5172
f 5183 5174 5177
f 5184 5178 5173
f 5184 5176 5178
f 5185 5179 5175
f 5185 5175 5170
f 5185 5170 5176
f 5186 5171 5175
f 5187 5183 5172
f 5187 5172 5181
f 5188 5185 5176
f 5188 5176 5184
f 5188 5179 5185
f 5189 5186 5181
f 5189 5181 5171
f 5189 5171 5186
f 5190 5186 5175
f 5190 5175 5179
f 5190 5179 5181
f 5190 5181 5186
f 5191 5173 5183
f 5191 5183 5187
f 5192 5187 5181
f 5192 5181 5179
f 5192 5191 5187
f 5192 5179 5191
f 5193 5188 5184
f 5193 5184 5173
f 5193 5179 5188
f 5193 5191 5179
f 5193 5173 5191
o bunny113
usemtl Material113
v -0.494526525 0.590218827 0.503875700
v -0.447045037 0.433319087 0.460303205
v -0.458913618 0.411234281 0.422062925
v -0.649630966 0.542352458 0.398223257
v -0.601951629 0.494673121 0.457822428
v -0.446971059 0.506607971 0.493507505
v -0.625791298 0.554272292 0.457822428
v -0.542352458 0.399314447 0.422062925
v -0.446993784 0.458913618 0.457822428
v -0.482753287 0.446993784 0.481662096
v -0.530432624 0.542352458 0.505501765
v -0.531140115 0.589980116 0.496769501
v -0.661550801 0.494673121 0.410143091
v -0.458913618 0.399314447 0.445902594
v -0.530432624 0.411234281 0.386303422
v -0.446192601 0.451669417 0.471572317
v -0.530432624 0.435073950 0.457822428
v -0.590031795 0.542352458 0.481662096
v -0.530432624 0.506592955 0.493581931
v -0.494673121 0.530432624 0.505501765
v -0.527791077 0.590242024 0.497608802
v -0.632341635 0.556685925 0.437438399
v -0.649630966 0.518512790 0.433982759
v -0.601951629 0.435073950 0.422062925
v -0.460196594 0.395253135 0.426353593
v -0.654958145 0.499188139 0.391734094
v -0.446582665 0.485654120 0.487001492
v -0.446880951 0.438937287 0.464280821
v -0.494673121 0.399314447 0.445902594
v -0.590031795 0.554272292 0.481662096
v -0.494673121 0.482753287 0.493581931
v -0.518512790 0.446993784 0.469742262
v -0.566192127 0.542352458 0.493581931
v -0.649630966 0.494673121 0.422062925
v -0.668083580 0.540189558 0.404453716
v -0.625791298 0.542352458 0.457822428
v -0.601951629 0.470833453 0.445902594
v -0.542352458 0.411234281 0.433982759
v -0.544607607 0.395115900 0.389524228
v -0.506592955 0.530432624 0.505501765
v -0.518512790 0.470833453 0.481662096
v -0.566192127 0.554272292 0.493581931
v -0.637711132 0.458913618 0.410143091
v -0.661550801 0.518512790 0.422062925
v -0.637253479 0.554530691 0.433323726
v -0.613871464 0.435073950 0.410143091
v -0.534519926 0.391704866 0.392140912
v -0.542352458 0.411234281 0.386303422
v -0.613871464 0.446993784 0.422062925
v -0.637711132 0.458913618 0.398223257
v -0.607712304 0.440253410 0.392407367
f 5194 5196 5197
f 5202 5195 5196
f 5202 5196 5194
f 5202 5194 5199
f 5208 5197 5196
f 5209 5195 5202
f 5209 5203 5207
f 5213 5199 5194
f 5213 5194 5204
f 5214 5194 5197
f 5214 5197 5205
f 5214 5205 5204
f 5214 5204 5194
f 5215 5205 5197
f 5215 5200 5205
f 5216 5198 5211
f 5218 5196 5195
f 5218 5195 5207
f 5218 5208 5196
f 5219 5197 5208
f 5220 5199 5203
f 5220 5203 5209
f 5220 5209 5202
f 5220 5202 5199
f 5221 5209 5207
f 5221 5207 5195
f 5221 5195 5209
f 5222 5207 5203
f 5222 5203 5210
f 5222 5218 5207
f 5223 5205 5200
f 5223 5200 5211
f 5224 5212 5203
f 5224 5204 5212
f 5224 5203 5199
f 5224 5199 5213
f 5225 5210 5203
f 5226 5211 5198
f 5226 5198 5212
f 5226 5212 5204
f 5226 5223 5211
f 5227 5216 5206
f 5227 5198 5216
f 5228 5215 5197
f 5228 5219 5206
f 5228 5197 5219
f 5229 5216 5211
f 5229 5211 5200
f 5229 5200 5216
f 5230 5217 5210
f 5230 5198 5227
f 5230 5225 5198
f 5230 5210 5225
f 5231 5217 5201
f 5231 5210 5217
f 5231 5222 5210
f 5231 5201 5222
f 5233 5224 5213
f 5233 5213 5204
f 5233 5204 5224
f 5234 5225 5203
f 5234 5203 5212
f 5234 5212 5198
f 5234 5198 5225
f 5235 5226 5204
f 5235 5204 5205
f 5235 5205 5223
f 5235 5223 5226
f 5236 5227 5206
f 5236 5230 5227
f 5237 5216 5200
f 5237 5200 5228
f 5237 5228 5206
f 5237 5206 5216
f 5238 5228 5200
f 5238 5200 5215
f 5238 5215 5228
f 5239 5232 5201
f 5239 5201 5217
f 5239 5217 5236
f 5240 5232 5208
f 5240 5208 5218
f 5240 5218 5222
f 5240 5222 5201
f 5240 5201 5232
f 5241 5219 5208
f 5241 5208 5232
f 5242 5236 5217
f 5242 5217 5230
f 5242 5230 5236
f 5243 5236 5206
f 5243 5206 5219
f 5243 5239 5236
f 5243 5232 5239
f 5244 5241 5232
f 5244 5219 5241
f 5244 5243 5219
f 5244 5232 5243
o bunny114
usemtl Material114
v -0.497439066 1.376983333 -0.400047909
v -0.494673121 1.340981352 -0.424245306
v -0.506592955 1.376740855 -0.614962654
v -0.554272292 1.388660689 -0.614962654
v -0.566168913 1.293571807 -0.483690481
v -0.513347859 1.394811942 -0.610075790
v -0.494673121 1.388660689 -0.531523815
v -0.532891961 1.295686997 -0.399331585
v -0.571801777 1.388275405 -0.541635861
v -0.566192127 1.317141684 -0.555363483
v -0.494673121 1.376740855 -0.531523815
v -0.506592955 1.305221850 -0.400405638
v -0.578111961 1.388660689 -0.567283317
v -0.502226889 1.390792048 -0.483080350
v -0.530432624 1.329061518 -0.400405638
v -0.554272292 1.376740855 -0.614962654
v -0.526565211 1.301110979 -0.396888950
v -0.506592955 1.352901187 -0.579203151
v -0.530432624 1.293302016 -0.495764312
v -0.578111961 1.329061518 -0.555363483
v -0.518512790 1.388660689 -0.483844478
v -0.504840316 1.345524456 -0.398295325
v -0.506592955 1.305221850 -0.412325472
v -0.506592955 1.364821021 -0.603042820
v -0.518512790 1.293302016 -0.424245306
v -0.566192127 1.293302016 -0.507684146
v -0.566192127 1.352901187 -0.591122986
v -0.530432624 1.305221850 -0.531523815
v -0.578111961 1.340981352 -0.567283317
v -0.542352458 1.317141684 -0.555363483
v -0.542352458 1.293302016 -0.507684146
v -0.518512790 1.340981352 -0.579203151
f 5250 5247 5248
f 5251 5245 5246
f 5251 5247 5250
f 5255 5251 5246
f 5255 5247 5251
f 5256 5246 5245
f 5257 5253 5250
f 5257 5250 5248
f 5257 5249 5253
f 5258 5251 5250
f 5258 5250 5253
f 5258 5245 5251
f 5259 5245 5253
f 5259 5253 5249
f 5259 5249 5252
f 5260 5248 5247
f 5260 5247 5254
f 5260 5257 5248
f 5261 5252 5256
f 5261 5259 5252
f 5261 5245 5259
f 5262 5255 5246
f 5264 5249 5257
f 5265 5258 5253
f 5265 5253 5245
f 5265 5245 5258
f 5266 5261 5256
f 5266 5256 5245
f 5266 5245 5261
f 5267 5262 5246
f 5267 5246 5256
f 5267 5263 5262
f 5268 5247 5255
f 5268 5255 5262
f 5268 5254 5247
f 5269 5256 5252
f 5269 5252 5249
f 5269 5267 5256
f 5269 5263 5267
f 5270 5264 5254
f 5270 5249 5264
f 5270 5269 5249
f 5270 5263 5269
f 5271 5260 5254
f 5271 5254 5264
f 5271 5257 5260
f 5272 5270 5254
f 5272 5268 5262
f 5272 5262 5263
f 5273 5271 5264
f 5273 5264 5257
f 5273 5257 5271
f 5274 5272 5254
f 5274 5254 5268
f 5275 5272 5263
f 5275 5263 5270
f 5275 5270 5272
f 5276 5274 5268
f 5276 5268 5272
f 5276 5272 5274
o bunny115
usemtl Material115
v 0.470833453 0.172837597 -0.150089119
v 0.488011463 0.169658850 -0.153240657
v 0.452899063 0.224373579 -0.227031864
v 0.327018375 0.256235018 -0.301810038
v 0.329011599 0.123133446 -0.250796964
v 0.351635110 0.256276436 -0.281207295
v 0.470833453 0.184757431 -0.162008953
v 0.434919727 0.125392295 -0.150000929
v 0.470833453 0.160917762 -0.209688290
v 0.375474779 0.256276436 -0.305046964
v 0.488149228 0.181489105 -0.165089973
v 0.477780013 0.154822776 -0.148313218
v 0.339715276 0.148997928 -0.233527958
v 0.435073950 0.148997928 -0.150089119
v 0.446993784 0.125158260 -0.185848621
v 0.377793672 0.256696575 -0.287365885
v 0.458913618 0.184757431 -0.233527958
v 0.327795442 0.208597099 -0.305046964
v 0.458595754 0.220603676 -0.221166872
v 0.482753287 0.148997928 -0.173928787
v 0.327795442 0.148997928 -0.245447793
v 0.411234281 0.125158260 -0.162008953
v 0.327795442 0.208597099 -0.269287461
v 0.458913618 0.125158260 -0.150089119
v 0.399314447 0.125158260 -0.233527958
v 0.329723545 0.256379206 -0.301158781
v 0.411234281 0.208597099 -0.281207295
v 0.482753287 0.172837597 -0.197768456
v 0.470833453 0.137078094 -0.173928787
v 0.326743745 0.126909258 -0.252741823
v 0.411234281 0.137078094 -0.162008953
v 0.458913618 0.125158260 -0.162008953
v 0.339715276 0.148997928 -0.281207295
v 0.375474779 0.232436768 -0.305046964
v 0.351635110 0.137078094 -0.269287461
v 0.327795442 0.148997928 -0.281207295
v 0.339715276 0.208597099 -0.305046964
f 5283 5282 5277
f 5283 5279 5282
f 5287 5283 5277
f 5287 5277 5278
f 5288 5278 5277
f 5290 5277 5282
f 5290 5288 5277
f 5290 5284 5288
f 5292 5282 5279
f 5292 5279 5286
f 5294 5280 5286
f 5295 5279 5283
f 5295 5283 5287
f 5295 5293 5279
f 5296 5287 5278
f 5296 5278 5288
f 5298 5297 5281
f 5299 5290 5282
f 5299 5282 5280
f 5299 5297 5289
f 5300 5298 5281
f 5300 5284 5298
f 5300 5296 5288
f 5300 5288 5284
f 5301 5291 5281
f 5301 5285 5291
f 5302 5292 5286
f 5302 5286 5280
f 5302 5280 5282
f 5302 5282 5292
f 5303 5286 5279
f 5303 5279 5293
f 5303 5293 5285
f 5303 5285 5301
f 5304 5285 5293
f 5304 5296 5285
f 5304 5287 5296
f 5304 5295 5287
f 5304 5293 5295
f 5305 5291 5285
f 5305 5285 5296
f 5305 5296 5300
f 5306 5281 5297
f 5306 5280 5294
f 5306 5299 5280
f 5306 5297 5299
f 5307 5289 5297
f 5307 5297 5298
f 5307 5299 5289
f 5307 5290 5299
f 5307 5298 5284
f 5307 5284 5290
f 5308 5300 5281
f 5308 5281 5291
f 5308 5305 5300
f 5308 5291 5305
f 5310 5294 5286
f 5310 5286 5303
f 5310 5303 5309
f 5311 5301 5281
f 5311 5309 5303
f 5311 5303 5301
f 5312 5306 5294
f 5312 5294 5309
f 5312 5281 5306
f 5312 5311 5281
f 5312 5309 5311
f 5313 5310 5309
f 5313 5309 5294
f 5313 5294 5310
o bunny116
usemtl Material116
v 0.160917762 0.184757431 -0.305046964
v 0.162104269 0.169903342 -0.314327929
v 0.052217188 0.329269452 -0.381422768
v -0.029799586 0.327795442 -0.388485804
v -0.029959695 0.148417465 -0.293989840
v 0.077478923 0.232436768 -0.364646135
v 0.162590182 0.206960438 -0.322747683
v 0.125219836 0.148372283 -0.305898933
v -0.029799586 0.184757431 -0.293127130
v 0.041719420 0.292035939 -0.388485804
v 0.148997928 0.196677265 -0.340806467
v 0.053639254 0.160917762 -0.293127130
v 0.017879751 0.160917762 -0.328886632
v -0.005959917 0.327795442 -0.364646135
v -0.032468515 0.324640156 -0.372742861
v 0.053639254 0.303955773 -0.388485804
v 0.160917762 0.172837597 -0.328886632
v 0.113238425 0.208597099 -0.352726301
v 0.148997928 0.208597099 -0.340806467
v 0.052715677 0.143355877 -0.301999940
v -0.017879751 0.184757431 -0.293127130
v 0.017879751 0.208597099 -0.352726301
v -0.029799586 0.160917762 -0.316966798
v 0.125158260 0.160917762 -0.328886632
v 0.159648168 0.210048083 -0.324718800
v -0.017879751 0.148997928 -0.316966798
v 0.041719420 0.232436768 -0.364646135
v -0.017879751 0.303955773 -0.388485804
v -0.029799586 0.280116105 -0.376565969
v 0.005959917 0.184757431 -0.340806467
v -0.005959917 0.268196270 -0.376565969
v -0.029799586 0.315875607 -0.388485804
v -0.017879751 0.196677265 -0.340806467
v 0.029799586 0.292035939 -0.388485804
f 5320 5314 5315
f 5320 5316 5314
f 5321 5315 5314
f 5325 5321 5314
f 5325 5322 5318
f 5327 5314 5316
f 5327 5316 5317
f 5328 5318 5322
f 5328 5327 5317
f 5328 5322 5327
f 5329 5323 5317
f 5329 5317 5316
f 5330 5320 5315
f 5330 5315 5321
f 5331 5319 5323
f 5331 5329 5324
f 5331 5323 5329
f 5331 5324 5330
f 5332 5330 5324
f 5332 5320 5330
f 5332 5329 5316
f 5332 5324 5329
f 5333 5325 5318
f 5333 5321 5325
f 5334 5325 5314
f 5334 5322 5325
f 5334 5327 5322
f 5334 5314 5327
f 5335 5331 5326
f 5335 5319 5331
f 5336 5318 5328
f 5337 5330 5321
f 5337 5331 5330
f 5337 5326 5331
f 5337 5321 5333
f 5338 5332 5316
f 5338 5316 5320
f 5338 5320 5332
f 5339 5333 5318
f 5339 5337 5333
f 5339 5326 5337
f 5339 5318 5336
f 5340 5323 5319
f 5340 5319 5335
f 5341 5317 5323
f 5342 5336 5328
f 5342 5339 5336
f 5343 5335 5326
f 5343 5326 5339
f 5344 5340 5335
f 5344 5342 5341
f 5344 5343 5342
f 5344 5335 5343
f 5345 5342 5328
f 5345 5328 5317
f 5345 5317 5341
f 5345 5341 5342
f 5346 5343 5339
f 5346 5339 5342
f 5346 5342 5343
f 5347 5344 5341
f 5347 5341 5323
f 5347 5323 5340
f 5347 5340 5344
o bunny117
usemtl Material117
v 0.608420518 0.707698350 -0.063448815
v 0.637218083 0.590011481 -0.078357637
v 0.578111961 0.625791298 -0.173928787
v 0.435073950 0.649630966 -0.245447793
v 0.435073950 0.649630966 -0.209688290
v 0.469955315 0.589826248 -0.232183557
v 0.530432624 0.744989640 -0.162008953
v 0.625791298 0.637711132 -0.114329616
v 0.590031795 0.685390469 -0.066650279
v 0.613871464 0.590031795 -0.138169284
v 0.470833453 0.625791298 -0.245447793
v 0.434302929 0.613153172 -0.243374252
v 0.438129260 0.748256891 -0.192343081
v 0.632495045 0.640034762 -0.071334571
v 0.590031795 0.744989640 -0.102409782
v 0.613871464 0.637711132 -0.066650279
v 0.478367930 0.589005307 -0.226814112
v 0.637711132 0.613871464 -0.102409782
v 0.625791298 0.601951629 -0.126249450
v 0.530432624 0.590031795 -0.209688290
v 0.530432624 0.661550801 -0.197768456
v 0.446993784 0.744989640 -0.209688290
v 0.430522619 0.740122592 -0.200013842
v 0.470833453 0.613871464 -0.245447793
v 0.506592955 0.590031795 -0.185848621
v 0.578111961 0.744989640 -0.066650279
v 0.613871464 0.709230138 -0.078570113
v 0.601951629 0.625791298 -0.150089119
v 0.628727003 0.650974086 -0.069217860
v 0.625791298 0.590031795 -0.126249450
v 0.635341346 0.613466658 -0.077565388
v 0.530432624 0.601951629 -0.209688290
v 0.578111961 0.613871464 -0.173928787
v 0.566192127 0.649630966 -0.173928787
v 0.446993784 0.721149972 -0.221608124
v 0.470833453 0.744989640 -0.197768456
v 0.435073950 0.625791298 -0.221608124
v 0.430546069 0.716308000 -0.211983522
v 0.578111961 0.733069806 -0.066650279
v 0.592997796 0.746075386 -0.068241752
v 0.613871464 0.697310303 -0.090489947
v 0.446993784 0.649630966 -0.245447793
v 0.458913618 0.709230138 -0.221608124
v 0.435073950 0.721149972 -0.185848621
v 0.470833453 0.721149972 -0.209688290
v 0.446993784 0.744989640 -0.173928787
v 0.446993784 0.733069806 -0.173928787
f 5362 5354 5360
f 5363 5356 5352
f 5363 5349 5361
f 5363 5348 5356
f 5366 5357 5350
f 5366 5355 5365
f 5367 5357 5364
f 5367 5364 5353
f 5368 5350 5358
f 5370 5360 5369
f 5371 5353 5359
f 5371 5367 5353
f 5371 5358 5367
f 5371 5359 5351
f 5371 5351 5358
f 5372 5349 5363
f 5372 5364 5349
f 5372 5353 5364
f 5374 5361 5365
f 5375 5362 5355
f 5375 5350 5354
f 5375 5354 5362
f 5375 5366 5350
f 5375 5355 5366
f 5376 5363 5361
f 5376 5348 5363
f 5376 5374 5348
f 5376 5361 5374
f 5377 5364 5357
f 5377 5349 5364
f 5377 5357 5366
f 5377 5366 5365
f 5377 5365 5349
f 5378 5365 5361
f 5378 5361 5349
f 5378 5349 5365
f 5379 5367 5358
f 5379 5358 5350
f 5379 5350 5367
f 5380 5367 5350
f 5380 5350 5357
f 5380 5357 5367
f 5381 5368 5354
f 5381 5354 5350
f 5381 5350 5368
f 5383 5369 5360
f 5383 5360 5354
f 5383 5382 5369
f 5384 5352 5370
f 5384 5359 5353
f 5384 5353 5372
f 5384 5372 5363
f 5384 5363 5352
f 5385 5351 5359
f 5385 5384 5370
f 5385 5359 5384
f 5385 5382 5351
f 5385 5370 5369
f 5385 5369 5382
f 5386 5356 5348
f 5386 5348 5373
f 5387 5362 5360
f 5387 5360 5373
f 5387 5374 5362
f 5387 5373 5348
f 5387 5348 5374
f 5388 5355 5362
f 5388 5362 5374
f 5388 5374 5365
f 5388 5365 5355
f 5389 5382 5358
f 5389 5358 5351
f 5389 5351 5382
f 5390 5368 5358
f 5390 5358 5382
f 5390 5382 5383
f 5391 5352 5356
f 5391 5356 5386
f 5391 5370 5352
f 5392 5390 5383
f 5392 5383 5354
f 5392 5354 5368
f 5392 5368 5390
f 5393 5360 5370
f 5393 5370 5391
f 5393 5373 5360
f 5393 5386 5373
f 5394 5393 5391
f 5394 5391 5386
f 5394 5386 5393
o bunny118
usemtl Material118
v -0.772377939 0.707543764 0.068125406
v -0.674781967 0.553999841 -0.091698917
v -0.685390469 0.709230138 -0.054730445
v -0.697310303 0.685390469 -0.090489947
v -0.768829309 0.566192127 0.016788561
v -0.676557461 0.686761608 -0.093380842
v -0.744989640 0.744989640 -0.018970942
v -0.744989640 0.554272292 0.064467898
v -0.697310303 0.554272292 -0.090489947
v -0.673470635 0.685390469 -0.078570113
v -0.709230138 0.744989640 -0.018970942
v -0.780749143 0.709230138 0.052548063
v -0.744989640 0.661550801 -0.042810610
v -0.721149972 0.744989640 -0.042810610
v -0.768829309 0.554272292 0.028708395
v -0.683340918 0.708631823 -0.076506123
v -0.751663255 0.746266562 0.037770642
v -0.744989640 0.566192127 0.064467898
v -0.721149972 0.697310303 -0.066650279
v -0.768829309 0.709230138 0.016788561
v -0.744989640 0.601951629 -0.042810610
v -0.733069806 0.554272292 -0.042810610
v -0.780749143 0.566192127 0.052548063
v -0.680549253 0.551134352 -0.084296128
v -0.706579566 0.744426104 -0.040318008
v -0.721149972 0.733069806 -0.054730445
v -0.768829309 0.733069806 0.040628229
v -0.756909475 0.709230138 0.064467898
v -0.744989640 0.721149972 -0.030890776
v -0.756909475 0.661550801 -0.018970942
v -0.744989640 0.566192127 -0.030890776
v -0.780749143 0.566192127 0.064467898
v -0.709230138 0.697310303 -0.078570113
v -0.753727837 0.744208093 0.041769771
v -0.768829309 0.733069806 0.028708395
v -0.733069806 0.685390469 -0.054730445
v -0.780749143 0.613871464 0.040628229
v -0.760953953 0.557790840 0.066539978
v -0.780749143 0.578111961 0.040628229
v -0.756909475 0.601951629 -0.018970942
f 5403 5400 5396
f 5403 5398 5400
f 5404 5396 5400
f 5404 5402 5396
f 5404 5397 5402
f 5410 5404 5400
f 5410 5397 5404
f 5411 5408 5401
f 5411 5405 5408
f 5412 5402 5397
f 5412 5397 5405
f 5412 5395 5402
f 5416 5409 5399
f 5417 5399 5409
f 5418 5396 5402
f 5418 5402 5409
f 5418 5409 5416
f 5418 5416 5403
f 5418 5403 5396
f 5419 5405 5397
f 5419 5397 5410
f 5419 5410 5408
f 5419 5408 5405
f 5420 5410 5400
f 5420 5400 5398
f 5420 5408 5410
f 5420 5401 5408
f 5421 5406 5395
f 5422 5412 5405
f 5422 5395 5412
f 5423 5420 5413
f 5423 5401 5420
f 5423 5414 5401
f 5424 5407 5415
f 5424 5423 5407
f 5424 5414 5423
f 5425 5416 5399
f 5425 5415 5403
f 5425 5403 5416
f 5426 5395 5406
f 5426 5406 5417
f 5426 5417 5409
f 5427 5420 5398
f 5427 5413 5420
f 5427 5398 5403
f 5427 5415 5407
f 5427 5403 5415
f 5428 5421 5395
f 5428 5411 5421
f 5428 5395 5422
f 5428 5422 5405
f 5428 5405 5411
f 5429 5421 5411
f 5429 5411 5401
f 5429 5401 5414
f 5429 5414 5406
f 5429 5406 5421
f 5430 5423 5413
f 5430 5407 5423
f 5430 5427 5407
f 5430 5413 5427
f 5431 5406 5414
f 5431 5414 5424
f 5431 5417 5406
f 5432 5402 5395
f 5432 5395 5426
f 5432 5426 5409
f 5432 5409 5402
f 5433 5399 5417
f 5433 5417 5431
f 5433 5431 5424
f 5434 5399 5433
f 5434 5425 5399
f 5434 5415 5425
f 5434 5433 5424
f 5434 5424 5415
o bunny119
usemtl Material119
v 0.256673183 1.047671002 0.292254247
v 0.316077915 1.055697170 0.207592459
v 0.148997928 1.078744999 0.207505909
v 0.101295057 1.043109304 0.028681926
v 0.316004407 1.043624374 0.028430264
v 0.064682141 1.046089777 0.243834887
v 0.292035939 1.066825165 0.267105080
v 0.292842957 1.046082719 0.279986218
v 0.208597099 1.078744999 0.064467898
v 0.148997928 1.066825165 0.279024914
v 0.065559088 1.066825165 0.124067069
v 0.315875607 1.042985496 0.100227400
v 0.101018212 1.044268598 0.279525843
v 0.148997928 1.066825165 0.028708395
v 0.292035939 1.078744999 0.183666240
v 0.244356602 1.078744999 0.231345577
v 0.220516934 1.066825165 0.290944748
v 0.065386630 1.043892755 0.064273936
v 0.148997928 1.078744999 0.124067069
v 0.089398757 1.066825165 0.243265411
v 0.280116105 1.066825165 0.028708395
v 0.315875607 1.066825165 0.064467898
v 0.220516934 1.078744999 0.231345577
v 0.268196270 1.078744999 0.219425743
v 0.136556460 1.046994577 0.291989664
v 0.125158260 1.066825165 0.040628229
v 0.113238425 1.066825165 0.267105080
v 0.065559088 1.066825165 0.183666240
v 0.280116105 1.078744999 0.100227400
v 0.208597099 1.066825165 0.290944748
v 0.280116105 1.078744999 0.207505909
v 0.089398757 1.066825165 0.076387732
v 0.184757431 1.078744999 0.076387732
v 0.077478923 1.066825165 0.219425743
v 0.256276436 1.078744999 0.076387732
v 0.292035939 1.078744999 0.124067069
v 0.160917762 1.078744999 0.100227400
v 0.220516934 1.078744999 0.064467898
f 5442 5441 5435
f 5442 5436 5441
f 5446 5439 5436
f 5446 5436 5442
f 5446 5438 5439
f 5447 5442 5435
f 5447 5446 5442
f 5447 5438 5446
f 5448 5439 5438
f 5449 5443 5437
f 5449 5441 5436
f 5450 5449 5437
f 5451 5435 5441
f 5451 5441 5450
f 5452 5440 5445
f 5452 5447 5440
f 5452 5438 5447
f 5453 5445 5437
f 5453 5437 5443
f 5455 5448 5443
f 5455 5439 5448
f 5456 5449 5436
f 5456 5436 5439
f 5456 5439 5455
f 5457 5450 5437
f 5457 5437 5444
f 5457 5451 5450
f 5458 5450 5441
f 5458 5449 5450
f 5459 5447 5435
f 5460 5448 5438
f 5460 5438 5452
f 5460 5443 5448
f 5461 5444 5437
f 5461 5437 5454
f 5461 5459 5444
f 5461 5447 5459
f 5461 5454 5440
f 5461 5440 5447
f 5462 5437 5445
f 5462 5445 5440
f 5463 5456 5455
f 5463 5443 5449
f 5464 5457 5444
f 5464 5451 5457
f 5464 5444 5459
f 5464 5459 5435
f 5464 5435 5451
f 5465 5458 5441
f 5465 5441 5449
f 5465 5449 5458
f 5466 5460 5452
f 5466 5452 5445
f 5466 5445 5453
f 5467 5453 5443
f 5467 5443 5460
f 5468 5454 5437
f 5468 5437 5462
f 5468 5462 5440
f 5468 5440 5454
f 5469 5463 5455
f 5469 5443 5463
f 5470 5463 5449
f 5470 5449 5456
f 5470 5456 5463
f 5471 5466 5453
f 5471 5453 5467
f 5471 5467 5460
f 5471 5460 5466
f 5472 5469 5455
f 5472 5455 5443
f 5472 5443 5469
o bunny120
usemtl Material120
v 0.625791298 0.554272292 0.386303422
v 0.686363159 0.371200212 0.298800613
v 0.661550801 0.637711132 0.314784417
v 0.662408467 0.646444008 0.252607890
v 0.613871464 0.375474779 0.350543920
v 0.685390469 0.554272292 0.267105080
v 0.614744719 0.649771769 0.362979879
v 0.649630966 0.590031795 0.350543920
v 0.625791298 0.435073950 0.386303422
v 0.673470635 0.399314447 0.243265411
v 0.673470635 0.566192127 0.302864583
v 0.673470635 0.649630966 0.267105080
v 0.613871464 0.649630966 0.338624085
v 0.637711132 0.554272292 0.374383588
v 0.637711132 0.637711132 0.362463754
v 0.649630966 0.339715276 0.338624085
v 0.611348154 0.435090132 0.384692563
v 0.697310303 0.387394613 0.255185246
v 0.673470635 0.613871464 0.290944748
v 0.699155016 0.403698888 0.263358723
v 0.685390469 0.387394613 0.302864583
v 0.661550801 0.601951629 0.326704251
v 0.649630966 0.625791298 0.255185246
v 0.659530759 0.652483049 0.257491781
v 0.637711132 0.649630966 0.350543920
v 0.637711132 0.375474779 0.362463754
v 0.637711132 0.351635110 0.302864583
v 0.613871464 0.625791298 0.338624085
v 0.611779725 0.554281810 0.384965939
v 0.651441857 0.341377208 0.319231605
v 0.690684169 0.417150176 0.237811158
v 0.673470635 0.637711132 0.279024914
v 0.695398513 0.395796136 0.275092682
v 0.637711132 0.470833453 0.374383588
v 0.661550801 0.649630966 0.302864583
v 0.614821438 0.375383232 0.374915933
v 0.629807685 0.339361951 0.340744084
v 0.673470635 0.387394613 0.255185246
v 0.661550801 0.399314447 0.255185246
v 0.697310303 0.423154116 0.255185246
v 0.634517260 0.339229555 0.332817347
v 0.694432624 0.408382079 0.246612790
f 5486 5473 5481
f 5487 5479 5473
f 5487 5486 5480
f 5487 5473 5486
f 5492 5491 5483
f 5492 5478 5491
f 5492 5474 5490
f 5493 5480 5486
f 5494 5493 5483
f 5494 5480 5493
f 5494 5487 5480
f 5494 5475 5487
f 5494 5491 5475
f 5494 5483 5491
f 5496 5484 5476
f 5496 5495 5485
f 5496 5476 5495
f 5496 5485 5479
f 5497 5479 5487
f 5497 5496 5479
f 5497 5487 5475
f 5498 5488 5474
f 5498 5493 5481
f 5498 5474 5493
f 5499 5477 5495
f 5500 5489 5485
f 5500 5477 5489
f 5500 5495 5477
f 5500 5485 5495
f 5501 5479 5485
f 5501 5485 5489
f 5501 5473 5479
f 5501 5489 5481
f 5501 5481 5473
f 5502 5490 5474
f 5502 5474 5488
f 5502 5499 5490
f 5503 5490 5482
f 5503 5476 5484
f 5503 5495 5476
f 5503 5482 5495
f 5504 5484 5475
f 5504 5475 5491
f 5504 5491 5478
f 5504 5478 5484
f 5505 5492 5483
f 5505 5483 5493
f 5505 5493 5474
f 5505 5474 5492
f 5506 5493 5486
f 5506 5486 5481
f 5506 5481 5493
f 5507 5484 5496
f 5507 5496 5497
f 5507 5497 5475
f 5507 5475 5484
f 5508 5498 5481
f 5508 5481 5489
f 5508 5489 5477
f 5508 5488 5498
f 5509 5477 5499
f 5509 5508 5477
f 5509 5488 5508
f 5510 5499 5482
f 5510 5482 5490
f 5510 5490 5499
f 5511 5499 5495
f 5511 5495 5482
f 5511 5482 5499
f 5512 5503 5484
f 5512 5484 5478
f 5512 5478 5492
f 5512 5492 5490
f 5513 5502 5488
f 5513 5488 5509
f 5513 5509 5499
f 5513 5499 5502
f 5514 5512 5490
f 5514 5490 5503
f 5514 5503 5512
o bunny121
usemtl Material121
v 0.697310303 0.208597099 0.374383588
v 0.804588811 0.208597099 0.279024914
v 0.685390469 0.232436768 0.350543920
v 0.637711132 0.101318591 0.243265411
v 0.649630966 0.113238425 0.338624085
v 0.780749143 0.208597099 0.243265411
v 0.756909475 0.232436768 0.338624085
v 0.685390469 0.160917762 0.362463754
v 0.685390469 0.089398757 0.255185246
v 0.637675673 0.172933906 0.362169061
v 0.780749143 0.232436768 0.267105080
v 0.721149972 0.232436768 0.362463754
v 0.756909475 0.148997928 0.279024914
v 0.721149972 0.208597099 0.362463754
v 0.649630966 0.077478923 0.267105080
v 0.756909475 0.137078094 0.243265411
v 0.672623766 0.232153212 0.367468968
v 0.632437034 0.087262457 0.263098762
v 0.637711132 0.137078094 0.362463754
v 0.797202548 0.235089380 0.274578551
v 0.697310303 0.137078094 0.326704251
v 0.768829309 0.196677265 0.314784417
v 0.661550801 0.077478923 0.243265411
v 0.636042378 0.080703929 0.242432802
v 0.756909475 0.137078094 0.255185246
v 0.792668977 0.172837597 0.243265411
v 0.673470635 0.196677265 0.374383588
v 0.674059695 0.232634002 0.367273386
v 0.637711132 0.113238425 0.338624085
v 0.649630966 0.137078094 0.362463754
v 0.792668977 0.232436768 0.302864583
v 0.801410761 0.233503105 0.265453995
v 0.685390469 0.148997928 0.350543920
v 0.709230138 0.113238425 0.279024914
v 0.780749143 0.184757431 0.290944748
v 0.744989640 0.196677265 0.338624085
v 0.661550801 0.077478923 0.255185246
v 0.685390469 0.089398757 0.243265411
v 0.792668977 0.172837597 0.255185246
v 0.692300320 0.233552232 0.365001708
v 0.685390469 0.196677265 0.374383588
v 0.792668977 0.220516934 0.302864583
v 0.799182665 0.205939777 0.245996096
v 0.733069806 0.137078094 0.290944748
v 0.756909475 0.220516934 0.338624085
v 0.768829309 0.160917762 0.279024914
f 5525 5520 5518
f 5525 5518 5517
f 5528 5515 5522
f 5528 5526 5515
f 5528 5521 5526
f 5529 5523 5519
f 5531 5517 5518
f 5531 5518 5524
f 5532 5524 5518
f 5533 5524 5532
f 5534 5525 5517
f 5534 5526 5521
f 5538 5518 5520
f 5538 5532 5518
f 5538 5537 5529
f 5538 5529 5532
f 5539 5523 5530
f 5540 5539 5530
f 5540 5538 5520
f 5540 5530 5538
f 5541 5531 5524
f 5541 5515 5531
f 5541 5524 5533
f 5542 5531 5515
f 5542 5515 5526
f 5542 5534 5517
f 5542 5517 5531
f 5543 5532 5529
f 5543 5529 5519
f 5543 5533 5532
f 5543 5519 5533
f 5544 5541 5533
f 5544 5533 5519
f 5544 5519 5522
f 5545 5534 5521
f 5546 5520 5525
f 5546 5525 5534
f 5546 5545 5516
f 5546 5534 5545
f 5547 5522 5519
f 5547 5519 5535
f 5547 5535 5527
f 5547 5527 5522
f 5548 5535 5519
f 5548 5519 5523
f 5548 5539 5527
f 5548 5523 5539
f 5549 5516 5536
f 5550 5528 5522
f 5550 5522 5527
f 5551 5537 5523
f 5551 5523 5529
f 5551 5529 5537
f 5552 5530 5523
f 5552 5523 5537
f 5552 5538 5530
f 5552 5537 5538
f 5553 5527 5539
f 5553 5539 5540
f 5553 5540 5516
f 5553 5516 5549
f 5554 5542 5526
f 5554 5526 5534
f 5554 5534 5542
f 5555 5544 5522
f 5555 5522 5515
f 5555 5515 5541
f 5555 5541 5544
f 5556 5536 5516
f 5556 5516 5545
f 5556 5545 5521
f 5556 5550 5536
f 5557 5540 5520
f 5557 5520 5546
f 5557 5546 5516
f 5557 5516 5540
f 5558 5548 5527
f 5558 5527 5535
f 5558 5535 5548
f 5559 5521 5528
f 5559 5528 5550
f 5559 5556 5521
f 5559 5550 5556
f 5560 5553 5549
f 5560 5527 5553
f 5560 5549 5536
f 5560 5550 5527
f 5560 5536 5550
o bunny122
usemtl Material122
v 0.458913618 0.864187983 0.422062925
v 0.590031795 0.852268148 0.279024914
v 0.470833453 0.971466491 0.314784417
v 0.470357849 0.970936096 0.243076551
v 0.566192127 0.840348314 0.243265411
v 0.494673121 0.971466491 0.243265411
v 0.446993784 0.971466491 0.326704251
v 0.530432624 0.864187983 0.374383588
v 0.446993784 0.840348314 0.398223257
v 0.554272292 0.911867320 0.267105080
v 0.586986028 0.838474622 0.242543020
v 0.458913618 0.935706988 0.374383588
v 0.448561324 0.973214619 0.291567214
v 0.470833453 0.947626822 0.243265411
v 0.446993784 0.888027651 0.410143091
v 0.489593699 0.835319631 0.401496511
v 0.506592955 0.959546657 0.267105080
v 0.566192127 0.864187983 0.326704251
v 0.566192127 0.899947485 0.243265411
v 0.458913618 0.971466491 0.326704251
v 0.518512790 0.923787154 0.326704251
v 0.506592955 0.864187983 0.398223257
v 0.494673121 0.971466491 0.255185246
v 0.446966335 0.840315217 0.421995475
v 0.446993784 0.935706988 0.374383588
v 0.458913618 0.888027651 0.410143091
v 0.568840789 0.834369683 0.310537820
v 0.580689305 0.834776730 0.276518843
v 0.578111961 0.864187983 0.302864583
v 0.590031795 0.864187983 0.255185246
v 0.470833453 0.947626822 0.350543920
v 0.446993784 0.947626822 0.362463754
v 0.542352458 0.888027651 0.338624085
v 0.506592955 0.947626822 0.302864583
v 0.554272292 0.840348314 0.350543920
v 0.470833453 0.852268148 0.422062925
v 0.446993784 0.864187983 0.422062925
v 0.466481565 0.836039898 0.414654811
v 0.470833453 0.911867320 0.386303422
v 0.578111961 0.852268148 0.314784417
v 0.566192127 0.888027651 0.290944748
v 0.566192127 0.899947485 0.255185246
v 0.590031795 0.864187983 0.243265411
v 0.458913618 0.947626822 0.362463754
v 0.530432624 0.923787154 0.302864583
v 0.494673121 0.852268148 0.410143091
v 0.554272292 0.852268148 0.350543920
v 0.494673121 0.876107817 0.398223257
f 5571 5564 5566
f 5573 5566 5564
f 5573 5569 5567
f 5574 5565 5569
f 5574 5571 5565
f 5574 5564 5571
f 5574 5573 5564
f 5574 5569 5573
f 5577 5570 5566
f 5579 5571 5566
f 5579 5566 5570
f 5580 5573 5567
f 5580 5563 5573
f 5583 5573 5563
f 5583 5566 5573
f 5583 5577 5566
f 5583 5563 5577
f 5584 5567 5569
f 5585 5575 5572
f 5585 5584 5575
f 5586 5575 5561
f 5586 5572 5575
f 5588 5569 5565
f 5588 5587 5576
f 5588 5565 5571
f 5588 5571 5562
f 5590 5589 5562
f 5591 5563 5580
f 5591 5581 5563
f 5592 5580 5567
f 5592 5585 5572
f 5592 5567 5584
f 5592 5584 5585
f 5593 5568 5578
f 5593 5578 5589
f 5593 5582 5568
f 5593 5581 5582
f 5594 5577 5563
f 5594 5563 5581
f 5594 5570 5577
f 5595 5576 5587
f 5596 5586 5561
f 5597 5561 5575
f 5597 5575 5584
f 5597 5596 5561
f 5597 5584 5596
f 5598 5584 5569
f 5598 5596 5584
f 5598 5588 5576
f 5598 5569 5588
f 5599 5572 5586
f 5599 5582 5581
f 5599 5581 5591
f 5600 5588 5562
f 5600 5587 5588
f 5600 5595 5587
f 5600 5589 5578
f 5600 5562 5589
f 5601 5593 5589
f 5601 5581 5593
f 5601 5589 5590
f 5602 5590 5579
f 5602 5579 5570
f 5602 5601 5590
f 5602 5570 5601
f 5603 5590 5562
f 5603 5562 5571
f 5603 5571 5579
f 5603 5579 5590
f 5604 5591 5580
f 5604 5599 5591
f 5604 5572 5599
f 5604 5592 5572
f 5604 5580 5592
f 5605 5594 5581
f 5605 5570 5594
f 5605 5601 5570
f 5605 5581 5601
f 5606 5595 5582
f 5606 5576 5595
f 5606 5582 5596
f 5606 5598 5576
f 5606 5596 5598
f 5607 5578 5568
f 5607 5568 5582
f 5607 5582 5595
f 5607 5600 5578
f 5607 5595 5600
f 5608 5599 5586
f 5608 5582 5599
f 5608 5596 5582
f 5608 5586 5596
o bunny123
usemtl Material123
v -0.770127192 0.757567417 0.243652009
v -0.756909475 0.756909475 0.231345577
v -0.758743768 0.817189034 0.195720199
v -0.756909475 0.780749143 0.028708395
v -0.780749143 0.709230138 0.052548063
v -0.733069806 0.792668977 0.064467898
v -0.759037700 0.793384839 0.232128390
v -0.768829309 0.709230138 0.243265411
v -0.792668977 0.768829309 0.171746406
v -0.759554091 0.817157816 0.123881480
v -0.744989640 0.721149972 0.052548063
v -0.780749143 0.792668977 0.112147235
v -0.780749143 0.792668977 0.219425743
v -0.792668977 0.733069806 0.243265411
v -0.733686350 0.792874900 0.028462068
v -0.747463376 0.745474569 0.027613074
v -0.761679334 0.707789780 0.043752163
v -0.733069806 0.756909475 0.040628229
v -0.792668977 0.721149972 0.088307566
v -0.756909475 0.792668977 0.040628229
v -0.780749143 0.804588811 0.183666240
v -0.792668977 0.756909475 0.219425743
v -0.780749143 0.780749143 0.231345577
v -0.759438800 0.709739668 0.039523128
v -0.742587493 0.760004869 0.024305782
v -0.756909475 0.709230138 0.076387732
v -0.783435977 0.707133850 0.241142016
v -0.733069806 0.780749143 0.064467898
v -0.780749143 0.756909475 0.076387732
v -0.792668977 0.756909475 0.124067069
v -0.780749143 0.804588811 0.147906737
v -0.792668977 0.709230138 0.088307566
v -0.780749143 0.721149972 0.052548063
v -0.792668977 0.768829309 0.159826572
v -0.768829309 0.756909475 0.040628229
f 5615 5609 5610
f 5615 5614 5611
f 5615 5610 5614
f 5616 5610 5609
f 5621 5615 5611
f 5622 5616 5609
f 5623 5618 5611
f 5623 5611 5614
f 5626 5610 5616
f 5626 5616 5619
f 5626 5623 5614
f 5626 5619 5624
f 5627 5622 5617
f 5628 5623 5612
f 5628 5618 5623
f 5629 5621 5611
f 5629 5611 5618
f 5630 5622 5621
f 5630 5617 5622
f 5630 5629 5617
f 5630 5621 5629
f 5631 5622 5609
f 5631 5609 5615
f 5631 5615 5621
f 5631 5621 5622
f 5632 5613 5612
f 5632 5612 5624
f 5632 5625 5613
f 5632 5624 5619
f 5633 5624 5612
f 5633 5612 5623
f 5633 5626 5624
f 5633 5623 5626
f 5634 5619 5616
f 5634 5616 5625
f 5634 5632 5619
f 5634 5625 5632
f 5635 5625 5616
f 5635 5616 5622
f 5636 5626 5614
f 5636 5614 5610
f 5636 5610 5626
f 5637 5627 5620
f 5638 5627 5617
f 5638 5620 5627
f 5639 5628 5620
f 5639 5618 5628
f 5639 5629 5618
f 5639 5617 5629
f 5639 5620 5638
f 5640 5613 5625
f 5640 5625 5635
f 5640 5627 5613
f 5640 5635 5622
f 5640 5622 5627
f 5641 5612 5613
f 5641 5613 5627
f 5641 5627 5637
f 5642 5639 5638
f 5642 5638 5617
f 5642 5617 5639
f 5643 5641 5637
f 5643 5612 5641
f 5643 5628 5612
f 5643 5637 5620
f 5643 5620 5628
o bunny124
usemtl Material124
v 0.184757431 0.041719420 0.541261267
v 0.375474779 0.017879751 0.481662096
v 0.363554944 0.053639254 0.469742262
v 0.232436768 0.017879751 0.410143091
v 0.053639254 0.005959917 0.553181102
v 0.339777439 0.016843510 0.410083092
v 0.029799586 0.017879751 0.469742262
v 0.351635110 0.053639254 0.505501765
v 0.184757431 0.017879751 0.541261267
v 0.376978097 0.026914718 0.446770560
v 0.277678279 0.025494934 0.404667547
v 0.232436768 0.005959917 0.410143091
v 0.005959917 0.029799586 0.541261267
v 0.381722751 0.047862276 0.475711534
v 0.244356602 0.005959917 0.505501765
v 0.077846648 0.027984929 0.554348058
v 0.351635110 0.029799586 0.505501765
v 0.339715276 0.005959917 0.445902594
v 0.327795442 0.029799586 0.422062925
v 0.160917762 0.029799586 0.457822428
v 0.005959917 0.005959917 0.481662096
v 0.292035939 0.053639254 0.493581931
v 0.372459425 0.055059282 0.485246034
v 0.327795442 0.017879751 0.505501765
v 0.006628317 0.018736348 0.556004707
v 0.373839174 0.025106257 0.444963121
v 0.268196270 0.005959917 0.493581931
v 0.029799586 0.005959917 0.469742262
v 0.008789058 0.016410629 0.491179942
v 0.292347042 0.053546637 0.507373541
v 0.375474779 0.029799586 0.493581931
v 0.005280714 0.017201978 0.550311856
v 0.159054526 0.041339970 0.534816669
f 5652 5651 5644
f 5653 5649 5646
f 5654 5647 5650
f 5655 5654 5649
f 5655 5647 5654
f 5655 5650 5647
f 5657 5653 5646
f 5657 5645 5653
f 5658 5648 5655
f 5659 5652 5644
f 5659 5648 5652
f 5659 5644 5656
f 5660 5651 5652
f 5661 5655 5649
f 5661 5658 5655
f 5662 5654 5646
f 5662 5646 5649
f 5662 5649 5654
f 5663 5654 5650
f 5663 5646 5654
f 5664 5655 5648
f 5665 5646 5663
f 5665 5663 5650
f 5665 5650 5656
f 5666 5657 5646
f 5666 5646 5665
f 5667 5658 5645
f 5667 5652 5648
f 5667 5648 5658
f 5667 5660 5652
f 5667 5645 5660
f 5668 5659 5656
f 5668 5648 5659
f 5669 5653 5645
f 5669 5645 5661
f 5669 5661 5649
f 5669 5649 5653
f 5670 5661 5645
f 5670 5645 5658
f 5670 5658 5661
f 5671 5664 5650
f 5671 5650 5655
f 5671 5655 5664
f 5672 5664 5656
f 5672 5656 5650
f 5672 5650 5664
f 5673 5665 5656
f 5673 5644 5651
f 5673 5666 5665
f 5673 5651 5666
f 5674 5666 5651
f 5674 5651 5660
f 5674 5660 5645
f 5674 5645 5657
f 5674 5657 5666
f 5675 5664 5648
f 5675 5648 5668
f 5675 5668 5656
f 5675 5656 5664
f 5676 5673 5656
f 5676 5656 5644
f 5676 5644 5673
o bunny125
usemtl Material125
v -0.175146302 0.200279592 -0.103422396
v -0.160917762 0.184757431 -0.114329616
v -0.156252474 0.178110985 -0.227465108
v -0.184757431 0.125158260 -0.305046964
v -0.301419218 0.111302059 -0.137175424
v -0.160753894 0.109605581 -0.296759919
v -0.155322523 0.208685596 -0.148440276
v -0.268196270 0.137078094 -0.102409782
v -0.280116105 0.137078094 -0.209688290
v -0.160917762 0.125158260 -0.305046964
v -0.280116105 0.113238425 -0.233527958
v -0.158553732 0.208634490 -0.137472636
v -0.160917762 0.113238425 -0.281207295
v -0.172837597 0.184757431 -0.102409782
v -0.172837597 0.184757431 -0.233527958
v -0.280169435 0.172851777 -0.102638945
v -0.184757431 0.113238425 -0.305046964
v -0.227436410 0.106082537 -0.274629419
v -0.232436768 0.137078094 -0.269287461
v -0.303955773 0.125158260 -0.162008953
v -0.280116105 0.113238425 -0.138169284
v -0.160917762 0.160917762 -0.269287461
v -0.208546210 0.196367077 -0.101835454
v -0.256276436 0.148997928 -0.221608124
v -0.172837597 0.208597099 -0.150089119
v -0.280116105 0.137078094 -0.102409782
v -0.295932958 0.107211187 -0.158770333
v -0.232436768 0.125158260 -0.281207295
v -0.280116105 0.125158260 -0.233527958
v -0.196677265 0.137078094 -0.293127130
v -0.292035939 0.148997928 -0.150089119
v -0.184757431 0.160917762 -0.138169284
v -0.172837597 0.208597099 -0.138169284
v -0.256276436 0.137078094 -0.245447793
v -0.208597099 0.148997928 -0.269287461
v -0.172837597 0.160917762 -0.269287461
f 5683 5682 5679
f 5686 5679 5682
f 5688 5677 5678
f 5688 5678 5683
f 5689 5683 5678
f 5689 5682 5683
f 5690 5678 5677
f 5691 5683 5679
f 5693 5686 5682
f 5693 5680 5686
f 5694 5693 5682
f 5696 5681 5692
f 5697 5684 5681
f 5697 5682 5689
f 5698 5686 5680
f 5698 5691 5679
f 5698 5679 5686
f 5699 5690 5677
f 5699 5684 5690
f 5700 5692 5691
f 5700 5685 5692
f 5700 5691 5695
f 5701 5683 5691
f 5701 5691 5692
f 5702 5692 5681
f 5702 5681 5684
f 5702 5699 5692
f 5702 5684 5699
f 5703 5694 5682
f 5703 5687 5694
f 5703 5696 5687
f 5703 5681 5696
f 5703 5697 5681
f 5703 5682 5697
f 5704 5680 5693
f 5704 5693 5694
f 5704 5694 5687
f 5705 5685 5700
f 5705 5687 5696
f 5705 5704 5687
f 5705 5695 5704
f 5706 5704 5695
f 5706 5680 5704
f 5707 5696 5692
f 5707 5692 5685
f 5707 5705 5696
f 5707 5685 5705
f 5708 5697 5689
f 5708 5689 5678
f 5708 5684 5697
f 5708 5690 5684
f 5708 5678 5690
f 5709 5699 5677
f 5709 5677 5688
f 5709 5688 5683
f 5709 5683 5701
f 5709 5701 5692
f 5709 5692 5699
f 5710 5705 5700
f 5710 5700 5695
f 5710 5695 5705
f 5711 5706 5695
f 5711 5695 5691
f 5711 5691 5706
f 5712 5706 5691
f 5712 5691 5698
f 5712 5698 5680
f 5712 5680 5706
o bunny126
usemtl Material126
v -0.592287486 0.858983928 0.526170050
v -0.566192127 0.840348314 0.505501765
v -0.566339352 0.852504056 0.481588888
v -0.742534369 0.855977095 0.338660268
v -0.756909475 0.840348314 0.469742262
v -0.637711132 0.804588811 0.398223257
v -0.569446823 0.857483329 0.503883350
v -0.661550801 0.840348314 0.529341433
v -0.755393654 0.856756638 0.468309990
v -0.569336958 0.849778826 0.478826971
v -0.685390469 0.828428480 0.338624085
v -0.709230138 0.852268148 0.338624085
v -0.753540160 0.858493749 0.363955136
v -0.590031795 0.840348314 0.529341433
v -0.661550801 0.804588811 0.433982759
v -0.695408979 0.858704708 0.511819610
v -0.673470635 0.816508646 0.350543920
v -0.703549708 0.817621527 0.335069008
v -0.768829309 0.840348314 0.398223257
v -0.697310303 0.828428480 0.493581931
v -0.637711132 0.816508646 0.469742262
v -0.659679718 0.858602327 0.523828550
v -0.766600160 0.856938005 0.445077709
v -0.721149972 0.840348314 0.505501765
v -0.673470635 0.828428480 0.350543920
v -0.685390469 0.816508646 0.338624085
v -0.673999247 0.804546933 0.374775761
v -0.756909475 0.840348314 0.362463754
v -0.721149972 0.828428480 0.469742262
v -0.673470635 0.816508646 0.469742262
v -0.697310303 0.840348314 0.517421599
v -0.766270278 0.857028994 0.399282429
v -0.768829309 0.840348314 0.445902594
v -0.720649212 0.856898503 0.501287811
v -0.669736638 0.803940305 0.380456585
v -0.709230138 0.816508646 0.374383588
v -0.744989640 0.840348314 0.338624085
v -0.673470635 0.804588811 0.410143091
v -0.733069806 0.828428480 0.445902594
f 5719 5714 5715
f 5722 5718 5715
f 5722 5715 5714
f 5722 5714 5718
f 5724 5719 5715
f 5724 5716 5719
f 5724 5715 5723
f 5725 5719 5716
f 5725 5713 5719
f 5726 5719 5713
f 5726 5714 5719
f 5726 5713 5720
f 5727 5718 5714
f 5728 5713 5725
f 5729 5715 5718
f 5730 5724 5723
f 5730 5716 5724
f 5733 5726 5720
f 5733 5727 5714
f 5733 5714 5726
f 5734 5720 5713
f 5734 5713 5728
f 5735 5728 5725
f 5735 5721 5728
f 5736 5721 5717
f 5736 5717 5732
f 5737 5729 5723
f 5737 5723 5715
f 5737 5715 5729
f 5738 5730 5723
f 5738 5723 5729
f 5738 5729 5718
f 5739 5738 5718
f 5739 5730 5738
f 5740 5725 5716
f 5740 5730 5731
f 5741 5732 5717
f 5742 5727 5733
f 5742 5741 5727
f 5742 5732 5741
f 5742 5733 5720
f 5742 5720 5732
f 5743 5734 5728
f 5743 5720 5734
f 5743 5736 5732
f 5743 5732 5720
f 5744 5735 5725
f 5744 5731 5735
f 5744 5740 5731
f 5744 5725 5740
f 5745 5735 5731
f 5745 5717 5721
f 5745 5721 5735
f 5745 5741 5717
f 5746 5728 5721
f 5746 5721 5736
f 5746 5743 5728
f 5746 5736 5743
f 5747 5739 5718
f 5747 5718 5727
f 5748 5731 5730
f 5748 5730 5739
f 5748 5745 5731
f 5749 5740 5716
f 5749 5716 5730
f 5749 5730 5740
f 5750 5727 5741
f 5750 5747 5727
f 5750 5739 5747
f 5750 5748 5739
f 5750 5745 5748
f 5751 5750 5741
f 5751 5741 5745
f 5751 5745 5750
o bunny127
usemtl Material127
v 0.089398757 0.077478923 0.445902594
v 0.268577005 0.053573477 0.383851997
v 0.256276436 0.077478923 0.362463754
v 0.160591677 0.063012535 0.349961933
v 0.017879751 0.053639254 0.445902594
v 0.269251066 0.055382806 0.350587956
v 0.029799586 0.077478923 0.410143091
v 0.256276436 0.077478923 0.386303422
v 0.089398757 0.065559088 0.445902594
v 0.244356602 0.077478923 0.350543920
v -0.017879751 0.077478923 0.457822428
v 0.005602020 0.063422618 0.409365324
v 0.137078094 0.053639254 0.422062925
v 0.264199765 0.058448013 0.350218719
v 0.208597099 0.077478923 0.350543920
v -0.005959917 0.065559088 0.457822428
v -0.017879751 0.077478923 0.433982759
v -0.005959917 0.077478923 0.457822428
v -0.018053129 0.064557103 0.433150570
v -0.017879751 0.065559088 0.457822428
v -0.018067470 0.065460192 0.445001568
f 5757 5756 5755
f 5757 5753 5756
f 5758 5752 5754
f 5759 5752 5753
f 5759 5754 5752
f 5759 5757 5754
f 5759 5753 5757
f 5760 5753 5752
f 5761 5754 5757
f 5761 5758 5754
f 5762 5752 5758
f 5763 5758 5755
f 5763 5755 5756
f 5764 5760 5756
f 5764 5756 5753
f 5764 5753 5760
f 5765 5761 5757
f 5765 5757 5755
f 5765 5755 5761
f 5766 5761 5755
f 5766 5755 5758
f 5766 5758 5761
f 5767 5760 5752
f 5767 5756 5760
f 5768 5762 5758
f 5768 5758 5763
f 5769 5767 5752
f 5769 5752 5762
f 5769 5762 5767
f 5770 5763 5756
f 5770 5768 5763
f 5771 5770 5756
f 5771 5756 5767
f 5771 5767 5762
f 5772 5771 5762
f 5772 5770 5771
f 5772 5762 5768
f 5772 5768 5770
